order_id,customer_id,order_date,order_status,sales_channel,shipping_city,courier_name,payment_method,promo_code
UB-000001,C00340,2025-07-22,Completed,Marketplace,Karachi,BlueLine,Cash on Delivery,
UB-000002,C00762,2025-05-16,Cancelled,Mobile App,Lahore,SwiftEx,Wallet,
UB-000003,C00640,2024-09-06,Returned,Web,Peshawar,BlueLine,Card,APP5
UB-000004,C00370,2024-06-25,Completed,Mobile App,Faisalabad,BlueLine,Wallet,
UB-000005,C01275,2025-01-21,Completed,Web,Karachi,RapidGo,Cash on Delivery,SAVE15
UB-000006,C00053,2024-08-05,Completed,Web,Lahore,SwiftEx,Card,
UB-000007,C00927,2025-03-23,Completed,Web,Lahore,BlueLine,Cash on Delivery,
UB-000008,C00423,2025-09-15,Completed,Mobile App,Karachi,SwiftEx,Wallet,SAVE15
UB-000009,C00423,2025-08-24,Cancelled,Mobile App,Karachi,RapidGo,Cash on Delivery,
UB-000010,C01113,2025-05-06,Completed,Mobile App,Islamabad,BlueLine,Bank Transfer,SAVE15
UB-000011,C01258,2025-12-19,Completed,Web,Rawalpindi,RapidGo,Cash on Delivery,
UB-000012,C00351,2025-07-12,Completed,Mobile App,Islamabad,SwiftEx,Cash on Delivery,
UB-000013,C00370,2025-07-28,Completed,Marketplace,Faisalabad,BlueLine,Bank Transfer,SAVE15
UB-000014,C00838,2025-05-04,Completed,Mobile App,Rawalpindi,SwiftEx,Card,SAVE15
UB-000015,C00625,2025-11-02,Returned,Mobile App,Islamabad,SwiftEx,Cash on Delivery,APP5
UB-000016,C00411,2024-01-01,Completed,Mobile App,Karachi,BlueLine,Card,
UB-000017,C00245,2025-11-27,Completed,Mobile App,Lahore,BlueLine,Cash on Delivery,
UB-000018,C00310,2025-07-13,Completed,Mobile App,Rawalpindi,Store Pickup,Card,
UB-000019,C00520,2025-04-05,Completed,Web,Rawalpindi,BlueLine,Cash on Delivery,
UB-000020,C00444,2024-01-18,Completed,Web,Faisalabad,Store Pickup,Bank Transfer,
UB-000021,C01273,2024-08-01,Completed,Mobile App,Islamabad,Store Pickup,Cash on Delivery,
UB-000022,C00553,2024-02-18,Completed,Mobile App,Lahore,RapidGo,Card,
UB-000023,C01185,2024-04-27,Completed,Web,Faisalabad,SwiftEx,Wallet,
UB-000024,C01257,2025-05-01,Completed,Web,Rawalpindi,SwiftEx,Cash on Delivery,
UB-000025,C01340,2024-02-26,Completed,Marketplace,Karachi,Store Pickup,Cash on Delivery,
UB-000026,C00847,2025-12-04,Completed,Mobile App,Rawalpindi,SwiftEx,Cash on Delivery,FREESHIP
UB-000027,C00191,2025-04-19,Completed,Mobile App,Rawalpindi,SwiftEx,Cash on Delivery,
UB-000028,C01599,2025-12-03,Completed,Web,Rawalpindi,RapidGo,Card,
UB-000029,C00751,2025-11-05,Completed,Web,Rawalpindi,BlueLine,Wallet,
UB-000030,C00494,2024-10-31,Completed,Web,Faisalabad,BlueLine,Cash on Delivery,SAVE15
UB-000031,C00290,2025-05-31,Completed,Web,Karachi,Store Pickup,Cash on Delivery,
UB-000032,C00193,2024-04-26,Completed,Web,Rawalpindi,BlueLine,Card,WELCOME10
UB-000033,C00305,2025-02-27,Completed,Mobile App,Karachi,BlueLine,Card,APP5
UB-000034,C00434,2025-05-02,Completed,Web,Karachi,SwiftEx,Cash on Delivery,
UB-000035,C00629,2025-10-15,Completed,Web,Rawalpindi,SwiftEx,Card,
UB-000036,C01145,2024-11-04,Completed,Web,Rawalpindi,BlueLine,Cash on Delivery,
UB-000037,C00177,2025-05-05,Completed,Web,Lahore,BlueLine,Wallet,
UB-000038,C00440,2025-06-03,Completed,Mobile App,Lahore,RapidGo,Wallet,
UB-000039,C00156,2024-12-16,Completed,Mobile App,Peshawar,RapidGo,Cash on Delivery,SAVE15
UB-000040,C01306,2025-09-26,Completed,Mobile App,Rawalpindi,RapidGo,Cash on Delivery,APP5
UB-000041,C00887,2025-08-26,Completed,Web,Karachi,BlueLine,Cash on Delivery,
UB-000042,C00055,2025-02-18,Completed,Web,Karachi,Store Pickup,Wallet,FREESHIP
UB-000043,C00649,2025-07-20,Completed,Mobile App,Rawalpindi,BlueLine,Wallet,
UB-000044,C00157,2024-06-22,Completed,Mobile App,Islamabad,SwiftEx,Cash on Delivery,WELCOME10
UB-000045,C01147,2025-11-09,Returned,Web,Karachi,BlueLine,Wallet,
UB-000046,C00097,2024-07-10,Completed,Web,Lahore,BlueLine,Cash on Delivery,
UB-000047,C00715,2025-08-14,Completed,Web,Lahore,RapidGo,Wallet,SAVE15
UB-000048,C01416,2025-05-30,Completed,Web,Rawalpindi,SwiftEx,Wallet,
UB-000049,C00710,2024-08-25,Completed,Mobile App,Karachi,BlueLine,Cash on Delivery,APP5
UB-000050,C01069,2024-04-20,Completed,Web,Rawalpindi,SwiftEx,Card,APP5
UB-000051,C00991,2025-11-21,Completed,Mobile App,Lahore,Store Pickup,Cash on Delivery,
UB-000052,C00200,2025-05-14,Completed,Web,Karachi,RapidGo,Bank Transfer,
UB-000053,C01418,2024-12-31,Completed,Mobile App,Islamabad,SwiftEx,Bank Transfer,
UB-000054,C00277,2024-01-31,Completed,Mobile App,Lahore,BlueLine,Wallet,APP5
UB-000055,C01112,2024-01-23,Completed,Mobile App,Faisalabad,RapidGo,Wallet,
UB-000056,C00848,2025-01-01,Completed,Web,Karachi,SwiftEx,Card,SAVE15
UB-000057,C01579,2025-06-03,Completed,Web,Rawalpindi,BlueLine,Cash on Delivery,
UB-000058,C00499,2024-04-26,Completed,Web,Rawalpindi,RapidGo,Card,
UB-000059,C01222,2024-11-23,Completed,Web,Peshawar,BlueLine,Card,
UB-000060,C00199,2025-12-13,Completed,Mobile App,Karachi,BlueLine,Card,
UB-000061,C00913,2024-12-30,Completed,Web,Islamabad,SwiftEx,Card,
UB-000062,C01377,2024-05-04,Completed,Mobile App,Rawalpindi,RapidGo,Card,
UB-000063,C00609,2025-07-30,Completed,Web,Islamabad,Store Pickup,Wallet,
UB-000064,C00541,2025-02-02,Completed,Web,Islamabad,RapidGo,Cash on Delivery,APP5
UB-000065,C00492,2025-02-23,Returned,Mobile App,Karachi,BlueLine,Wallet,APP5
UB-000066,C01139,2025-03-16,Returned,Mobile App,Peshawar,RapidGo,Cash on Delivery,
UB-000067,C00487,2024-09-28,Completed,Web,Rawalpindi,SwiftEx,Card,
UB-000068,C01200,2025-10-25,Completed,Marketplace,Lahore,BlueLine,Wallet,
UB-000069,C00260,2024-05-16,Completed,Mobile App,Islamabad,SwiftEx,Card,
UB-000070,C00187,2024-09-05,Completed,Web,Lahore,BlueLine,Cash on Delivery,
UB-000071,C00931,2025-04-10,Completed,Web,Faisalabad,BlueLine,Wallet,
UB-000072,C00116,2025-12-19,Completed,Mobile App,Karachi,RapidGo,Card,WELCOME10
UB-000073,C00081,2025-03-14,Completed,Marketplace,Karachi,SwiftEx,Bank Transfer,
UB-000074,C01453,2025-12-04,Completed,Mobile App,Faisalabad,RapidGo,Bank Transfer,WELCOME10
UB-000075,C00724,2024-01-15,Completed,Marketplace,Rawalpindi,RapidGo,Cash on Delivery,WELCOME10
UB-000076,C00390,2025-09-26,Completed,Mobile App,Rawalpindi,BlueLine,Wallet,
UB-000077,C00238,2024-09-04,Completed,Web,Karachi,SwiftEx,Cash on Delivery,APP5
UB-000078,C00822,2025-01-08,Completed,Mobile App,Islamabad,BlueLine,Card,
UB-000079,C00243,2025-07-27,Completed,Web,Karachi,SwiftEx,Bank Transfer,
UB-000080,C01086,2025-09-23,Completed,Mobile App,Rawalpindi,SwiftEx,Card,
UB-000081,C00195,2025-10-27,Completed,Mobile App,Rawalpindi,Store Pickup,Cash on Delivery,
UB-000082,C00200,2024-10-05,Completed,Marketplace,Karachi,BlueLine,Bank Transfer,FREESHIP
UB-000083,C01316,2025-05-12,Completed,Marketplace,Karachi,RapidGo,Card,
UB-000084,C00555,2024-09-16,Completed,Web,Lahore,SwiftEx,Card,APP5
UB-000085,C00330,2025-07-28,Completed,Web,Lahore,Store Pickup,Cash on Delivery,
UB-000086,C01239,2025-07-03,Completed,Mobile App,Faisalabad,BlueLine,Card,APP5
UB-000087,C01369,2024-11-27,Completed,Mobile App,Rawalpindi,SwiftEx,Cash on Delivery,
UB-000088,C00465,2025-05-10,Completed,Web,Faisalabad,RapidGo,Wallet,SAVE15
UB-000089,C01419,2024-06-15,Completed,Web,Islamabad,BlueLine,Wallet,
UB-000090,C01098,2025-11-20,Completed,Mobile App,Rawalpindi,BlueLine,Card,
UB-000091,C00487,2024-10-15,Completed,Mobile App,Rawalpindi,SwiftEx,Card,WELCOME10
UB-000092,C01235,2025-03-12,Completed,Marketplace,Karachi,BlueLine,Cash on Delivery,APP5
UB-000093,C00674,2024-09-12,Completed,Mobile App,Islamabad,SwiftEx,Cash on Delivery,
UB-000094,C00260,2024-05-28,Completed,Web,Islamabad,RapidGo,Wallet,
UB-000095,C00885,2025-06-09,Completed,Mobile App,Lahore,SwiftEx,Card,
UB-000096,C00121,2024-03-02,Completed,Mobile App,Faisalabad,RapidGo,Card,
UB-000097,C00375,2025-01-01,Completed,Web,Lahore,BlueLine,Wallet,
UB-000098,C00295,2025-05-09,Completed,Web,Islamabad,SwiftEx,Cash on Delivery,
UB-000099,C00868,2025-05-16,Completed,Mobile App,Peshawar,SwiftEx,Cash on Delivery,
UB-000100,C00827,2025-10-30,Completed,Web,Faisalabad,BlueLine,Card,FREESHIP
UB-000101,C01432,2025-07-13,Completed,Web,Rawalpindi,SwiftEx,Cash on Delivery,
UB-000102,C00928,2024-10-12,Completed,Mobile App,Karachi,BlueLine,Bank Transfer,FREESHIP
UB-000103,C00641,2024-11-06,Completed,Web,Karachi,BlueLine,Card,
UB-000104,C01470,2024-07-16,Returned,Mobile App,Rawalpindi,RapidGo,Card,
UB-000105,C01487,2024-03-22,Completed,Mobile App,Islamabad,BlueLine,Cash on Delivery,APP5
UB-000106,C00285,2025-01-27,Completed,Web,Karachi,RapidGo,Cash on Delivery,
UB-000107,C00492,2025-09-03,Completed,Mobile App,Karachi,BlueLine,Bank Transfer,WELCOME10
UB-000108,C00921,2025-09-09,Completed,Web,Rawalpindi,BlueLine,Cash on Delivery,SAVE15
UB-000109,C01568,2025-09-23,Completed,Marketplace,Rawalpindi,BlueLine,Cash on Delivery,SAVE15
UB-000110,C00688,2024-01-10,Completed,Mobile App,Islamabad,SwiftEx,Card,
UB-000111,C01208,2024-08-04,Completed,Web,Islamabad,RapidGo,Wallet,APP5
UB-000112,C00117,2024-04-04,Completed,Web,Rawalpindi,Store Pickup,Cash on Delivery,
UB-000113,C01467,2024-10-31,Completed,Web,Rawalpindi,RapidGo,Cash on Delivery,
UB-000114,C00303,2025-06-03,Completed,Web,Karachi,BlueLine,Cash on Delivery,
UB-000115,C00063,2025-03-04,Completed,Mobile App,Karachi,SwiftEx,Card,
UB-000116,C00188,2025-04-18,Completed,Web,Islamabad,SwiftEx,Card,APP5
UB-000117,C00758,2024-02-11,Completed,Mobile App,Islamabad,BlueLine,Card,WELCOME10
UB-000118,C01263,2024-11-07,Completed,Web,Rawalpindi,Store Pickup,Card,
UB-000119,C00867,2024-08-23,Completed,Web,Islamabad,BlueLine,Wallet,FREESHIP
UB-000120,C01412,2024-06-24,Completed,Mobile App,Lahore,RapidGo,Cash on Delivery,
UB-000121,C01420,2025-09-21,Completed,Mobile App,Lahore,SwiftEx,Cash on Delivery,SAVE15
UB-000122,C01412,2025-11-17,Completed,Mobile App,Lahore,BlueLine,Card,
UB-000123,C01290,2024-11-18,Completed,Marketplace,Rawalpindi,BlueLine,Card,
UB-000124,C01571,2024-11-15,Completed,Mobile App,Islamabad,Store Pickup,Bank Transfer,
UB-000125,C00968,2025-06-11,Returned,Mobile App,Karachi,SwiftEx,Cash on Delivery,SAVE15
UB-000126,C00068,2025-03-28,Completed,Web,Islamabad,SwiftEx,Card,APP5
UB-000127,C01415,2024-06-11,Completed,Web,Lahore,SwiftEx,Cash on Delivery,
UB-000128,C00287,2024-03-04,Completed,Web,Faisalabad,BlueLine,Wallet,
UB-000129,C01243,2025-12-26,Completed,Web,Islamabad,SwiftEx,Cash on Delivery,FREESHIP
UB-000130,C00571,2024-08-27,Completed,Marketplace,Islamabad,BlueLine,Card,
UB-000131,C00257,2025-09-14,Completed,Mobile App,Lahore,BlueLine,Card,APP5
UB-000132,C01080,2024-03-18,Completed,Web,Faisalabad,SwiftEx,Wallet,
UB-000133,C01306,2025-03-14,Completed,Mobile App,Rawalpindi,RapidGo,Cash on Delivery,
UB-000134,C01412,2025-06-11,Completed,Web,Lahore,RapidGo,Cash on Delivery,FREESHIP
UB-000135,C00255,2025-11-08,Completed,Marketplace,Karachi,SwiftEx,Bank Transfer,
UB-000136,C01145,2024-07-01,Completed,Mobile App,Rawalpindi,RapidGo,Cash on Delivery,SAVE15
UB-000137,C00608,2025-11-04,Completed,Mobile App,Islamabad,Store Pickup,Wallet,
UB-000138,C00044,2024-12-11,Completed,Web,Karachi,SwiftEx,Wallet,
UB-000139,C01077,2025-04-11,Completed,Mobile App,Islamabad,RapidGo,Cash on Delivery,SAVE15
UB-000140,C00675,2025-12-01,Cancelled,Web,Islamabad,BlueLine,Cash on Delivery,
UB-000141,C01155,2025-07-22,Completed,Web,Faisalabad,BlueLine,Cash on Delivery,
UB-000142,C00173,2025-02-09,Completed,Mobile App,Faisalabad,SwiftEx,Bank Transfer,
UB-000143,C01286,2025-09-30,Completed,Marketplace,Lahore,BlueLine,Bank Transfer,APP5
UB-000144,C01147,2024-01-26,Completed,Web,Karachi,RapidGo,Cash on Delivery,
UB-000145,C01266,2025-07-31,Completed,Mobile App,Karachi,SwiftEx,Cash on Delivery,
UB-000146,C00446,2025-05-26,Completed,Mobile App,Karachi,BlueLine,Cash on Delivery,
UB-000147,C01458,2025-07-04,Completed,Mobile App,Lahore,BlueLine,Cash on Delivery,FREESHIP
UB-000148,C00417,2025-10-10,Completed,Mobile App,Lahore,SwiftEx,Wallet,
UB-000149,C00799,2025-01-11,Completed,Mobile App,Islamabad,BlueLine,Card,
UB-000150,C01408,2024-05-27,Returned,Mobile App,Islamabad,BlueLine,Bank Transfer,
UB-000151,C01089,2025-04-02,Completed,Web,Islamabad,RapidGo,Cash on Delivery,
UB-000152,C01497,2024-05-13,Completed,Web,Rawalpindi,SwiftEx,Card,
UB-000153,C01553,2024-11-30,Completed,Web,Faisalabad,BlueLine,Bank Transfer,
UB-000154,C01541,2025-01-29,Completed,Web,Faisalabad,RapidGo,Card,
UB-000155,C00523,2024-10-26,Completed,Mobile App,Faisalabad,BlueLine,Card,
UB-000156,C00506,2025-02-04,Completed,Mobile App,Karachi,Store Pickup,Cash on Delivery,APP5
UB-000157,C00398,2024-12-13,Completed,Web,Rawalpindi,RapidGo,Bank Transfer,SAVE15
UB-000158,C01331,2024-03-11,Completed,Mobile App,Faisalabad,BlueLine,Cash on Delivery,
UB-000159,C00435,2024-06-17,Completed,Mobile App,Peshawar,Store Pickup,Cash on Delivery,FREESHIP
UB-000160,C01356,2024-04-30,Completed,Web,Lahore,RapidGo,Cash on Delivery,WELCOME10
UB-000161,C01137,2024-01-26,Cancelled,Marketplace,Peshawar,Store Pickup,Bank Transfer,
UB-000162,C01220,2025-12-04,Completed,Web,Karachi,SwiftEx,Card,WELCOME10
UB-000163,C00306,2025-01-29,Completed,Mobile App,Islamabad,BlueLine,Cash on Delivery,
UB-000164,C00145,2025-12-01,Completed,Web,Faisalabad,BlueLine,Card,
UB-000165,C01211,2025-03-17,Completed,Mobile App,Lahore,Store Pickup,Bank Transfer,APP5
UB-000166,C01133,2025-06-14,Returned,Mobile App,Karachi,SwiftEx,Cash on Delivery,FREESHIP
UB-000167,C00637,2025-08-12,Completed,Marketplace,Peshawar,Store Pickup,Cash on Delivery,WELCOME10
UB-000168,C01504,2024-07-23,Completed,Marketplace,Islamabad,BlueLine,Cash on Delivery,SAVE15
UB-000169,C01547,2025-06-17,Completed,Web,Peshawar,BlueLine,Cash on Delivery,
UB-000170,C00066,2024-09-07,Completed,Mobile App,Lahore,RapidGo,Bank Transfer,
UB-000171,C00723,2024-09-05,Completed,Mobile App,Lahore,SwiftEx,Cash on Delivery,
UB-000172,C00281,2025-05-12,Completed,Mobile App,Islamabad,BlueLine,Card,WELCOME10
UB-000173,C00097,2025-03-07,Completed,Mobile App,Lahore,SwiftEx,Card,WELCOME10
UB-000174,C01517,2024-05-12,Completed,Marketplace,Rawalpindi,SwiftEx,Wallet,WELCOME10
UB-000175,C00359,2024-06-02,Returned,Marketplace,Islamabad,RapidGo,Card,
UB-000176,C00262,2024-07-09,Completed,Mobile App,Lahore,BlueLine,Bank Transfer,
UB-000177,C01140,2024-05-24,Completed,Web,Islamabad,Store Pickup,Wallet,SAVE15
UB-000178,C00127,2025-12-18,Completed,Mobile App,Karachi,SwiftEx,Wallet,WELCOME10
UB-000179,C00366,2024-12-30,Completed,Web,Karachi,RapidGo,Cash on Delivery,
UB-000180,C01475,2025-09-23,Completed,Mobile App,Karachi,BlueLine,Cash on Delivery,APP5
UB-000181,C00523,2025-09-26,Completed,Mobile App,Faisalabad,BlueLine,Cash on Delivery,FREESHIP
UB-000182,C00734,2025-10-02,Completed,Mobile App,Rawalpindi,SwiftEx,Cash on Delivery,
UB-000183,C00330,2025-01-30,Completed,Web,Lahore,Store Pickup,Cash on Delivery,
UB-000184,C00923,2024-11-29,Completed,Web,Islamabad,SwiftEx,Cash on Delivery,
UB-000185,C01342,2024-01-22,Completed,Web,Islamabad,SwiftEx,Cash on Delivery,
UB-000186,C01014,2024-10-25,Completed,Web,Karachi,SwiftEx,Cash on Delivery,
UB-000187,C00880,2025-10-12,Completed,Web,Lahore,RapidGo,Wallet,WELCOME10
UB-000188,C00101,2025-12-17,Completed,Web,Faisalabad,RapidGo,Bank Transfer,
UB-000189,C01202,2024-09-16,Completed,Marketplace,Karachi,BlueLine,Bank Transfer,FREESHIP
UB-000190,C01400,2024-02-27,Completed,Web,Lahore,RapidGo,Card,APP5
UB-000191,C01511,2024-08-06,Completed,Marketplace,Rawalpindi,SwiftEx,Bank Transfer,
UB-000192,C01299,2025-05-02,Completed,Mobile App,Rawalpindi,BlueLine,Bank Transfer,
UB-000193,C01116,2025-08-03,Completed,Mobile App,Lahore,RapidGo,Card,
UB-000194,C00857,2025-09-09,Completed,Web,Rawalpindi,BlueLine,Bank Transfer,
UB-000195,C01324,2025-06-29,Returned,Web,Rawalpindi,RapidGo,Wallet,WELCOME10
UB-000196,C00354,2025-07-08,Completed,Web,Islamabad,BlueLine,Bank Transfer,SAVE15
UB-000197,C00267,2024-03-18,Completed,Mobile App,Karachi,SwiftEx,Card,
UB-000198,C00157,2024-06-09,Completed,Mobile App,Islamabad,BlueLine,Cash on Delivery,WELCOME10
UB-000199,C00836,2025-03-16,Completed,Mobile App,Karachi,RapidGo,Wallet,
UB-000200,C01196,2024-07-25,Completed,Marketplace,Faisalabad,BlueLine,Cash on Delivery,
UB-000201,C01496,2025-05-09,Completed,Web,Lahore,SwiftEx,Cash on Delivery,
UB-000202,C01113,2024-04-30,Completed,Mobile App,Islamabad,RapidGo,Wallet,
UB-000203,C00516,2025-10-30,Completed,Mobile App,Rawalpindi,SwiftEx,Wallet,APP5
UB-000204,C00199,2025-05-27,Completed,Marketplace,Karachi,RapidGo,Bank Transfer,
UB-000205,C00281,2025-02-10,Completed,Web,Islamabad,Store Pickup,Card,
UB-000206,C01307,2024-04-29,Completed,Web,Lahore,SwiftEx,Card,FREESHIP
UB-000207,C00960,2024-08-29,Completed,Web,Faisalabad,RapidGo,Cash on Delivery,WELCOME10
UB-000208,C00859,2024-02-12,Completed,Web,Karachi,SwiftEx,Wallet,
UB-000209,C01484,2024-09-21,Completed,Mobile App,Islamabad,BlueLine,Cash on Delivery,
UB-000210,C00177,2024-08-22,Completed,Web,Lahore,SwiftEx,Card,
UB-000211,C00104,2024-08-19,Completed,Web,Islamabad,BlueLine,Cash on Delivery,
UB-000212,C00573,2024-06-08,Completed,Marketplace,Rawalpindi,Store Pickup,Wallet,
UB-000213,C01184,2024-03-04,Completed,Web,Karachi,RapidGo,Bank Transfer,FREESHIP
UB-000214,C01191,2025-08-17,Completed,Mobile App,Rawalpindi,RapidGo,Card,
UB-000215,C01407,2024-08-04,Completed,Web,Lahore,BlueLine,Card,
UB-000216,C01487,2024-11-13,Completed,Mobile App,Islamabad,Store Pickup,Card,APP5
UB-000217,C01338,2024-07-05,Completed,Mobile App,Faisalabad,SwiftEx,Card,APP5
UB-000218,C00150,2024-11-03,Completed,Mobile App,Rawalpindi,SwiftEx,Cash on Delivery,FREESHIP
UB-000219,C00671,2025-06-30,Completed,Mobile App,Rawalpindi,BlueLine,Card,
UB-000220,C01267,2025-10-07,Completed,Web,Karachi,BlueLine,Bank Transfer,
UB-000221,C01568,2025-09-22,Completed,Mobile App,Rawalpindi,BlueLine,Card,
UB-000222,C00852,2025-07-08,Completed,Mobile App,Karachi,BlueLine,Cash on Delivery,
UB-000223,C01484,2025-10-17,Completed,Mobile App,Islamabad,SwiftEx,Cash on Delivery,APP5
UB-000224,C00848,2025-01-21,Completed,Web,Karachi,Store Pickup,Card,WELCOME10
UB-000225,C00244,2024-08-24,Completed,Web,Islamabad,Store Pickup,Card,
UB-000226,C01551,2025-01-29,Completed,Mobile App,Islamabad,RapidGo,Cash on Delivery,
UB-000227,C01032,2024-11-17,Completed,Mobile App,Faisalabad,SwiftEx,Card,WELCOME10
UB-000228,C01141,2025-01-27,Completed,Mobile App,Islamabad,RapidGo,Wallet,APP5
UB-000229,C00522,2024-05-21,Completed,Web,Rawalpindi,BlueLine,Cash on Delivery,APP5
UB-000230,C00707,2024-09-25,Completed,Web,Peshawar,BlueLine,Card,
UB-000231,C00494,2025-12-30,Completed,Web,Faisalabad,BlueLine,Card,
UB-000232,C01026,2025-04-04,Completed,Web,Lahore,RapidGo,Cash on Delivery,
UB-000233,C00478,2025-05-16,Completed,Mobile App,Lahore,BlueLine,Cash on Delivery,
UB-000234,C01277,2025-04-21,Completed,Web,Faisalabad,RapidGo,Card,
UB-000235,C00371,2025-09-12,Completed,Web,Rawalpindi,BlueLine,Wallet,APP5
UB-000236,C00250,2024-09-22,Completed,Mobile App,Rawalpindi,SwiftEx,Cash on Delivery,SAVE15
UB-000237,C01149,2025-11-08,Completed,Mobile App,Rawalpindi,BlueLine,Cash on Delivery,
UB-000238,C00506,2025-10-16,Completed,Web,Karachi,BlueLine,Card,
UB-000239,C00588,2024-12-04,Returned,Mobile App,Karachi,SwiftEx,Cash on Delivery,
UB-000240,C01246,2024-02-08,Completed,Mobile App,Karachi,BlueLine,Card,
UB-000241,C00799,2025-01-26,Completed,Mobile App,Islamabad,SwiftEx,Bank Transfer,
UB-000242,C01525,2024-10-23,Completed,Web,Lahore,SwiftEx,Card,
UB-000243,C01089,2024-11-08,Completed,Marketplace,Islamabad,Store Pickup,Card,
UB-000244,C00824,2025-04-17,Completed,Mobile App,Faisalabad,BlueLine,Card,WELCOME10
UB-000245,C00425,2025-11-13,Returned,Web,Faisalabad,SwiftEx,Card,
UB-000246,C00803,2025-02-06,Completed,Web,Islamabad,BlueLine,Cash on Delivery,APP5
UB-000247,C00050,2025-05-17,Returned,Web,Karachi,RapidGo,Cash on Delivery,
UB-000248,C01587,2025-06-28,Completed,Mobile App,Karachi,Store Pickup,Cash on Delivery,APP5
UB-000249,C01077,2024-04-09,Completed,Web,Islamabad,BlueLine,Card,
UB-000250,C00101,2025-07-09,Completed,Mobile App,Faisalabad,Store Pickup,Wallet,
UB-000251,C00609,2025-03-28,Completed,Mobile App,Islamabad,RapidGo,Bank Transfer,
UB-000252,C00331,2025-01-12,Completed,Marketplace,Karachi,SwiftEx,Cash on Delivery,
UB-000253,C00034,2024-03-13,Completed,Mobile App,Islamabad,RapidGo,Bank Transfer,
UB-000254,C01408,2024-02-23,Completed,Web,Islamabad,RapidGo,Card,
UB-000255,C00382,2024-07-09,Cancelled,Web,Rawalpindi,RapidGo,Wallet,
UB-000256,C01523,2024-08-05,Completed,Web,Islamabad,BlueLine,Card,
UB-000257,C00364,2025-09-18,Completed,Mobile App,Karachi,BlueLine,Cash on Delivery,
UB-000258,C00685,2025-02-25,Completed,Mobile App,Karachi,BlueLine,Card,
UB-000259,C01308,2025-04-27,Completed,Mobile App,Rawalpindi,SwiftEx,Cash on Delivery,WELCOME10
UB-000260,C00885,2025-10-11,Returned,Mobile App,Lahore,BlueLine,Card,
UB-000261,C00162,2025-10-08,Completed,Mobile App,Faisalabad,Store Pickup,Cash on Delivery,
UB-000262,C00652,2025-09-11,Completed,Web,Karachi,SwiftEx,Cash on Delivery,FREESHIP
UB-000263,C00831,2024-03-22,Completed,Mobile App,Karachi,BlueLine,Card,SAVE15
UB-000264,C00129,2024-10-07,Completed,Mobile App,Karachi,BlueLine,Cash on Delivery,
UB-000265,C01330,2025-11-11,Completed,Web,Islamabad,RapidGo,Cash on Delivery,FREESHIP
UB-000266,C00147,2025-05-22,Completed,Web,Rawalpindi,SwiftEx,Card,
UB-000267,C01235,2024-11-08,Completed,Mobile App,Karachi,BlueLine,Card,
UB-000268,C00669,2025-05-10,Completed,Mobile App,Rawalpindi,BlueLine,Card,
UB-000269,C00611,2024-08-11,Completed,Web,Lahore,Store Pickup,Wallet,APP5
UB-000270,C00313,2025-09-17,Completed,Marketplace,Islamabad,RapidGo,Card,WELCOME10
UB-000271,C01485,2025-12-22,Completed,Mobile App,Lahore,SwiftEx,Card,FREESHIP
UB-000272,C01372,2024-12-06,Completed,Web,Islamabad,RapidGo,Cash on Delivery,
UB-000273,C01253,2024-03-15,Completed,Mobile App,Lahore,RapidGo,Cash on Delivery,
UB-000274,C01022,2025-09-18,Completed,Mobile App,Rawalpindi,Store Pickup,Wallet,
UB-000275,C00133,2024-01-28,Completed,Marketplace,Rawalpindi,SwiftEx,Cash on Delivery,
UB-000276,C01331,2024-06-13,Completed,Mobile App,Faisalabad,Store Pickup,Card,SAVE15
UB-000277,C01471,2024-06-14,Completed,Web,Karachi,BlueLine,Card,
UB-000278,C00501,2024-03-09,Completed,Mobile App,Lahore,SwiftEx,Wallet,WELCOME10
UB-000279,C01445,2025-08-21,Completed,Mobile App,Karachi,BlueLine,Cash on Delivery,
UB-000280,C01446,2025-04-18,Completed,Mobile App,Lahore,SwiftEx,Card,
UB-000281,C01311,2025-04-13,Returned,Mobile App,Rawalpindi,BlueLine,Card,SAVE15
UB-000282,C00022,2025-01-24,Completed,Web,Karachi,SwiftEx,Cash on Delivery,
UB-000283,C01183,2025-09-28,Completed,Mobile App,Islamabad,BlueLine,Wallet,FREESHIP
UB-000284,C01394,2024-07-28,Completed,Marketplace,Rawalpindi,RapidGo,Cash on Delivery,WELCOME10
UB-000285,C00234,2025-06-04,Completed,Mobile App,Rawalpindi,SwiftEx,Card,
UB-000286,C00367,2025-02-25,Completed,Web,Rawalpindi,SwiftEx,Card,FREESHIP
UB-000287,C00803,2025-12-07,Completed,Marketplace,Islamabad,SwiftEx,Cash on Delivery,
UB-000288,C01428,2025-05-14,Completed,Mobile App,Faisalabad,BlueLine,Card,
UB-000289,C00227,2025-10-15,Completed,Mobile App,Rawalpindi,RapidGo,Cash on Delivery,
UB-000290,C00681,2024-08-01,Completed,Mobile App,Rawalpindi,SwiftEx,Cash on Delivery,SAVE15
UB-000291,C00401,2025-01-13,Completed,Marketplace,Islamabad,BlueLine,Wallet,APP5
UB-000292,C01529,2025-01-19,Completed,Mobile App,Karachi,Store Pickup,Wallet,
UB-000293,C01012,2025-08-10,Completed,Mobile App,Karachi,RapidGo,Cash on Delivery,
UB-000294,C00535,2025-10-08,Completed,Mobile App,Karachi,RapidGo,Cash on Delivery,
UB-000295,C01241,2025-08-19,Completed,Marketplace,Lahore,BlueLine,Wallet,FREESHIP
UB-000296,C01057,2024-02-28,Completed,Mobile App,Karachi,BlueLine,Cash on Delivery,
UB-000297,C00531,2024-04-02,Completed,Mobile App,Rawalpindi,RapidGo,Cash on Delivery,FREESHIP
UB-000298,C01329,2024-09-29,Completed,Mobile App,Islamabad,RapidGo,Card,
UB-000299,C00246,2025-05-30,Completed,Web,Islamabad,SwiftEx,Cash on Delivery,
UB-000300,C00609,2024-04-07,Completed,Mobile App,Islamabad,BlueLine,Wallet,
UB-000301,C01562,2024-12-12,Completed,Mobile App,Lahore,Store Pickup,Cash on Delivery,
UB-000302,C01405,2024-04-10,Completed,Web,Rawalpindi,RapidGo,Card,SAVE15
UB-000303,C00324,2024-03-21,Completed,Web,Rawalpindi,SwiftEx,Card,SAVE15
UB-000304,C01017,2025-08-16,Returned,Marketplace,Karachi,BlueLine,Cash on Delivery,APP5
UB-000305,C00085,2024-11-10,Completed,Mobile App,Faisalabad,SwiftEx,Card,
UB-000306,C00690,2025-05-21,Cancelled,Web,Karachi,Store Pickup,Cash on Delivery,APP5
UB-000307,C00345,2024-01-14,Completed,Mobile App,Peshawar,RapidGo,Bank Transfer,
UB-000308,C00709,2024-10-16,Completed,Marketplace,Rawalpindi,BlueLine,Wallet,
UB-000309,C00278,2024-12-05,Completed,Mobile App,Islamabad,RapidGo,Card,
UB-000310,C00529,2025-12-09,Completed,Web,Rawalpindi,SwiftEx,Cash on Delivery,
UB-000311,C01029,2024-01-06,Cancelled,Mobile App,Rawalpindi,RapidGo,Card,
UB-000312,C00357,2024-12-13,Completed,Web,Rawalpindi,SwiftEx,Cash on Delivery,
UB-000313,C01371,2025-08-14,Completed,Mobile App,Islamabad,BlueLine,Card,
UB-000314,C00303,2024-03-09,Completed,Mobile App,Karachi,RapidGo,Wallet,
UB-000315,C00920,2024-05-25,Completed,Marketplace,Rawalpindi,RapidGo,Cash on Delivery,
UB-000316,C00503,2025-05-30,Completed,Marketplace,Lahore,Store Pickup,Card,
UB-000317,C01378,2024-06-25,Completed,Mobile App,Peshawar,BlueLine,Card,APP5
UB-000318,C00207,2025-01-14,Completed,Mobile App,Islamabad,BlueLine,Card,SAVE15
UB-000319,C00983,2025-10-10,Completed,Mobile App,Karachi,SwiftEx,Card,APP5
UB-000320,C00082,2025-11-23,Completed,Web,Peshawar,SwiftEx,Card,WELCOME10
UB-000321,C00172,2024-11-13,Completed,Marketplace,Peshawar,RapidGo,Cash on Delivery,APP5
UB-000322,C00897,2024-12-25,Completed,Web,Karachi,BlueLine,Cash on Delivery,
UB-000323,C00594,2024-08-11,Completed,Web,Faisalabad,SwiftEx,Cash on Delivery,
UB-000324,C00018,2024-12-19,Completed,Web,Lahore,RapidGo,Cash on Delivery,
UB-000325,C01561,2024-02-18,Completed,Mobile App,Lahore,SwiftEx,Card,
UB-000326,C00489,2025-10-04,Completed,Web,Rawalpindi,RapidGo,Bank Transfer,WELCOME10
UB-000327,C00775,2025-03-18,Completed,Mobile App,Rawalpindi,SwiftEx,Cash on Delivery,
UB-000328,C00452,2024-12-30,Completed,Web,Karachi,SwiftEx,Card,
UB-000329,C00221,2025-07-18,Completed,Mobile App,Rawalpindi,SwiftEx,Wallet,APP5
UB-000330,C00980,2024-04-04,Completed,Marketplace,Islamabad,RapidGo,Card,
UB-000331,C00137,2024-01-22,Completed,Mobile App,Rawalpindi,SwiftEx,Card,APP5
UB-000332,C01017,2025-12-23,Completed,Web,Karachi,RapidGo,Card,
UB-000333,C00999,2025-10-18,Completed,Mobile App,Rawalpindi,SwiftEx,Bank Transfer,
UB-000334,C01329,2024-10-05,Completed,Web,Islamabad,RapidGo,Card,
UB-000335,C01387,2024-05-10,Completed,Mobile App,Islamabad,Store Pickup,Card,WELCOME10
UB-000336,C01520,2025-12-04,Completed,Mobile App,Faisalabad,BlueLine,Wallet,
UB-000337,C01079,2025-01-16,Completed,Mobile App,Islamabad,SwiftEx,Cash on Delivery,
UB-000338,C00395,2024-01-15,Completed,Web,Lahore,SwiftEx,Cash on Delivery,
UB-000339,C01448,2024-02-17,Completed,Marketplace,Lahore,Store Pickup,Card,SAVE15
UB-000340,C00921,2025-01-23,Completed,Web,Rawalpindi,Store Pickup,Cash on Delivery,
UB-000341,C00649,2025-06-29,Returned,Web,Rawalpindi,RapidGo,Wallet,
UB-000342,C01179,2024-07-15,Completed,Mobile App,Lahore,SwiftEx,Card,
UB-000343,C00295,2025-09-21,Completed,Marketplace,Islamabad,SwiftEx,Wallet,WELCOME10
UB-000344,C00062,2025-08-31,Completed,Web,Peshawar,SwiftEx,Card,
UB-000345,C00683,2024-06-12,Completed,Marketplace,Lahore,SwiftEx,Wallet,
UB-000346,C00954,2024-01-09,Completed,Mobile App,Islamabad,BlueLine,Cash on Delivery,FREESHIP
UB-000347,C00936,2025-05-12,Completed,Mobile App,Faisalabad,BlueLine,Cash on Delivery,SAVE15
UB-000348,C00935,2024-10-06,Completed,Mobile App,Islamabad,BlueLine,Cash on Delivery,
UB-000349,C00671,2025-04-22,Completed,Web,Rawalpindi,BlueLine,Card,
UB-000350,C00354,2024-09-15,Completed,Mobile App,Islamabad,SwiftEx,Card,
UB-000351,C01504,2025-11-22,Completed,Web,Islamabad,RapidGo,Cash on Delivery,
UB-000352,C01370,2025-06-12,Completed,Web,Islamabad,SwiftEx,Bank Transfer,
UB-000353,C00639,2025-03-03,Completed,Mobile App,Rawalpindi,RapidGo,Card,
UB-000354,C01459,2024-02-21,Completed,Marketplace,Rawalpindi,SwiftEx,Card,
UB-000355,C00410,2024-12-10,Cancelled,Web,Islamabad,SwiftEx,Cash on Delivery,
UB-000356,C01248,2025-07-08,Completed,Web,Peshawar,BlueLine,Cash on Delivery,
UB-000357,C00350,2024-05-10,Completed,Mobile App,Islamabad,RapidGo,Wallet,
UB-000358,C01476,2025-08-09,Completed,Web,Rawalpindi,Store Pickup,Bank Transfer,APP5
UB-000359,C01346,2024-05-05,Completed,Marketplace,Lahore,BlueLine,Card,
UB-000360,C00603,2025-02-04,Completed,Web,Peshawar,SwiftEx,Cash on Delivery,
UB-000361,C00924,2024-04-30,Completed,Web,Islamabad,SwiftEx,Cash on Delivery,
UB-000362,C01003,2024-01-27,Completed,Web,Lahore,Store Pickup,Card,
UB-000363,C00946,2024-01-16,Completed,Mobile App,Lahore,Store Pickup,Cash on Delivery,
UB-000364,C00750,2024-06-27,Completed,Web,Islamabad,BlueLine,Cash on Delivery,
UB-000365,C00550,2025-02-17,Completed,Web,Peshawar,RapidGo,Cash on Delivery,APP5
UB-000366,C00936,2024-05-24,Completed,Mobile App,Faisalabad,SwiftEx,Bank Transfer,APP5
UB-000367,C00932,2025-09-19,Completed,Web,Lahore,SwiftEx,Card,
UB-000368,C00080,2025-09-11,Completed,Marketplace,Lahore,SwiftEx,Cash on Delivery,
UB-000369,C00459,2025-09-03,Completed,Mobile App,Faisalabad,BlueLine,Cash on Delivery,
UB-000370,C00955,2024-02-11,Completed,Mobile App,Peshawar,BlueLine,Cash on Delivery,
UB-000371,C00016,2024-07-14,Completed,Mobile App,Islamabad,Store Pickup,Bank Transfer,
UB-000372,C00585,2024-03-02,Completed,Marketplace,Islamabad,RapidGo,Cash on Delivery,
UB-000373,C01295,2024-12-15,Returned,Mobile App,Rawalpindi,RapidGo,Cash on Delivery,
UB-000374,C01225,2025-01-25,Completed,Mobile App,Islamabad,SwiftEx,Card,APP5
UB-000375,C01062,2025-09-24,Completed,Web,Islamabad,RapidGo,Card,
UB-000376,C01091,2025-11-03,Completed,Mobile App,Lahore,BlueLine,Wallet,
UB-000377,C00698,2024-04-29,Completed,Web,Peshawar,Store Pickup,Cash on Delivery,WELCOME10
UB-000378,C00531,2025-10-23,Completed,Web,Rawalpindi,SwiftEx,Cash on Delivery,APP5
UB-000379,C00554,2024-11-30,Completed,Marketplace,Islamabad,Store Pickup,Card,
UB-000380,C01023,2024-10-01,Completed,Marketplace,Rawalpindi,SwiftEx,Cash on Delivery,SAVE15
UB-000381,C00755,2024-10-28,Completed,Mobile App,Islamabad,SwiftEx,Card,
UB-000382,C01201,2025-12-02,Completed,Web,Islamabad,BlueLine,Wallet,
UB-000383,C01512,2025-11-14,Cancelled,Web,Karachi,SwiftEx,Cash on Delivery,
UB-000384,C01254,2025-01-23,Completed,Web,Islamabad,SwiftEx,Cash on Delivery,
UB-000385,C00318,2025-04-15,Completed,Mobile App,Peshawar,RapidGo,Cash on Delivery,
UB-000386,C01123,2025-01-13,Completed,Web,Peshawar,Store Pickup,Cash on Delivery,
UB-000387,C01185,2025-07-02,Returned,Mobile App,Faisalabad,RapidGo,Cash on Delivery,
UB-000388,C00904,2025-01-22,Completed,Web,Karachi,BlueLine,Card,APP5
UB-000389,C01119,2025-10-24,Completed,Mobile App,Faisalabad,Store Pickup,Bank Transfer,
UB-000390,C00844,2024-04-01,Completed,Marketplace,Faisalabad,BlueLine,Card,WELCOME10
UB-000391,C01169,2024-07-24,Cancelled,Web,Islamabad,SwiftEx,Cash on Delivery,FREESHIP
UB-000392,C01546,2025-10-02,Completed,Web,Rawalpindi,RapidGo,Cash on Delivery,SAVE15
UB-000393,C00609,2024-03-02,Completed,Mobile App,Islamabad,Store Pickup,Card,
UB-000394,C00342,2025-07-09,Completed,Web,Lahore,BlueLine,Wallet,FREESHIP
UB-000395,C00136,2025-09-25,Returned,Mobile App,Karachi,BlueLine,Cash on Delivery,
UB-000396,C00798,2025-11-01,Completed,Mobile App,Karachi,Store Pickup,Cash on Delivery,
UB-000397,C01158,2025-03-21,Completed,Mobile App,Lahore,SwiftEx,Bank Transfer,
UB-000398,C00864,2025-07-21,Completed,Mobile App,Islamabad,BlueLine,Card,FREESHIP
UB-000399,C01081,2025-04-19,Completed,Mobile App,Faisalabad,BlueLine,Wallet,
UB-000400,C01458,2025-08-10,Completed,Mobile App,Lahore,SwiftEx,Cash on Delivery,APP5
UB-000401,C01506,2024-09-18,Returned,Web,Rawalpindi,Store Pickup,Wallet,FREESHIP
UB-000402,C00676,2024-04-06,Completed,Mobile App,Lahore,BlueLine,Wallet,
UB-000403,C01359,2025-09-02,Completed,Web,Rawalpindi,SwiftEx,Card,
UB-000404,C01202,2024-07-07,Completed,Mobile App,Karachi,BlueLine,Card,
UB-000405,C01105,2025-09-19,Returned,Mobile App,Rawalpindi,SwiftEx,Wallet,
UB-000406,C01436,2025-05-17,Completed,Mobile App,Rawalpindi,SwiftEx,Card,
UB-000407,C00644,2025-05-11,Completed,Mobile App,Faisalabad,RapidGo,Cash on Delivery,FREESHIP
UB-000408,C00728,2025-09-25,Completed,Mobile App,Rawalpindi,BlueLine,Wallet,
UB-000409,C01054,2024-10-23,Completed,Web,Islamabad,RapidGo,Card,
UB-000410,C01412,2025-01-21,Completed,Mobile App,Lahore,Store Pickup,Bank Transfer,
UB-000411,C00766,2024-06-14,Completed,Marketplace,Lahore,BlueLine,Card,
UB-000412,C01307,2024-12-12,Completed,Marketplace,Lahore,BlueLine,Wallet,APP5
UB-000413,C00773,2025-09-08,Completed,Web,Lahore,SwiftEx,Cash on Delivery,
UB-000414,C00273,2024-04-20,Completed,Web,Karachi,RapidGo,Cash on Delivery,APP5
UB-000415,C00698,2024-03-06,Completed,Web,Peshawar,SwiftEx,Cash on Delivery,FREESHIP
UB-000416,C01451,2024-07-27,Completed,Mobile App,Rawalpindi,RapidGo,Cash on Delivery,
UB-000417,C01010,2025-01-10,Completed,Mobile App,Islamabad,SwiftEx,Wallet,
UB-000418,C00253,2025-04-06,Completed,Mobile App,Islamabad,SwiftEx,Cash on Delivery,
UB-000419,C00624,2024-11-30,Completed,Mobile App,Islamabad,BlueLine,Card,
UB-000420,C00863,2024-06-12,Completed,Web,Karachi,Store Pickup,Wallet,FREESHIP
UB-000421,C00134,2024-01-22,Completed,Mobile App,Islamabad,RapidGo,Cash on Delivery,
UB-000422,C01297,2025-11-22,Completed,Web,Islamabad,SwiftEx,Cash on Delivery,
UB-000423,C00746,2024-05-07,Completed,Mobile App,Karachi,Store Pickup,Card,SAVE15
UB-000424,C01524,2024-11-23,Completed,Marketplace,Peshawar,BlueLine,Cash on Delivery,
UB-000425,C00445,2025-04-17,Completed,Mobile App,Islamabad,BlueLine,Cash on Delivery,
UB-000426,C00014,2025-07-24,Completed,Marketplace,Rawalpindi,RapidGo,Wallet,
UB-000427,C00679,2025-07-08,Cancelled,Mobile App,Lahore,RapidGo,Bank Transfer,WELCOME10
UB-000428,C01586,2025-02-23,Completed,Web,Islamabad,RapidGo,Card,
UB-000429,C00622,2025-03-07,Completed,Marketplace,Rawalpindi,SwiftEx,Cash on Delivery,APP5
UB-000430,C00402,2025-03-09,Completed,Web,Karachi,SwiftEx,Wallet,
UB-000431,C01228,2025-08-02,Completed,Web,Rawalpindi,SwiftEx,Card,
UB-000432,C01356,2024-09-05,Completed,Mobile App,Lahore,Store Pickup,Cash on Delivery,
UB-000433,C01571,2024-05-08,Completed,Mobile App,Islamabad,Store Pickup,Card,
UB-000434,C00521,2025-01-02,Completed,Mobile App,Peshawar,BlueLine,Bank Transfer,
UB-000435,C00318,2024-01-05,Completed,Mobile App,Peshawar,SwiftEx,Cash on Delivery,
UB-000436,C00414,2025-03-06,Completed,Mobile App,Lahore,SwiftEx,Cash on Delivery,SAVE15
UB-000437,C00426,2024-05-26,Completed,Web,Islamabad,SwiftEx,Card,
UB-000438,C00444,2025-12-08,Completed,Web,Faisalabad,BlueLine,Cash on Delivery,
UB-000439,C00115,2024-03-23,Completed,Web,Faisalabad,SwiftEx,Card,SAVE15
UB-000440,C00323,2025-08-31,Completed,Mobile App,Peshawar,SwiftEx,Bank Transfer,APP5
UB-000441,C01305,2024-10-21,Completed,Web,Rawalpindi,RapidGo,Cash on Delivery,FREESHIP
UB-000442,C00297,2024-04-15,Completed,Mobile App,Rawalpindi,BlueLine,Cash on Delivery,FREESHIP
UB-000443,C00654,2024-07-28,Returned,Web,Karachi,SwiftEx,Cash on Delivery,
UB-000444,C01351,2025-04-22,Completed,Mobile App,Islamabad,RapidGo,Card,
UB-000445,C00111,2025-12-12,Completed,Web,Lahore,Store Pickup,Cash on Delivery,
UB-000446,C00777,2025-01-14,Completed,Mobile App,Rawalpindi,SwiftEx,Card,
UB-000447,C01416,2024-03-07,Completed,Mobile App,Rawalpindi,RapidGo,Card,
UB-000448,C00835,2025-09-14,Completed,Mobile App,Rawalpindi,SwiftEx,Cash on Delivery,
UB-000449,C00787,2024-01-17,Completed,Web,Islamabad,BlueLine,Card,
UB-000450,C00345,2025-11-11,Completed,Mobile App,Peshawar,Store Pickup,Card,SAVE15
UB-000451,C01475,2025-09-22,Completed,Web,Karachi,BlueLine,Wallet,
UB-000452,C00888,2024-05-30,Completed,Web,Lahore,Store Pickup,Cash on Delivery,
UB-000453,C00319,2024-05-04,Completed,Mobile App,Peshawar,SwiftEx,Card,
UB-000454,C01168,2025-09-28,Completed,Web,Faisalabad,RapidGo,Cash on Delivery,WELCOME10
UB-000455,C00746,2024-03-23,Completed,Mobile App,Karachi,RapidGo,Wallet,FREESHIP
UB-000456,C00175,2025-06-23,Completed,Mobile App,Islamabad,BlueLine,Cash on Delivery,
UB-000457,C00352,2024-01-11,Completed,Web,Faisalabad,Store Pickup,Card,
UB-000458,C00707,2025-05-14,Completed,Web,Peshawar,Store Pickup,Wallet,FREESHIP
UB-000459,C00931,2025-08-28,Completed,Web,Faisalabad,BlueLine,Wallet,APP5
UB-000460,C01337,2025-11-10,Completed,Mobile App,Rawalpindi,SwiftEx,Wallet,
UB-000461,C01507,2024-08-29,Completed,Mobile App,Rawalpindi,Store Pickup,Cash on Delivery,
UB-000462,C01013,2025-02-18,Completed,Marketplace,Rawalpindi,RapidGo,Bank Transfer,APP5
UB-000463,C01174,2024-03-19,Cancelled,Web,Faisalabad,SwiftEx,Card,WELCOME10
UB-000464,C01489,2024-02-09,Completed,Web,Lahore,SwiftEx,Card,
UB-000465,C00570,2025-05-28,Completed,Web,Karachi,Store Pickup,Card,FREESHIP
UB-000466,C00394,2025-11-22,Completed,Mobile App,Karachi,SwiftEx,Card,
UB-000467,C00876,2025-04-26,Returned,Web,Rawalpindi,RapidGo,Card,SAVE15
UB-000468,C00441,2024-04-10,Completed,Marketplace,Karachi,RapidGo,Card,WELCOME10
UB-000469,C00276,2024-10-16,Completed,Web,Islamabad,SwiftEx,Cash on Delivery,
UB-000470,C00933,2024-03-29,Completed,Mobile App,Karachi,RapidGo,Card,
UB-000471,C00741,2024-02-29,Completed,Marketplace,Karachi,BlueLine,Card,SAVE15
UB-000472,C01582,2025-08-17,Completed,Marketplace,Peshawar,SwiftEx,Wallet,APP5
UB-000473,C00905,2024-08-17,Completed,Mobile App,Karachi,BlueLine,Cash on Delivery,
UB-000474,C00590,2025-12-21,Completed,Web,Islamabad,BlueLine,Cash on Delivery,
UB-000475,C01501,2025-05-26,Completed,Web,Karachi,Store Pickup,Card,WELCOME10
UB-000476,C00449,2025-09-19,Completed,Web,Islamabad,RapidGo,Cash on Delivery,FREESHIP
UB-000477,C01222,2025-05-19,Cancelled,Web,Peshawar,SwiftEx,Cash on Delivery,
UB-000478,C00557,2024-06-13,Completed,Marketplace,Peshawar,SwiftEx,Cash on Delivery,
UB-000479,C01269,2025-04-12,Completed,Mobile App,Islamabad,RapidGo,Cash on Delivery,APP5
UB-000480,C00682,2024-05-01,Completed,Mobile App,Rawalpindi,SwiftEx,Wallet,WELCOME10
UB-000481,C00774,2024-06-24,Completed,Web,Lahore,SwiftEx,Cash on Delivery,SAVE15
UB-000482,C00248,2025-08-12,Completed,Mobile App,Rawalpindi,BlueLine,Card,SAVE15
UB-000483,C00700,2024-09-08,Completed,Web,Rawalpindi,SwiftEx,Cash on Delivery,
UB-000484,C01375,2024-04-18,Completed,Web,Lahore,RapidGo,Cash on Delivery,FREESHIP
UB-000485,C00535,2025-06-01,Completed,Web,Karachi,RapidGo,Wallet,
UB-000486,C00190,2024-02-18,Completed,Web,Rawalpindi,SwiftEx,Card,
UB-000487,C00083,2025-08-18,Cancelled,Mobile App,Peshawar,SwiftEx,Wallet,
UB-000488,C01054,2025-01-17,Completed,Web,Islamabad,RapidGo,Cash on Delivery,
UB-000489,C00465,2025-09-04,Completed,Web,Faisalabad,BlueLine,Bank Transfer,
UB-000490,C00227,2024-04-16,Completed,Web,Rawalpindi,RapidGo,Bank Transfer,
UB-000491,C00325,2024-11-28,Completed,Mobile App,Rawalpindi,RapidGo,Card,
UB-000492,C01180,2024-02-09,Completed,Mobile App,Rawalpindi,BlueLine,Wallet,
UB-000493,C00841,2025-10-01,Completed,Web,Karachi,RapidGo,Cash on Delivery,WELCOME10
UB-000494,C00072,2025-07-27,Completed,Marketplace,Faisalabad,Store Pickup,Cash on Delivery,APP5
UB-000495,C01073,2025-09-05,Completed,Mobile App,Rawalpindi,Store Pickup,Wallet,
UB-000496,C00361,2025-09-08,Completed,Marketplace,Islamabad,SwiftEx,Cash on Delivery,
UB-000497,C01296,2025-12-10,Returned,Web,Peshawar,SwiftEx,Wallet,SAVE15
UB-000498,C01331,2024-04-29,Returned,Web,Faisalabad,BlueLine,Cash on Delivery,FREESHIP
UB-000499,C00764,2024-02-28,Completed,Mobile App,Islamabad,SwiftEx,Cash on Delivery,
UB-000500,C01356,2025-05-21,Returned,Marketplace,Lahore,Store Pickup,Card,
UB-000501,C01522,2024-08-21,Completed,Mobile App,Islamabad,SwiftEx,Cash on Delivery,
UB-000502,C00989,2024-04-26,Completed,Mobile App,Peshawar,Store Pickup,Card,
UB-000503,C00719,2025-04-17,Cancelled,Marketplace,Lahore,BlueLine,Cash on Delivery,
UB-000504,C01228,2024-09-24,Completed,Mobile App,Rawalpindi,SwiftEx,Cash on Delivery,
UB-000505,C01134,2025-05-01,Completed,Marketplace,Rawalpindi,Store Pickup,Cash on Delivery,
UB-000506,C00799,2025-09-15,Completed,Mobile App,Islamabad,RapidGo,Cash on Delivery,
UB-000507,C00144,2024-12-01,Completed,Marketplace,Faisalabad,SwiftEx,Wallet,
UB-000508,C01485,2025-09-08,Completed,Web,Lahore,Store Pickup,Card,
UB-000509,C00345,2024-03-18,Cancelled,Marketplace,Peshawar,BlueLine,Cash on Delivery,
UB-000510,C00213,2024-03-03,Completed,Mobile App,Rawalpindi,SwiftEx,Cash on Delivery,APP5
UB-000511,C00905,2025-09-23,Completed,Mobile App,Karachi,RapidGo,Card,
UB-000512,C01362,2025-09-11,Completed,Marketplace,Rawalpindi,SwiftEx,Wallet,
UB-000513,C00311,2024-10-17,Completed,Mobile App,Lahore,RapidGo,Wallet,
UB-000514,C01161,2025-05-27,Completed,Mobile App,Karachi,Store Pickup,Cash on Delivery,APP5
UB-000515,C01250,2024-05-07,Completed,Web,Rawalpindi,RapidGo,Cash on Delivery,
UB-000516,C01519,2025-02-07,Completed,Marketplace,Lahore,RapidGo,Cash on Delivery,WELCOME10
UB-000517,C00689,2024-03-11,Completed,Mobile App,Karachi,Store Pickup,Cash on Delivery,
UB-000518,C00134,2025-01-31,Completed,Mobile App,Islamabad,RapidGo,Wallet,
UB-000519,C00216,2025-03-28,Completed,Web,Peshawar,SwiftEx,Card,
UB-000520,C01028,2025-06-27,Completed,Web,Faisalabad,RapidGo,Card,
UB-000521,C01232,2024-07-25,Completed,Mobile App,Lahore,SwiftEx,Cash on Delivery,
UB-000522,C00735,2024-07-13,Completed,Mobile App,Karachi,SwiftEx,Card,
UB-000523,C01309,2025-06-15,Completed,Mobile App,Rawalpindi,RapidGo,Cash on Delivery,
UB-000524,C00030,2024-06-05,Completed,Mobile App,Islamabad,SwiftEx,Card,
UB-000525,C00118,2024-04-29,Completed,Mobile App,Rawalpindi,SwiftEx,Card,
UB-000526,C01097,2025-03-08,Completed,Web,Islamabad,RapidGo,Cash on Delivery,
UB-000527,C00444,2024-07-02,Completed,Web,Faisalabad,Store Pickup,Cash on Delivery,
UB-000528,C00945,2025-05-13,Completed,Mobile App,Rawalpindi,RapidGo,Cash on Delivery,
UB-000529,C01142,2024-10-17,Completed,Mobile App,Faisalabad,RapidGo,Cash on Delivery,FREESHIP
UB-000530,C00805,2024-03-10,Completed,Web,Islamabad,SwiftEx,Cash on Delivery,FREESHIP
UB-000531,C01283,2024-10-10,Completed,Mobile App,Karachi,RapidGo,Cash on Delivery,
UB-000532,C00897,2025-05-27,Completed,Mobile App,Karachi,Store Pickup,Cash on Delivery,
UB-000533,C00226,2024-10-22,Completed,Mobile App,Peshawar,SwiftEx,Cash on Delivery,
UB-000534,C01127,2024-12-02,Completed,Web,Karachi,SwiftEx,Wallet,
UB-000535,C01507,2025-01-09,Completed,Marketplace,Rawalpindi,BlueLine,Cash on Delivery,SAVE15
UB-000536,C01092,2024-05-08,Completed,Mobile App,Rawalpindi,BlueLine,Card,
UB-000537,C01470,2025-05-02,Completed,Mobile App,Rawalpindi,Store Pickup,Wallet,
UB-000538,C00299,2024-11-29,Completed,Mobile App,Rawalpindi,RapidGo,Card,
UB-000539,C00400,2024-06-16,Completed,Marketplace,Islamabad,RapidGo,Bank Transfer,
UB-000540,C00186,2025-11-15,Completed,Mobile App,Lahore,SwiftEx,Card,
UB-000541,C01110,2024-07-15,Completed,Mobile App,Karachi,SwiftEx,Wallet,
UB-000542,C00678,2024-10-12,Completed,Web,Lahore,SwiftEx,Cash on Delivery,SAVE15
UB-000543,C01258,2025-12-31,Completed,Mobile App,Rawalpindi,SwiftEx,Cash on Delivery,
UB-000544,C01444,2025-04-15,Completed,Mobile App,Peshawar,SwiftEx,Cash on Delivery,
UB-000545,C00295,2025-04-15,Completed,Web,Islamabad,BlueLine,Cash on Delivery,APP5
UB-000546,C00990,2024-01-26,Completed,Mobile App,Rawalpindi,SwiftEx,Wallet,
UB-000547,C01152,2024-04-24,Completed,Web,Lahore,SwiftEx,Wallet,SAVE15
UB-000548,C01432,2024-04-14,Completed,Web,Rawalpindi,BlueLine,Cash on Delivery,SAVE15
UB-000549,C01493,2025-01-18,Completed,Web,Lahore,SwiftEx,Cash on Delivery,
UB-000550,C00331,2025-01-07,Completed,Mobile App,Karachi,BlueLine,Bank Transfer,
UB-000551,C00928,2024-08-25,Completed,Web,Karachi,Store Pickup,Bank Transfer,
UB-000552,C00032,2025-01-27,Completed,Web,Rawalpindi,RapidGo,Card,
UB-000553,C01153,2025-08-04,Completed,Mobile App,Lahore,BlueLine,Cash on Delivery,APP5
UB-000554,C00362,2024-05-18,Completed,Marketplace,Karachi,RapidGo,Cash on Delivery,
UB-000555,C00477,2024-01-18,Completed,Web,Karachi,BlueLine,Bank Transfer,FREESHIP
UB-000556,C00788,2024-07-17,Completed,Web,Islamabad,SwiftEx,Wallet,
UB-000557,C01181,2025-09-01,Completed,Marketplace,Islamabad,BlueLine,Bank Transfer,
UB-000558,C00780,2024-01-16,Completed,Mobile App,Karachi,SwiftEx,Cash on Delivery,
UB-000559,C00025,2024-06-29,Completed,Web,Lahore,RapidGo,Cash on Delivery,APP5
UB-000560,C00187,2024-06-24,Completed,Mobile App,Lahore,RapidGo,Card,APP5
UB-000561,C00213,2024-07-21,Completed,Web,Rawalpindi,SwiftEx,Bank Transfer,WELCOME10
UB-000562,C01529,2024-11-21,Completed,Mobile App,Karachi,BlueLine,Cash on Delivery,
UB-000563,C00340,2024-11-22,Completed,Marketplace,Karachi,RapidGo,Bank Transfer,SAVE15
UB-000564,C01388,2025-05-18,Cancelled,Web,Rawalpindi,RapidGo,Card,APP5
UB-000565,C00727,2025-06-23,Completed,Mobile App,Lahore,RapidGo,Card,APP5
UB-000566,C00597,2025-02-18,Completed,Marketplace,Peshawar,BlueLine,Cash on Delivery,
UB-000567,C01063,2025-01-19,Completed,Mobile App,Faisalabad,BlueLine,Cash on Delivery,
UB-000568,C00684,2024-01-21,Completed,Mobile App,Islamabad,BlueLine,Card,
UB-000569,C00167,2024-10-14,Completed,Web,Islamabad,BlueLine,Wallet,
UB-000570,C01078,2024-09-13,Completed,Mobile App,Islamabad,SwiftEx,Cash on Delivery,APP5
UB-000571,C00761,2025-07-31,Completed,Web,Peshawar,SwiftEx,Cash on Delivery,WELCOME10
UB-000572,C01542,2025-07-25,Completed,Mobile App,Islamabad,RapidGo,Cash on Delivery,
UB-000573,C01023,2025-06-06,Completed,Web,Rawalpindi,SwiftEx,Wallet,FREESHIP
UB-000574,C01033,2025-09-27,Completed,Mobile App,Faisalabad,RapidGo,Cash on Delivery,SAVE15
UB-000575,C00746,2024-12-22,Completed,Web,Karachi,BlueLine,Cash on Delivery,WELCOME10
UB-000576,C00519,2025-10-19,Completed,Mobile App,Islamabad,SwiftEx,Bank Transfer,
UB-000577,C01007,2025-06-30,Completed,Mobile App,Islamabad,SwiftEx,Card,
UB-000578,C00662,2024-04-28,Completed,Mobile App,Rawalpindi,BlueLine,Card,
UB-000579,C01279,2025-07-18,Completed,Mobile App,Islamabad,BlueLine,Card,
UB-000580,C00612,2024-12-03,Completed,Web,Islamabad,SwiftEx,Bank Transfer,
UB-000581,C00219,2025-04-23,Completed,Web,Rawalpindi,Store Pickup,Card,SAVE15
UB-000582,C00520,2024-07-29,Completed,Mobile App,Rawalpindi,BlueLine,Cash on Delivery,SAVE15
UB-000583,C01404,2024-07-27,Completed,Mobile App,Lahore,SwiftEx,Cash on Delivery,APP5
UB-000584,C01487,2024-03-07,Returned,Mobile App,Islamabad,RapidGo,Card,
UB-000585,C01324,2025-11-12,Completed,Mobile App,Rawalpindi,BlueLine,Card,APP5
UB-000586,C00731,2024-11-09,Completed,Web,Karachi,Store Pickup,Cash on Delivery,
UB-000587,C00333,2025-06-03,Completed,Mobile App,Peshawar,SwiftEx,Cash on Delivery,APP5
UB-000588,C01181,2025-03-16,Completed,Web,Islamabad,RapidGo,Wallet,
UB-000589,C00777,2024-01-11,Completed,Web,Rawalpindi,BlueLine,Cash on Delivery,FREESHIP
UB-000590,C00685,2025-03-30,Completed,Web,Karachi,SwiftEx,Cash on Delivery,
UB-000591,C00924,2025-05-15,Completed,Mobile App,Islamabad,SwiftEx,Cash on Delivery,
UB-000592,C00808,2025-11-20,Completed,Marketplace,Rawalpindi,RapidGo,Cash on Delivery,
UB-000593,C01031,2025-05-12,Completed,Web,Lahore,BlueLine,Cash on Delivery,SAVE15
UB-000594,C00471,2024-10-06,Completed,Marketplace,Rawalpindi,BlueLine,Wallet,
UB-000595,C00710,2025-08-04,Completed,Mobile App,Karachi,RapidGo,Bank Transfer,WELCOME10
UB-000596,C00218,2024-04-15,Completed,Web,Karachi,Store Pickup,Wallet,
UB-000597,C00434,2024-05-23,Completed,Mobile App,Karachi,RapidGo,Wallet,
UB-000598,C00492,2024-05-09,Completed,Mobile App,Karachi,Store Pickup,Wallet,APP5
UB-000599,C01531,2024-05-09,Completed,Web,Islamabad,SwiftEx,Cash on Delivery,
UB-000600,C00521,2025-12-28,Returned,Mobile App,Peshawar,SwiftEx,Cash on Delivery,APP5
UB-000601,C00481,2025-05-22,Completed,Mobile App,Rawalpindi,Store Pickup,Cash on Delivery,
UB-000602,C01485,2024-04-16,Completed,Marketplace,Lahore,SwiftEx,Card,
UB-000603,C00429,2024-11-17,Completed,Marketplace,Rawalpindi,SwiftEx,Bank Transfer,SAVE15
UB-000604,C01226,2025-08-16,Cancelled,Web,Peshawar,Store Pickup,Cash on Delivery,
UB-000605,C00813,2025-01-26,Completed,Marketplace,Islamabad,Store Pickup,Wallet,WELCOME10
UB-000606,C00762,2024-11-26,Completed,Mobile App,Lahore,BlueLine,Card,
UB-000607,C01015,2025-12-19,Completed,Mobile App,Rawalpindi,SwiftEx,Card,WELCOME10
UB-000608,C00901,2024-02-03,Completed,Mobile App,Karachi,SwiftEx,Cash on Delivery,
UB-000609,C01228,2024-11-12,Completed,Mobile App,Rawalpindi,SwiftEx,Card,SAVE15
UB-000610,C01584,2025-08-27,Completed,Web,Rawalpindi,SwiftEx,Cash on Delivery,
UB-000611,C01157,2024-04-09,Returned,Mobile App,Lahore,BlueLine,Cash on Delivery,WELCOME10
UB-000612,C00247,2025-12-21,Completed,Mobile App,Rawalpindi,BlueLine,Card,
UB-000613,C00617,2024-06-05,Completed,Mobile App,Lahore,RapidGo,Card,
UB-000614,C00794,2025-03-06,Completed,Web,Lahore,RapidGo,Cash on Delivery,
UB-000615,C00338,2025-12-21,Completed,Web,Rawalpindi,BlueLine,Card,
UB-000616,C00952,2024-04-08,Cancelled,Mobile App,Lahore,RapidGo,Card,
UB-000617,C00230,2024-01-21,Returned,Mobile App,Karachi,BlueLine,Card,
UB-000618,C00217,2024-01-05,Returned,Web,Karachi,Store Pickup,Cash on Delivery,
UB-000619,C00888,2025-10-02,Completed,Mobile App,Lahore,RapidGo,Cash on Delivery,
UB-000620,C00390,2025-06-08,Completed,Web,Rawalpindi,SwiftEx,Card,APP5
UB-000621,C00101,2024-07-30,Completed,Web,Faisalabad,SwiftEx,Cash on Delivery,
UB-000622,C00527,2024-07-08,Completed,Web,Peshawar,SwiftEx,Cash on Delivery,WELCOME10
UB-000623,C01370,2025-07-24,Completed,Mobile App,Islamabad,SwiftEx,Wallet,
UB-000624,C00389,2024-03-14,Completed,Web,Islamabad,SwiftEx,Card,
UB-000625,C01355,2024-12-21,Completed,Web,Islamabad,SwiftEx,Bank Transfer,
UB-000626,C00787,2025-08-27,Completed,Web,Islamabad,BlueLine,Wallet,
UB-000627,C01446,2025-01-26,Completed,Marketplace,Lahore,RapidGo,Cash on Delivery,
UB-000628,C00224,2025-03-28,Completed,Web,Rawalpindi,BlueLine,Card,
UB-000629,C01140,2024-02-01,Completed,Web,Islamabad,BlueLine,Cash on Delivery,
UB-000630,C01518,2024-05-03,Completed,Mobile App,Islamabad,RapidGo,Cash on Delivery,
UB-000631,C00748,2025-03-23,Completed,Web,Lahore,Store Pickup,Card,
UB-000632,C00052,2024-10-04,Completed,Mobile App,Faisalabad,SwiftEx,Cash on Delivery,
UB-000633,C00902,2025-05-30,Completed,Mobile App,Islamabad,SwiftEx,Cash on Delivery,
UB-000634,C01012,2024-02-15,Completed,Web,Karachi,RapidGo,Bank Transfer,
UB-000635,C00341,2024-08-22,Completed,Web,Rawalpindi,RapidGo,Bank Transfer,
UB-000636,C01341,2024-04-01,Cancelled,Mobile App,Rawalpindi,BlueLine,Wallet,SAVE15
UB-000637,C00479,2024-05-30,Completed,Mobile App,Rawalpindi,BlueLine,Cash on Delivery,FREESHIP
UB-000638,C00870,2025-09-18,Completed,Web,Rawalpindi,Store Pickup,Wallet,
UB-000639,C00537,2025-05-26,Completed,Web,Faisalabad,SwiftEx,Cash on Delivery,
UB-000640,C00442,2024-08-17,Completed,Web,Rawalpindi,RapidGo,Cash on Delivery,APP5
UB-000641,C00829,2024-06-16,Completed,Mobile App,Rawalpindi,SwiftEx,Card,
UB-000642,C00052,2024-06-23,Completed,Web,Faisalabad,SwiftEx,Card,
UB-000643,C01307,2025-05-16,Completed,Web,Lahore,RapidGo,Bank Transfer,
UB-000644,C01150,2025-08-09,Completed,Web,Rawalpindi,BlueLine,Card,
UB-000645,C01502,2024-11-25,Completed,Web,Rawalpindi,BlueLine,Card,WELCOME10
UB-000646,C00433,2024-02-12,Completed,Web,Islamabad,SwiftEx,Card,APP5
UB-000647,C01218,2025-01-09,Completed,Web,Karachi,Store Pickup,Cash on Delivery,
UB-000648,C01157,2025-04-28,Completed,Mobile App,Lahore,BlueLine,Card,WELCOME10
UB-000649,C01229,2024-01-25,Completed,Marketplace,Lahore,BlueLine,Bank Transfer,
UB-000650,C00193,2024-12-23,Completed,Mobile App,Rawalpindi,Store Pickup,Cash on Delivery,
UB-000651,C01441,2024-10-25,Completed,Marketplace,Rawalpindi,SwiftEx,Wallet,WELCOME10
UB-000652,C01281,2025-05-06,Completed,Mobile App,Islamabad,SwiftEx,Cash on Delivery,
UB-000653,C00553,2024-06-15,Completed,Mobile App,Lahore,SwiftEx,Cash on Delivery,
UB-000654,C00684,2025-02-18,Completed,Web,Islamabad,SwiftEx,Cash on Delivery,
UB-000655,C00851,2024-01-10,Completed,Mobile App,Rawalpindi,Store Pickup,Cash on Delivery,
UB-000656,C00736,2025-01-05,Completed,Marketplace,Peshawar,BlueLine,Card,
UB-000657,C01475,2025-01-04,Returned,Web,Karachi,RapidGo,Wallet,SAVE15
UB-000658,C00984,2024-09-25,Completed,Mobile App,Karachi,SwiftEx,Card,
UB-000659,C01373,2024-01-19,Completed,Web,Karachi,BlueLine,Cash on Delivery,FREESHIP
UB-000660,C01288,2025-12-22,Completed,Marketplace,Islamabad,RapidGo,Card,
UB-000661,C00610,2024-08-08,Completed,Web,Faisalabad,RapidGo,Cash on Delivery,
UB-000662,C00771,2024-12-08,Completed,Mobile App,Islamabad,Store Pickup,Cash on Delivery,
UB-000663,C01303,2024-03-14,Completed,Mobile App,Rawalpindi,RapidGo,Card,
UB-000664,C01379,2024-10-26,Returned,Web,Lahore,SwiftEx,Cash on Delivery,FREESHIP
UB-000665,C00523,2025-05-05,Completed,Web,Faisalabad,SwiftEx,Card,APP5
UB-000666,C01316,2025-11-29,Completed,Marketplace,Karachi,BlueLine,Card,SAVE15
UB-000667,C00726,2024-03-02,Completed,Web,Karachi,RapidGo,Wallet,FREESHIP
UB-000668,C00558,2025-09-22,Completed,Mobile App,Lahore,SwiftEx,Cash on Delivery,
UB-000669,C01576,2025-08-21,Completed,Mobile App,Islamabad,RapidGo,Wallet,SAVE15
UB-000670,C00177,2025-08-03,Completed,Marketplace,Lahore,BlueLine,Cash on Delivery,
UB-000671,C01476,2024-11-23,Completed,Web,Rawalpindi,RapidGo,Bank Transfer,APP5
UB-000672,C01139,2025-01-16,Completed,Mobile App,Peshawar,SwiftEx,Card,
UB-000673,C01585,2024-12-06,Completed,Marketplace,Rawalpindi,SwiftEx,Card,SAVE15
UB-000674,C00718,2025-12-21,Completed,Mobile App,Faisalabad,RapidGo,Cash on Delivery,
UB-000675,C00988,2025-08-04,Completed,Mobile App,Faisalabad,BlueLine,Cash on Delivery,
UB-000676,C00028,2025-03-30,Completed,Mobile App,Karachi,RapidGo,Card,APP5
UB-000677,C00318,2024-02-23,Completed,Mobile App,Peshawar,SwiftEx,Card,
UB-000678,C00473,2024-06-05,Completed,Mobile App,Rawalpindi,BlueLine,Cash on Delivery,
UB-000679,C00668,2024-10-04,Returned,Web,Rawalpindi,Store Pickup,Cash on Delivery,SAVE15
UB-000680,C01500,2024-11-23,Completed,Web,Lahore,BlueLine,Card,APP5
UB-000681,C01372,2024-07-01,Completed,Mobile App,Islamabad,BlueLine,Card,
UB-000682,C01209,2025-05-31,Completed,Marketplace,Karachi,Store Pickup,Cash on Delivery,APP5
UB-000683,C00367,2024-12-19,Returned,Marketplace,Rawalpindi,SwiftEx,Cash on Delivery,
UB-000684,C01406,2025-02-20,Completed,Mobile App,Rawalpindi,SwiftEx,Cash on Delivery,
UB-000685,C00273,2025-08-30,Completed,Web,Karachi,SwiftEx,Wallet,
UB-000686,C00270,2025-06-24,Completed,Web,Peshawar,SwiftEx,Cash on Delivery,
UB-000687,C01090,2025-08-09,Completed,Web,Karachi,SwiftEx,Bank Transfer,
UB-000688,C00074,2024-10-30,Completed,Web,Karachi,RapidGo,Card,
UB-000689,C00395,2024-06-27,Completed,Mobile App,Lahore,BlueLine,Wallet,
UB-000690,C01159,2025-02-27,Completed,Marketplace,Islamabad,SwiftEx,Wallet,APP5
UB-000691,C00045,2025-01-23,Completed,Mobile App,Rawalpindi,SwiftEx,Bank Transfer,
UB-000692,C01455,2024-07-19,Completed,Mobile App,Islamabad,SwiftEx,Card,
UB-000693,C00182,2025-07-20,Completed,Web,Islamabad,SwiftEx,Card,
UB-000694,C00189,2025-03-23,Completed,Web,Rawalpindi,SwiftEx,Card,
UB-000695,C01546,2025-01-23,Completed,Marketplace,Rawalpindi,SwiftEx,Cash on Delivery,SAVE15
UB-000696,C00356,2025-09-02,Completed,Mobile App,Rawalpindi,SwiftEx,Wallet,
UB-000697,C00591,2025-05-28,Completed,Marketplace,Islamabad,SwiftEx,Cash on Delivery,
UB-000698,C01062,2024-02-06,Completed,Mobile App,Islamabad,Store Pickup,Cash on Delivery,
UB-000699,C00530,2024-05-01,Completed,Web,Islamabad,SwiftEx,Cash on Delivery,SAVE15
UB-000700,C00554,2025-01-16,Completed,Web,Islamabad,SwiftEx,Cash on Delivery,APP5
UB-000701,C00947,2025-03-28,Completed,Mobile App,Karachi,RapidGo,Cash on Delivery,
UB-000702,C01108,2025-11-08,Completed,Web,Rawalpindi,RapidGo,Bank Transfer,
UB-000703,C00986,2024-05-20,Completed,Mobile App,Peshawar,RapidGo,Bank Transfer,
UB-000704,C00871,2025-08-13,Completed,Mobile App,Karachi,RapidGo,Card,FREESHIP
UB-000705,C01597,2024-10-22,Completed,Web,Rawalpindi,BlueLine,Card,APP5
UB-000706,C00735,2024-06-03,Completed,Mobile App,Karachi,SwiftEx,Cash on Delivery,
UB-000707,C00510,2024-08-05,Completed,Web,Rawalpindi,BlueLine,Card,
UB-000708,C01441,2025-12-28,Returned,Marketplace,Rawalpindi,BlueLine,Cash on Delivery,
UB-000709,C00965,2024-08-31,Completed,Marketplace,Lahore,RapidGo,Cash on Delivery,
UB-000710,C00025,2024-12-25,Completed,Mobile App,Lahore,Store Pickup,Wallet,FREESHIP
UB-000711,C00485,2025-03-28,Cancelled,Mobile App,Islamabad,BlueLine,Cash on Delivery,
UB-000712,C00364,2024-08-06,Returned,Mobile App,Karachi,SwiftEx,Cash on Delivery,SAVE15
UB-000713,C01583,2025-11-29,Completed,Web,Karachi,RapidGo,Cash on Delivery,
UB-000714,C00719,2025-10-08,Completed,Mobile App,Lahore,SwiftEx,Wallet,
UB-000715,C00892,2025-11-06,Completed,Mobile App,Lahore,BlueLine,Cash on Delivery,FREESHIP
UB-000716,C01467,2025-05-24,Completed,Mobile App,Rawalpindi,RapidGo,Cash on Delivery,
UB-000717,C00475,2024-10-03,Completed,Web,Islamabad,Store Pickup,Cash on Delivery,
UB-000718,C00138,2025-02-24,Completed,Mobile App,Karachi,Store Pickup,Cash on Delivery,
UB-000719,C01587,2024-06-11,Completed,Web,Karachi,Store Pickup,Card,
UB-000720,C01081,2024-01-03,Completed,Mobile App,Faisalabad,BlueLine,Bank Transfer,SAVE15
UB-000721,C01109,2025-03-30,Completed,Mobile App,Lahore,SwiftEx,Card,
UB-000722,C01578,2025-03-16,Cancelled,Web,Islamabad,SwiftEx,Cash on Delivery,APP5
UB-000723,C01025,2025-06-21,Completed,Web,Rawalpindi,RapidGo,Card,
UB-000724,C00003,2024-02-28,Completed,Mobile App,Islamabad,SwiftEx,Cash on Delivery,APP5
UB-000725,C00889,2025-05-02,Completed,Web,Peshawar,RapidGo,Bank Transfer,
UB-000726,C00176,2024-12-24,Completed,Marketplace,Lahore,BlueLine,Card,WELCOME10
UB-000727,C01318,2024-11-24,Completed,Web,Lahore,SwiftEx,Cash on Delivery,WELCOME10
UB-000728,C01543,2024-07-22,Cancelled,Marketplace,Islamabad,SwiftEx,Card,
UB-000729,C01526,2025-03-07,Cancelled,Mobile App,Karachi,SwiftEx,Card,
UB-000730,C01488,2025-01-21,Completed,Mobile App,Rawalpindi,BlueLine,Cash on Delivery,APP5
UB-000731,C01026,2025-12-20,Returned,Web,Lahore,RapidGo,Card,
UB-000732,C01049,2025-05-30,Completed,Web,Rawalpindi,RapidGo,Card,
UB-000733,C01590,2024-02-24,Completed,Web,Islamabad,SwiftEx,Cash on Delivery,
UB-000734,C01068,2024-02-03,Completed,Web,Rawalpindi,Store Pickup,Wallet,
UB-000735,C01535,2025-08-22,Completed,Mobile App,Karachi,BlueLine,Wallet,
UB-000736,C01133,2025-06-26,Completed,Mobile App,Karachi,BlueLine,Card,
UB-000737,C00270,2024-07-06,Completed,Mobile App,Peshawar,BlueLine,Cash on Delivery,
UB-000738,C01190,2024-05-28,Completed,Mobile App,Islamabad,BlueLine,Bank Transfer,
UB-000739,C01223,2025-03-27,Completed,Mobile App,Lahore,BlueLine,Cash on Delivery,
UB-000740,C01314,2025-07-18,Completed,Web,Peshawar,SwiftEx,Bank Transfer,
UB-000741,C01450,2025-11-03,Completed,Mobile App,Lahore,Store Pickup,Card,SAVE15
UB-000742,C01539,2024-12-08,Completed,Mobile App,Lahore,SwiftEx,Bank Transfer,SAVE15
UB-000743,C00186,2025-10-03,Completed,Mobile App,Lahore,BlueLine,Card,WELCOME10
UB-000744,C00884,2024-10-19,Completed,Mobile App,Islamabad,Store Pickup,Card,
UB-000745,C00308,2024-02-02,Returned,Web,Islamabad,RapidGo,Wallet,SAVE15
UB-000746,C00749,2025-01-02,Completed,Web,Rawalpindi,RapidGo,Cash on Delivery,FREESHIP
UB-000747,C00274,2025-10-30,Completed,Web,Islamabad,BlueLine,Cash on Delivery,
UB-000748,C00383,2024-12-20,Completed,Web,Rawalpindi,BlueLine,Wallet,
UB-000749,C00851,2024-12-18,Completed,Mobile App,Rawalpindi,SwiftEx,Wallet,SAVE15
UB-000750,C01337,2024-11-18,Completed,Marketplace,Rawalpindi,SwiftEx,Cash on Delivery,
UB-000751,C00130,2024-02-03,Completed,Mobile App,Rawalpindi,BlueLine,Cash on Delivery,
UB-000752,C01303,2025-07-30,Completed,Mobile App,Rawalpindi,BlueLine,Wallet,
UB-000753,C00297,2024-05-25,Completed,Web,Rawalpindi,SwiftEx,Card,
UB-000754,C00035,2025-03-28,Completed,Web,Lahore,BlueLine,Card,SAVE15
UB-000755,C00422,2025-01-15,Completed,Mobile App,Lahore,BlueLine,Card,WELCOME10
UB-000756,C00394,2024-08-18,Completed,Web,Karachi,SwiftEx,Card,
UB-000757,C01200,2024-04-11,Completed,Web,Lahore,SwiftEx,Bank Transfer,
UB-000758,C01506,2024-03-11,Completed,Web,Rawalpindi,Store Pickup,Cash on Delivery,
UB-000759,C00342,2024-05-06,Completed,Marketplace,Lahore,RapidGo,Cash on Delivery,
UB-000760,C01329,2024-09-06,Completed,Web,Islamabad,SwiftEx,Cash on Delivery,
UB-000761,C01483,2025-09-22,Completed,Mobile App,Lahore,BlueLine,Bank Transfer,
UB-000762,C01147,2024-05-18,Completed,Mobile App,Karachi,BlueLine,Cash on Delivery,FREESHIP
UB-000763,C00171,2024-04-18,Completed,Mobile App,Faisalabad,RapidGo,Cash on Delivery,
UB-000764,C01320,2024-10-06,Completed,Web,Rawalpindi,RapidGo,Wallet,
UB-000765,C01018,2025-09-03,Returned,Web,Faisalabad,Store Pickup,Card,SAVE15
UB-000766,C00277,2025-11-27,Completed,Mobile App,Lahore,SwiftEx,Cash on Delivery,
UB-000767,C00775,2025-01-19,Completed,Mobile App,Rawalpindi,BlueLine,Cash on Delivery,
UB-000768,C00448,2025-01-05,Completed,Web,Peshawar,SwiftEx,Cash on Delivery,FREESHIP
UB-000769,C00232,2024-04-24,Returned,Mobile App,Karachi,BlueLine,Card,
UB-000770,C01591,2024-11-12,Completed,Web,Peshawar,SwiftEx,Cash on Delivery,
UB-000771,C00531,2025-09-03,Completed,Mobile App,Rawalpindi,SwiftEx,Bank Transfer,SAVE15
UB-000772,C00552,2025-11-18,Completed,Marketplace,Rawalpindi,Store Pickup,Wallet,
UB-000773,C01114,2024-05-23,Completed,Mobile App,Karachi,BlueLine,Cash on Delivery,
UB-000774,C00340,2024-11-06,Completed,Mobile App,Karachi,Store Pickup,Cash on Delivery,
UB-000775,C00921,2024-02-27,Completed,Mobile App,Rawalpindi,RapidGo,Cash on Delivery,APP5
UB-000776,C00035,2024-06-24,Completed,Web,Lahore,BlueLine,Cash on Delivery,
UB-000777,C00417,2025-12-06,Completed,Web,Lahore,RapidGo,Cash on Delivery,
UB-000778,C01146,2024-05-13,Completed,Web,Islamabad,SwiftEx,Cash on Delivery,
UB-000779,C00792,2024-11-05,Completed,Web,Faisalabad,SwiftEx,Cash on Delivery,
UB-000780,C00019,2024-07-25,Completed,Mobile App,Islamabad,BlueLine,Cash on Delivery,
UB-000781,C00227,2025-07-20,Completed,Mobile App,Rawalpindi,SwiftEx,Card,
UB-000782,C00905,2025-08-07,Completed,Web,Karachi,RapidGo,Card,
UB-000783,C00247,2025-04-23,Completed,Mobile App,Rawalpindi,BlueLine,Wallet,FREESHIP
UB-000784,C00781,2024-06-18,Completed,Marketplace,Rawalpindi,SwiftEx,Bank Transfer,WELCOME10
UB-000785,C00504,2025-06-13,Completed,Web,Islamabad,Store Pickup,Cash on Delivery,
UB-000786,C01490,2025-02-06,Completed,Marketplace,Karachi,BlueLine,Cash on Delivery,
UB-000787,C00411,2024-09-10,Completed,Mobile App,Karachi,SwiftEx,Card,
UB-000788,C00122,2025-09-06,Completed,Web,Karachi,RapidGo,Cash on Delivery,
UB-000789,C00544,2024-06-08,Completed,Mobile App,Islamabad,RapidGo,Cash on Delivery,APP5
UB-000790,C01169,2025-01-06,Completed,Marketplace,Islamabad,RapidGo,Card,WELCOME10
UB-000791,C01200,2024-12-23,Completed,Web,Lahore,SwiftEx,Cash on Delivery,
UB-000792,C00253,2025-03-27,Cancelled,Web,Islamabad,BlueLine,Cash on Delivery,
UB-000793,C00032,2025-03-05,Completed,Web,Rawalpindi,RapidGo,Wallet,
UB-000794,C01400,2024-09-17,Completed,Web,Lahore,SwiftEx,Cash on Delivery,SAVE15
UB-000795,C01041,2025-07-03,Completed,Web,Islamabad,BlueLine,Wallet,
UB-000796,C00738,2025-03-16,Completed,Mobile App,Lahore,SwiftEx,Cash on Delivery,
UB-000797,C00168,2025-04-12,Cancelled,Marketplace,Faisalabad,RapidGo,Card,
UB-000798,C00130,2025-03-30,Completed,Web,Rawalpindi,BlueLine,Cash on Delivery,
UB-000799,C01580,2025-01-06,Completed,Mobile App,Lahore,BlueLine,Card,
UB-000800,C00612,2025-04-08,Completed,Marketplace,Islamabad,SwiftEx,Cash on Delivery,
UB-000801,C00156,2025-12-01,Completed,Web,Peshawar,BlueLine,Cash on Delivery,APP5
UB-000802,C00362,2025-10-23,Completed,Web,Karachi,RapidGo,Cash on Delivery,
UB-000803,C00931,2024-09-09,Returned,Marketplace,Faisalabad,Store Pickup,Cash on Delivery,
UB-000804,C01501,2025-03-11,Completed,Marketplace,Karachi,BlueLine,Card,WELCOME10
UB-000805,C01217,2024-03-11,Completed,Web,Rawalpindi,RapidGo,Cash on Delivery,
UB-000806,C01213,2025-04-18,Completed,Web,Islamabad,BlueLine,Card,
UB-000807,C00111,2025-12-20,Completed,Mobile App,Lahore,BlueLine,Cash on Delivery,APP5
UB-000808,C00037,2024-06-09,Completed,Web,Rawalpindi,RapidGo,Cash on Delivery,SAVE15
UB-000809,C00535,2025-05-14,Completed,Mobile App,Karachi,Store Pickup,Bank Transfer,
UB-000810,C00738,2024-05-16,Completed,Web,Lahore,Store Pickup,Wallet,
UB-000811,C00872,2025-04-13,Completed,Web,Rawalpindi,SwiftEx,Card,APP5
UB-000812,C01218,2024-04-25,Completed,Marketplace,Karachi,SwiftEx,Cash on Delivery,FREESHIP
UB-000813,C01339,2024-03-19,Completed,Web,Rawalpindi,SwiftEx,Cash on Delivery,WELCOME10
UB-000814,C00136,2024-06-17,Completed,Mobile App,Karachi,BlueLine,Cash on Delivery,
UB-000815,C00694,2025-07-27,Completed,Web,Rawalpindi,SwiftEx,Cash on Delivery,
UB-000816,C01504,2025-12-28,Completed,Mobile App,Islamabad,Store Pickup,Wallet,
UB-000817,C00380,2025-03-05,Completed,Mobile App,Islamabad,BlueLine,Cash on Delivery,
UB-000818,C00955,2024-10-21,Completed,Web,Peshawar,BlueLine,Cash on Delivery,
UB-000819,C01136,2025-02-02,Completed,Mobile App,Rawalpindi,SwiftEx,Cash on Delivery,
UB-000820,C01597,2025-09-22,Completed,Web,Rawalpindi,BlueLine,Cash on Delivery,
UB-000821,C00046,2025-02-13,Cancelled,Web,Karachi,SwiftEx,Cash on Delivery,
UB-000822,C00778,2024-04-19,Completed,Mobile App,Islamabad,SwiftEx,Cash on Delivery,
UB-000823,C01152,2024-07-31,Completed,Mobile App,Lahore,SwiftEx,Wallet,
UB-000824,C00728,2025-04-27,Completed,Web,Rawalpindi,BlueLine,Cash on Delivery,
UB-000825,C00251,2024-08-19,Completed,Mobile App,Rawalpindi,BlueLine,Bank Transfer,FREESHIP
UB-000826,C01488,2024-11-27,Returned,Web,Rawalpindi,SwiftEx,Card,WELCOME10
UB-000827,C00769,2025-02-22,Completed,Web,Islamabad,SwiftEx,Cash on Delivery,
UB-000828,C00688,2025-07-02,Completed,Web,Islamabad,BlueLine,Card,
UB-000829,C00613,2024-07-30,Returned,Mobile App,Islamabad,Store Pickup,Bank Transfer,FREESHIP
UB-000830,C00659,2025-08-01,Completed,Web,Rawalpindi,SwiftEx,Wallet,APP5
UB-000831,C00522,2025-08-31,Completed,Mobile App,Rawalpindi,BlueLine,Wallet,
UB-000832,C00529,2024-08-06,Completed,Mobile App,Rawalpindi,Store Pickup,Wallet,
UB-000833,C00923,2025-07-11,Completed,Web,Islamabad,BlueLine,Wallet,FREESHIP
UB-000834,C00146,2024-07-04,Completed,Marketplace,Faisalabad,SwiftEx,Card,
UB-000835,C00761,2024-01-11,Completed,Web,Peshawar,Store Pickup,Cash on Delivery,
UB-000836,C01041,2024-09-12,Completed,Web,Islamabad,RapidGo,Cash on Delivery,
UB-000837,C01379,2024-05-10,Completed,Marketplace,Lahore,RapidGo,Cash on Delivery,
UB-000838,C01495,2025-02-15,Completed,Mobile App,Rawalpindi,SwiftEx,Cash on Delivery,
UB-000839,C01075,2025-11-24,Completed,Web,Islamabad,RapidGo,Card,
UB-000840,C01022,2024-11-02,Completed,Web,Rawalpindi,BlueLine,Cash on Delivery,
UB-000841,C00705,2024-01-30,Completed,Web,Faisalabad,SwiftEx,Bank Transfer,WELCOME10
UB-000842,C00062,2025-06-02,Completed,Mobile App,Peshawar,RapidGo,Cash on Delivery,
UB-000843,C00108,2025-08-21,Completed,Web,Rawalpindi,SwiftEx,Cash on Delivery,WELCOME10
UB-000844,C00641,2024-01-22,Completed,Web,Karachi,Store Pickup,Wallet,
UB-000845,C00038,2025-03-12,Completed,Mobile App,Rawalpindi,Store Pickup,Cash on Delivery,
UB-000846,C01004,2025-09-30,Completed,Mobile App,Islamabad,RapidGo,Cash on Delivery,APP5
UB-000847,C00168,2025-10-31,Completed,Web,Faisalabad,BlueLine,Bank Transfer,
UB-000848,C01343,2025-06-21,Completed,Web,Islamabad,SwiftEx,Cash on Delivery,
UB-000849,C01349,2024-12-17,Completed,Web,Islamabad,BlueLine,Cash on Delivery,
UB-000850,C00286,2025-09-21,Completed,Web,Karachi,BlueLine,Cash on Delivery,APP5
UB-000851,C00432,2024-03-17,Completed,Mobile App,Rawalpindi,SwiftEx,Card,
UB-000852,C00914,2025-03-25,Completed,Mobile App,Islamabad,BlueLine,Wallet,
UB-000853,C00867,2024-12-14,Completed,Web,Islamabad,BlueLine,Card,
UB-000854,C01069,2024-06-15,Completed,Mobile App,Rawalpindi,RapidGo,Card,
UB-000855,C00824,2025-07-05,Completed,Web,Faisalabad,RapidGo,Wallet,
UB-000856,C00769,2025-02-17,Completed,Mobile App,Islamabad,RapidGo,Cash on Delivery,FREESHIP
UB-000857,C00611,2024-04-29,Completed,Web,Lahore,RapidGo,Cash on Delivery,
UB-000858,C00368,2024-02-05,Completed,Mobile App,Karachi,RapidGo,Wallet,
UB-000859,C00896,2024-08-06,Completed,Mobile App,Islamabad,SwiftEx,Cash on Delivery,
UB-000860,C01113,2024-09-15,Completed,Mobile App,Islamabad,SwiftEx,Cash on Delivery,
UB-000861,C01319,2024-08-09,Returned,Mobile App,Karachi,SwiftEx,Wallet,
UB-000862,C00826,2025-12-16,Completed,Mobile App,Rawalpindi,SwiftEx,Card,APP5
UB-000863,C01001,2025-10-15,Cancelled,Mobile App,Lahore,SwiftEx,Wallet,
UB-000864,C01334,2025-05-19,Completed,Web,Faisalabad,SwiftEx,Card,
UB-000865,C01066,2024-08-24,Completed,Web,Faisalabad,SwiftEx,Card,
UB-000866,C00888,2025-02-17,Completed,Mobile App,Lahore,SwiftEx,Wallet,FREESHIP
UB-000867,C01523,2024-01-18,Completed,Marketplace,Islamabad,BlueLine,Bank Transfer,
UB-000868,C00711,2024-11-17,Returned,Web,Faisalabad,SwiftEx,Wallet,
UB-000869,C00942,2025-10-10,Completed,Mobile App,Lahore,RapidGo,Bank Transfer,
UB-000870,C00524,2024-01-02,Completed,Web,Rawalpindi,SwiftEx,Bank Transfer,APP5
UB-000871,C00490,2025-12-10,Completed,Mobile App,Faisalabad,SwiftEx,Card,
UB-000872,C01274,2025-04-19,Cancelled,Marketplace,Lahore,BlueLine,Wallet,
UB-000873,C00021,2025-06-21,Completed,Mobile App,Islamabad,SwiftEx,Card,
UB-000874,C00648,2024-03-14,Completed,Mobile App,Lahore,SwiftEx,Cash on Delivery,
UB-000875,C00435,2024-04-01,Completed,Mobile App,Peshawar,SwiftEx,Wallet,
UB-000876,C01188,2025-06-19,Completed,Web,Islamabad,SwiftEx,Cash on Delivery,
UB-000877,C00893,2025-03-13,Completed,Marketplace,Karachi,RapidGo,Wallet,
UB-000878,C01504,2024-04-18,Completed,Web,Islamabad,SwiftEx,Cash on Delivery,
UB-000879,C01413,2025-10-17,Returned,Marketplace,Islamabad,BlueLine,Cash on Delivery,APP5
UB-000880,C00329,2024-10-17,Completed,Web,Lahore,BlueLine,Wallet,SAVE15
UB-000881,C00140,2025-07-23,Returned,Web,Faisalabad,BlueLine,Wallet,
UB-000882,C00707,2024-08-03,Completed,Web,Peshawar,RapidGo,Bank Transfer,
UB-000883,C00240,2025-09-24,Completed,Web,Peshawar,BlueLine,Wallet,
UB-000884,C01248,2024-05-11,Returned,Web,Peshawar,SwiftEx,Cash on Delivery,APP5
UB-000885,C00641,2024-10-04,Completed,Marketplace,Karachi,RapidGo,Wallet,
UB-000886,C00003,2025-08-31,Completed,Web,Islamabad,SwiftEx,Card,SAVE15
UB-000887,C00487,2025-12-26,Completed,Web,Rawalpindi,BlueLine,Wallet,
UB-000888,C00681,2025-03-03,Completed,Web,Rawalpindi,RapidGo,Wallet,
UB-000889,C00567,2024-03-22,Completed,Marketplace,Lahore,Store Pickup,Card,
UB-000890,C01585,2025-03-01,Completed,Web,Rawalpindi,BlueLine,Cash on Delivery,
UB-000891,C00701,2025-01-08,Completed,Mobile App,Rawalpindi,RapidGo,Card,
UB-000892,C00492,2024-12-13,Returned,Web,Karachi,SwiftEx,Card,
UB-000893,C01076,2025-10-30,Completed,Web,Islamabad,Store Pickup,Cash on Delivery,FREESHIP
UB-000894,C00781,2025-02-19,Completed,Mobile App,Rawalpindi,SwiftEx,Card,
UB-000895,C00328,2025-08-23,Completed,Mobile App,Faisalabad,BlueLine,Card,WELCOME10
UB-000896,C00355,2025-02-22,Completed,Web,Islamabad,BlueLine,Cash on Delivery,
UB-000897,C01178,2024-12-31,Completed,Mobile App,Islamabad,SwiftEx,Card,
UB-000898,C00360,2024-03-20,Completed,Mobile App,Rawalpindi,Store Pickup,Cash on Delivery,
UB-000899,C00864,2025-01-24,Completed,Web,Islamabad,RapidGo,Cash on Delivery,APP5
UB-000900,C00028,2024-03-29,Completed,Web,Karachi,BlueLine,Cash on Delivery,
UB-000901,C00096,2025-02-15,Completed,Web,Peshawar,BlueLine,Card,FREESHIP
UB-000902,C01305,2024-03-25,Completed,Web,Rawalpindi,BlueLine,Cash on Delivery,
UB-000903,C01426,2025-03-16,Returned,Web,Rawalpindi,SwiftEx,Cash on Delivery,SAVE15
UB-000904,C00720,2025-05-30,Completed,Web,Karachi,SwiftEx,Card,FREESHIP
UB-000905,C00606,2024-02-25,Cancelled,Mobile App,Peshawar,RapidGo,Cash on Delivery,
UB-000906,C01042,2024-10-04,Completed,Web,Lahore,RapidGo,Bank Transfer,
UB-000907,C01199,2025-03-07,Returned,Web,Karachi,RapidGo,Wallet,APP5
UB-000908,C00619,2024-07-12,Completed,Mobile App,Lahore,RapidGo,Cash on Delivery,FREESHIP
UB-000909,C01067,2025-05-08,Completed,Web,Faisalabad,SwiftEx,Cash on Delivery,WELCOME10
UB-000910,C00750,2024-10-11,Cancelled,Mobile App,Islamabad,SwiftEx,Card,
UB-000911,C00445,2025-06-23,Completed,Mobile App,Islamabad,RapidGo,Card,APP5
UB-000912,C00291,2025-02-11,Completed,Web,Rawalpindi,BlueLine,Cash on Delivery,WELCOME10
UB-000913,C01106,2024-05-27,Completed,Mobile App,Rawalpindi,SwiftEx,Cash on Delivery,
UB-000914,C00040,2025-02-17,Completed,Web,Islamabad,SwiftEx,Wallet,
UB-000915,C00107,2024-11-23,Completed,Mobile App,Peshawar,SwiftEx,Card,SAVE15
UB-000916,C00482,2024-04-21,Completed,Mobile App,Islamabad,RapidGo,Card,
UB-000917,C00346,2024-12-25,Returned,Web,Islamabad,SwiftEx,Wallet,
UB-000918,C00693,2025-10-17,Completed,Web,Lahore,SwiftEx,Bank Transfer,WELCOME10
UB-000919,C01446,2025-06-01,Completed,Marketplace,Lahore,BlueLine,Cash on Delivery,FREESHIP
UB-000920,C00621,2024-07-08,Completed,Web,Islamabad,Store Pickup,Bank Transfer,
UB-000921,C00161,2024-09-11,Completed,Mobile App,Rawalpindi,SwiftEx,Card,
UB-000922,C01312,2025-06-16,Completed,Mobile App,Karachi,SwiftEx,Cash on Delivery,FREESHIP
UB-000923,C01134,2025-10-06,Completed,Web,Rawalpindi,Store Pickup,Cash on Delivery,APP5
UB-000924,C00114,2025-05-12,Completed,Mobile App,Rawalpindi,Store Pickup,Cash on Delivery,
UB-000925,C01365,2025-01-28,Completed,Mobile App,Faisalabad,Store Pickup,Wallet,
UB-000926,C01159,2024-10-30,Completed,Marketplace,Islamabad,SwiftEx,Cash on Delivery,APP5
UB-000927,C00727,2025-01-23,Completed,Web,Lahore,RapidGo,Cash on Delivery,
UB-000928,C00052,2025-11-10,Completed,Web,Faisalabad,BlueLine,Wallet,APP5
UB-000929,C00081,2024-01-22,Completed,Web,Karachi,RapidGo,Card,APP5
UB-000930,C00660,2024-11-09,Completed,Web,Rawalpindi,Store Pickup,Wallet,SAVE15
UB-000931,C01372,2025-08-21,Completed,Mobile App,Islamabad,SwiftEx,Bank Transfer,WELCOME10
UB-000932,C01358,2025-03-11,Completed,Web,Faisalabad,BlueLine,Cash on Delivery,FREESHIP
UB-000933,C01155,2024-11-06,Completed,Web,Faisalabad,SwiftEx,Card,
UB-000934,C01253,2024-12-25,Completed,Mobile App,Lahore,Store Pickup,Card,FREESHIP
UB-000935,C00882,2024-04-23,Returned,Web,Rawalpindi,RapidGo,Card,WELCOME10
UB-000936,C01543,2024-12-14,Completed,Web,Islamabad,BlueLine,Cash on Delivery,APP5
UB-000937,C00267,2024-05-24,Completed,Mobile App,Karachi,BlueLine,Wallet,
UB-000938,C00369,2024-11-29,Completed,Mobile App,Peshawar,SwiftEx,Wallet,WELCOME10
UB-000939,C01191,2025-05-29,Completed,Web,Rawalpindi,SwiftEx,Bank Transfer,
UB-000940,C01125,2024-05-29,Completed,Mobile App,Karachi,SwiftEx,Cash on Delivery,
UB-000941,C01230,2025-02-10,Completed,Mobile App,Rawalpindi,BlueLine,Cash on Delivery,
UB-000942,C00168,2025-07-19,Completed,Mobile App,Faisalabad,RapidGo,Card,
UB-000943,C00370,2025-11-10,Completed,Web,Faisalabad,RapidGo,Cash on Delivery,
UB-000944,C00009,2025-11-01,Completed,Web,Islamabad,BlueLine,Card,
UB-000945,C00142,2024-06-11,Returned,Web,Faisalabad,SwiftEx,Cash on Delivery,
UB-000946,C00368,2025-05-31,Completed,Web,Karachi,Store Pickup,Cash on Delivery,SAVE15
UB-000947,C01260,2025-10-13,Completed,Mobile App,Rawalpindi,SwiftEx,Cash on Delivery,APP5
UB-000948,C00988,2024-07-24,Completed,Mobile App,Faisalabad,SwiftEx,Wallet,
UB-000949,C01443,2024-08-09,Completed,Mobile App,Lahore,SwiftEx,Cash on Delivery,APP5
UB-000950,C00115,2024-04-07,Completed,Web,Faisalabad,SwiftEx,Cash on Delivery,SAVE15
UB-000951,C00808,2025-08-08,Cancelled,Mobile App,Rawalpindi,Store Pickup,Card,
UB-000952,C00489,2025-10-03,Completed,Web,Rawalpindi,RapidGo,Cash on Delivery,
UB-000953,C00229,2024-03-07,Completed,Mobile App,Peshawar,SwiftEx,Wallet,
UB-000954,C00121,2024-12-18,Completed,Web,Faisalabad,SwiftEx,Cash on Delivery,
UB-000955,C01031,2025-05-06,Completed,Web,Lahore,SwiftEx,Bank Transfer,
UB-000956,C00426,2025-10-03,Completed,Mobile App,Islamabad,BlueLine,Cash on Delivery,
UB-000957,C00761,2025-01-29,Completed,Web,Peshawar,RapidGo,Card,
UB-000958,C00662,2025-11-07,Completed,Web,Rawalpindi,SwiftEx,Cash on Delivery,WELCOME10
UB-000959,C00814,2024-08-13,Completed,Web,Karachi,BlueLine,Bank Transfer,FREESHIP
UB-000960,C00498,2025-07-01,Completed,Mobile App,Faisalabad,SwiftEx,Wallet,SAVE15
UB-000961,C00655,2025-10-11,Completed,Web,Rawalpindi,RapidGo,Wallet,FREESHIP
UB-000962,C00788,2025-04-28,Completed,Mobile App,Islamabad,RapidGo,Wallet,
UB-000963,C00098,2024-11-15,Completed,Web,Rawalpindi,RapidGo,Cash on Delivery,
UB-000964,C01537,2024-07-17,Completed,Web,Lahore,Store Pickup,Bank Transfer,APP5
UB-000965,C00614,2025-11-30,Completed,Marketplace,Islamabad,SwiftEx,Cash on Delivery,
UB-000966,C00160,2024-10-16,Completed,Mobile App,Faisalabad,BlueLine,Wallet,APP5
UB-000967,C00496,2024-07-20,Completed,Web,Rawalpindi,RapidGo,Bank Transfer,
UB-000968,C00933,2025-06-13,Completed,Mobile App,Karachi,RapidGo,Cash on Delivery,
UB-000969,C01243,2024-01-30,Completed,Mobile App,Islamabad,RapidGo,Bank Transfer,APP5
UB-000970,C00261,2024-09-26,Completed,Mobile App,Islamabad,BlueLine,Bank Transfer,
UB-000971,C01486,2025-06-13,Completed,Web,Rawalpindi,Store Pickup,Cash on Delivery,
UB-000972,C00429,2024-04-16,Completed,Web,Rawalpindi,Store Pickup,Bank Transfer,
UB-000973,C00589,2024-08-19,Completed,Web,Faisalabad,SwiftEx,Cash on Delivery,
UB-000974,C00529,2024-03-01,Completed,Web,Rawalpindi,RapidGo,Wallet,
UB-000975,C01142,2025-01-12,Completed,Web,Faisalabad,BlueLine,Card,
UB-000976,C01051,2024-03-10,Completed,Web,Peshawar,RapidGo,Wallet,
UB-000977,C00395,2024-05-18,Completed,Mobile App,Lahore,SwiftEx,Cash on Delivery,
UB-000978,C01352,2024-09-16,Completed,Mobile App,Islamabad,BlueLine,Card,
UB-000979,C00201,2025-07-26,Completed,Mobile App,Karachi,BlueLine,Cash on Delivery,SAVE15
UB-000980,C00801,2024-04-04,Completed,Mobile App,Faisalabad,SwiftEx,Bank Transfer,SAVE15
UB-000981,C00061,2024-11-30,Completed,Web,Rawalpindi,RapidGo,Wallet,
UB-000982,C00710,2024-09-23,Completed,Web,Karachi,RapidGo,Wallet,
UB-000983,C00837,2025-01-01,Cancelled,Mobile App,Karachi,RapidGo,Cash on Delivery,FREESHIP
UB-000984,C01159,2024-08-20,Returned,Web,Islamabad,BlueLine,Wallet,SAVE15
UB-000985,C01371,2025-08-10,Completed,Web,Islamabad,Store Pickup,Cash on Delivery,
UB-000986,C00975,2024-09-12,Completed,Web,Peshawar,RapidGo,Cash on Delivery,
UB-000987,C00487,2025-12-11,Completed,Web,Rawalpindi,SwiftEx,Cash on Delivery,SAVE15
UB-000988,C00873,2025-11-23,Completed,Mobile App,Lahore,BlueLine,Cash on Delivery,WELCOME10
UB-000989,C01263,2024-03-10,Returned,Web,Rawalpindi,Store Pickup,Card,
UB-000990,C00872,2025-11-17,Completed,Mobile App,Rawalpindi,SwiftEx,Cash on Delivery,
UB-000991,C01122,2024-06-19,Completed,Web,Rawalpindi,BlueLine,Card,
UB-000992,C00140,2024-11-16,Completed,Mobile App,Faisalabad,RapidGo,Card,WELCOME10
UB-000993,C00996,2025-10-01,Completed,Web,Islamabad,SwiftEx,Cash on Delivery,
UB-000994,C00290,2024-09-30,Completed,Web,Karachi,BlueLine,Cash on Delivery,FREESHIP
UB-000995,C00968,2025-03-08,Completed,Web,Karachi,RapidGo,Wallet,APP5
UB-000996,C01467,2024-11-02,Completed,Mobile App,Rawalpindi,RapidGo,Bank Transfer,
UB-000997,C00383,2025-05-19,Completed,Web,Rawalpindi,SwiftEx,Cash on Delivery,FREESHIP
UB-000998,C01311,2025-07-18,Completed,Web,Rawalpindi,RapidGo,Bank Transfer,
UB-000999,C01412,2025-02-01,Completed,Mobile App,Lahore,RapidGo,Wallet,
UB-001000,C00106,2025-04-08,Completed,Web,Rawalpindi,SwiftEx,Bank Transfer,
UB-001001,C00992,2024-08-15,Completed,Mobile App,Islamabad,BlueLine,Bank Transfer,
UB-001002,C01014,2024-12-25,Completed,Mobile App,Karachi,Store Pickup,Cash on Delivery,
UB-001003,C01598,2025-06-16,Completed,Mobile App,Islamabad,BlueLine,Card,
UB-001004,C00977,2024-04-20,Completed,Mobile App,Lahore,BlueLine,Cash on Delivery,
UB-001005,C01037,2025-05-20,Completed,Mobile App,Islamabad,BlueLine,Cash on Delivery,
UB-001006,C01049,2024-05-24,Completed,Mobile App,Rawalpindi,BlueLine,Bank Transfer,
UB-001007,C00243,2025-05-02,Completed,Marketplace,Karachi,SwiftEx,Cash on Delivery,FREESHIP
UB-001008,C00271,2024-09-19,Returned,Web,Islamabad,BlueLine,Wallet,FREESHIP
UB-001009,C01028,2024-11-15,Completed,Mobile App,Faisalabad,BlueLine,Wallet,
UB-001010,C00007,2025-08-31,Completed,Mobile App,Rawalpindi,Store Pickup,Bank Transfer,WELCOME10
UB-001011,C00269,2024-08-14,Completed,Mobile App,Peshawar,SwiftEx,Bank Transfer,
UB-001012,C00384,2025-09-13,Completed,Web,Karachi,SwiftEx,Cash on Delivery,APP5
UB-001013,C00690,2025-04-09,Completed,Mobile App,Karachi,BlueLine,Cash on Delivery,
UB-001014,C01311,2024-04-17,Completed,Web,Rawalpindi,SwiftEx,Wallet,
UB-001015,C00704,2025-05-09,Completed,Mobile App,Islamabad,SwiftEx,Cash on Delivery,
UB-001016,C01320,2025-07-29,Completed,Marketplace,Rawalpindi,RapidGo,Card,
UB-001017,C00283,2025-10-19,Completed,Mobile App,Islamabad,BlueLine,Cash on Delivery,
UB-001018,C00029,2025-06-15,Completed,Web,Karachi,SwiftEx,Wallet,APP5
UB-001019,C01344,2024-05-17,Completed,Marketplace,Rawalpindi,Store Pickup,Card,SAVE15
UB-001020,C00753,2025-10-11,Completed,Mobile App,Karachi,SwiftEx,Bank Transfer,
UB-001021,C00217,2025-06-15,Completed,Mobile App,Karachi,RapidGo,Wallet,
UB-001022,C01171,2024-07-06,Completed,Mobile App,Karachi,SwiftEx,Cash on Delivery,
UB-001023,C01203,2024-07-17,Completed,Mobile App,Lahore,SwiftEx,Wallet,
UB-001024,C01150,2024-07-29,Completed,Marketplace,Rawalpindi,SwiftEx,Cash on Delivery,
UB-001025,C00835,2024-11-23,Completed,Web,Rawalpindi,BlueLine,Cash on Delivery,
UB-001026,C01235,2024-01-20,Completed,Web,Karachi,RapidGo,Cash on Delivery,APP5
UB-001027,C01142,2024-09-02,Completed,Mobile App,Faisalabad,RapidGo,Card,
UB-001028,C00842,2024-09-19,Completed,Mobile App,Faisalabad,SwiftEx,Card,SAVE15
UB-001029,C00773,2025-11-17,Completed,Mobile App,Lahore,BlueLine,Wallet,WELCOME10
UB-001030,C01232,2025-02-11,Completed,Mobile App,Lahore,SwiftEx,Cash on Delivery,WELCOME10
UB-001031,C00237,2024-08-09,Completed,Web,Islamabad,BlueLine,Bank Transfer,
UB-001032,C00613,2024-06-17,Completed,Mobile App,Islamabad,BlueLine,Wallet,
UB-001033,C00987,2024-07-18,Completed,Mobile App,Rawalpindi,SwiftEx,Card,
UB-001034,C01365,2024-12-15,Completed,Web,Faisalabad,SwiftEx,Card,
UB-001035,C00948,2024-10-04,Returned,Web,Rawalpindi,RapidGo,Cash on Delivery,
UB-001036,C00431,2024-04-06,Returned,Web,Lahore,RapidGo,Wallet,
UB-001037,C00605,2024-07-25,Completed,Web,Rawalpindi,RapidGo,Cash on Delivery,
UB-001038,C00101,2025-12-19,Completed,Web,Faisalabad,BlueLine,Cash on Delivery,APP5
UB-001039,C00373,2025-04-16,Completed,Mobile App,Karachi,Store Pickup,Card,
UB-001040,C00478,2024-08-29,Completed,Mobile App,Lahore,Store Pickup,Card,
UB-001041,C00390,2025-10-31,Completed,Mobile App,Rawalpindi,SwiftEx,Card,APP5
UB-001042,C00305,2024-06-27,Completed,Mobile App,Karachi,SwiftEx,Card,
UB-001043,C00110,2025-07-03,Completed,Mobile App,Rawalpindi,BlueLine,Bank Transfer,FREESHIP
UB-001044,C01057,2025-04-06,Completed,Web,Karachi,RapidGo,Wallet,
UB-001045,C00653,2025-10-04,Completed,Mobile App,Faisalabad,SwiftEx,Cash on Delivery,
UB-001046,C01149,2024-10-29,Completed,Web,Rawalpindi,RapidGo,Wallet,
UB-001047,C01434,2024-04-19,Completed,Mobile App,Islamabad,SwiftEx,Cash on Delivery,SAVE15
UB-001048,C01255,2024-11-07,Completed,Web,Peshawar,BlueLine,Wallet,
UB-001049,C00984,2024-10-19,Completed,Web,Karachi,RapidGo,Cash on Delivery,
UB-001050,C00666,2025-09-24,Completed,Web,Lahore,SwiftEx,Cash on Delivery,
UB-001051,C00081,2024-06-11,Completed,Web,Karachi,RapidGo,Cash on Delivery,FREESHIP
UB-001052,C00005,2025-12-12,Completed,Web,Islamabad,SwiftEx,Cash on Delivery,
UB-001053,C00855,2025-08-03,Completed,Web,Rawalpindi,BlueLine,Card,
UB-001054,C00608,2025-04-08,Completed,Web,Islamabad,SwiftEx,Card,
UB-001055,C01584,2024-08-01,Completed,Marketplace,Rawalpindi,RapidGo,Wallet,APP5
UB-001056,C01528,2024-08-18,Completed,Marketplace,Karachi,SwiftEx,Card,
UB-001057,C00988,2024-06-01,Completed,Marketplace,Faisalabad,BlueLine,Card,
UB-001058,C01489,2024-05-14,Cancelled,Mobile App,Lahore,SwiftEx,Card,WELCOME10
UB-001059,C00457,2024-12-20,Completed,Web,Rawalpindi,SwiftEx,Card,APP5
UB-001060,C01029,2025-02-24,Completed,Mobile App,Rawalpindi,RapidGo,Card,
UB-001061,C00217,2025-08-12,Completed,Web,Karachi,BlueLine,Cash on Delivery,
UB-001062,C00534,2025-05-17,Completed,Web,Islamabad,SwiftEx,Card,WELCOME10
UB-001063,C01068,2024-02-24,Completed,Mobile App,Rawalpindi,BlueLine,Cash on Delivery,
UB-001064,C00325,2025-12-24,Completed,Mobile App,Rawalpindi,RapidGo,Wallet,
UB-001065,C00189,2024-08-27,Completed,Web,Rawalpindi,SwiftEx,Cash on Delivery,APP5
UB-001066,C01313,2024-06-15,Completed,Mobile App,Rawalpindi,SwiftEx,Cash on Delivery,APP5
UB-001067,C00195,2024-09-06,Completed,Marketplace,Rawalpindi,BlueLine,Bank Transfer,
UB-001068,C00562,2024-02-12,Completed,Mobile App,Karachi,RapidGo,Cash on Delivery,
UB-001069,C00481,2024-04-28,Completed,Mobile App,Rawalpindi,RapidGo,Cash on Delivery,
UB-001070,C01072,2024-04-07,Completed,Mobile App,Rawalpindi,RapidGo,Card,
UB-001071,C00453,2024-07-16,Completed,Mobile App,Karachi,BlueLine,Wallet,
UB-001072,C00889,2025-07-02,Completed,Mobile App,Peshawar,BlueLine,Cash on Delivery,
UB-001073,C01543,2024-10-02,Completed,Mobile App,Islamabad,RapidGo,Card,
UB-001074,C00806,2025-06-07,Returned,Mobile App,Lahore,BlueLine,Cash on Delivery,
UB-001075,C01065,2025-11-21,Completed,Web,Islamabad,BlueLine,Cash on Delivery,APP5
UB-001076,C00610,2025-11-26,Completed,Mobile App,Faisalabad,RapidGo,Bank Transfer,SAVE15
UB-001077,C00586,2025-08-17,Completed,Web,Karachi,Store Pickup,Cash on Delivery,
UB-001078,C00419,2025-07-01,Completed,Web,Rawalpindi,Store Pickup,Card,
UB-001079,C01500,2025-02-18,Completed,Web,Lahore,BlueLine,Wallet,
UB-001080,C01153,2024-02-03,Completed,Marketplace,Lahore,BlueLine,Card,WELCOME10
UB-001081,C01349,2025-10-23,Completed,Mobile App,Islamabad,BlueLine,Cash on Delivery,
UB-001082,C01044,2024-10-14,Completed,Web,Islamabad,SwiftEx,Card,
UB-001083,C01558,2025-01-28,Returned,Web,Islamabad,BlueLine,Card,
UB-001084,C00477,2024-11-18,Completed,Mobile App,Karachi,BlueLine,Cash on Delivery,APP5
UB-001085,C01198,2024-12-02,Completed,Web,Karachi,Store Pickup,Card,WELCOME10
UB-001086,C01457,2025-09-02,Returned,Mobile App,Islamabad,SwiftEx,Card,FREESHIP
UB-001087,C00166,2025-09-16,Completed,Web,Lahore,SwiftEx,Bank Transfer,FREESHIP
UB-001088,C00968,2024-04-15,Completed,Web,Karachi,BlueLine,Card,SAVE15
UB-001089,C00875,2025-10-21,Completed,Web,Islamabad,BlueLine,Wallet,FREESHIP
UB-001090,C01408,2025-07-02,Completed,Mobile App,Islamabad,BlueLine,Cash on Delivery,
UB-001091,C00640,2025-02-09,Completed,Marketplace,Peshawar,SwiftEx,Card,SAVE15
UB-001092,C00424,2024-03-25,Completed,Web,Peshawar,SwiftEx,Cash on Delivery,
UB-001093,C01215,2024-05-16,Completed,Marketplace,Peshawar,RapidGo,Wallet,SAVE15
UB-001094,C01153,2025-09-27,Completed,Mobile App,Lahore,Store Pickup,Cash on Delivery,
UB-001095,C00025,2025-02-22,Completed,Mobile App,Lahore,SwiftEx,Card,APP5
UB-001096,C00604,2024-08-09,Completed,Web,Islamabad,Store Pickup,Cash on Delivery,FREESHIP
UB-001097,C01167,2024-02-18,Completed,Web,Islamabad,SwiftEx,Wallet,
UB-001098,C01341,2024-01-13,Completed,Web,Rawalpindi,RapidGo,Cash on Delivery,
UB-001099,C01425,2025-12-29,Completed,Web,Rawalpindi,BlueLine,Card,
UB-001100,C00229,2025-11-19,Completed,Marketplace,Peshawar,SwiftEx,Cash on Delivery,
UB-001101,C01463,2024-10-23,Completed,Mobile App,Rawalpindi,BlueLine,Wallet,
UB-001102,C00864,2025-03-31,Completed,Web,Islamabad,BlueLine,Cash on Delivery,WELCOME10
UB-001103,C00551,2025-04-19,Returned,Mobile App,Islamabad,Store Pickup,Cash on Delivery,FREESHIP
UB-001104,C00996,2024-02-05,Completed,Marketplace,Islamabad,Store Pickup,Cash on Delivery,
UB-001105,C00359,2024-07-23,Completed,Mobile App,Islamabad,Store Pickup,Cash on Delivery,SAVE15
UB-001106,C01400,2024-11-29,Completed,Web,Lahore,BlueLine,Card,WELCOME10
UB-001107,C01283,2024-12-29,Completed,Mobile App,Karachi,Store Pickup,Cash on Delivery,
UB-001108,C00431,2024-06-04,Completed,Web,Lahore,BlueLine,Wallet,
UB-001109,C01246,2025-11-23,Completed,Web,Karachi,SwiftEx,Cash on Delivery,SAVE15
UB-001110,C00514,2025-11-29,Completed,Web,Islamabad,Store Pickup,Cash on Delivery,
UB-001111,C00753,2025-09-16,Completed,Marketplace,Karachi,RapidGo,Card,
UB-001112,C01430,2025-07-30,Completed,Web,Islamabad,RapidGo,Card,FREESHIP
UB-001113,C01198,2025-03-29,Completed,Mobile App,Karachi,BlueLine,Cash on Delivery,
UB-001114,C01373,2024-01-25,Completed,Mobile App,Karachi,SwiftEx,Cash on Delivery,
UB-001115,C01133,2025-12-09,Completed,Mobile App,Karachi,RapidGo,Cash on Delivery,
UB-001116,C00488,2024-07-02,Completed,Mobile App,Lahore,BlueLine,Wallet,
UB-001117,C00088,2024-12-09,Completed,Mobile App,Islamabad,BlueLine,Bank Transfer,WELCOME10
UB-001118,C01350,2024-11-18,Completed,Mobile App,Lahore,RapidGo,Cash on Delivery,APP5
UB-001119,C01432,2025-05-08,Completed,Web,Rawalpindi,BlueLine,Card,
UB-001120,C00696,2025-12-12,Completed,Marketplace,Karachi,BlueLine,Wallet,
UB-001121,C00526,2025-02-09,Completed,Mobile App,Lahore,RapidGo,Cash on Delivery,
UB-001122,C00148,2024-03-11,Completed,Mobile App,Islamabad,SwiftEx,Cash on Delivery,WELCOME10
UB-001123,C00039,2025-02-09,Completed,Web,Islamabad,RapidGo,Cash on Delivery,SAVE15
UB-001124,C01337,2025-07-01,Completed,Web,Rawalpindi,SwiftEx,Card,APP5
UB-001125,C01144,2024-07-09,Completed,Mobile App,Faisalabad,SwiftEx,Bank Transfer,APP5
UB-001126,C01512,2025-03-13,Completed,Web,Karachi,SwiftEx,Card,WELCOME10
UB-001127,C01389,2024-01-12,Completed,Mobile App,Karachi,RapidGo,Cash on Delivery,
UB-001128,C00378,2025-12-11,Completed,Web,Lahore,SwiftEx,Card,
UB-001129,C01177,2024-06-02,Completed,Web,Lahore,BlueLine,Cash on Delivery,WELCOME10
UB-001130,C00709,2025-10-05,Completed,Web,Rawalpindi,SwiftEx,Wallet,APP5
UB-001131,C01577,2024-11-01,Completed,Web,Islamabad,RapidGo,Cash on Delivery,APP5
UB-001132,C00226,2024-07-24,Completed,Web,Peshawar,SwiftEx,Bank Transfer,WELCOME10
UB-001133,C01200,2024-04-24,Completed,Web,Lahore,BlueLine,Bank Transfer,FREESHIP
UB-001134,C00657,2025-09-11,Completed,Marketplace,Rawalpindi,SwiftEx,Card,
UB-001135,C00631,2025-07-26,Completed,Web,Lahore,Store Pickup,Bank Transfer,APP5
UB-001136,C01505,2025-04-25,Completed,Mobile App,Lahore,SwiftEx,Card,APP5
UB-001137,C00839,2025-10-16,Completed,Mobile App,Islamabad,RapidGo,Card,APP5
UB-001138,C00728,2025-09-01,Completed,Web,Rawalpindi,SwiftEx,Card,
UB-001139,C00080,2024-10-29,Completed,Marketplace,Lahore,BlueLine,Card,
UB-001140,C00345,2024-07-03,Completed,Web,Peshawar,SwiftEx,Bank Transfer,
UB-001141,C01314,2025-07-26,Completed,Web,Peshawar,RapidGo,Wallet,SAVE15
UB-001142,C00613,2024-03-25,Cancelled,Web,Islamabad,SwiftEx,Card,FREESHIP
UB-001143,C00662,2025-09-04,Completed,Web,Rawalpindi,RapidGo,Wallet,
UB-001144,C00395,2025-07-19,Completed,Web,Lahore,SwiftEx,Cash on Delivery,WELCOME10
UB-001145,C00685,2025-02-09,Completed,Mobile App,Karachi,RapidGo,Cash on Delivery,
UB-001146,C00640,2025-01-19,Completed,Mobile App,Peshawar,RapidGo,Cash on Delivery,
UB-001147,C01033,2025-11-05,Completed,Web,Faisalabad,RapidGo,Cash on Delivery,
UB-001148,C00143,2024-04-29,Returned,Mobile App,Faisalabad,RapidGo,Bank Transfer,
UB-001149,C00597,2025-10-10,Completed,Mobile App,Peshawar,BlueLine,Card,
UB-001150,C01056,2024-12-07,Completed,Web,Islamabad,SwiftEx,Card,
UB-001151,C00954,2024-03-08,Completed,Web,Islamabad,BlueLine,Card,APP5
UB-001152,C00216,2025-10-26,Completed,Web,Peshawar,BlueLine,Cash on Delivery,
UB-001153,C01391,2025-02-20,Completed,Mobile App,Lahore,RapidGo,Wallet,
UB-001154,C00482,2024-10-17,Completed,Mobile App,Islamabad,BlueLine,Cash on Delivery,
UB-001155,C00471,2025-11-11,Completed,Mobile App,Rawalpindi,BlueLine,Wallet,
UB-001156,C01456,2025-10-16,Completed,Web,Islamabad,RapidGo,Card,
UB-001157,C00962,2025-06-28,Completed,Mobile App,Rawalpindi,BlueLine,Card,
UB-001158,C01291,2024-06-10,Completed,Web,Karachi,BlueLine,Bank Transfer,
UB-001159,C00389,2024-05-27,Completed,Web,Islamabad,SwiftEx,Cash on Delivery,
UB-001160,C00657,2025-08-11,Completed,Web,Rawalpindi,RapidGo,Cash on Delivery,APP5
UB-001161,C00981,2025-04-10,Completed,Mobile App,Rawalpindi,BlueLine,Card,
UB-001162,C00883,2024-11-23,Completed,Mobile App,Rawalpindi,BlueLine,Card,
UB-001163,C01470,2024-10-16,Returned,Mobile App,Rawalpindi,Store Pickup,Cash on Delivery,
UB-001164,C01260,2024-06-14,Completed,Web,Rawalpindi,SwiftEx,Wallet,
UB-001165,C00630,2024-07-11,Completed,Web,Rawalpindi,RapidGo,Card,
UB-001166,C00466,2025-07-06,Completed,Mobile App,Lahore,Store Pickup,Cash on Delivery,
UB-001167,C00041,2025-07-04,Completed,Web,Rawalpindi,Store Pickup,Bank Transfer,WELCOME10
UB-001168,C01268,2025-05-13,Completed,Marketplace,Karachi,SwiftEx,Card,SAVE15
UB-001169,C00362,2024-04-30,Returned,Web,Karachi,SwiftEx,Cash on Delivery,
UB-001170,C00417,2025-11-24,Completed,Web,Lahore,SwiftEx,Cash on Delivery,FREESHIP
UB-001171,C00858,2025-06-09,Completed,Mobile App,Karachi,BlueLine,Card,APP5
UB-001172,C00155,2025-02-26,Completed,Web,Karachi,BlueLine,Card,
UB-001173,C00572,2024-11-04,Completed,Web,Rawalpindi,RapidGo,Bank Transfer,WELCOME10
UB-001174,C01106,2025-12-23,Completed,Web,Rawalpindi,RapidGo,Card,
UB-001175,C00859,2024-12-26,Completed,Web,Karachi,SwiftEx,Bank Transfer,
UB-001176,C00323,2024-06-30,Completed,Mobile App,Peshawar,SwiftEx,Card,
UB-001177,C01024,2024-06-16,Completed,Mobile App,Islamabad,SwiftEx,Cash on Delivery,
UB-001178,C00580,2024-02-22,Cancelled,Web,Rawalpindi,SwiftEx,Wallet,FREESHIP
UB-001179,C00225,2024-11-10,Completed,Web,Lahore,Store Pickup,Bank Transfer,
UB-001180,C01393,2024-02-21,Completed,Web,Rawalpindi,SwiftEx,Bank Transfer,
UB-001181,C00395,2025-12-24,Completed,Web,Lahore,BlueLine,Card,WELCOME10
UB-001182,C00187,2025-06-30,Completed,Web,Lahore,Store Pickup,Card,
UB-001183,C00873,2025-04-20,Completed,Mobile App,Lahore,SwiftEx,Cash on Delivery,SAVE15
UB-001184,C01259,2025-05-18,Cancelled,Mobile App,Karachi,BlueLine,Card,
UB-001185,C00231,2025-10-08,Returned,Mobile App,Islamabad,RapidGo,Wallet,APP5
UB-001186,C01031,2025-10-11,Completed,Web,Lahore,BlueLine,Wallet,SAVE15
UB-001187,C01158,2025-09-25,Completed,Web,Lahore,SwiftEx,Bank Transfer,
UB-001188,C01200,2024-06-30,Completed,Web,Lahore,SwiftEx,Cash on Delivery,
UB-001189,C00826,2025-06-07,Completed,Mobile App,Rawalpindi,SwiftEx,Cash on Delivery,WELCOME10
UB-001190,C00798,2024-12-23,Completed,Mobile App,Karachi,RapidGo,Wallet,
UB-001191,C01036,2024-03-27,Completed,Web,Peshawar,SwiftEx,Cash on Delivery,
UB-001192,C00116,2024-07-21,Completed,Mobile App,Karachi,Store Pickup,Cash on Delivery,
UB-001193,C00254,2025-06-26,Completed,Web,Lahore,SwiftEx,Cash on Delivery,FREESHIP
UB-001194,C01252,2024-10-22,Completed,Mobile App,Karachi,RapidGo,Cash on Delivery,
UB-001195,C01498,2024-11-27,Completed,Mobile App,Karachi,BlueLine,Cash on Delivery,APP5
UB-001196,C00328,2024-04-07,Completed,Marketplace,Faisalabad,RapidGo,Card,APP5
UB-001197,C01563,2025-08-04,Completed,Marketplace,Peshawar,SwiftEx,Wallet,
UB-001198,C00348,2025-01-20,Returned,Web,Islamabad,RapidGo,Bank Transfer,WELCOME10
UB-001199,C01048,2025-01-26,Completed,Marketplace,Rawalpindi,SwiftEx,Bank Transfer,
UB-001200,C00701,2025-10-24,Completed,Mobile App,Rawalpindi,BlueLine,Bank Transfer,
UB-001201,C00590,2024-03-18,Completed,Mobile App,Islamabad,SwiftEx,Card,
UB-001202,C01367,2024-11-05,Returned,Mobile App,Karachi,RapidGo,Bank Transfer,
UB-001203,C01147,2024-11-26,Completed,Mobile App,Karachi,RapidGo,Card,APP5
UB-001204,C00479,2025-07-20,Completed,Mobile App,Rawalpindi,RapidGo,Wallet,
UB-001205,C00529,2024-04-10,Completed,Marketplace,Rawalpindi,SwiftEx,Card,FREESHIP
UB-001206,C01140,2024-01-07,Completed,Web,Islamabad,SwiftEx,Card,WELCOME10
UB-001207,C01053,2025-07-23,Completed,Mobile App,Lahore,SwiftEx,Bank Transfer,
UB-001208,C01231,2025-03-18,Completed,Web,Peshawar,SwiftEx,Wallet,
UB-001209,C00677,2024-12-03,Completed,Web,Lahore,RapidGo,Wallet,
UB-001210,C00667,2024-07-11,Completed,Mobile App,Lahore,BlueLine,Wallet,APP5
UB-001211,C01026,2025-10-28,Completed,Mobile App,Lahore,BlueLine,Cash on Delivery,
UB-001212,C00345,2025-10-31,Completed,Web,Peshawar,BlueLine,Cash on Delivery,
UB-001213,C01447,2024-04-18,Returned,Web,Rawalpindi,Store Pickup,Card,
UB-001214,C00815,2024-07-12,Returned,Mobile App,Faisalabad,SwiftEx,Card,
UB-001215,C00411,2024-10-09,Completed,Mobile App,Karachi,Store Pickup,Cash on Delivery,SAVE15
UB-001216,C00934,2025-04-13,Completed,Mobile App,Lahore,BlueLine,Cash on Delivery,
UB-001217,C00849,2024-04-28,Completed,Mobile App,Lahore,SwiftEx,Wallet,
UB-001218,C00593,2024-09-08,Completed,Web,Rawalpindi,BlueLine,Card,SAVE15
UB-001219,C00501,2024-03-02,Returned,Web,Lahore,BlueLine,Cash on Delivery,
UB-001220,C00836,2024-01-20,Completed,Web,Karachi,Store Pickup,Wallet,WELCOME10
UB-001221,C01443,2024-05-27,Completed,Mobile App,Lahore,Store Pickup,Card,
UB-001222,C00007,2024-03-10,Completed,Mobile App,Rawalpindi,SwiftEx,Cash on Delivery,APP5
UB-001223,C01519,2024-01-22,Completed,Marketplace,Lahore,BlueLine,Wallet,
UB-001224,C01582,2024-08-25,Completed,Mobile App,Peshawar,BlueLine,Cash on Delivery,
UB-001225,C00521,2024-06-05,Completed,Web,Peshawar,SwiftEx,Cash on Delivery,
UB-001226,C00836,2024-11-02,Completed,Web,Karachi,Store Pickup,Cash on Delivery,
UB-001227,C01171,2025-02-22,Completed,Marketplace,Karachi,RapidGo,Card,
UB-001228,C00649,2025-12-20,Completed,Marketplace,Rawalpindi,BlueLine,Card,
UB-001229,C00386,2024-11-20,Completed,Web,Lahore,SwiftEx,Card,
UB-001230,C01340,2025-10-19,Completed,Web,Karachi,RapidGo,Card,
UB-001231,C00805,2024-01-19,Completed,Mobile App,Islamabad,SwiftEx,Card,
UB-001232,C00438,2024-04-27,Completed,Mobile App,Islamabad,SwiftEx,Wallet,
UB-001233,C01064,2024-05-05,Completed,Mobile App,Rawalpindi,Store Pickup,Cash on Delivery,
UB-001234,C00288,2025-07-23,Completed,Mobile App,Lahore,Store Pickup,Cash on Delivery,FREESHIP
UB-001235,C01158,2024-01-25,Completed,Web,Lahore,BlueLine,Cash on Delivery,WELCOME10
UB-001236,C00616,2024-10-08,Completed,Web,Islamabad,RapidGo,Wallet,
UB-001237,C01501,2025-05-29,Completed,Mobile App,Karachi,BlueLine,Card,
UB-001238,C00454,2024-06-24,Completed,Web,Faisalabad,RapidGo,Cash on Delivery,
UB-001239,C00805,2024-07-19,Completed,Web,Islamabad,RapidGo,Cash on Delivery,SAVE15
UB-001240,C01169,2024-12-06,Completed,Web,Islamabad,SwiftEx,Cash on Delivery,
UB-001241,C00706,2025-08-30,Completed,Mobile App,Peshawar,BlueLine,Cash on Delivery,WELCOME10
UB-001242,C00619,2024-08-01,Completed,Marketplace,Lahore,Store Pickup,Cash on Delivery,
UB-001243,C01039,2024-10-11,Completed,Mobile App,Peshawar,BlueLine,Wallet,WELCOME10
UB-001244,C01093,2025-10-22,Completed,Web,Karachi,SwiftEx,Card,
UB-001245,C00691,2025-05-07,Completed,Mobile App,Karachi,BlueLine,Cash on Delivery,
UB-001246,C01106,2024-09-09,Completed,Mobile App,Rawalpindi,SwiftEx,Bank Transfer,APP5
UB-001247,C01492,2025-05-13,Completed,Marketplace,Lahore,BlueLine,Wallet,
UB-001248,C00719,2024-09-08,Completed,Web,Lahore,BlueLine,Wallet,
UB-001249,C01290,2025-08-05,Completed,Mobile App,Rawalpindi,Store Pickup,Card,APP5
UB-001250,C00471,2024-03-07,Completed,Web,Rawalpindi,RapidGo,Cash on Delivery,APP5
UB-001251,C00740,2025-02-21,Completed,Mobile App,Faisalabad,BlueLine,Bank Transfer,APP5
UB-001252,C01273,2025-05-28,Completed,Web,Islamabad,BlueLine,Cash on Delivery,
UB-001253,C00953,2024-09-12,Completed,Marketplace,Karachi,RapidGo,Cash on Delivery,APP5
UB-001254,C00223,2024-11-27,Completed,Mobile App,Faisalabad,SwiftEx,Cash on Delivery,
UB-001255,C00288,2024-02-23,Completed,Web,Lahore,SwiftEx,Wallet,APP5
UB-001256,C00016,2024-05-11,Completed,Web,Islamabad,SwiftEx,Bank Transfer,
UB-001257,C00978,2024-02-05,Completed,Web,Islamabad,SwiftEx,Bank Transfer,
UB-001258,C00013,2025-09-23,Completed,Mobile App,Peshawar,RapidGo,Wallet,WELCOME10
UB-001259,C01485,2025-01-06,Completed,Mobile App,Lahore,SwiftEx,Wallet,
UB-001260,C01554,2024-04-25,Returned,Mobile App,Rawalpindi,RapidGo,Cash on Delivery,
UB-001261,C01234,2025-09-13,Completed,Web,Rawalpindi,BlueLine,Cash on Delivery,FREESHIP
UB-001262,C00181,2024-09-19,Completed,Web,Rawalpindi,BlueLine,Cash on Delivery,
UB-001263,C00914,2024-06-28,Completed,Mobile App,Islamabad,BlueLine,Wallet,
UB-001264,C01418,2025-09-08,Completed,Web,Islamabad,BlueLine,Cash on Delivery,APP5
UB-001265,C01508,2025-09-06,Completed,Mobile App,Faisalabad,BlueLine,Cash on Delivery,
UB-001266,C00479,2025-11-26,Completed,Marketplace,Rawalpindi,Store Pickup,Cash on Delivery,
UB-001267,C01001,2024-09-13,Completed,Mobile App,Lahore,Store Pickup,Cash on Delivery,
UB-001268,C00526,2025-06-26,Completed,Mobile App,Lahore,RapidGo,Cash on Delivery,
UB-001269,C01283,2025-12-11,Completed,Web,Karachi,BlueLine,Card,
UB-001270,C00863,2025-03-08,Completed,Mobile App,Karachi,BlueLine,Wallet,SAVE15
UB-001271,C01482,2025-09-13,Completed,Mobile App,Lahore,BlueLine,Card,FREESHIP
UB-001272,C00807,2025-10-15,Completed,Mobile App,Rawalpindi,BlueLine,Card,
UB-001273,C00337,2024-03-09,Completed,Web,Islamabad,BlueLine,Card,
UB-001274,C00786,2025-09-04,Completed,Web,Karachi,BlueLine,Cash on Delivery,
UB-001275,C01208,2025-04-28,Completed,Mobile App,Islamabad,RapidGo,Wallet,
UB-001276,C00086,2025-04-08,Completed,Web,Peshawar,RapidGo,Wallet,FREESHIP
UB-001277,C00967,2025-10-24,Completed,Web,Islamabad,RapidGo,Cash on Delivery,WELCOME10
UB-001278,C00974,2025-12-16,Completed,Web,Rawalpindi,SwiftEx,Wallet,FREESHIP
UB-001279,C01433,2024-08-18,Completed,Web,Peshawar,BlueLine,Cash on Delivery,FREESHIP
UB-001280,C00683,2024-10-04,Completed,Mobile App,Lahore,RapidGo,Cash on Delivery,
UB-001281,C01405,2025-01-12,Completed,Marketplace,Rawalpindi,BlueLine,Card,
UB-001282,C01115,2024-01-31,Completed,Web,Faisalabad,RapidGo,Card,SAVE15
UB-001283,C01431,2025-08-13,Completed,Mobile App,Islamabad,BlueLine,Card,
UB-001284,C00630,2024-02-22,Completed,Mobile App,Rawalpindi,BlueLine,Bank Transfer,
UB-001285,C00006,2025-02-11,Completed,Mobile App,Faisalabad,SwiftEx,Card,APP5
UB-001286,C00043,2025-11-27,Completed,Web,Faisalabad,BlueLine,Cash on Delivery,APP5
UB-001287,C00263,2025-07-25,Completed,Mobile App,Karachi,BlueLine,Cash on Delivery,
UB-001288,C01252,2024-11-18,Completed,Mobile App,Karachi,SwiftEx,Card,FREESHIP
UB-001289,C01215,2024-04-11,Completed,Web,Peshawar,SwiftEx,Card,
UB-001290,C01470,2024-07-28,Completed,Web,Rawalpindi,RapidGo,Cash on Delivery,
UB-001291,C00138,2025-11-06,Completed,Mobile App,Karachi,BlueLine,Cash on Delivery,
UB-001292,C01385,2024-07-26,Completed,Marketplace,Karachi,SwiftEx,Bank Transfer,
UB-001293,C01324,2024-03-31,Completed,Mobile App,Rawalpindi,SwiftEx,Cash on Delivery,SAVE15
UB-001294,C01377,2025-03-24,Completed,Web,Rawalpindi,BlueLine,Wallet,
UB-001295,C00029,2024-08-15,Completed,Mobile App,Karachi,SwiftEx,Cash on Delivery,
UB-001296,C01345,2024-03-23,Completed,Marketplace,Lahore,Store Pickup,Wallet,
UB-001297,C00775,2025-05-18,Completed,Web,Rawalpindi,BlueLine,Cash on Delivery,SAVE15
UB-001298,C01384,2025-05-01,Completed,Mobile App,Peshawar,SwiftEx,Cash on Delivery,SAVE15
UB-001299,C01292,2024-09-09,Returned,Web,Lahore,BlueLine,Bank Transfer,APP5
UB-001300,C01384,2025-03-02,Completed,Marketplace,Peshawar,RapidGo,Cash on Delivery,
UB-001301,C01402,2025-11-06,Completed,Marketplace,Rawalpindi,BlueLine,Card,
UB-001302,C00368,2024-09-01,Completed,Marketplace,Karachi,SwiftEx,Cash on Delivery,
UB-001303,C00633,2024-08-22,Completed,Mobile App,Rawalpindi,SwiftEx,Cash on Delivery,
UB-001304,C01446,2025-09-01,Completed,Mobile App,Lahore,BlueLine,Cash on Delivery,
UB-001305,C01576,2024-07-18,Completed,Marketplace,Islamabad,RapidGo,Wallet,APP5
UB-001306,C00755,2025-01-27,Returned,Mobile App,Islamabad,Store Pickup,Cash on Delivery,
UB-001307,C00960,2025-08-13,Completed,Mobile App,Faisalabad,SwiftEx,Bank Transfer,
UB-001308,C00692,2025-01-09,Completed,Mobile App,Islamabad,Store Pickup,Card,
UB-001309,C01491,2025-05-10,Completed,Web,Lahore,SwiftEx,Cash on Delivery,
UB-001310,C00698,2025-06-20,Completed,Mobile App,Peshawar,SwiftEx,Card,FREESHIP
UB-001311,C00598,2024-07-28,Completed,Mobile App,Lahore,RapidGo,Cash on Delivery,
UB-001312,C00506,2024-08-24,Completed,Web,Karachi,RapidGo,Cash on Delivery,
UB-001313,C00639,2024-02-15,Completed,Marketplace,Rawalpindi,Store Pickup,Cash on Delivery,WELCOME10
UB-001314,C01420,2024-08-30,Completed,Mobile App,Lahore,SwiftEx,Wallet,
UB-001315,C00480,2024-10-29,Completed,Mobile App,Peshawar,RapidGo,Card,
UB-001316,C01526,2024-05-02,Completed,Mobile App,Karachi,BlueLine,Wallet,
UB-001317,C01104,2024-09-12,Completed,Web,Peshawar,RapidGo,Cash on Delivery,
UB-001318,C00786,2025-11-25,Completed,Web,Karachi,SwiftEx,Cash on Delivery,
UB-001319,C00144,2025-10-06,Completed,Mobile App,Faisalabad,BlueLine,Wallet,
UB-001320,C01126,2025-02-28,Completed,Web,Peshawar,SwiftEx,Cash on Delivery,
UB-001321,C00673,2025-10-23,Completed,Web,Lahore,SwiftEx,Card,
UB-001322,C00560,2024-08-13,Completed,Web,Islamabad,BlueLine,Wallet,
UB-001323,C01349,2025-01-31,Completed,Web,Islamabad,SwiftEx,Cash on Delivery,SAVE15
UB-001324,C00554,2025-05-05,Completed,Mobile App,Islamabad,SwiftEx,Card,
UB-001325,C00451,2025-12-07,Completed,Mobile App,Faisalabad,Store Pickup,Card,
UB-001326,C00827,2024-09-26,Returned,Web,Faisalabad,BlueLine,Card,FREESHIP
UB-001327,C00661,2024-08-25,Returned,Web,Karachi,Store Pickup,Cash on Delivery,
UB-001328,C00849,2025-01-06,Completed,Mobile App,Lahore,BlueLine,Bank Transfer,FREESHIP
UB-001329,C00652,2025-03-26,Completed,Web,Karachi,Store Pickup,Bank Transfer,
UB-001330,C00120,2024-10-06,Completed,Mobile App,Karachi,BlueLine,Wallet,SAVE15
UB-001331,C00191,2024-08-03,Completed,Web,Rawalpindi,BlueLine,Cash on Delivery,
UB-001332,C01262,2024-03-29,Completed,Web,Islamabad,Store Pickup,Card,
UB-001333,C00384,2024-02-06,Completed,Web,Karachi,BlueLine,Bank Transfer,WELCOME10
UB-001334,C00238,2024-03-05,Returned,Mobile App,Karachi,BlueLine,Bank Transfer,
UB-001335,C01566,2024-03-11,Returned,Marketplace,Karachi,SwiftEx,Cash on Delivery,
UB-001336,C00165,2024-10-17,Completed,Web,Faisalabad,BlueLine,Card,WELCOME10
UB-001337,C00582,2024-01-11,Completed,Web,Karachi,Store Pickup,Cash on Delivery,
UB-001338,C00915,2025-08-09,Completed,Web,Peshawar,SwiftEx,Bank Transfer,
UB-001339,C00276,2024-03-10,Completed,Mobile App,Islamabad,RapidGo,Bank Transfer,
UB-001340,C01318,2025-12-25,Completed,Web,Lahore,BlueLine,Cash on Delivery,APP5
UB-001341,C00274,2025-12-29,Completed,Web,Islamabad,BlueLine,Card,
UB-001342,C01267,2025-11-28,Completed,Mobile App,Karachi,BlueLine,Bank Transfer,
UB-001343,C01014,2024-03-04,Completed,Mobile App,Karachi,RapidGo,Card,
UB-001344,C00485,2024-03-15,Completed,Web,Islamabad,BlueLine,Cash on Delivery,
UB-001345,C00682,2025-10-02,Completed,Mobile App,Rawalpindi,RapidGo,Cash on Delivery,
UB-001346,C00385,2025-11-03,Cancelled,Mobile App,Karachi,SwiftEx,Wallet,
UB-001347,C00054,2025-10-18,Completed,Mobile App,Islamabad,SwiftEx,Card,
UB-001348,C00022,2025-11-06,Returned,Web,Karachi,SwiftEx,Cash on Delivery,
UB-001349,C01075,2025-01-21,Completed,Mobile App,Islamabad,BlueLine,Cash on Delivery,
UB-001350,C01144,2024-08-23,Completed,Marketplace,Faisalabad,RapidGo,Cash on Delivery,FREESHIP
UB-001351,C01002,2025-01-13,Completed,Web,Rawalpindi,RapidGo,Card,APP5
UB-001352,C01479,2024-05-20,Completed,Web,Lahore,SwiftEx,Card,
UB-001353,C01475,2025-05-23,Completed,Mobile App,Karachi,BlueLine,Card,
UB-001354,C01123,2025-11-23,Completed,Mobile App,Peshawar,SwiftEx,Cash on Delivery,
UB-001355,C00526,2024-06-30,Completed,Web,Lahore,SwiftEx,Cash on Delivery,SAVE15
UB-001356,C00020,2025-02-15,Completed,Web,Rawalpindi,RapidGo,Cash on Delivery,
UB-001357,C01096,2024-07-28,Completed,Web,Rawalpindi,BlueLine,Cash on Delivery,SAVE15
UB-001358,C00903,2024-09-26,Completed,Mobile App,Peshawar,SwiftEx,Cash on Delivery,APP5
UB-001359,C00077,2024-01-08,Completed,Marketplace,Lahore,RapidGo,Cash on Delivery,FREESHIP
UB-001360,C00647,2024-02-01,Completed,Web,Rawalpindi,SwiftEx,Wallet,
UB-001361,C00886,2024-05-05,Completed,Mobile App,Lahore,BlueLine,Bank Transfer,
UB-001362,C00554,2024-05-20,Completed,Mobile App,Islamabad,RapidGo,Wallet,
UB-001363,C01352,2025-02-06,Completed,Mobile App,Islamabad,BlueLine,Card,
UB-001364,C00328,2024-10-24,Returned,Web,Faisalabad,RapidGo,Bank Transfer,
UB-001365,C00206,2024-08-12,Completed,Mobile App,Faisalabad,RapidGo,Card,
UB-001366,C00644,2025-01-14,Completed,Web,Faisalabad,SwiftEx,Bank Transfer,
UB-001367,C01554,2025-08-29,Completed,Web,Rawalpindi,BlueLine,Cash on Delivery,
UB-001368,C00034,2024-06-26,Completed,Marketplace,Islamabad,BlueLine,Cash on Delivery,
UB-001369,C00812,2025-08-15,Completed,Mobile App,Lahore,RapidGo,Cash on Delivery,WELCOME10
UB-001370,C00400,2024-09-30,Completed,Marketplace,Islamabad,BlueLine,Cash on Delivery,
UB-001371,C00201,2024-10-17,Completed,Marketplace,Karachi,SwiftEx,Wallet,SAVE15
UB-001372,C00901,2025-07-07,Returned,Mobile App,Karachi,RapidGo,Cash on Delivery,
UB-001373,C00888,2025-06-06,Returned,Mobile App,Lahore,BlueLine,Card,APP5
UB-001374,C00698,2025-08-20,Returned,Mobile App,Peshawar,SwiftEx,Cash on Delivery,
UB-001375,C00369,2025-08-25,Completed,Mobile App,Peshawar,Store Pickup,Cash on Delivery,
UB-001376,C00515,2025-08-24,Completed,Marketplace,Karachi,RapidGo,Wallet,
UB-001377,C01112,2025-07-24,Returned,Mobile App,Faisalabad,SwiftEx,Wallet,
UB-001378,C01114,2025-02-13,Completed,Mobile App,Karachi,RapidGo,Cash on Delivery,WELCOME10
UB-001379,C00381,2025-11-22,Completed,Mobile App,Rawalpindi,Store Pickup,Wallet,
UB-001380,C00930,2024-11-06,Returned,Mobile App,Lahore,BlueLine,Wallet,FREESHIP
UB-001381,C01543,2024-06-03,Completed,Web,Islamabad,BlueLine,Bank Transfer,
UB-001382,C00083,2024-04-08,Completed,Marketplace,Peshawar,Store Pickup,Cash on Delivery,
UB-001383,C01240,2025-03-13,Completed,Web,Lahore,SwiftEx,Cash on Delivery,
UB-001384,C01220,2024-10-14,Completed,Mobile App,Karachi,RapidGo,Card,
UB-001385,C01374,2024-12-07,Completed,Web,Lahore,SwiftEx,Card,
UB-001386,C00523,2024-07-13,Completed,Marketplace,Faisalabad,Store Pickup,Card,SAVE15
UB-001387,C00892,2024-01-03,Completed,Mobile App,Lahore,BlueLine,Cash on Delivery,SAVE15
UB-001388,C00609,2025-12-03,Completed,Marketplace,Islamabad,SwiftEx,Wallet,WELCOME10
UB-001389,C01466,2025-06-08,Completed,Web,Rawalpindi,RapidGo,Card,APP5
UB-001390,C00121,2024-05-23,Completed,Web,Faisalabad,BlueLine,Cash on Delivery,
UB-001391,C00212,2024-03-05,Returned,Mobile App,Karachi,RapidGo,Cash on Delivery,
UB-001392,C00267,2024-03-25,Completed,Web,Karachi,RapidGo,Cash on Delivery,
UB-001393,C00359,2024-05-15,Completed,Web,Islamabad,RapidGo,Cash on Delivery,
UB-001394,C00132,2025-04-05,Completed,Mobile App,Islamabad,BlueLine,Cash on Delivery,SAVE15
UB-001395,C00444,2025-07-01,Completed,Marketplace,Faisalabad,RapidGo,Cash on Delivery,
UB-001396,C00685,2024-07-12,Completed,Marketplace,Karachi,SwiftEx,Wallet,
UB-001397,C01103,2025-11-12,Completed,Web,Karachi,Store Pickup,Cash on Delivery,
UB-001398,C00914,2025-01-31,Completed,Web,Islamabad,RapidGo,Card,
UB-001399,C00364,2025-06-15,Completed,Mobile App,Karachi,SwiftEx,Cash on Delivery,
UB-001400,C00917,2025-10-06,Completed,Web,Rawalpindi,SwiftEx,Cash on Delivery,
UB-001401,C00637,2025-10-07,Completed,Mobile App,Peshawar,RapidGo,Card,
UB-001402,C01490,2025-06-23,Completed,Web,Karachi,SwiftEx,Cash on Delivery,FREESHIP
UB-001403,C01016,2025-01-10,Completed,Web,Lahore,RapidGo,Card,SAVE15
UB-001404,C00612,2024-02-07,Completed,Mobile App,Islamabad,SwiftEx,Wallet,
UB-001405,C00153,2024-12-21,Completed,Web,Lahore,RapidGo,Wallet,
UB-001406,C00872,2024-11-16,Completed,Web,Rawalpindi,SwiftEx,Wallet,WELCOME10
UB-001407,C00504,2024-07-26,Completed,Web,Islamabad,SwiftEx,Cash on Delivery,FREESHIP
UB-001408,C01342,2024-09-28,Completed,Web,Islamabad,RapidGo,Cash on Delivery,
UB-001409,C00935,2024-02-20,Completed,Web,Islamabad,BlueLine,Cash on Delivery,
UB-001410,C01082,2025-05-12,Completed,Web,Faisalabad,SwiftEx,Wallet,APP5
UB-001411,C01101,2024-05-02,Completed,Web,Islamabad,SwiftEx,Bank Transfer,
UB-001412,C01067,2025-11-21,Completed,Web,Faisalabad,SwiftEx,Card,
UB-001413,C00215,2024-06-12,Completed,Web,Rawalpindi,SwiftEx,Card,
UB-001414,C00431,2024-10-27,Completed,Mobile App,Lahore,BlueLine,Card,FREESHIP
UB-001415,C01104,2025-09-30,Completed,Mobile App,Peshawar,SwiftEx,Card,APP5
UB-001416,C00421,2025-11-29,Completed,Mobile App,Karachi,BlueLine,Card,FREESHIP
UB-001417,C00776,2024-01-02,Completed,Web,Lahore,RapidGo,Cash on Delivery,APP5
UB-001418,C00431,2025-06-23,Completed,Mobile App,Lahore,BlueLine,Cash on Delivery,
UB-001419,C01267,2024-11-04,Completed,Mobile App,Karachi,Store Pickup,Cash on Delivery,FREESHIP
UB-001420,C00234,2025-04-23,Completed,Mobile App,Rawalpindi,BlueLine,Bank Transfer,
UB-001421,C01022,2025-12-11,Cancelled,Mobile App,Rawalpindi,RapidGo,Card,
UB-001422,C00804,2025-11-20,Completed,Mobile App,Rawalpindi,SwiftEx,Cash on Delivery,FREESHIP
UB-001423,C01172,2025-10-24,Completed,Web,Karachi,RapidGo,Wallet,SAVE15
UB-001424,C01503,2024-11-10,Completed,Marketplace,Rawalpindi,SwiftEx,Cash on Delivery,
UB-001425,C00104,2024-03-22,Completed,Web,Islamabad,Store Pickup,Cash on Delivery,
UB-001426,C01497,2024-03-04,Completed,Web,Rawalpindi,Store Pickup,Card,
UB-001427,C01031,2025-06-27,Completed,Web,Lahore,BlueLine,Wallet,SAVE15
UB-001428,C01445,2024-10-30,Completed,Mobile App,Karachi,BlueLine,Cash on Delivery,FREESHIP
UB-001429,C00299,2025-09-29,Completed,Web,Rawalpindi,SwiftEx,Cash on Delivery,
UB-001430,C01547,2025-01-07,Completed,Mobile App,Peshawar,SwiftEx,Cash on Delivery,
UB-001431,C01218,2024-05-17,Completed,Web,Karachi,RapidGo,Wallet,WELCOME10
UB-001432,C01518,2025-02-12,Completed,Mobile App,Islamabad,BlueLine,Cash on Delivery,
UB-001433,C00175,2024-07-02,Completed,Web,Islamabad,RapidGo,Wallet,
UB-001434,C01431,2025-01-23,Completed,Mobile App,Islamabad,SwiftEx,Card,WELCOME10
UB-001435,C01095,2025-05-14,Completed,Mobile App,Islamabad,RapidGo,Cash on Delivery,
UB-001436,C00308,2025-07-16,Completed,Web,Islamabad,Store Pickup,Wallet,
UB-001437,C01576,2025-07-07,Completed,Marketplace,Islamabad,RapidGo,Bank Transfer,
UB-001438,C00760,2025-08-03,Completed,Mobile App,Rawalpindi,RapidGo,Card,
UB-001439,C00190,2025-10-02,Completed,Web,Rawalpindi,Store Pickup,Wallet,SAVE15
UB-001440,C00091,2025-01-13,Completed,Web,Lahore,BlueLine,Cash on Delivery,
UB-001441,C00027,2024-10-17,Completed,Mobile App,Faisalabad,BlueLine,Card,
UB-001442,C01195,2025-08-25,Completed,Marketplace,Karachi,SwiftEx,Cash on Delivery,FREESHIP
UB-001443,C01174,2024-02-04,Completed,Web,Faisalabad,Store Pickup,Cash on Delivery,FREESHIP
UB-001444,C01568,2025-04-08,Completed,Web,Rawalpindi,SwiftEx,Cash on Delivery,FREESHIP
UB-001445,C00251,2025-12-14,Completed,Web,Rawalpindi,RapidGo,Card,SAVE15
UB-001446,C00027,2024-11-22,Completed,Web,Faisalabad,Store Pickup,Cash on Delivery,
UB-001447,C00561,2024-07-08,Completed,Marketplace,Peshawar,BlueLine,Cash on Delivery,
UB-001448,C00331,2025-08-02,Completed,Web,Karachi,BlueLine,Wallet,SAVE15
UB-001449,C00485,2025-07-16,Completed,Mobile App,Islamabad,BlueLine,Bank Transfer,
UB-001450,C00257,2024-10-06,Completed,Web,Lahore,SwiftEx,Cash on Delivery,WELCOME10
UB-001451,C00004,2025-11-03,Completed,Mobile App,Islamabad,RapidGo,Wallet,
UB-001452,C00481,2025-01-26,Returned,Mobile App,Rawalpindi,SwiftEx,Card,
UB-001453,C01322,2025-01-30,Completed,Mobile App,Islamabad,SwiftEx,Cash on Delivery,
UB-001454,C00152,2025-01-03,Completed,Web,Faisalabad,RapidGo,Cash on Delivery,WELCOME10
UB-001455,C01308,2025-01-17,Completed,Web,Rawalpindi,Store Pickup,Card,
UB-001456,C01221,2025-06-19,Completed,Marketplace,Faisalabad,SwiftEx,Cash on Delivery,FREESHIP
UB-001457,C01034,2024-06-24,Completed,Web,Lahore,SwiftEx,Wallet,SAVE15
UB-001458,C00635,2024-11-29,Completed,Web,Faisalabad,Store Pickup,Card,
UB-001459,C00438,2024-02-14,Completed,Marketplace,Islamabad,BlueLine,Cash on Delivery,
UB-001460,C00369,2025-10-05,Completed,Web,Peshawar,RapidGo,Cash on Delivery,SAVE15
UB-001461,C01393,2024-03-21,Completed,Mobile App,Rawalpindi,SwiftEx,Cash on Delivery,
UB-001462,C01133,2024-12-14,Completed,Web,Karachi,BlueLine,Card,
UB-001463,C00671,2025-06-12,Completed,Mobile App,Rawalpindi,SwiftEx,Wallet,
UB-001464,C01210,2024-12-05,Completed,Web,Rawalpindi,SwiftEx,Cash on Delivery,
UB-001465,C00644,2024-05-25,Cancelled,Web,Faisalabad,Store Pickup,Bank Transfer,
UB-001466,C00460,2024-03-03,Completed,Web,Karachi,RapidGo,Wallet,
UB-001467,C01294,2024-12-28,Completed,Mobile App,Lahore,BlueLine,Card,FREESHIP
UB-001468,C01481,2024-02-10,Returned,Web,Karachi,BlueLine,Wallet,
UB-001469,C00480,2025-01-13,Completed,Mobile App,Peshawar,BlueLine,Cash on Delivery,
UB-001470,C00560,2024-08-12,Completed,Mobile App,Islamabad,BlueLine,Cash on Delivery,
UB-001471,C00765,2025-11-08,Completed,Marketplace,Karachi,BlueLine,Cash on Delivery,
UB-001472,C01445,2024-08-19,Completed,Mobile App,Karachi,Store Pickup,Wallet,
UB-001473,C01510,2025-01-30,Completed,Mobile App,Rawalpindi,BlueLine,Wallet,
UB-001474,C00887,2025-04-13,Completed,Mobile App,Karachi,RapidGo,Card,
UB-001475,C00312,2025-03-25,Completed,Web,Rawalpindi,SwiftEx,Wallet,
UB-001476,C00618,2024-07-18,Completed,Mobile App,Faisalabad,RapidGo,Cash on Delivery,
UB-001477,C00002,2025-08-15,Completed,Web,Islamabad,BlueLine,Wallet,SAVE15
UB-001478,C00738,2024-04-15,Completed,Web,Lahore,SwiftEx,Cash on Delivery,SAVE15
UB-001479,C01296,2024-08-08,Returned,Mobile App,Peshawar,RapidGo,Cash on Delivery,
UB-001480,C00741,2024-07-30,Completed,Mobile App,Karachi,BlueLine,Card,
UB-001481,C00158,2025-05-17,Completed,Mobile App,Peshawar,RapidGo,Wallet,APP5
UB-001482,C00061,2024-11-29,Completed,Marketplace,Rawalpindi,SwiftEx,Cash on Delivery,
UB-001483,C00288,2024-03-12,Cancelled,Web,Lahore,BlueLine,Cash on Delivery,
UB-001484,C00267,2025-06-28,Completed,Web,Karachi,Store Pickup,Card,
UB-001485,C00466,2024-02-21,Completed,Web,Lahore,RapidGo,Cash on Delivery,SAVE15
UB-001486,C01292,2024-06-08,Completed,Web,Lahore,Store Pickup,Cash on Delivery,
UB-001487,C00102,2025-12-09,Completed,Web,Karachi,SwiftEx,Card,
UB-001488,C01590,2025-12-19,Completed,Web,Islamabad,Store Pickup,Wallet,
UB-001489,C00887,2024-08-18,Completed,Mobile App,Karachi,RapidGo,Card,APP5
UB-001490,C01407,2024-08-28,Completed,Mobile App,Lahore,SwiftEx,Cash on Delivery,
UB-001491,C01397,2024-11-30,Completed,Mobile App,Islamabad,BlueLine,Card,
UB-001492,C00471,2025-06-12,Completed,Web,Rawalpindi,SwiftEx,Bank Transfer,SAVE15
UB-001493,C00391,2024-04-21,Completed,Mobile App,Rawalpindi,RapidGo,Card,APP5
UB-001494,C01001,2025-08-15,Completed,Mobile App,Lahore,SwiftEx,Cash on Delivery,
UB-001495,C00725,2024-08-10,Completed,Web,Islamabad,RapidGo,Cash on Delivery,SAVE15
UB-001496,C00316,2025-10-20,Returned,Mobile App,Lahore,BlueLine,Bank Transfer,
UB-001497,C01585,2025-10-21,Completed,Marketplace,Rawalpindi,RapidGo,Card,FREESHIP
UB-001498,C00056,2024-01-06,Completed,Mobile App,Rawalpindi,RapidGo,Bank Transfer,
UB-001499,C01566,2025-11-12,Completed,Marketplace,Karachi,RapidGo,Wallet,
UB-001500,C00437,2024-02-17,Completed,Marketplace,Karachi,SwiftEx,Cash on Delivery,APP5
UB-001501,C00168,2025-04-01,Completed,Web,Faisalabad,SwiftEx,Wallet,APP5
UB-001502,C00660,2025-10-15,Completed,Marketplace,Rawalpindi,SwiftEx,Wallet,
UB-001503,C01147,2024-05-28,Cancelled,Web,Karachi,SwiftEx,Cash on Delivery,
UB-001504,C00354,2024-01-13,Returned,Mobile App,Islamabad,RapidGo,Cash on Delivery,
UB-001505,C01436,2025-11-29,Completed,Web,Rawalpindi,BlueLine,Cash on Delivery,SAVE15
UB-001506,C00493,2024-10-11,Completed,Web,Karachi,RapidGo,Cash on Delivery,FREESHIP
UB-001507,C00977,2025-07-26,Completed,Web,Lahore,RapidGo,Card,SAVE15
UB-001508,C00860,2025-01-02,Completed,Mobile App,Peshawar,BlueLine,Cash on Delivery,
UB-001509,C01486,2024-03-13,Completed,Web,Rawalpindi,RapidGo,Cash on Delivery,
UB-001510,C00941,2024-11-24,Completed,Web,Rawalpindi,BlueLine,Card,
UB-001511,C01567,2025-05-14,Returned,Marketplace,Karachi,SwiftEx,Bank Transfer,SAVE15
UB-001512,C01406,2024-06-15,Completed,Mobile App,Rawalpindi,Store Pickup,Card,
UB-001513,C01429,2024-10-29,Cancelled,Mobile App,Rawalpindi,SwiftEx,Card,
UB-001514,C00229,2025-01-01,Completed,Marketplace,Peshawar,RapidGo,Card,
UB-001515,C01457,2024-01-26,Completed,Web,Islamabad,SwiftEx,Wallet,
UB-001516,C00598,2025-02-15,Completed,Web,Lahore,BlueLine,Cash on Delivery,
UB-001517,C01190,2024-06-29,Completed,Mobile App,Islamabad,BlueLine,Cash on Delivery,
UB-001518,C00849,2025-12-01,Cancelled,Mobile App,Lahore,BlueLine,Cash on Delivery,
UB-001519,C00611,2025-02-03,Completed,Marketplace,Lahore,SwiftEx,Cash on Delivery,
UB-001520,C00118,2025-03-10,Completed,Mobile App,Rawalpindi,RapidGo,Card,
UB-001521,C00132,2025-02-23,Completed,Web,Islamabad,Store Pickup,Cash on Delivery,
UB-001522,C00299,2025-07-05,Completed,Mobile App,Rawalpindi,SwiftEx,Card,
UB-001523,C00864,2025-12-06,Completed,Marketplace,Islamabad,SwiftEx,Card,
UB-001524,C00291,2024-12-16,Returned,Web,Rawalpindi,BlueLine,Cash on Delivery,FREESHIP
UB-001525,C00814,2024-12-07,Returned,Mobile App,Karachi,BlueLine,Wallet,SAVE15
UB-001526,C00884,2025-07-05,Completed,Mobile App,Islamabad,RapidGo,Cash on Delivery,
UB-001527,C00353,2024-09-09,Completed,Web,Peshawar,SwiftEx,Wallet,
UB-001528,C01145,2024-08-22,Completed,Web,Rawalpindi,SwiftEx,Card,
UB-001529,C01194,2025-10-10,Completed,Mobile App,Karachi,BlueLine,Card,APP5
UB-001530,C00678,2025-12-20,Completed,Mobile App,Lahore,SwiftEx,Card,
UB-001531,C01478,2025-01-08,Completed,Web,Islamabad,BlueLine,Cash on Delivery,
UB-001532,C00706,2025-09-12,Completed,Web,Peshawar,BlueLine,Card,
UB-001533,C00776,2025-02-02,Completed,Web,Lahore,Store Pickup,Wallet,FREESHIP
UB-001534,C00639,2025-04-25,Completed,Web,Rawalpindi,SwiftEx,Cash on Delivery,WELCOME10
UB-001535,C01405,2024-05-23,Completed,Web,Rawalpindi,RapidGo,Cash on Delivery,FREESHIP
UB-001536,C01358,2024-01-20,Returned,Web,Faisalabad,RapidGo,Wallet,
UB-001537,C01027,2025-07-27,Completed,Mobile App,Karachi,SwiftEx,Card,APP5
UB-001538,C00925,2025-01-23,Returned,Marketplace,Lahore,SwiftEx,Wallet,WELCOME10
UB-001539,C01595,2025-07-25,Completed,Web,Rawalpindi,BlueLine,Cash on Delivery,APP5
UB-001540,C00893,2025-03-06,Completed,Mobile App,Karachi,Store Pickup,Card,
UB-001541,C00970,2025-02-11,Completed,Web,Islamabad,BlueLine,Bank Transfer,
UB-001542,C01472,2024-01-27,Returned,Mobile App,Faisalabad,Store Pickup,Cash on Delivery,SAVE15
UB-001543,C01323,2024-09-27,Completed,Web,Lahore,BlueLine,Wallet,
UB-001544,C01478,2025-10-28,Completed,Mobile App,Islamabad,RapidGo,Card,
UB-001545,C00546,2025-02-26,Completed,Web,Rawalpindi,BlueLine,Wallet,FREESHIP
UB-001546,C00590,2025-07-19,Completed,Web,Islamabad,SwiftEx,Cash on Delivery,
UB-001547,C00213,2025-08-24,Completed,Web,Rawalpindi,SwiftEx,Cash on Delivery,
UB-001548,C01020,2025-02-04,Completed,Marketplace,Rawalpindi,BlueLine,Cash on Delivery,
UB-001549,C00620,2025-05-09,Completed,Web,Rawalpindi,SwiftEx,Wallet,FREESHIP
UB-001550,C00303,2025-10-10,Completed,Marketplace,Karachi,RapidGo,Wallet,
UB-001551,C01089,2025-10-16,Completed,Mobile App,Islamabad,Store Pickup,Cash on Delivery,WELCOME10
UB-001552,C00063,2024-04-04,Completed,Web,Karachi,SwiftEx,Card,
UB-001553,C00714,2024-11-13,Cancelled,Web,Peshawar,BlueLine,Cash on Delivery,
UB-001554,C00545,2025-11-20,Completed,Web,Faisalabad,BlueLine,Card,
UB-001555,C01037,2025-04-22,Completed,Web,Islamabad,SwiftEx,Cash on Delivery,
UB-001556,C00517,2024-05-05,Completed,Mobile App,Karachi,RapidGo,Card,
UB-001557,C00806,2025-02-21,Completed,Mobile App,Lahore,SwiftEx,Wallet,
UB-001558,C01427,2024-01-28,Completed,Web,Lahore,SwiftEx,Cash on Delivery,
UB-001559,C01589,2025-04-22,Completed,Web,Lahore,SwiftEx,Cash on Delivery,
UB-001560,C01473,2024-05-09,Completed,Mobile App,Lahore,SwiftEx,Wallet,
UB-001561,C00233,2024-12-27,Completed,Marketplace,Islamabad,RapidGo,Cash on Delivery,
UB-001562,C00814,2025-04-20,Completed,Web,Karachi,BlueLine,Cash on Delivery,FREESHIP
UB-001563,C00214,2025-02-10,Completed,Marketplace,Lahore,SwiftEx,Bank Transfer,
UB-001564,C00170,2025-04-05,Completed,Web,Rawalpindi,SwiftEx,Cash on Delivery,APP5
UB-001565,C00129,2024-10-28,Completed,Mobile App,Karachi,SwiftEx,Card,SAVE15
UB-001566,C01333,2024-03-01,Completed,Web,Rawalpindi,BlueLine,Bank Transfer,
UB-001567,C00631,2025-01-25,Completed,Mobile App,Lahore,SwiftEx,Cash on Delivery,
UB-001568,C00004,2024-03-15,Completed,Mobile App,Islamabad,BlueLine,Wallet,
UB-001569,C01179,2024-07-20,Returned,Mobile App,Lahore,Store Pickup,Cash on Delivery,WELCOME10
UB-001570,C01290,2025-06-16,Completed,Web,Rawalpindi,SwiftEx,Wallet,
UB-001571,C01261,2025-10-20,Completed,Web,Lahore,BlueLine,Card,
UB-001572,C01427,2024-09-22,Completed,Mobile App,Lahore,RapidGo,Card,SAVE15
UB-001573,C00814,2024-08-27,Completed,Web,Karachi,BlueLine,Wallet,
UB-001574,C01254,2024-11-25,Completed,Mobile App,Islamabad,SwiftEx,Card,
UB-001575,C00294,2025-09-29,Completed,Web,Islamabad,Store Pickup,Cash on Delivery,
UB-001576,C00802,2025-11-26,Completed,Mobile App,Karachi,BlueLine,Card,
UB-001577,C00094,2025-08-25,Completed,Web,Karachi,Store Pickup,Cash on Delivery,APP5
UB-001578,C01225,2025-02-20,Completed,Marketplace,Islamabad,Store Pickup,Card,
UB-001579,C00571,2025-06-03,Completed,Marketplace,Islamabad,Store Pickup,Cash on Delivery,
UB-001580,C00256,2024-01-19,Completed,Web,Islamabad,SwiftEx,Cash on Delivery,SAVE15
UB-001581,C00874,2025-03-27,Completed,Mobile App,Karachi,BlueLine,Bank Transfer,
UB-001582,C01097,2024-01-28,Completed,Mobile App,Islamabad,BlueLine,Cash on Delivery,WELCOME10
UB-001583,C00297,2025-08-07,Completed,Mobile App,Rawalpindi,BlueLine,Bank Transfer,
UB-001584,C00940,2025-08-13,Completed,Web,Islamabad,RapidGo,Bank Transfer,
UB-001585,C00696,2025-06-23,Completed,Mobile App,Karachi,BlueLine,Bank Transfer,
UB-001586,C01024,2024-06-17,Completed,Mobile App,Islamabad,SwiftEx,Cash on Delivery,
UB-001587,C00679,2025-01-28,Completed,Web,Lahore,SwiftEx,Bank Transfer,
UB-001588,C01451,2025-03-27,Completed,Web,Rawalpindi,BlueLine,Cash on Delivery,
UB-001589,C00968,2024-01-22,Completed,Mobile App,Karachi,SwiftEx,Cash on Delivery,
UB-001590,C00146,2025-01-08,Completed,Mobile App,Faisalabad,SwiftEx,Cash on Delivery,SAVE15
UB-001591,C01064,2024-11-27,Completed,Marketplace,Rawalpindi,SwiftEx,Bank Transfer,
UB-001592,C00093,2024-07-14,Completed,Mobile App,Peshawar,SwiftEx,Card,
UB-001593,C00735,2024-08-31,Completed,Web,Karachi,Store Pickup,Cash on Delivery,
UB-001594,C01446,2025-02-27,Completed,Mobile App,Lahore,SwiftEx,Cash on Delivery,APP5
UB-001595,C00463,2025-12-12,Completed,Mobile App,Islamabad,Store Pickup,Cash on Delivery,WELCOME10
UB-001596,C00697,2024-08-06,Completed,Web,Islamabad,BlueLine,Card,
UB-001597,C00670,2024-09-17,Completed,Web,Islamabad,RapidGo,Card,
UB-001598,C01428,2024-02-06,Completed,Mobile App,Faisalabad,BlueLine,Cash on Delivery,APP5
UB-001599,C00911,2025-05-03,Completed,Mobile App,Islamabad,RapidGo,Cash on Delivery,
UB-001600,C01405,2024-12-24,Completed,Web,Rawalpindi,Store Pickup,Cash on Delivery,
UB-001601,C00640,2024-07-11,Completed,Mobile App,Peshawar,SwiftEx,Card,
UB-001602,C00055,2025-10-28,Completed,Mobile App,Karachi,BlueLine,Wallet,WELCOME10
UB-001603,C01105,2025-12-08,Completed,Web,Rawalpindi,SwiftEx,Card,SAVE15
UB-001604,C00125,2025-09-20,Completed,Mobile App,Karachi,Store Pickup,Bank Transfer,
UB-001605,C00689,2025-12-13,Completed,Web,Karachi,SwiftEx,Bank Transfer,
UB-001606,C00636,2024-07-15,Cancelled,Mobile App,Karachi,RapidGo,Bank Transfer,
UB-001607,C00379,2025-02-19,Cancelled,Mobile App,Lahore,SwiftEx,Cash on Delivery,
UB-001608,C00141,2025-09-18,Completed,Mobile App,Peshawar,RapidGo,Card,
UB-001609,C00970,2025-12-27,Completed,Marketplace,Islamabad,RapidGo,Cash on Delivery,
UB-001610,C01054,2024-09-03,Completed,Mobile App,Islamabad,Store Pickup,Wallet,
UB-001611,C00649,2024-10-11,Completed,Web,Rawalpindi,RapidGo,Card,
UB-001612,C01433,2025-07-01,Cancelled,Web,Peshawar,Store Pickup,Cash on Delivery,
UB-001613,C01552,2024-01-17,Cancelled,Mobile App,Rawalpindi,RapidGo,Cash on Delivery,
UB-001614,C01591,2024-08-20,Completed,Mobile App,Peshawar,RapidGo,Wallet,
UB-001615,C00067,2025-11-09,Completed,Web,Karachi,SwiftEx,Card,
UB-001616,C01440,2024-04-20,Completed,Mobile App,Rawalpindi,RapidGo,Card,
UB-001617,C00013,2024-07-08,Completed,Mobile App,Peshawar,Store Pickup,Card,
UB-001618,C00677,2025-12-22,Completed,Web,Lahore,RapidGo,Cash on Delivery,
UB-001619,C00939,2025-02-09,Completed,Mobile App,Lahore,RapidGo,Cash on Delivery,
UB-001620,C00529,2025-03-06,Completed,Mobile App,Rawalpindi,BlueLine,Card,
UB-001621,C00800,2025-11-06,Completed,Web,Karachi,RapidGo,Bank Transfer,
UB-001622,C01034,2025-03-17,Completed,Web,Lahore,BlueLine,Cash on Delivery,SAVE15
UB-001623,C00510,2024-06-23,Completed,Mobile App,Rawalpindi,Store Pickup,Cash on Delivery,APP5
UB-001624,C01457,2025-06-08,Completed,Web,Islamabad,RapidGo,Cash on Delivery,
UB-001625,C00536,2025-01-25,Completed,Marketplace,Rawalpindi,RapidGo,Cash on Delivery,WELCOME10
UB-001626,C00900,2025-03-29,Completed,Web,Faisalabad,BlueLine,Cash on Delivery,APP5
UB-001627,C00155,2025-02-04,Completed,Mobile App,Karachi,SwiftEx,Cash on Delivery,
UB-001628,C01172,2024-08-19,Completed,Mobile App,Karachi,BlueLine,Cash on Delivery,
UB-001629,C00641,2025-02-05,Completed,Mobile App,Karachi,Store Pickup,Bank Transfer,APP5
UB-001630,C01402,2025-12-26,Completed,Web,Rawalpindi,RapidGo,Bank Transfer,
UB-001631,C00697,2025-03-29,Completed,Mobile App,Islamabad,RapidGo,Bank Transfer,
UB-001632,C00345,2025-06-02,Completed,Marketplace,Peshawar,RapidGo,Bank Transfer,APP5
UB-001633,C01104,2024-11-07,Completed,Mobile App,Peshawar,Store Pickup,Card,
UB-001634,C00222,2024-03-11,Completed,Mobile App,Karachi,SwiftEx,Cash on Delivery,
UB-001635,C01597,2024-11-27,Completed,Marketplace,Rawalpindi,SwiftEx,Wallet,
UB-001636,C01182,2024-04-09,Completed,Web,Lahore,RapidGo,Card,
UB-001637,C00138,2025-05-12,Completed,Web,Karachi,RapidGo,Wallet,
UB-001638,C01334,2025-11-20,Completed,Web,Faisalabad,RapidGo,Wallet,
UB-001639,C00462,2025-11-19,Completed,Web,Rawalpindi,BlueLine,Cash on Delivery,
UB-001640,C01598,2025-03-16,Returned,Mobile App,Islamabad,SwiftEx,Card,FREESHIP
UB-001641,C00093,2025-11-02,Completed,Web,Peshawar,BlueLine,Card,WELCOME10
UB-001642,C00920,2024-09-15,Completed,Marketplace,Rawalpindi,BlueLine,Card,APP5
UB-001643,C00696,2024-09-13,Completed,Web,Karachi,BlueLine,Cash on Delivery,
UB-001644,C00379,2025-05-10,Completed,Web,Lahore,RapidGo,Wallet,
UB-001645,C01588,2024-08-09,Completed,Mobile App,Lahore,SwiftEx,Cash on Delivery,
UB-001646,C01495,2025-05-23,Completed,Web,Rawalpindi,RapidGo,Wallet,
UB-001647,C00247,2025-01-07,Completed,Marketplace,Rawalpindi,BlueLine,Card,
UB-001648,C01316,2025-04-09,Completed,Web,Karachi,Store Pickup,Cash on Delivery,
UB-001649,C01384,2025-08-15,Completed,Mobile App,Peshawar,RapidGo,Cash on Delivery,
UB-001650,C01395,2024-03-08,Completed,Mobile App,Karachi,SwiftEx,Wallet,
UB-001651,C00888,2025-07-01,Completed,Web,Lahore,SwiftEx,Card,FREESHIP
UB-001652,C01245,2025-08-28,Completed,Mobile App,Karachi,BlueLine,Card,
UB-001653,C00248,2024-04-08,Completed,Mobile App,Rawalpindi,RapidGo,Cash on Delivery,APP5
UB-001654,C00943,2025-09-04,Completed,Mobile App,Islamabad,RapidGo,Cash on Delivery,SAVE15
UB-001655,C00567,2025-11-22,Returned,Mobile App,Lahore,Store Pickup,Card,APP5
UB-001656,C00308,2025-01-31,Completed,Web,Islamabad,BlueLine,Cash on Delivery,
UB-001657,C00200,2024-11-10,Completed,Mobile App,Karachi,Store Pickup,Wallet,APP5
UB-001658,C01555,2025-10-21,Completed,Web,Lahore,SwiftEx,Cash on Delivery,
UB-001659,C00811,2024-07-16,Returned,Mobile App,Karachi,RapidGo,Card,
UB-001660,C01560,2025-11-22,Completed,Web,Islamabad,Store Pickup,Cash on Delivery,
UB-001661,C00607,2025-03-18,Completed,Mobile App,Islamabad,RapidGo,Wallet,
UB-001662,C00871,2025-10-02,Completed,Web,Karachi,SwiftEx,Cash on Delivery,
UB-001663,C01417,2024-10-05,Cancelled,Mobile App,Rawalpindi,SwiftEx,Cash on Delivery,
UB-001664,C00615,2024-08-02,Returned,Web,Lahore,SwiftEx,Cash on Delivery,
UB-001665,C00879,2025-06-28,Completed,Marketplace,Islamabad,SwiftEx,Wallet,FREESHIP
UB-001666,C01495,2025-03-31,Completed,Marketplace,Rawalpindi,BlueLine,Wallet,FREESHIP
UB-001667,C00520,2025-07-11,Completed,Mobile App,Rawalpindi,RapidGo,Cash on Delivery,
UB-001668,C01019,2024-11-13,Completed,Marketplace,Lahore,RapidGo,Cash on Delivery,WELCOME10
UB-001669,C00228,2025-09-22,Completed,Mobile App,Karachi,Store Pickup,Cash on Delivery,SAVE15
UB-001670,C00922,2025-07-06,Completed,Web,Islamabad,RapidGo,Card,
UB-001671,C00216,2025-08-07,Completed,Web,Peshawar,SwiftEx,Cash on Delivery,
UB-001672,C00106,2024-11-25,Completed,Mobile App,Rawalpindi,Store Pickup,Wallet,
UB-001673,C00660,2025-12-29,Completed,Marketplace,Rawalpindi,SwiftEx,Wallet,
UB-001674,C00150,2024-01-04,Completed,Web,Rawalpindi,SwiftEx,Card,
UB-001675,C00496,2024-06-19,Completed,Mobile App,Rawalpindi,RapidGo,Bank Transfer,WELCOME10
UB-001676,C01124,2024-11-16,Completed,Mobile App,Rawalpindi,SwiftEx,Bank Transfer,
UB-001677,C01255,2025-02-09,Completed,Mobile App,Peshawar,Store Pickup,Bank Transfer,
UB-001678,C01419,2024-04-29,Completed,Marketplace,Islamabad,SwiftEx,Cash on Delivery,
UB-001679,C01290,2024-11-09,Completed,Mobile App,Rawalpindi,Store Pickup,Cash on Delivery,
UB-001680,C00017,2025-11-15,Completed,Mobile App,Karachi,SwiftEx,Wallet,SAVE15
UB-001681,C00397,2025-08-17,Completed,Web,Islamabad,BlueLine,Cash on Delivery,
UB-001682,C01397,2024-02-01,Completed,Marketplace,Islamabad,BlueLine,Wallet,
UB-001683,C01344,2025-05-22,Completed,Web,Rawalpindi,Store Pickup,Cash on Delivery,APP5
UB-001684,C00264,2024-05-10,Completed,Mobile App,Peshawar,BlueLine,Bank Transfer,
UB-001685,C00076,2024-12-20,Completed,Mobile App,Rawalpindi,SwiftEx,Card,
UB-001686,C01223,2024-07-19,Completed,Web,Lahore,RapidGo,Cash on Delivery,
UB-001687,C00169,2025-06-06,Completed,Marketplace,Lahore,Store Pickup,Cash on Delivery,
UB-001688,C01266,2024-12-07,Completed,Marketplace,Karachi,SwiftEx,Wallet,
UB-001689,C00579,2024-12-11,Completed,Web,Islamabad,Store Pickup,Cash on Delivery,
UB-001690,C01260,2025-02-22,Completed,Mobile App,Rawalpindi,SwiftEx,Cash on Delivery,FREESHIP
UB-001691,C00161,2025-11-13,Completed,Mobile App,Rawalpindi,RapidGo,Cash on Delivery,
UB-001692,C01279,2025-04-17,Completed,Web,Islamabad,BlueLine,Cash on Delivery,
UB-001693,C01213,2024-11-27,Completed,Web,Islamabad,BlueLine,Cash on Delivery,
UB-001694,C00729,2025-07-30,Returned,Mobile App,Islamabad,BlueLine,Cash on Delivery,
UB-001695,C01290,2024-09-08,Completed,Web,Rawalpindi,SwiftEx,Wallet,
UB-001696,C00587,2024-01-26,Completed,Web,Karachi,RapidGo,Cash on Delivery,
UB-001697,C01565,2024-12-26,Completed,Mobile App,Lahore,SwiftEx,Cash on Delivery,WELCOME10
UB-001698,C00569,2024-11-24,Completed,Mobile App,Rawalpindi,RapidGo,Cash on Delivery,FREESHIP
UB-001699,C01101,2024-11-13,Completed,Web,Islamabad,Store Pickup,Cash on Delivery,WELCOME10
UB-001700,C00044,2025-03-06,Completed,Web,Karachi,RapidGo,Cash on Delivery,
UB-001701,C00244,2024-12-17,Completed,Mobile App,Islamabad,Store Pickup,Card,
UB-001702,C01041,2024-07-01,Completed,Web,Islamabad,BlueLine,Cash on Delivery,FREESHIP
UB-001703,C01481,2025-06-14,Completed,Marketplace,Karachi,BlueLine,Card,
UB-001704,C00967,2025-11-26,Completed,Mobile App,Islamabad,RapidGo,Cash on Delivery,
UB-001705,C01143,2024-11-19,Completed,Mobile App,Lahore,SwiftEx,Cash on Delivery,FREESHIP
UB-001706,C00169,2024-04-01,Completed,Mobile App,Lahore,Store Pickup,Cash on Delivery,
UB-001707,C01088,2025-01-02,Completed,Web,Karachi,BlueLine,Cash on Delivery,FREESHIP
UB-001708,C00326,2025-12-30,Completed,Marketplace,Rawalpindi,SwiftEx,Card,
UB-001709,C00478,2024-02-22,Completed,Mobile App,Lahore,SwiftEx,Bank Transfer,
UB-001710,C00545,2024-07-10,Completed,Web,Faisalabad,SwiftEx,Cash on Delivery,
UB-001711,C00488,2025-07-10,Completed,Mobile App,Lahore,SwiftEx,Cash on Delivery,
UB-001712,C00525,2024-07-13,Completed,Web,Rawalpindi,Store Pickup,Wallet,
UB-001713,C00954,2025-12-06,Completed,Web,Islamabad,SwiftEx,Cash on Delivery,SAVE15
UB-001714,C01426,2025-03-06,Completed,Web,Rawalpindi,SwiftEx,Card,WELCOME10
UB-001715,C01301,2025-05-27,Completed,Mobile App,Karachi,Store Pickup,Card,
UB-001716,C00308,2025-10-15,Completed,Mobile App,Islamabad,BlueLine,Cash on Delivery,
UB-001717,C00734,2025-09-28,Completed,Mobile App,Rawalpindi,RapidGo,Cash on Delivery,
UB-001718,C01184,2025-10-12,Completed,Mobile App,Karachi,SwiftEx,Card,SAVE15
UB-001719,C00411,2024-08-22,Completed,Mobile App,Karachi,SwiftEx,Card,APP5
UB-001720,C00623,2024-10-04,Completed,Mobile App,Lahore,BlueLine,Card,SAVE15
UB-001721,C00563,2025-10-28,Completed,Mobile App,Karachi,SwiftEx,Cash on Delivery,APP5
UB-001722,C00794,2024-11-08,Completed,Web,Lahore,BlueLine,Bank Transfer,
UB-001723,C00407,2024-03-05,Completed,Mobile App,Rawalpindi,RapidGo,Cash on Delivery,
UB-001724,C00275,2024-10-19,Completed,Web,Islamabad,BlueLine,Cash on Delivery,APP5
UB-001725,C01395,2025-12-23,Cancelled,Web,Karachi,Store Pickup,Card,
UB-001726,C01014,2024-05-23,Completed,Web,Karachi,SwiftEx,Cash on Delivery,
UB-001727,C01548,2025-10-19,Completed,Web,Rawalpindi,SwiftEx,Wallet,
UB-001728,C00693,2024-11-09,Completed,Marketplace,Lahore,RapidGo,Bank Transfer,
UB-001729,C00734,2025-12-29,Completed,Marketplace,Rawalpindi,SwiftEx,Bank Transfer,WELCOME10
UB-001730,C01179,2024-03-11,Completed,Mobile App,Lahore,RapidGo,Cash on Delivery,
UB-001731,C00859,2024-09-17,Returned,Mobile App,Karachi,RapidGo,Cash on Delivery,
UB-001732,C00593,2024-03-21,Completed,Web,Rawalpindi,SwiftEx,Wallet,APP5
UB-001733,C00343,2024-01-27,Completed,Mobile App,Lahore,RapidGo,Cash on Delivery,
UB-001734,C00500,2025-03-27,Completed,Web,Rawalpindi,BlueLine,Card,WELCOME10
UB-001735,C00906,2025-07-21,Completed,Web,Rawalpindi,SwiftEx,Cash on Delivery,SAVE15
UB-001736,C00542,2025-03-01,Completed,Web,Karachi,RapidGo,Cash on Delivery,
UB-001737,C00900,2024-04-07,Cancelled,Mobile App,Faisalabad,BlueLine,Card,
UB-001738,C01092,2024-09-20,Returned,Mobile App,Rawalpindi,Store Pickup,Cash on Delivery,WELCOME10
UB-001739,C00168,2025-07-01,Completed,Web,Faisalabad,SwiftEx,Bank Transfer,APP5
UB-001740,C00798,2024-05-22,Completed,Web,Karachi,Store Pickup,Cash on Delivery,
UB-001741,C01465,2024-10-02,Completed,Mobile App,Lahore,RapidGo,Cash on Delivery,FREESHIP
UB-001742,C00260,2025-10-16,Completed,Mobile App,Islamabad,SwiftEx,Wallet,
UB-001743,C00161,2024-04-18,Completed,Web,Rawalpindi,Store Pickup,Card,
UB-001744,C01429,2024-01-26,Completed,Web,Rawalpindi,Store Pickup,Bank Transfer,
UB-001745,C00633,2024-08-18,Completed,Mobile App,Rawalpindi,BlueLine,Card,APP5
UB-001746,C00925,2025-06-13,Completed,Web,Lahore,SwiftEx,Card,
UB-001747,C00095,2024-03-12,Completed,Web,Islamabad,SwiftEx,Cash on Delivery,
UB-001748,C00510,2024-08-11,Completed,Web,Rawalpindi,RapidGo,Cash on Delivery,
UB-001749,C00228,2024-12-28,Returned,Mobile App,Karachi,Store Pickup,Wallet,
UB-001750,C01573,2024-12-16,Cancelled,Web,Peshawar,BlueLine,Wallet,APP5
UB-001751,C00774,2024-07-23,Completed,Mobile App,Lahore,SwiftEx,Card,
UB-001752,C01316,2025-08-11,Completed,Web,Karachi,BlueLine,Cash on Delivery,
UB-001753,C00051,2024-07-05,Completed,Web,Faisalabad,RapidGo,Bank Transfer,
UB-001754,C01547,2025-12-16,Completed,Mobile App,Peshawar,SwiftEx,Card,
UB-001755,C01533,2024-01-03,Completed,Marketplace,Islamabad,BlueLine,Cash on Delivery,
UB-001756,C01226,2025-08-01,Completed,Web,Peshawar,SwiftEx,Card,
UB-001757,C01174,2025-07-10,Completed,Marketplace,Faisalabad,RapidGo,Cash on Delivery,
UB-001758,C01289,2024-02-13,Completed,Web,Lahore,SwiftEx,Wallet,
UB-001759,C00045,2025-08-02,Completed,Web,Rawalpindi,BlueLine,Wallet,APP5
UB-001760,C01589,2025-02-23,Returned,Mobile App,Lahore,SwiftEx,Cash on Delivery,
UB-001761,C01219,2025-02-07,Completed,Web,Lahore,BlueLine,Bank Transfer,SAVE15
UB-001762,C01495,2025-06-15,Completed,Mobile App,Rawalpindi,SwiftEx,Cash on Delivery,
UB-001763,C01386,2025-02-28,Completed,Web,Karachi,Store Pickup,Cash on Delivery,
UB-001764,C01230,2025-05-28,Completed,Web,Rawalpindi,BlueLine,Bank Transfer,
UB-001765,C00185,2025-07-01,Completed,Web,Karachi,BlueLine,Wallet,
UB-001766,C00018,2024-05-28,Completed,Marketplace,Lahore,Store Pickup,Card,
UB-001767,C01177,2025-12-08,Completed,Mobile App,Lahore,BlueLine,Bank Transfer,
UB-001768,C01512,2024-05-11,Completed,Web,Karachi,RapidGo,Cash on Delivery,FREESHIP
UB-001769,C00886,2025-08-31,Completed,Web,Lahore,SwiftEx,Cash on Delivery,
UB-001770,C01146,2025-07-23,Completed,Mobile App,Islamabad,BlueLine,Wallet,
UB-001771,C01191,2025-02-08,Completed,Marketplace,Rawalpindi,SwiftEx,Card,WELCOME10
UB-001772,C01349,2024-09-23,Returned,Mobile App,Islamabad,BlueLine,Card,
UB-001773,C00554,2025-11-21,Completed,Marketplace,Islamabad,SwiftEx,Bank Transfer,
UB-001774,C00929,2024-09-06,Completed,Web,Islamabad,BlueLine,Cash on Delivery,
UB-001775,C01205,2025-04-29,Completed,Web,Islamabad,SwiftEx,Card,
UB-001776,C00749,2025-07-11,Returned,Web,Rawalpindi,RapidGo,Cash on Delivery,SAVE15
UB-001777,C00490,2024-09-21,Completed,Web,Faisalabad,RapidGo,Cash on Delivery,
UB-001778,C01560,2025-03-19,Completed,Mobile App,Islamabad,SwiftEx,Cash on Delivery,FREESHIP
UB-001779,C01151,2025-06-01,Completed,Mobile App,Karachi,Store Pickup,Card,APP5
UB-001780,C01513,2025-02-13,Completed,Mobile App,Lahore,SwiftEx,Bank Transfer,SAVE15
UB-001781,C01042,2025-05-24,Completed,Marketplace,Lahore,BlueLine,Cash on Delivery,
UB-001782,C00710,2025-05-04,Completed,Web,Karachi,Store Pickup,Wallet,
UB-001783,C00663,2025-12-02,Returned,Web,Rawalpindi,RapidGo,Card,FREESHIP
UB-001784,C01049,2024-01-03,Completed,Web,Rawalpindi,RapidGo,Card,
UB-001785,C00542,2025-01-14,Completed,Web,Karachi,RapidGo,Cash on Delivery,
UB-001786,C01093,2025-04-04,Completed,Web,Karachi,RapidGo,Cash on Delivery,
UB-001787,C00889,2024-12-02,Completed,Mobile App,Peshawar,BlueLine,Card,SAVE15
UB-001788,C01284,2024-05-04,Completed,Web,Lahore,BlueLine,Wallet,
UB-001789,C01597,2024-01-13,Completed,Mobile App,Rawalpindi,SwiftEx,Bank Transfer,
UB-001790,C01062,2025-02-06,Completed,Marketplace,Islamabad,BlueLine,Card,APP5
UB-001791,C00252,2025-02-01,Completed,Mobile App,Peshawar,SwiftEx,Cash on Delivery,APP5
UB-001792,C01348,2024-10-22,Completed,Mobile App,Rawalpindi,SwiftEx,Card,
UB-001793,C00474,2024-07-19,Completed,Web,Islamabad,SwiftEx,Card,
UB-001794,C00671,2025-10-23,Completed,Marketplace,Rawalpindi,Store Pickup,Card,
UB-001795,C00279,2025-07-24,Cancelled,Mobile App,Rawalpindi,BlueLine,Wallet,WELCOME10
UB-001796,C00748,2024-10-05,Completed,Mobile App,Lahore,RapidGo,Bank Transfer,
UB-001797,C00771,2025-10-23,Cancelled,Mobile App,Islamabad,BlueLine,Card,APP5
UB-001798,C01194,2024-05-23,Completed,Mobile App,Karachi,SwiftEx,Cash on Delivery,
UB-001799,C00334,2025-10-11,Completed,Mobile App,Peshawar,RapidGo,Card,WELCOME10
UB-001800,C01188,2024-07-21,Completed,Mobile App,Islamabad,RapidGo,Wallet,APP5
UB-001801,C00341,2024-03-06,Completed,Web,Rawalpindi,BlueLine,Bank Transfer,
UB-001802,C00846,2024-05-23,Completed,Web,Faisalabad,BlueLine,Cash on Delivery,
UB-001803,C01580,2025-03-30,Completed,Mobile App,Lahore,RapidGo,Card,SAVE15
UB-001804,C00633,2024-02-05,Completed,Mobile App,Rawalpindi,SwiftEx,Bank Transfer,WELCOME10
UB-001805,C00132,2025-04-29,Completed,Web,Islamabad,SwiftEx,Cash on Delivery,
UB-001806,C01065,2024-11-02,Completed,Mobile App,Islamabad,BlueLine,Cash on Delivery,
UB-001807,C01057,2024-07-10,Completed,Mobile App,Karachi,SwiftEx,Cash on Delivery,
UB-001808,C01101,2024-10-16,Cancelled,Mobile App,Islamabad,BlueLine,Bank Transfer,
UB-001809,C00766,2025-01-13,Completed,Mobile App,Lahore,SwiftEx,Bank Transfer,
UB-001810,C00539,2025-07-16,Completed,Marketplace,Islamabad,RapidGo,Cash on Delivery,
UB-001811,C01511,2025-03-11,Completed,Mobile App,Rawalpindi,RapidGo,Cash on Delivery,SAVE15
UB-001812,C00960,2025-01-30,Completed,Mobile App,Faisalabad,SwiftEx,Cash on Delivery,WELCOME10
UB-001813,C01246,2024-07-12,Completed,Mobile App,Karachi,Store Pickup,Card,
UB-001814,C00965,2025-06-27,Completed,Mobile App,Lahore,BlueLine,Bank Transfer,
UB-001815,C00354,2024-11-04,Returned,Web,Islamabad,RapidGo,Bank Transfer,
UB-001816,C00228,2024-12-13,Completed,Mobile App,Karachi,SwiftEx,Card,
UB-001817,C01542,2025-09-08,Completed,Web,Islamabad,SwiftEx,Card,FREESHIP
UB-001818,C00382,2024-06-17,Completed,Web,Rawalpindi,SwiftEx,Bank Transfer,
UB-001819,C00536,2024-05-24,Completed,Mobile App,Rawalpindi,RapidGo,Card,
UB-001820,C01181,2024-04-08,Completed,Web,Islamabad,SwiftEx,Cash on Delivery,WELCOME10
UB-001821,C00026,2025-12-30,Completed,Web,Rawalpindi,BlueLine,Cash on Delivery,
UB-001822,C01498,2025-04-18,Completed,Mobile App,Karachi,BlueLine,Card,APP5
UB-001823,C01037,2025-04-14,Completed,Mobile App,Islamabad,SwiftEx,Card,APP5
UB-001824,C00930,2024-04-21,Completed,Mobile App,Lahore,BlueLine,Bank Transfer,APP5
UB-001825,C01368,2025-12-30,Completed,Mobile App,Islamabad,RapidGo,Cash on Delivery,
UB-001826,C00387,2025-07-06,Cancelled,Marketplace,Peshawar,RapidGo,Cash on Delivery,APP5
UB-001827,C01591,2025-02-06,Completed,Mobile App,Peshawar,RapidGo,Card,
UB-001828,C01496,2024-11-05,Completed,Mobile App,Lahore,SwiftEx,Card,
UB-001829,C00065,2025-07-16,Completed,Marketplace,Lahore,RapidGo,Cash on Delivery,
UB-001830,C00434,2024-11-20,Completed,Web,Karachi,SwiftEx,Wallet,
UB-001831,C01451,2025-09-01,Completed,Marketplace,Rawalpindi,SwiftEx,Card,
UB-001832,C00425,2024-10-27,Completed,Mobile App,Faisalabad,Store Pickup,Card,SAVE15
UB-001833,C00293,2024-08-07,Completed,Mobile App,Rawalpindi,SwiftEx,Cash on Delivery,FREESHIP
UB-001834,C00824,2024-04-04,Completed,Mobile App,Faisalabad,RapidGo,Card,
UB-001835,C01240,2025-10-28,Completed,Web,Lahore,SwiftEx,Bank Transfer,
UB-001836,C00287,2025-09-11,Completed,Mobile App,Faisalabad,RapidGo,Card,
UB-001837,C00962,2024-03-24,Completed,Web,Rawalpindi,RapidGo,Bank Transfer,
UB-001838,C00612,2024-05-10,Returned,Marketplace,Islamabad,SwiftEx,Card,APP5
UB-001839,C00803,2025-07-11,Completed,Mobile App,Islamabad,RapidGo,Cash on Delivery,
UB-001840,C01431,2024-09-11,Completed,Web,Islamabad,RapidGo,Wallet,WELCOME10
UB-001841,C00243,2025-01-01,Completed,Mobile App,Karachi,RapidGo,Card,
UB-001842,C01376,2024-08-27,Completed,Mobile App,Lahore,BlueLine,Bank Transfer,
UB-001843,C00505,2025-11-20,Completed,Web,Rawalpindi,RapidGo,Card,
UB-001844,C00889,2025-09-08,Completed,Mobile App,Peshawar,Store Pickup,Bank Transfer,APP5
UB-001845,C00225,2025-01-18,Cancelled,Web,Lahore,Store Pickup,Cash on Delivery,APP5
UB-001846,C01433,2025-06-24,Completed,Marketplace,Peshawar,RapidGo,Cash on Delivery,
UB-001847,C01564,2025-06-24,Completed,Mobile App,Islamabad,RapidGo,Card,WELCOME10
UB-001848,C00824,2024-11-02,Completed,Mobile App,Faisalabad,BlueLine,Cash on Delivery,
UB-001849,C00231,2024-09-23,Completed,Web,Islamabad,Store Pickup,Cash on Delivery,WELCOME10
UB-001850,C00160,2024-05-12,Cancelled,Web,Faisalabad,Store Pickup,Cash on Delivery,
UB-001851,C00690,2024-09-08,Completed,Mobile App,Karachi,SwiftEx,Card,
UB-001852,C00014,2024-04-10,Completed,Web,Rawalpindi,RapidGo,Cash on Delivery,
UB-001853,C00063,2025-05-31,Completed,Mobile App,Karachi,SwiftEx,Cash on Delivery,
UB-001854,C00030,2025-02-10,Cancelled,Mobile App,Islamabad,Store Pickup,Cash on Delivery,
UB-001855,C00939,2024-06-17,Completed,Mobile App,Lahore,BlueLine,Wallet,APP5
UB-001856,C00230,2025-10-09,Completed,Web,Karachi,BlueLine,Card,
UB-001857,C01381,2024-08-02,Completed,Mobile App,Karachi,SwiftEx,Card,
UB-001858,C00336,2024-01-08,Completed,Web,Lahore,BlueLine,Card,
UB-001859,C01176,2025-01-30,Completed,Web,Lahore,RapidGo,Wallet,
UB-001860,C00321,2025-07-25,Completed,Mobile App,Lahore,BlueLine,Card,APP5
UB-001861,C00207,2025-07-18,Completed,Web,Islamabad,SwiftEx,Bank Transfer,
UB-001862,C00980,2024-12-06,Completed,Marketplace,Islamabad,SwiftEx,Card,
UB-001863,C00439,2025-04-11,Completed,Web,Rawalpindi,SwiftEx,Cash on Delivery,
UB-001864,C01182,2024-05-25,Completed,Mobile App,Lahore,Store Pickup,Cash on Delivery,
UB-001865,C01322,2024-05-23,Completed,Web,Islamabad,SwiftEx,Card,
UB-001866,C00963,2024-06-27,Completed,Mobile App,Peshawar,RapidGo,Cash on Delivery,SAVE15
UB-001867,C01409,2025-10-27,Completed,Mobile App,Karachi,SwiftEx,Cash on Delivery,FREESHIP
UB-001868,C00253,2024-02-14,Completed,Web,Islamabad,RapidGo,Cash on Delivery,
UB-001869,C00864,2024-11-19,Completed,Mobile App,Islamabad,SwiftEx,Cash on Delivery,
UB-001870,C00919,2024-05-30,Completed,Mobile App,Faisalabad,RapidGo,Bank Transfer,
UB-001871,C00024,2024-04-13,Returned,Web,Lahore,SwiftEx,Card,APP5
UB-001872,C00101,2025-06-14,Completed,Mobile App,Faisalabad,SwiftEx,Cash on Delivery,
UB-001873,C01210,2025-06-26,Completed,Marketplace,Rawalpindi,RapidGo,Cash on Delivery,
UB-001874,C01224,2024-11-02,Cancelled,Mobile App,Karachi,RapidGo,Cash on Delivery,
UB-001875,C00053,2025-07-12,Completed,Web,Lahore,RapidGo,Card,
UB-001876,C00049,2024-12-07,Completed,Mobile App,Rawalpindi,RapidGo,Cash on Delivery,SAVE15
UB-001877,C00116,2024-02-03,Completed,Marketplace,Karachi,SwiftEx,Card,
UB-001878,C00986,2024-11-21,Completed,Web,Peshawar,BlueLine,Bank Transfer,
UB-001879,C01112,2025-08-05,Completed,Web,Faisalabad,RapidGo,Card,
UB-001880,C01004,2024-07-13,Completed,Web,Islamabad,SwiftEx,Cash on Delivery,
UB-001881,C00881,2024-11-22,Completed,Mobile App,Karachi,SwiftEx,Wallet,
UB-001882,C00751,2025-12-01,Completed,Web,Rawalpindi,RapidGo,Cash on Delivery,
UB-001883,C00333,2024-08-18,Completed,Web,Peshawar,SwiftEx,Wallet,FREESHIP
UB-001884,C01153,2025-01-04,Completed,Web,Lahore,SwiftEx,Cash on Delivery,
UB-001885,C00534,2025-04-21,Cancelled,Mobile App,Islamabad,Store Pickup,Cash on Delivery,
UB-001886,C01571,2024-04-16,Completed,Web,Islamabad,SwiftEx,Cash on Delivery,SAVE15
UB-001887,C01101,2025-01-02,Completed,Mobile App,Islamabad,BlueLine,Cash on Delivery,WELCOME10
UB-001888,C01544,2024-12-24,Completed,Mobile App,Lahore,Store Pickup,Cash on Delivery,
UB-001889,C01425,2025-05-27,Completed,Marketplace,Rawalpindi,RapidGo,Bank Transfer,
UB-001890,C01030,2025-05-04,Completed,Web,Karachi,SwiftEx,Cash on Delivery,
UB-001891,C00945,2025-12-08,Completed,Web,Rawalpindi,SwiftEx,Bank Transfer,
UB-001892,C01562,2025-12-21,Completed,Web,Lahore,BlueLine,Cash on Delivery,WELCOME10
UB-001893,C00476,2024-05-12,Completed,Web,Rawalpindi,RapidGo,Cash on Delivery,
UB-001894,C00074,2025-08-04,Completed,Web,Karachi,SwiftEx,Wallet,
UB-001895,C00780,2024-07-13,Completed,Mobile App,Karachi,BlueLine,Cash on Delivery,
UB-001896,C00410,2025-08-23,Completed,Marketplace,Islamabad,BlueLine,Card,
UB-001897,C01477,2025-06-29,Completed,Web,Peshawar,SwiftEx,Wallet,APP5
UB-001898,C00837,2025-11-13,Completed,Web,Karachi,Store Pickup,Wallet,
UB-001899,C01572,2025-06-16,Completed,Web,Islamabad,RapidGo,Card,
UB-001900,C00171,2024-04-30,Cancelled,Mobile App,Faisalabad,SwiftEx,Cash on Delivery,FREESHIP
UB-001901,C01151,2024-04-02,Completed,Mobile App,Karachi,RapidGo,Wallet,
UB-001902,C01579,2025-08-29,Completed,Mobile App,Rawalpindi,Store Pickup,Wallet,
UB-001903,C01309,2024-08-16,Completed,Web,Rawalpindi,SwiftEx,Cash on Delivery,
UB-001904,C00598,2025-07-13,Completed,Marketplace,Lahore,BlueLine,Card,
UB-001905,C00642,2025-03-02,Completed,Mobile App,Islamabad,RapidGo,Wallet,FREESHIP
UB-001906,C00897,2025-12-16,Completed,Web,Karachi,RapidGo,Bank Transfer,
UB-001907,C00673,2025-10-27,Completed,Mobile App,Lahore,SwiftEx,Cash on Delivery,SAVE15
UB-001908,C00861,2025-01-30,Completed,Mobile App,Faisalabad,RapidGo,Wallet,APP5
UB-001909,C01300,2025-07-30,Completed,Web,Islamabad,BlueLine,Bank Transfer,
UB-001910,C00680,2024-03-09,Returned,Web,Rawalpindi,BlueLine,Cash on Delivery,
UB-001911,C00418,2025-12-10,Completed,Mobile App,Islamabad,BlueLine,Cash on Delivery,
UB-001912,C00816,2024-08-01,Returned,Mobile App,Faisalabad,BlueLine,Bank Transfer,
UB-001913,C00562,2024-11-30,Completed,Web,Karachi,SwiftEx,Bank Transfer,
UB-001914,C01269,2025-09-13,Completed,Web,Islamabad,SwiftEx,Cash on Delivery,
UB-001915,C00836,2025-08-08,Completed,Mobile App,Karachi,SwiftEx,Bank Transfer,
UB-001916,C00030,2024-02-04,Completed,Web,Islamabad,SwiftEx,Bank Transfer,APP5
UB-001917,C00612,2025-10-23,Completed,Web,Islamabad,RapidGo,Cash on Delivery,
UB-001918,C01263,2025-04-13,Completed,Web,Rawalpindi,SwiftEx,Cash on Delivery,
UB-001919,C01444,2024-11-13,Completed,Marketplace,Peshawar,SwiftEx,Cash on Delivery,
UB-001920,C01401,2024-04-28,Completed,Mobile App,Karachi,SwiftEx,Card,
UB-001921,C01522,2025-11-08,Completed,Mobile App,Islamabad,Store Pickup,Cash on Delivery,
UB-001922,C01272,2025-10-14,Completed,Web,Islamabad,RapidGo,Card,
UB-001923,C01088,2024-10-04,Cancelled,Mobile App,Karachi,RapidGo,Cash on Delivery,
UB-001924,C00888,2024-12-08,Completed,Mobile App,Lahore,SwiftEx,Bank Transfer,
UB-001925,C01554,2024-11-23,Completed,Mobile App,Rawalpindi,BlueLine,Bank Transfer,
UB-001926,C01251,2024-11-21,Completed,Mobile App,Rawalpindi,BlueLine,Bank Transfer,
UB-001927,C00784,2024-07-12,Completed,Web,Karachi,Store Pickup,Cash on Delivery,
UB-001928,C00085,2024-02-25,Completed,Web,Faisalabad,SwiftEx,Bank Transfer,
UB-001929,C01112,2024-02-27,Completed,Web,Faisalabad,BlueLine,Card,
UB-001930,C01515,2025-12-27,Returned,Web,Rawalpindi,BlueLine,Wallet,
UB-001931,C01358,2025-02-23,Completed,Web,Faisalabad,BlueLine,Wallet,
UB-001932,C00770,2025-04-19,Completed,Web,Rawalpindi,RapidGo,Card,
UB-001933,C01552,2025-08-19,Completed,Mobile App,Rawalpindi,Store Pickup,Wallet,
UB-001934,C00181,2025-03-31,Completed,Web,Rawalpindi,RapidGo,Card,
UB-001935,C01341,2025-09-11,Completed,Mobile App,Rawalpindi,Store Pickup,Cash on Delivery,
UB-001936,C00992,2025-07-21,Completed,Mobile App,Islamabad,SwiftEx,Cash on Delivery,FREESHIP
UB-001937,C00978,2025-10-05,Completed,Web,Islamabad,SwiftEx,Cash on Delivery,FREESHIP
UB-001938,C00609,2024-01-22,Completed,Mobile App,Islamabad,BlueLine,Wallet,
UB-001939,C01518,2024-03-05,Completed,Web,Islamabad,SwiftEx,Wallet,SAVE15
UB-001940,C00613,2025-04-18,Completed,Web,Islamabad,Store Pickup,Cash on Delivery,
UB-001941,C01551,2025-08-31,Completed,Mobile App,Islamabad,Store Pickup,Bank Transfer,APP5
UB-001942,C01514,2024-03-05,Completed,Web,Lahore,BlueLine,Card,APP5
UB-001943,C00849,2025-06-20,Completed,Web,Lahore,SwiftEx,Card,
UB-001944,C00540,2024-09-15,Completed,Web,Karachi,RapidGo,Wallet,WELCOME10
UB-001945,C00500,2025-10-16,Completed,Mobile App,Rawalpindi,SwiftEx,Cash on Delivery,
UB-001946,C01302,2025-04-20,Completed,Web,Islamabad,RapidGo,Card,
UB-001947,C01065,2024-03-23,Completed,Web,Islamabad,Store Pickup,Wallet,
UB-001948,C00959,2025-04-28,Completed,Web,Rawalpindi,Store Pickup,Card,
UB-001949,C00526,2024-11-03,Completed,Web,Lahore,Store Pickup,Cash on Delivery,
UB-001950,C01165,2025-12-30,Completed,Web,Rawalpindi,RapidGo,Cash on Delivery,
UB-001951,C00302,2024-06-29,Completed,Web,Islamabad,SwiftEx,Bank Transfer,
UB-001952,C01420,2025-04-15,Completed,Mobile App,Lahore,SwiftEx,Cash on Delivery,SAVE15
UB-001953,C01108,2024-03-19,Completed,Mobile App,Rawalpindi,SwiftEx,Cash on Delivery,
UB-001954,C00617,2025-05-03,Completed,Web,Lahore,RapidGo,Wallet,APP5
UB-001955,C00675,2025-04-15,Completed,Mobile App,Islamabad,BlueLine,Bank Transfer,
UB-001956,C00992,2025-03-23,Completed,Web,Islamabad,SwiftEx,Bank Transfer,
UB-001957,C01458,2025-04-23,Completed,Web,Lahore,SwiftEx,Card,
UB-001958,C00912,2025-03-28,Completed,Web,Islamabad,BlueLine,Cash on Delivery,
UB-001959,C01575,2025-09-02,Completed,Mobile App,Peshawar,SwiftEx,Wallet,SAVE15
UB-001960,C00786,2024-08-16,Completed,Web,Karachi,Store Pickup,Cash on Delivery,
UB-001961,C00325,2025-12-16,Completed,Web,Rawalpindi,Store Pickup,Wallet,
UB-001962,C00820,2024-06-13,Completed,Web,Islamabad,Store Pickup,Wallet,APP5
UB-001963,C00524,2024-08-10,Completed,Mobile App,Rawalpindi,BlueLine,Wallet,
UB-001964,C00394,2024-04-28,Completed,Mobile App,Karachi,SwiftEx,Wallet,
UB-001965,C00583,2024-03-23,Completed,Web,Karachi,Store Pickup,Bank Transfer,WELCOME10
UB-001966,C00079,2025-08-10,Completed,Mobile App,Rawalpindi,SwiftEx,Wallet,APP5
UB-001967,C00602,2025-01-05,Completed,Web,Faisalabad,SwiftEx,Bank Transfer,
UB-001968,C00974,2024-12-20,Completed,Mobile App,Rawalpindi,SwiftEx,Card,
UB-001969,C00860,2025-12-12,Cancelled,Mobile App,Peshawar,SwiftEx,Cash on Delivery,SAVE15
UB-001970,C01125,2025-08-18,Completed,Web,Karachi,SwiftEx,Card,WELCOME10
UB-001971,C01576,2025-11-30,Completed,Marketplace,Islamabad,RapidGo,Card,
UB-001972,C01112,2024-03-30,Completed,Web,Faisalabad,BlueLine,Cash on Delivery,
UB-001973,C00680,2024-07-28,Completed,Mobile App,Rawalpindi,SwiftEx,Cash on Delivery,WELCOME10
UB-001974,C00677,2024-02-22,Completed,Mobile App,Lahore,SwiftEx,Card,APP5
UB-001975,C00346,2024-07-14,Returned,Marketplace,Islamabad,RapidGo,Card,FREESHIP
UB-001976,C00986,2024-10-15,Completed,Web,Peshawar,SwiftEx,Cash on Delivery,
UB-001977,C00387,2025-01-03,Completed,Web,Peshawar,SwiftEx,Card,
UB-001978,C00143,2024-05-07,Completed,Mobile App,Faisalabad,RapidGo,Cash on Delivery,APP5
UB-001979,C01127,2025-09-13,Completed,Web,Karachi,Store Pickup,Card,
UB-001980,C00198,2025-04-29,Cancelled,Mobile App,Rawalpindi,RapidGo,Cash on Delivery,
UB-001981,C00103,2025-08-05,Completed,Web,Rawalpindi,RapidGo,Card,FREESHIP
UB-001982,C00765,2025-08-08,Completed,Mobile App,Karachi,RapidGo,Cash on Delivery,
UB-001983,C01290,2024-07-29,Completed,Web,Rawalpindi,RapidGo,Card,SAVE15
UB-001984,C00664,2025-06-09,Completed,Mobile App,Rawalpindi,SwiftEx,Cash on Delivery,APP5
UB-001985,C01165,2024-10-28,Completed,Web,Rawalpindi,RapidGo,Wallet,WELCOME10
UB-001986,C00969,2025-06-27,Completed,Web,Islamabad,RapidGo,Card,
UB-001987,C00314,2024-07-27,Completed,Marketplace,Islamabad,BlueLine,Cash on Delivery,
UB-001988,C00769,2024-09-07,Completed,Web,Islamabad,RapidGo,Bank Transfer,
UB-001989,C00579,2025-12-23,Completed,Mobile App,Islamabad,BlueLine,Bank Transfer,
UB-001990,C00751,2025-02-13,Completed,Marketplace,Rawalpindi,BlueLine,Card,
UB-001991,C00412,2024-01-06,Cancelled,Mobile App,Faisalabad,BlueLine,Cash on Delivery,
UB-001992,C01416,2025-08-27,Completed,Mobile App,Rawalpindi,RapidGo,Cash on Delivery,
UB-001993,C01241,2024-09-20,Completed,Web,Lahore,RapidGo,Card,SAVE15
UB-001994,C00622,2024-03-13,Completed,Web,Rawalpindi,RapidGo,Cash on Delivery,SAVE15
UB-001995,C00889,2025-11-26,Completed,Web,Peshawar,BlueLine,Cash on Delivery,
UB-001996,C00885,2025-07-21,Completed,Marketplace,Lahore,BlueLine,Bank Transfer,SAVE15
UB-001997,C01543,2025-04-20,Completed,Marketplace,Islamabad,Store Pickup,Wallet,
UB-001998,C01102,2024-01-24,Completed,Mobile App,Islamabad,RapidGo,Cash on Delivery,
UB-001999,C01007,2024-04-13,Completed,Web,Islamabad,RapidGo,Card,WELCOME10
UB-002000,C01360,2024-08-06,Completed,Marketplace,Karachi,BlueLine,Bank Transfer,WELCOME10
UB-002001,C00218,2024-01-24,Completed,Web,Karachi,SwiftEx,Card,
UB-002002,C00194,2024-02-23,Completed,Web,Rawalpindi,RapidGo,Bank Transfer,
UB-002003,C00333,2025-11-03,Completed,Web,Peshawar,SwiftEx,Bank Transfer,
UB-002004,C00072,2025-04-06,Completed,Web,Faisalabad,SwiftEx,Card,
UB-002005,C00495,2025-04-24,Returned,Mobile App,Karachi,SwiftEx,Wallet,WELCOME10
UB-002006,C00303,2025-11-16,Completed,Marketplace,Karachi,SwiftEx,Cash on Delivery,
UB-002007,C00912,2025-11-28,Completed,Mobile App,Islamabad,SwiftEx,Bank Transfer,
UB-002008,C00967,2025-06-09,Completed,Web,Islamabad,RapidGo,Cash on Delivery,
UB-002009,C01444,2025-09-21,Completed,Web,Peshawar,Store Pickup,Card,
UB-002010,C00643,2024-10-03,Completed,Mobile App,Faisalabad,Store Pickup,Cash on Delivery,FREESHIP
UB-002011,C01053,2024-04-25,Completed,Web,Lahore,BlueLine,Wallet,WELCOME10
UB-002012,C00916,2024-10-30,Completed,Mobile App,Lahore,BlueLine,Card,APP5
UB-002013,C01463,2024-09-19,Completed,Web,Rawalpindi,RapidGo,Card,
UB-002014,C01285,2025-01-13,Completed,Mobile App,Rawalpindi,RapidGo,Wallet,
UB-002015,C00312,2025-03-22,Completed,Mobile App,Rawalpindi,BlueLine,Wallet,
UB-002016,C00685,2024-08-12,Completed,Mobile App,Karachi,RapidGo,Cash on Delivery,FREESHIP
UB-002017,C00456,2024-08-08,Completed,Mobile App,Karachi,Store Pickup,Cash on Delivery,FREESHIP
UB-002018,C00594,2025-10-07,Completed,Web,Faisalabad,BlueLine,Bank Transfer,
UB-002019,C00967,2024-10-04,Returned,Web,Islamabad,BlueLine,Card,SAVE15
UB-002020,C00040,2024-12-27,Completed,Mobile App,Islamabad,Store Pickup,Cash on Delivery,
UB-002021,C00207,2025-11-29,Completed,Mobile App,Islamabad,SwiftEx,Wallet,
UB-002022,C01454,2024-03-24,Cancelled,Mobile App,Islamabad,BlueLine,Cash on Delivery,
UB-002023,C01028,2025-05-20,Completed,Mobile App,Faisalabad,BlueLine,Cash on Delivery,
UB-002024,C01103,2025-06-02,Completed,Mobile App,Karachi,BlueLine,Card,FREESHIP
UB-002025,C01422,2025-10-29,Completed,Mobile App,Islamabad,BlueLine,Bank Transfer,
UB-002026,C01191,2025-01-28,Completed,Web,Rawalpindi,SwiftEx,Cash on Delivery,WELCOME10
UB-002027,C01328,2024-08-16,Completed,Marketplace,Islamabad,Store Pickup,Cash on Delivery,
UB-002028,C00127,2025-08-16,Completed,Mobile App,Karachi,BlueLine,Cash on Delivery,
UB-002029,C01107,2025-10-14,Returned,Web,Peshawar,RapidGo,Cash on Delivery,
UB-002030,C01459,2024-01-21,Completed,Mobile App,Rawalpindi,RapidGo,Wallet,
UB-002031,C01127,2024-08-16,Completed,Mobile App,Karachi,RapidGo,Cash on Delivery,
UB-002032,C00610,2025-12-08,Completed,Web,Faisalabad,SwiftEx,Wallet,SAVE15
UB-002033,C00737,2025-04-18,Completed,Web,Islamabad,Store Pickup,Cash on Delivery,
UB-002034,C01381,2025-06-25,Completed,Web,Karachi,SwiftEx,Cash on Delivery,
UB-002035,C00062,2025-05-27,Completed,Mobile App,Peshawar,RapidGo,Wallet,
UB-002036,C00448,2024-01-28,Completed,Web,Peshawar,SwiftEx,Cash on Delivery,
UB-002037,C01295,2024-06-08,Completed,Mobile App,Rawalpindi,SwiftEx,Wallet,
UB-002038,C01552,2025-01-09,Completed,Mobile App,Rawalpindi,RapidGo,Wallet,
UB-002039,C00718,2025-02-04,Completed,Web,Faisalabad,Store Pickup,Bank Transfer,
UB-002040,C00348,2024-12-31,Completed,Mobile App,Islamabad,BlueLine,Wallet,FREESHIP
UB-002041,C00762,2025-11-24,Completed,Web,Lahore,BlueLine,Cash on Delivery,APP5
UB-002042,C00519,2024-11-24,Completed,Mobile App,Islamabad,SwiftEx,Cash on Delivery,APP5
UB-002043,C00706,2025-07-11,Completed,Web,Peshawar,Store Pickup,Card,
UB-002044,C01281,2025-05-04,Completed,Mobile App,Islamabad,SwiftEx,Wallet,
UB-002045,C00813,2024-06-28,Completed,Web,Islamabad,BlueLine,Wallet,
UB-002046,C00571,2025-05-14,Returned,Web,Islamabad,RapidGo,Cash on Delivery,FREESHIP
UB-002047,C01037,2024-05-08,Completed,Mobile App,Islamabad,RapidGo,Cash on Delivery,
UB-002048,C01146,2024-10-23,Completed,Mobile App,Islamabad,BlueLine,Card,WELCOME10
UB-002049,C00788,2024-01-11,Returned,Web,Islamabad,RapidGo,Bank Transfer,
UB-002050,C01006,2024-02-26,Completed,Marketplace,Peshawar,Store Pickup,Card,APP5
UB-002051,C00706,2025-09-25,Completed,Web,Peshawar,RapidGo,Wallet,FREESHIP
UB-002052,C01600,2024-02-17,Completed,Mobile App,Rawalpindi,BlueLine,Cash on Delivery,WELCOME10
UB-002053,C00849,2024-03-28,Completed,Mobile App,Lahore,SwiftEx,Card,APP5
UB-002054,C00937,2024-03-04,Completed,Web,Rawalpindi,SwiftEx,Bank Transfer,APP5
UB-002055,C00611,2024-02-17,Completed,Marketplace,Lahore,SwiftEx,Cash on Delivery,
UB-002056,C01004,2025-01-28,Completed,Mobile App,Islamabad,BlueLine,Cash on Delivery,
UB-002057,C01267,2024-07-03,Completed,Mobile App,Karachi,SwiftEx,Cash on Delivery,
UB-002058,C01599,2025-10-04,Completed,Web,Rawalpindi,RapidGo,Cash on Delivery,
UB-002059,C01319,2024-01-08,Completed,Web,Karachi,SwiftEx,Cash on Delivery,
UB-002060,C01589,2025-07-19,Completed,Web,Lahore,SwiftEx,Cash on Delivery,SAVE15
UB-002061,C00168,2024-07-21,Completed,Mobile App,Faisalabad,BlueLine,Card,
UB-002062,C01506,2024-12-31,Completed,Mobile App,Rawalpindi,Store Pickup,Cash on Delivery,SAVE15
UB-002063,C00986,2024-01-26,Completed,Web,Peshawar,SwiftEx,Cash on Delivery,
UB-002064,C00257,2025-06-30,Completed,Mobile App,Lahore,RapidGo,Cash on Delivery,
UB-002065,C00288,2024-10-04,Completed,Web,Lahore,RapidGo,Card,SAVE15
UB-002066,C01373,2025-10-02,Completed,Web,Karachi,Store Pickup,Bank Transfer,
UB-002067,C00255,2025-07-23,Completed,Web,Karachi,BlueLine,Card,WELCOME10
UB-002068,C00368,2025-10-13,Cancelled,Mobile App,Karachi,BlueLine,Cash on Delivery,
UB-002069,C00479,2025-07-31,Completed,Mobile App,Rawalpindi,Store Pickup,Card,SAVE15
UB-002070,C01204,2024-04-30,Cancelled,Web,Faisalabad,SwiftEx,Cash on Delivery,
UB-002071,C00646,2025-03-31,Completed,Marketplace,Rawalpindi,SwiftEx,Cash on Delivery,
UB-002072,C00366,2025-04-11,Completed,Mobile App,Karachi,BlueLine,Cash on Delivery,
UB-002073,C00044,2024-05-16,Completed,Web,Karachi,SwiftEx,Bank Transfer,APP5
UB-002074,C00328,2024-10-28,Completed,Mobile App,Faisalabad,SwiftEx,Cash on Delivery,SAVE15
UB-002075,C00382,2025-12-01,Cancelled,Web,Rawalpindi,SwiftEx,Card,
UB-002076,C01222,2024-03-29,Completed,Web,Peshawar,RapidGo,Card,FREESHIP
UB-002077,C00133,2025-02-16,Completed,Mobile App,Rawalpindi,SwiftEx,Cash on Delivery,APP5
UB-002078,C01431,2025-11-30,Completed,Web,Islamabad,SwiftEx,Wallet,WELCOME10
UB-002079,C00243,2024-02-22,Completed,Mobile App,Karachi,RapidGo,Cash on Delivery,WELCOME10
UB-002080,C00582,2025-07-17,Completed,Web,Karachi,BlueLine,Card,
UB-002081,C00537,2025-05-03,Returned,Web,Faisalabad,BlueLine,Bank Transfer,SAVE15
UB-002082,C01349,2025-11-01,Completed,Mobile App,Islamabad,SwiftEx,Cash on Delivery,
UB-002083,C00864,2025-12-19,Completed,Mobile App,Islamabad,BlueLine,Cash on Delivery,
UB-002084,C00801,2025-02-06,Completed,Mobile App,Faisalabad,RapidGo,Wallet,
UB-002085,C01409,2025-11-05,Completed,Mobile App,Karachi,BlueLine,Card,
UB-002086,C00594,2025-01-24,Completed,Marketplace,Faisalabad,RapidGo,Card,
UB-002087,C01396,2024-08-28,Completed,Web,Islamabad,BlueLine,Cash on Delivery,
UB-002088,C00437,2025-06-23,Cancelled,Mobile App,Karachi,BlueLine,Cash on Delivery,
UB-002089,C01573,2024-04-09,Completed,Web,Peshawar,Store Pickup,Wallet,FREESHIP
UB-002090,C01079,2024-06-03,Cancelled,Mobile App,Islamabad,SwiftEx,Card,
UB-002091,C01333,2025-11-09,Completed,Mobile App,Rawalpindi,BlueLine,Cash on Delivery,
UB-002092,C00759,2024-09-21,Completed,Mobile App,Rawalpindi,Store Pickup,Card,FREESHIP
UB-002093,C00055,2025-01-05,Returned,Mobile App,Karachi,RapidGo,Cash on Delivery,APP5
UB-002094,C00709,2024-06-01,Completed,Web,Rawalpindi,SwiftEx,Cash on Delivery,APP5
UB-002095,C01490,2025-10-10,Completed,Web,Karachi,RapidGo,Card,
UB-002096,C00166,2024-03-01,Completed,Mobile App,Lahore,SwiftEx,Cash on Delivery,WELCOME10
UB-002097,C00641,2025-07-07,Completed,Web,Karachi,BlueLine,Wallet,
UB-002098,C01533,2025-07-20,Completed,Web,Islamabad,SwiftEx,Card,
UB-002099,C01408,2025-06-02,Completed,Web,Islamabad,SwiftEx,Card,
UB-002100,C00400,2025-05-05,Completed,Mobile App,Islamabad,BlueLine,Wallet,
UB-002101,C01409,2025-10-31,Completed,Web,Karachi,BlueLine,Card,
UB-002102,C00493,2024-11-04,Completed,Web,Karachi,Store Pickup,Cash on Delivery,
UB-002103,C00029,2025-10-27,Completed,Mobile App,Karachi,RapidGo,Bank Transfer,APP5
UB-002104,C00188,2024-08-26,Completed,Web,Islamabad,RapidGo,Cash on Delivery,
UB-002105,C00812,2025-12-28,Completed,Mobile App,Lahore,RapidGo,Card,WELCOME10
UB-002106,C00833,2024-01-25,Completed,Mobile App,Lahore,SwiftEx,Wallet,SAVE15
UB-002107,C01438,2024-07-07,Completed,Mobile App,Lahore,BlueLine,Wallet,SAVE15
UB-002108,C01243,2025-01-29,Completed,Web,Islamabad,BlueLine,Cash on Delivery,
UB-002109,C01079,2025-08-22,Completed,Web,Islamabad,RapidGo,Card,
UB-002110,C01436,2025-08-25,Completed,Web,Rawalpindi,SwiftEx,Cash on Delivery,APP5
UB-002111,C00803,2024-01-27,Completed,Mobile App,Islamabad,BlueLine,Card,
UB-002112,C00401,2024-05-23,Completed,Mobile App,Islamabad,SwiftEx,Cash on Delivery,
UB-002113,C00093,2025-10-22,Completed,Web,Peshawar,SwiftEx,Cash on Delivery,
UB-002114,C01033,2024-03-26,Completed,Mobile App,Faisalabad,RapidGo,Card,WELCOME10
UB-002115,C01164,2025-04-25,Completed,Mobile App,Islamabad,BlueLine,Wallet,
UB-002116,C00407,2025-03-17,Completed,Mobile App,Rawalpindi,SwiftEx,Card,SAVE15
UB-002117,C00385,2025-04-04,Completed,Mobile App,Karachi,RapidGo,Cash on Delivery,
UB-002118,C00902,2024-07-28,Completed,Web,Islamabad,SwiftEx,Card,
UB-002119,C01441,2024-03-17,Completed,Mobile App,Rawalpindi,Store Pickup,Cash on Delivery,
UB-002120,C00127,2025-05-18,Completed,Web,Karachi,RapidGo,Card,
UB-002121,C00695,2024-09-21,Completed,Mobile App,Islamabad,SwiftEx,Cash on Delivery,FREESHIP
UB-002122,C01542,2025-11-16,Completed,Mobile App,Islamabad,SwiftEx,Card,APP5
UB-002123,C00432,2024-05-01,Completed,Web,Rawalpindi,RapidGo,Card,
UB-002124,C00898,2024-05-28,Completed,Mobile App,Islamabad,BlueLine,Wallet,
UB-002125,C01542,2025-11-10,Completed,Web,Islamabad,RapidGo,Card,
UB-002126,C00655,2024-04-11,Completed,Marketplace,Rawalpindi,SwiftEx,Wallet,SAVE15
UB-002127,C01107,2025-04-12,Completed,Marketplace,Peshawar,BlueLine,Cash on Delivery,
UB-002128,C00931,2025-08-08,Completed,Web,Faisalabad,RapidGo,Wallet,
UB-002129,C00241,2024-02-21,Completed,Mobile App,Karachi,SwiftEx,Card,
UB-002130,C01374,2025-06-14,Returned,Mobile App,Lahore,SwiftEx,Cash on Delivery,
UB-002131,C00449,2024-10-12,Completed,Mobile App,Islamabad,RapidGo,Cash on Delivery,
UB-002132,C01384,2024-11-07,Completed,Marketplace,Peshawar,BlueLine,Cash on Delivery,
UB-002133,C00464,2024-02-21,Completed,Web,Rawalpindi,SwiftEx,Cash on Delivery,SAVE15
UB-002134,C00901,2024-01-09,Completed,Mobile App,Karachi,SwiftEx,Cash on Delivery,
UB-002135,C00150,2025-06-05,Completed,Mobile App,Rawalpindi,BlueLine,Cash on Delivery,
UB-002136,C01197,2025-12-27,Cancelled,Mobile App,Lahore,Store Pickup,Card,SAVE15
UB-002137,C00601,2025-05-27,Completed,Mobile App,Islamabad,BlueLine,Card,
UB-002138,C00981,2025-12-25,Completed,Mobile App,Rawalpindi,BlueLine,Wallet,WELCOME10
UB-002139,C00312,2024-01-18,Completed,Web,Rawalpindi,BlueLine,Wallet,
UB-002140,C01409,2024-08-17,Completed,Web,Karachi,Store Pickup,Cash on Delivery,
UB-002141,C01230,2024-10-13,Completed,Mobile App,Rawalpindi,Store Pickup,Cash on Delivery,FREESHIP
UB-002142,C01163,2025-04-28,Returned,Web,Islamabad,BlueLine,Cash on Delivery,WELCOME10
UB-002143,C00383,2024-02-20,Completed,Web,Rawalpindi,SwiftEx,Cash on Delivery,
UB-002144,C00860,2025-10-29,Completed,Web,Peshawar,BlueLine,Wallet,
UB-002145,C01580,2025-05-02,Completed,Mobile App,Lahore,BlueLine,Card,
UB-002146,C01012,2025-07-16,Completed,Web,Karachi,SwiftEx,Cash on Delivery,
UB-002147,C00669,2024-10-09,Completed,Web,Rawalpindi,Store Pickup,Card,APP5
UB-002148,C00191,2024-10-31,Completed,Marketplace,Rawalpindi,RapidGo,Bank Transfer,
UB-002149,C00516,2024-06-24,Completed,Marketplace,Rawalpindi,RapidGo,Wallet,APP5
UB-002150,C00319,2024-03-13,Completed,Web,Peshawar,RapidGo,Wallet,SAVE15
UB-002151,C01510,2024-04-13,Completed,Marketplace,Rawalpindi,SwiftEx,Cash on Delivery,
UB-002152,C00779,2025-09-19,Completed,Web,Karachi,RapidGo,Card,
UB-002153,C01332,2025-08-03,Completed,Mobile App,Islamabad,SwiftEx,Bank Transfer,SAVE15
UB-002154,C00130,2024-10-07,Completed,Mobile App,Rawalpindi,RapidGo,Cash on Delivery,SAVE15
UB-002155,C00820,2025-12-30,Cancelled,Mobile App,Islamabad,BlueLine,Wallet,
UB-002156,C00558,2024-05-14,Returned,Mobile App,Lahore,RapidGo,Cash on Delivery,
UB-002157,C00513,2024-06-15,Completed,Marketplace,Peshawar,Store Pickup,Cash on Delivery,
UB-002158,C01003,2024-01-08,Completed,Marketplace,Lahore,BlueLine,Cash on Delivery,
UB-002159,C01528,2025-10-01,Completed,Web,Karachi,BlueLine,Cash on Delivery,
UB-002160,C01010,2025-01-08,Completed,Web,Islamabad,SwiftEx,Cash on Delivery,
UB-002161,C00706,2025-01-13,Completed,Web,Peshawar,SwiftEx,Wallet,SAVE15
UB-002162,C00376,2024-11-12,Completed,Mobile App,Rawalpindi,BlueLine,Cash on Delivery,
UB-002163,C01011,2025-04-28,Completed,Web,Islamabad,SwiftEx,Cash on Delivery,APP5
UB-002164,C01206,2025-01-12,Completed,Mobile App,Faisalabad,RapidGo,Wallet,
UB-002165,C00285,2025-08-17,Completed,Mobile App,Karachi,Store Pickup,Card,SAVE15
UB-002166,C00803,2025-01-27,Completed,Web,Islamabad,BlueLine,Cash on Delivery,
UB-002167,C01349,2024-04-11,Completed,Web,Islamabad,RapidGo,Cash on Delivery,
UB-002168,C00091,2024-07-25,Completed,Web,Lahore,RapidGo,Cash on Delivery,
UB-002169,C00597,2024-03-11,Completed,Mobile App,Peshawar,RapidGo,Bank Transfer,
UB-002170,C01231,2024-06-24,Completed,Web,Peshawar,RapidGo,Cash on Delivery,
UB-002171,C01334,2024-07-15,Completed,Web,Faisalabad,BlueLine,Card,
UB-002172,C01054,2025-03-01,Completed,Mobile App,Islamabad,RapidGo,Cash on Delivery,WELCOME10
UB-002173,C00388,2025-08-12,Completed,Web,Faisalabad,RapidGo,Wallet,APP5
UB-002174,C00072,2024-09-19,Completed,Marketplace,Faisalabad,BlueLine,Cash on Delivery,WELCOME10
UB-002175,C00248,2024-05-19,Completed,Mobile App,Rawalpindi,BlueLine,Cash on Delivery,FREESHIP
UB-002176,C00902,2024-05-03,Completed,Mobile App,Islamabad,BlueLine,Cash on Delivery,
UB-002177,C00364,2025-08-03,Completed,Web,Karachi,SwiftEx,Bank Transfer,
UB-002178,C01328,2025-01-30,Completed,Mobile App,Islamabad,RapidGo,Card,
UB-002179,C01471,2025-04-04,Completed,Web,Karachi,BlueLine,Card,
UB-002180,C01182,2025-02-16,Completed,Web,Lahore,RapidGo,Bank Transfer,WELCOME10
UB-002181,C00963,2025-03-17,Completed,Web,Peshawar,BlueLine,Cash on Delivery,
UB-002182,C00398,2024-11-04,Completed,Mobile App,Rawalpindi,BlueLine,Wallet,
UB-002183,C00863,2024-03-03,Returned,Marketplace,Karachi,RapidGo,Cash on Delivery,
UB-002184,C01255,2025-07-18,Completed,Web,Peshawar,BlueLine,Cash on Delivery,
UB-002185,C00315,2025-05-31,Completed,Mobile App,Lahore,SwiftEx,Card,
UB-002186,C01345,2025-08-19,Completed,Mobile App,Lahore,SwiftEx,Card,
UB-002187,C01476,2025-03-04,Completed,Mobile App,Rawalpindi,SwiftEx,Bank Transfer,WELCOME10
UB-002188,C00447,2024-10-24,Completed,Web,Rawalpindi,Store Pickup,Cash on Delivery,
UB-002189,C01287,2025-06-25,Returned,Mobile App,Karachi,BlueLine,Wallet,
UB-002190,C01381,2025-08-02,Completed,Mobile App,Karachi,SwiftEx,Cash on Delivery,FREESHIP
UB-002191,C00825,2024-09-06,Completed,Mobile App,Faisalabad,BlueLine,Cash on Delivery,
UB-002192,C01033,2024-01-14,Returned,Mobile App,Faisalabad,RapidGo,Cash on Delivery,
UB-002193,C01122,2025-04-16,Cancelled,Web,Rawalpindi,SwiftEx,Cash on Delivery,
UB-002194,C00386,2025-09-18,Completed,Mobile App,Lahore,BlueLine,Card,
UB-002195,C00179,2024-01-11,Completed,Mobile App,Islamabad,BlueLine,Wallet,
UB-002196,C01039,2024-05-16,Completed,Marketplace,Peshawar,Store Pickup,Cash on Delivery,
UB-002197,C01298,2024-12-15,Completed,Mobile App,Rawalpindi,SwiftEx,Wallet,
UB-002198,C00803,2025-06-25,Completed,Web,Islamabad,BlueLine,Wallet,FREESHIP
UB-002199,C01132,2024-08-20,Completed,Web,Rawalpindi,SwiftEx,Wallet,
UB-002200,C00693,2025-10-17,Completed,Web,Lahore,BlueLine,Cash on Delivery,FREESHIP
UB-002201,C00203,2025-11-21,Completed,Web,Islamabad,SwiftEx,Cash on Delivery,SAVE15
UB-002202,C00911,2024-05-12,Completed,Mobile App,Islamabad,BlueLine,Card,APP5
UB-002203,C00764,2025-08-01,Completed,Web,Islamabad,RapidGo,Bank Transfer,APP5
UB-002204,C00620,2025-04-29,Completed,Marketplace,Rawalpindi,RapidGo,Cash on Delivery,WELCOME10
UB-002205,C01535,2025-12-24,Completed,Mobile App,Karachi,SwiftEx,Bank Transfer,APP5
UB-002206,C00258,2024-05-26,Completed,Web,Rawalpindi,Store Pickup,Wallet,
UB-002207,C00697,2024-11-03,Cancelled,Web,Islamabad,Store Pickup,Wallet,FREESHIP
UB-002208,C00559,2024-10-27,Completed,Web,Islamabad,SwiftEx,Card,
UB-002209,C01444,2024-07-27,Completed,Web,Peshawar,BlueLine,Card,SAVE15
UB-002210,C00658,2025-09-27,Completed,Mobile App,Faisalabad,BlueLine,Cash on Delivery,WELCOME10
UB-002211,C01173,2025-03-25,Completed,Mobile App,Peshawar,BlueLine,Cash on Delivery,
UB-002212,C01016,2025-07-30,Completed,Web,Lahore,BlueLine,Card,
UB-002213,C01249,2025-04-10,Completed,Mobile App,Faisalabad,RapidGo,Bank Transfer,APP5
UB-002214,C01244,2025-05-07,Completed,Web,Peshawar,Store Pickup,Cash on Delivery,SAVE15
UB-002215,C01567,2024-07-23,Returned,Mobile App,Karachi,SwiftEx,Cash on Delivery,
UB-002216,C01325,2025-03-15,Completed,Mobile App,Rawalpindi,RapidGo,Card,FREESHIP
UB-002217,C01325,2025-02-11,Completed,Mobile App,Rawalpindi,SwiftEx,Cash on Delivery,SAVE15
UB-002218,C01279,2025-10-09,Completed,Mobile App,Islamabad,BlueLine,Cash on Delivery,APP5
UB-002219,C01248,2024-03-10,Completed,Mobile App,Peshawar,BlueLine,Bank Transfer,
UB-002220,C01515,2025-09-30,Completed,Mobile App,Rawalpindi,SwiftEx,Card,
UB-002221,C00961,2025-11-15,Completed,Web,Rawalpindi,Store Pickup,Wallet,
UB-002222,C00154,2024-10-31,Completed,Mobile App,Rawalpindi,SwiftEx,Card,
UB-002223,C01431,2024-02-27,Completed,Web,Islamabad,SwiftEx,Cash on Delivery,SAVE15
UB-002224,C00036,2024-08-16,Completed,Mobile App,Karachi,SwiftEx,Cash on Delivery,
UB-002225,C00005,2025-11-19,Completed,Web,Islamabad,BlueLine,Cash on Delivery,SAVE15
UB-002226,C00395,2024-10-25,Completed,Web,Lahore,BlueLine,Card,SAVE15
UB-002227,C00463,2025-01-27,Completed,Mobile App,Islamabad,RapidGo,Cash on Delivery,FREESHIP
UB-002228,C00750,2024-04-12,Completed,Mobile App,Islamabad,Store Pickup,Card,FREESHIP
UB-002229,C00396,2025-05-25,Completed,Web,Islamabad,SwiftEx,Bank Transfer,WELCOME10
UB-002230,C00225,2025-02-09,Completed,Web,Lahore,SwiftEx,Wallet,
UB-002231,C01285,2025-03-13,Completed,Mobile App,Rawalpindi,RapidGo,Card,WELCOME10
UB-002232,C01270,2025-06-01,Completed,Web,Peshawar,Store Pickup,Wallet,SAVE15
UB-002233,C00019,2024-04-11,Returned,Web,Islamabad,BlueLine,Wallet,SAVE15
UB-002234,C00525,2025-05-29,Completed,Web,Rawalpindi,BlueLine,Cash on Delivery,SAVE15
UB-002235,C01557,2025-05-19,Completed,Web,Faisalabad,SwiftEx,Wallet,
UB-002236,C00683,2024-03-12,Completed,Web,Lahore,BlueLine,Wallet,
UB-002237,C00347,2025-03-29,Completed,Mobile App,Karachi,SwiftEx,Cash on Delivery,
UB-002238,C01245,2025-11-01,Completed,Mobile App,Karachi,RapidGo,Bank Transfer,WELCOME10
UB-002239,C00845,2024-06-22,Completed,Mobile App,Islamabad,RapidGo,Cash on Delivery,
UB-002240,C00816,2024-07-11,Completed,Mobile App,Faisalabad,BlueLine,Wallet,
UB-002241,C00130,2025-07-15,Completed,Mobile App,Rawalpindi,SwiftEx,Wallet,APP5
UB-002242,C00044,2024-10-30,Completed,Web,Karachi,RapidGo,Card,
UB-002243,C00224,2025-12-11,Completed,Web,Rawalpindi,Store Pickup,Cash on Delivery,
UB-002244,C01589,2025-10-13,Completed,Mobile App,Lahore,BlueLine,Card,WELCOME10
UB-002245,C00446,2024-11-15,Completed,Mobile App,Karachi,SwiftEx,Bank Transfer,
UB-002246,C00205,2024-01-23,Completed,Web,Lahore,BlueLine,Cash on Delivery,
UB-002247,C01116,2025-08-11,Completed,Mobile App,Lahore,SwiftEx,Wallet,SAVE15
UB-002248,C00520,2025-09-02,Completed,Web,Rawalpindi,RapidGo,Card,SAVE15
UB-002249,C00057,2024-05-17,Completed,Web,Islamabad,SwiftEx,Wallet,
UB-002250,C00190,2024-06-13,Completed,Mobile App,Rawalpindi,RapidGo,Bank Transfer,SAVE15
UB-002251,C01242,2024-09-14,Returned,Mobile App,Faisalabad,RapidGo,Cash on Delivery,
UB-002252,C00582,2025-08-08,Completed,Web,Karachi,RapidGo,Bank Transfer,WELCOME10
UB-002253,C00693,2025-10-29,Completed,Web,Lahore,SwiftEx,Wallet,
UB-002254,C00043,2025-05-27,Completed,Mobile App,Faisalabad,Store Pickup,Cash on Delivery,WELCOME10
UB-002255,C00699,2024-09-01,Completed,Web,Rawalpindi,RapidGo,Cash on Delivery,FREESHIP
UB-002256,C01294,2025-10-29,Completed,Mobile App,Lahore,SwiftEx,Card,
UB-002257,C00658,2025-03-13,Completed,Mobile App,Faisalabad,SwiftEx,Cash on Delivery,SAVE15
UB-002258,C00708,2025-03-05,Completed,Mobile App,Rawalpindi,SwiftEx,Card,
UB-002259,C00058,2024-03-14,Completed,Web,Rawalpindi,SwiftEx,Wallet,
UB-002260,C00966,2024-10-10,Completed,Mobile App,Peshawar,RapidGo,Card,
UB-002261,C00741,2025-10-20,Completed,Web,Karachi,Store Pickup,Cash on Delivery,
UB-002262,C00750,2024-07-27,Completed,Mobile App,Islamabad,Store Pickup,Card,WELCOME10
UB-002263,C01485,2025-03-03,Completed,Web,Lahore,RapidGo,Cash on Delivery,
UB-002264,C01095,2025-06-12,Completed,Web,Islamabad,Store Pickup,Card,
UB-002265,C01048,2024-05-06,Completed,Marketplace,Rawalpindi,SwiftEx,Cash on Delivery,FREESHIP
UB-002266,C01468,2024-09-20,Completed,Web,Rawalpindi,SwiftEx,Cash on Delivery,FREESHIP
UB-002267,C00897,2025-04-04,Completed,Mobile App,Karachi,RapidGo,Cash on Delivery,
UB-002268,C01491,2025-01-05,Completed,Web,Lahore,BlueLine,Card,
UB-002269,C00963,2025-12-06,Completed,Web,Peshawar,BlueLine,Cash on Delivery,WELCOME10
UB-002270,C00188,2025-12-29,Completed,Web,Islamabad,BlueLine,Cash on Delivery,
UB-002271,C00593,2024-06-21,Completed,Mobile App,Rawalpindi,SwiftEx,Bank Transfer,WELCOME10
UB-002272,C01315,2024-10-26,Returned,Mobile App,Faisalabad,Store Pickup,Card,
UB-002273,C00181,2024-06-28,Completed,Marketplace,Rawalpindi,SwiftEx,Cash on Delivery,FREESHIP
UB-002274,C00032,2024-10-05,Completed,Mobile App,Rawalpindi,RapidGo,Bank Transfer,FREESHIP
UB-002275,C01057,2024-03-09,Completed,Web,Karachi,BlueLine,Cash on Delivery,
UB-002276,C00735,2024-06-18,Completed,Web,Karachi,SwiftEx,Card,
UB-002277,C00263,2024-07-31,Completed,Marketplace,Karachi,BlueLine,Wallet,FREESHIP
UB-002278,C00077,2024-08-03,Completed,Marketplace,Lahore,SwiftEx,Cash on Delivery,WELCOME10
UB-002279,C01419,2025-06-20,Completed,Mobile App,Islamabad,BlueLine,Cash on Delivery,
UB-002280,C01321,2024-07-10,Completed,Mobile App,Lahore,SwiftEx,Card,SAVE15
UB-002281,C01390,2025-07-19,Completed,Web,Islamabad,RapidGo,Cash on Delivery,APP5
UB-002282,C01309,2024-06-23,Completed,Mobile App,Rawalpindi,SwiftEx,Card,FREESHIP
UB-002283,C00135,2024-05-26,Returned,Mobile App,Lahore,SwiftEx,Wallet,
UB-002284,C01021,2025-09-20,Completed,Web,Karachi,BlueLine,Card,FREESHIP
UB-002285,C00229,2025-11-18,Completed,Web,Peshawar,RapidGo,Bank Transfer,FREESHIP
UB-002286,C00228,2025-07-19,Completed,Web,Karachi,RapidGo,Wallet,
UB-002287,C01217,2024-12-12,Completed,Mobile App,Rawalpindi,SwiftEx,Card,
UB-002288,C00248,2025-05-15,Returned,Web,Rawalpindi,Store Pickup,Cash on Delivery,
UB-002289,C01300,2025-11-24,Completed,Mobile App,Islamabad,SwiftEx,Cash on Delivery,
UB-002290,C01513,2024-01-25,Completed,Mobile App,Lahore,SwiftEx,Card,
UB-002291,C01540,2025-11-28,Completed,Marketplace,Islamabad,SwiftEx,Cash on Delivery,
UB-002292,C01288,2024-09-27,Completed,Mobile App,Islamabad,RapidGo,Card,WELCOME10
UB-002293,C01201,2024-09-25,Cancelled,Web,Islamabad,Store Pickup,Bank Transfer,
UB-002294,C01545,2025-02-27,Completed,Web,Islamabad,BlueLine,Bank Transfer,
UB-002295,C00745,2025-03-10,Completed,Mobile App,Lahore,SwiftEx,Cash on Delivery,
UB-002296,C00400,2024-08-15,Completed,Mobile App,Islamabad,Store Pickup,Cash on Delivery,APP5
UB-002297,C00518,2024-04-02,Completed,Web,Lahore,BlueLine,Bank Transfer,
UB-002298,C00400,2025-10-19,Completed,Web,Islamabad,BlueLine,Card,WELCOME10
UB-002299,C00229,2025-11-22,Completed,Mobile App,Peshawar,BlueLine,Bank Transfer,
UB-002300,C00487,2025-06-03,Completed,Web,Rawalpindi,RapidGo,Cash on Delivery,SAVE15
UB-002301,C00427,2025-10-05,Completed,Mobile App,Karachi,SwiftEx,Cash on Delivery,APP5
UB-002302,C01190,2024-03-06,Completed,Web,Islamabad,RapidGo,Card,
UB-002303,C01287,2024-06-21,Completed,Mobile App,Karachi,SwiftEx,Card,FREESHIP
UB-002304,C01109,2025-12-29,Completed,Web,Lahore,Store Pickup,Cash on Delivery,APP5
UB-002305,C01539,2025-09-28,Completed,Mobile App,Lahore,Store Pickup,Bank Transfer,
UB-002306,C00127,2025-11-25,Completed,Marketplace,Karachi,RapidGo,Wallet,
UB-002307,C00931,2024-08-17,Completed,Mobile App,Faisalabad,BlueLine,Bank Transfer,
UB-002308,C01420,2024-08-15,Completed,Web,Lahore,BlueLine,Cash on Delivery,
UB-002309,C00546,2025-06-14,Completed,Marketplace,Rawalpindi,RapidGo,Cash on Delivery,FREESHIP
UB-002310,C01151,2024-08-17,Completed,Mobile App,Karachi,RapidGo,Card,
UB-002311,C00142,2025-04-25,Completed,Web,Faisalabad,SwiftEx,Cash on Delivery,
UB-002312,C01325,2024-06-27,Completed,Web,Rawalpindi,BlueLine,Cash on Delivery,APP5
UB-002313,C01236,2024-06-24,Completed,Web,Islamabad,Store Pickup,Wallet,
UB-002314,C01028,2025-04-14,Returned,Mobile App,Faisalabad,BlueLine,Cash on Delivery,
UB-002315,C00139,2025-03-13,Completed,Mobile App,Karachi,BlueLine,Cash on Delivery,
UB-002316,C00039,2024-06-25,Completed,Web,Islamabad,BlueLine,Card,
UB-002317,C00454,2025-08-16,Completed,Mobile App,Faisalabad,SwiftEx,Card,
UB-002318,C00405,2025-01-13,Completed,Mobile App,Islamabad,Store Pickup,Card,
UB-002319,C00401,2025-11-25,Completed,Web,Islamabad,BlueLine,Card,
UB-002320,C01485,2024-09-26,Completed,Web,Lahore,BlueLine,Cash on Delivery,WELCOME10
UB-002321,C00835,2025-08-16,Completed,Mobile App,Rawalpindi,SwiftEx,Cash on Delivery,
UB-002322,C01515,2025-11-11,Completed,Mobile App,Rawalpindi,RapidGo,Cash on Delivery,APP5
UB-002323,C00134,2025-11-17,Completed,Mobile App,Islamabad,SwiftEx,Cash on Delivery,FREESHIP
UB-002324,C01170,2025-02-17,Completed,Mobile App,Islamabad,SwiftEx,Card,
UB-002325,C00386,2024-06-08,Completed,Mobile App,Lahore,Store Pickup,Cash on Delivery,APP5
UB-002326,C00329,2025-04-05,Completed,Web,Lahore,SwiftEx,Bank Transfer,
UB-002327,C01505,2024-10-13,Completed,Web,Lahore,RapidGo,Cash on Delivery,
UB-002328,C01237,2025-01-26,Completed,Marketplace,Islamabad,BlueLine,Wallet,
UB-002329,C01322,2025-07-19,Completed,Mobile App,Islamabad,BlueLine,Card,FREESHIP
UB-002330,C01239,2025-12-01,Completed,Mobile App,Faisalabad,SwiftEx,Wallet,APP5
UB-002331,C00372,2025-08-30,Completed,Web,Peshawar,SwiftEx,Wallet,
UB-002332,C01413,2025-07-23,Completed,Marketplace,Islamabad,Store Pickup,Cash on Delivery,
UB-002333,C01385,2024-10-30,Completed,Mobile App,Karachi,SwiftEx,Bank Transfer,
UB-002334,C01288,2024-03-28,Completed,Mobile App,Islamabad,SwiftEx,Cash on Delivery,
UB-002335,C00063,2024-11-10,Completed,Mobile App,Karachi,RapidGo,Wallet,FREESHIP
UB-002336,C01597,2024-07-03,Completed,Web,Rawalpindi,RapidGo,Cash on Delivery,
UB-002337,C01451,2024-04-08,Cancelled,Marketplace,Rawalpindi,SwiftEx,Wallet,
UB-002338,C01132,2024-02-28,Completed,Web,Rawalpindi,BlueLine,Card,APP5
UB-002339,C01121,2025-05-29,Completed,Web,Lahore,SwiftEx,Cash on Delivery,APP5
UB-002340,C00822,2025-08-10,Cancelled,Mobile App,Islamabad,Store Pickup,Wallet,
UB-002341,C00455,2024-04-27,Completed,Web,Peshawar,BlueLine,Wallet,
UB-002342,C01269,2024-03-10,Completed,Web,Islamabad,RapidGo,Cash on Delivery,
UB-002343,C00317,2025-03-16,Completed,Web,Faisalabad,BlueLine,Cash on Delivery,
UB-002344,C00581,2025-09-17,Completed,Web,Faisalabad,Store Pickup,Card,APP5
UB-002345,C00669,2025-06-04,Completed,Mobile App,Rawalpindi,Store Pickup,Wallet,SAVE15
UB-002346,C01013,2024-02-13,Completed,Mobile App,Rawalpindi,Store Pickup,Cash on Delivery,
UB-002347,C00501,2025-01-21,Completed,Web,Lahore,BlueLine,Cash on Delivery,SAVE15
UB-002348,C00634,2025-03-31,Completed,Mobile App,Peshawar,SwiftEx,Cash on Delivery,
UB-002349,C01484,2024-10-30,Completed,Mobile App,Islamabad,SwiftEx,Bank Transfer,
UB-002350,C01575,2025-07-29,Completed,Mobile App,Peshawar,Store Pickup,Card,
UB-002351,C00796,2024-06-19,Completed,Mobile App,Rawalpindi,BlueLine,Card,FREESHIP
UB-002352,C01099,2024-03-23,Completed,Mobile App,Rawalpindi,SwiftEx,Cash on Delivery,APP5
UB-002353,C00629,2025-08-25,Completed,Mobile App,Rawalpindi,Store Pickup,Cash on Delivery,SAVE15
UB-002354,C01281,2025-05-24,Completed,Mobile App,Islamabad,BlueLine,Cash on Delivery,
UB-002355,C01166,2025-06-20,Completed,Mobile App,Lahore,Store Pickup,Cash on Delivery,
UB-002356,C00063,2025-03-06,Completed,Mobile App,Karachi,RapidGo,Cash on Delivery,WELCOME10
UB-002357,C00511,2024-11-16,Completed,Web,Islamabad,RapidGo,Card,APP5
UB-002358,C00762,2024-09-07,Completed,Web,Lahore,SwiftEx,Cash on Delivery,
UB-002359,C00809,2024-12-16,Completed,Mobile App,Islamabad,RapidGo,Wallet,SAVE15
UB-002360,C00250,2024-09-21,Completed,Mobile App,Rawalpindi,Store Pickup,Card,WELCOME10
UB-002361,C01193,2025-05-04,Completed,Mobile App,Lahore,RapidGo,Card,SAVE15
UB-002362,C00259,2025-05-28,Completed,Mobile App,Peshawar,SwiftEx,Cash on Delivery,
UB-002363,C00524,2024-06-21,Cancelled,Marketplace,Rawalpindi,RapidGo,Cash on Delivery,FREESHIP
UB-002364,C00256,2025-07-27,Completed,Web,Islamabad,Store Pickup,Cash on Delivery,
UB-002365,C00488,2024-03-15,Completed,Mobile App,Lahore,BlueLine,Wallet,
UB-002366,C00973,2025-04-05,Completed,Mobile App,Karachi,BlueLine,Card,
UB-002367,C01097,2024-04-08,Completed,Mobile App,Islamabad,RapidGo,Cash on Delivery,FREESHIP
UB-002368,C01269,2025-01-01,Completed,Mobile App,Islamabad,RapidGo,Card,
UB-002369,C00799,2025-08-31,Completed,Web,Islamabad,SwiftEx,Wallet,WELCOME10
UB-002370,C00297,2025-10-03,Returned,Web,Rawalpindi,Store Pickup,Card,
UB-002371,C00528,2025-09-02,Completed,Mobile App,Karachi,BlueLine,Card,
UB-002372,C01577,2025-11-16,Completed,Web,Islamabad,SwiftEx,Cash on Delivery,
UB-002373,C01223,2024-11-25,Completed,Mobile App,Lahore,BlueLine,Wallet,
UB-002374,C00356,2025-01-14,Completed,Mobile App,Rawalpindi,SwiftEx,Cash on Delivery,
UB-002375,C00233,2024-03-06,Completed,Mobile App,Islamabad,RapidGo,Wallet,APP5
UB-002376,C01099,2024-09-11,Completed,Web,Rawalpindi,RapidGo,Wallet,APP5
UB-002377,C00321,2025-08-19,Completed,Mobile App,Lahore,Store Pickup,Cash on Delivery,WELCOME10
UB-002378,C01093,2025-11-24,Completed,Web,Karachi,SwiftEx,Cash on Delivery,
UB-002379,C00556,2025-05-17,Completed,Web,Faisalabad,BlueLine,Card,SAVE15
UB-002380,C00151,2024-10-28,Completed,Mobile App,Peshawar,BlueLine,Bank Transfer,
UB-002381,C01121,2025-05-04,Completed,Web,Lahore,BlueLine,Bank Transfer,
UB-002382,C01078,2025-07-10,Completed,Mobile App,Islamabad,SwiftEx,Cash on Delivery,
UB-002383,C00196,2025-06-12,Completed,Mobile App,Karachi,Store Pickup,Cash on Delivery,
UB-002384,C01251,2025-04-23,Completed,Web,Rawalpindi,BlueLine,Cash on Delivery,
UB-002385,C00448,2025-05-14,Completed,Mobile App,Peshawar,Store Pickup,Wallet,
UB-002386,C00784,2025-07-01,Returned,Web,Karachi,BlueLine,Wallet,
UB-002387,C00885,2024-03-19,Completed,Web,Lahore,SwiftEx,Cash on Delivery,WELCOME10
UB-002388,C00065,2025-10-17,Completed,Mobile App,Lahore,Store Pickup,Card,
UB-002389,C00001,2024-09-05,Completed,Mobile App,Rawalpindi,RapidGo,Cash on Delivery,FREESHIP
UB-002390,C00539,2025-12-07,Completed,Marketplace,Islamabad,RapidGo,Cash on Delivery,FREESHIP
UB-002391,C01025,2024-10-15,Completed,Mobile App,Rawalpindi,SwiftEx,Cash on Delivery,
UB-002392,C00042,2024-09-06,Completed,Web,Lahore,Store Pickup,Cash on Delivery,FREESHIP
UB-002393,C00680,2025-10-24,Completed,Web,Rawalpindi,Store Pickup,Cash on Delivery,SAVE15
UB-002394,C00216,2024-10-27,Completed,Web,Peshawar,RapidGo,Card,
UB-002395,C01176,2024-06-24,Completed,Web,Lahore,Store Pickup,Cash on Delivery,FREESHIP
UB-002396,C01056,2024-01-08,Completed,Web,Islamabad,BlueLine,Card,SAVE15
UB-002397,C01292,2025-04-05,Cancelled,Web,Lahore,BlueLine,Card,
UB-002398,C01364,2025-03-23,Completed,Mobile App,Lahore,BlueLine,Card,
UB-002399,C01360,2024-01-06,Completed,Web,Karachi,RapidGo,Cash on Delivery,
UB-002400,C00137,2024-04-04,Completed,Web,Rawalpindi,SwiftEx,Bank Transfer,FREESHIP
UB-002401,C01081,2024-08-27,Completed,Mobile App,Faisalabad,SwiftEx,Wallet,
UB-002402,C00295,2024-02-27,Returned,Mobile App,Islamabad,BlueLine,Cash on Delivery,
UB-002403,C00556,2024-10-24,Completed,Mobile App,Faisalabad,BlueLine,Cash on Delivery,WELCOME10
UB-002404,C01580,2025-01-11,Completed,Mobile App,Lahore,BlueLine,Bank Transfer,
UB-002405,C00694,2025-01-18,Completed,Marketplace,Rawalpindi,BlueLine,Cash on Delivery,
UB-002406,C01118,2025-05-09,Completed,Marketplace,Faisalabad,SwiftEx,Wallet,APP5
UB-002407,C01540,2025-12-20,Completed,Web,Islamabad,Store Pickup,Cash on Delivery,
UB-002408,C01397,2024-11-26,Completed,Mobile App,Islamabad,BlueLine,Cash on Delivery,
UB-002409,C00776,2024-01-12,Completed,Marketplace,Lahore,BlueLine,Card,APP5
UB-002410,C00341,2025-10-02,Completed,Marketplace,Rawalpindi,SwiftEx,Card,
UB-002411,C01264,2025-04-06,Completed,Web,Peshawar,RapidGo,Cash on Delivery,
UB-002412,C00712,2025-02-25,Completed,Mobile App,Karachi,BlueLine,Cash on Delivery,FREESHIP
UB-002413,C00850,2025-11-09,Completed,Web,Peshawar,BlueLine,Card,SAVE15
UB-002414,C01322,2025-11-18,Completed,Mobile App,Islamabad,SwiftEx,Card,
UB-002415,C01052,2025-06-22,Completed,Mobile App,Islamabad,Store Pickup,Cash on Delivery,
UB-002416,C01394,2024-04-22,Cancelled,Mobile App,Rawalpindi,SwiftEx,Card,APP5
UB-002417,C01034,2024-09-29,Completed,Mobile App,Lahore,BlueLine,Cash on Delivery,
UB-002418,C00717,2024-03-08,Completed,Mobile App,Rawalpindi,BlueLine,Wallet,
UB-002419,C00632,2025-06-21,Completed,Mobile App,Rawalpindi,RapidGo,Cash on Delivery,FREESHIP
UB-002420,C00411,2025-07-29,Completed,Mobile App,Karachi,SwiftEx,Wallet,WELCOME10
UB-002421,C00567,2025-06-04,Completed,Marketplace,Lahore,RapidGo,Bank Transfer,
UB-002422,C00355,2024-04-01,Cancelled,Mobile App,Islamabad,Store Pickup,Cash on Delivery,
UB-002423,C01152,2024-09-06,Completed,Mobile App,Lahore,SwiftEx,Cash on Delivery,FREESHIP
UB-002424,C00827,2024-03-05,Completed,Marketplace,Faisalabad,SwiftEx,Card,SAVE15
UB-002425,C00189,2024-07-17,Completed,Web,Rawalpindi,RapidGo,Card,
UB-002426,C00836,2024-07-09,Completed,Mobile App,Karachi,SwiftEx,Bank Transfer,APP5
UB-002427,C01386,2025-04-06,Completed,Mobile App,Karachi,SwiftEx,Cash on Delivery,
UB-002428,C00358,2024-09-17,Completed,Marketplace,Rawalpindi,RapidGo,Bank Transfer,APP5
UB-002429,C00102,2025-06-13,Completed,Web,Karachi,BlueLine,Cash on Delivery,APP5
UB-002430,C01565,2024-01-26,Completed,Mobile App,Lahore,Store Pickup,Cash on Delivery,
UB-002431,C00861,2024-09-17,Completed,Mobile App,Faisalabad,SwiftEx,Cash on Delivery,
UB-002432,C01052,2024-01-21,Completed,Mobile App,Islamabad,SwiftEx,Wallet,
UB-002433,C01048,2025-10-08,Completed,Mobile App,Rawalpindi,BlueLine,Cash on Delivery,
UB-002434,C00178,2025-10-17,Completed,Marketplace,Lahore,SwiftEx,Cash on Delivery,
UB-002435,C00438,2025-02-25,Returned,Web,Islamabad,BlueLine,Card,FREESHIP
UB-002436,C00919,2025-07-28,Completed,Web,Faisalabad,SwiftEx,Cash on Delivery,
UB-002437,C00512,2024-11-04,Completed,Mobile App,Lahore,BlueLine,Bank Transfer,WELCOME10
UB-002438,C00911,2024-12-27,Completed,Web,Islamabad,SwiftEx,Cash on Delivery,
UB-002439,C00895,2025-04-13,Completed,Mobile App,Rawalpindi,BlueLine,Wallet,SAVE15
UB-002440,C00425,2024-11-12,Completed,Web,Faisalabad,SwiftEx,Card,APP5
UB-002441,C00547,2024-12-18,Completed,Web,Lahore,SwiftEx,Bank Transfer,
UB-002442,C00839,2024-03-25,Returned,Web,Islamabad,RapidGo,Cash on Delivery,
UB-002443,C00836,2024-07-08,Completed,Mobile App,Karachi,BlueLine,Wallet,
UB-002444,C00146,2025-05-25,Completed,Mobile App,Faisalabad,BlueLine,Wallet,FREESHIP
UB-002445,C00293,2025-10-10,Completed,Web,Rawalpindi,SwiftEx,Card,WELCOME10
UB-002446,C00029,2024-06-18,Completed,Mobile App,Karachi,SwiftEx,Card,
UB-002447,C00076,2024-05-21,Completed,Web,Rawalpindi,SwiftEx,Card,
UB-002448,C01216,2024-12-04,Completed,Mobile App,Rawalpindi,BlueLine,Cash on Delivery,WELCOME10
UB-002449,C00693,2025-04-16,Completed,Marketplace,Lahore,RapidGo,Card,
UB-002450,C01137,2024-08-06,Completed,Mobile App,Peshawar,RapidGo,Cash on Delivery,SAVE15
UB-002451,C01531,2025-11-25,Completed,Web,Islamabad,RapidGo,Cash on Delivery,
UB-002452,C00101,2025-03-04,Completed,Mobile App,Faisalabad,BlueLine,Wallet,
UB-002453,C00521,2024-02-03,Completed,Web,Peshawar,BlueLine,Card,
UB-002454,C01087,2025-02-10,Completed,Web,Lahore,BlueLine,Bank Transfer,
UB-002455,C00368,2024-07-11,Completed,Web,Karachi,BlueLine,Cash on Delivery,
UB-002456,C00480,2025-02-21,Completed,Web,Peshawar,BlueLine,Cash on Delivery,SAVE15
UB-002457,C00319,2025-11-22,Completed,Web,Peshawar,RapidGo,Bank Transfer,WELCOME10
UB-002458,C00387,2025-10-07,Completed,Web,Peshawar,BlueLine,Cash on Delivery,
UB-002459,C00353,2024-04-08,Completed,Mobile App,Peshawar,SwiftEx,Card,APP5
UB-002460,C00903,2025-11-27,Returned,Mobile App,Peshawar,SwiftEx,Wallet,
UB-002461,C01515,2025-01-03,Completed,Mobile App,Rawalpindi,BlueLine,Card,FREESHIP
UB-002462,C01536,2025-02-27,Completed,Mobile App,Karachi,BlueLine,Cash on Delivery,
UB-002463,C01230,2025-12-06,Completed,Web,Rawalpindi,SwiftEx,Card,
UB-002464,C01411,2025-05-02,Completed,Marketplace,Faisalabad,SwiftEx,Card,APP5
UB-002465,C00504,2024-04-21,Completed,Web,Islamabad,Store Pickup,Card,
UB-002466,C00642,2025-11-19,Completed,Mobile App,Islamabad,BlueLine,Card,SAVE15
UB-002467,C00112,2024-02-20,Completed,Marketplace,Islamabad,BlueLine,Card,APP5
UB-002468,C00817,2024-06-12,Completed,Web,Faisalabad,BlueLine,Card,
UB-002469,C00053,2024-07-23,Completed,Marketplace,Lahore,SwiftEx,Wallet,APP5
UB-002470,C00003,2025-11-23,Completed,Web,Islamabad,BlueLine,Card,APP5
UB-002471,C00280,2024-04-17,Completed,Web,Islamabad,Store Pickup,Wallet,
UB-002472,C01129,2024-06-21,Completed,Mobile App,Karachi,SwiftEx,Wallet,APP5
UB-002473,C01492,2024-01-03,Completed,Mobile App,Lahore,BlueLine,Cash on Delivery,
UB-002474,C01291,2024-01-06,Completed,Mobile App,Karachi,RapidGo,Cash on Delivery,
UB-002475,C00037,2024-12-22,Completed,Mobile App,Rawalpindi,BlueLine,Bank Transfer,
UB-002476,C01386,2025-12-04,Returned,Marketplace,Karachi,BlueLine,Card,
UB-002477,C00596,2024-12-15,Completed,Web,Rawalpindi,SwiftEx,Cash on Delivery,WELCOME10
UB-002478,C00742,2024-11-05,Completed,Mobile App,Karachi,RapidGo,Card,SAVE15
UB-002479,C00161,2025-12-19,Completed,Web,Rawalpindi,SwiftEx,Wallet,
UB-002480,C01320,2024-06-20,Completed,Mobile App,Rawalpindi,RapidGo,Card,
UB-002481,C00473,2025-11-02,Completed,Marketplace,Rawalpindi,RapidGo,Card,WELCOME10
UB-002482,C00920,2025-08-01,Completed,Mobile App,Rawalpindi,SwiftEx,Cash on Delivery,
UB-002483,C01254,2024-01-02,Completed,Web,Islamabad,SwiftEx,Wallet,FREESHIP
UB-002484,C00494,2024-07-15,Completed,Marketplace,Faisalabad,Store Pickup,Cash on Delivery,
UB-002485,C00505,2024-11-20,Completed,Marketplace,Rawalpindi,SwiftEx,Wallet,
UB-002486,C01125,2025-09-08,Completed,Marketplace,Karachi,BlueLine,Card,
UB-002487,C00413,2024-05-22,Completed,Web,Islamabad,RapidGo,Card,
UB-002488,C00777,2024-02-07,Completed,Web,Rawalpindi,Store Pickup,Cash on Delivery,
UB-002489,C00954,2024-09-30,Completed,Mobile App,Islamabad,SwiftEx,Cash on Delivery,
UB-002490,C00232,2024-06-26,Completed,Mobile App,Karachi,RapidGo,Bank Transfer,
UB-002491,C01074,2024-09-12,Completed,Web,Faisalabad,SwiftEx,Cash on Delivery,APP5
UB-002492,C00081,2025-03-02,Completed,Web,Karachi,RapidGo,Cash on Delivery,SAVE15
UB-002493,C00367,2025-01-22,Completed,Web,Rawalpindi,Store Pickup,Wallet,
UB-002494,C00263,2025-04-29,Returned,Mobile App,Karachi,BlueLine,Cash on Delivery,
UB-002495,C00312,2024-03-22,Completed,Web,Rawalpindi,SwiftEx,Cash on Delivery,APP5
UB-002496,C00253,2024-12-19,Completed,Web,Islamabad,Store Pickup,Wallet,APP5
UB-002497,C00913,2025-11-21,Completed,Web,Islamabad,BlueLine,Cash on Delivery,
UB-002498,C00280,2024-06-23,Completed,Web,Islamabad,SwiftEx,Cash on Delivery,APP5
UB-002499,C01002,2025-01-31,Completed,Mobile App,Rawalpindi,BlueLine,Cash on Delivery,
UB-002500,C01051,2025-09-28,Completed,Web,Peshawar,Store Pickup,Card,
UB-002501,C00180,2024-05-15,Completed,Mobile App,Rawalpindi,BlueLine,Cash on Delivery,
UB-002502,C00101,2025-11-05,Completed,Marketplace,Faisalabad,BlueLine,Cash on Delivery,
UB-002503,C01113,2024-11-05,Completed,Mobile App,Islamabad,Store Pickup,Cash on Delivery,SAVE15
UB-002504,C01098,2024-02-16,Completed,Mobile App,Rawalpindi,RapidGo,Card,
UB-002505,C00251,2025-09-05,Completed,Mobile App,Rawalpindi,Store Pickup,Bank Transfer,
UB-002506,C00940,2024-07-01,Cancelled,Mobile App,Islamabad,SwiftEx,Card,
UB-002507,C00165,2024-11-03,Completed,Mobile App,Faisalabad,BlueLine,Cash on Delivery,
UB-002508,C00658,2025-05-05,Completed,Web,Faisalabad,SwiftEx,Wallet,
UB-002509,C01185,2025-01-20,Completed,Marketplace,Faisalabad,SwiftEx,Wallet,
UB-002510,C00647,2025-07-31,Completed,Marketplace,Rawalpindi,RapidGo,Cash on Delivery,
UB-002511,C00970,2025-09-14,Completed,Mobile App,Islamabad,Store Pickup,Cash on Delivery,
UB-002512,C01367,2025-07-04,Completed,Web,Karachi,SwiftEx,Cash on Delivery,WELCOME10
UB-002513,C00485,2024-04-25,Completed,Mobile App,Islamabad,RapidGo,Card,
UB-002514,C01131,2024-06-15,Returned,Mobile App,Rawalpindi,RapidGo,Cash on Delivery,WELCOME10
UB-002515,C00011,2025-11-28,Completed,Mobile App,Lahore,BlueLine,Cash on Delivery,WELCOME10
UB-002516,C01042,2024-05-16,Completed,Marketplace,Lahore,SwiftEx,Card,FREESHIP
UB-002517,C00469,2025-12-02,Completed,Mobile App,Faisalabad,BlueLine,Cash on Delivery,
UB-002518,C00674,2024-11-03,Completed,Mobile App,Islamabad,SwiftEx,Card,SAVE15
UB-002519,C01106,2024-07-07,Completed,Mobile App,Rawalpindi,BlueLine,Wallet,APP5
UB-002520,C00283,2024-09-11,Completed,Mobile App,Islamabad,BlueLine,Card,FREESHIP
UB-002521,C00049,2024-08-12,Completed,Web,Rawalpindi,BlueLine,Cash on Delivery,
UB-002522,C00842,2024-11-02,Completed,Web,Faisalabad,SwiftEx,Cash on Delivery,SAVE15
UB-002523,C01540,2025-04-01,Completed,Mobile App,Islamabad,BlueLine,Wallet,
UB-002524,C00756,2025-03-10,Completed,Web,Peshawar,RapidGo,Bank Transfer,
UB-002525,C00845,2025-10-22,Returned,Mobile App,Islamabad,RapidGo,Cash on Delivery,SAVE15
UB-002526,C01084,2024-12-25,Completed,Web,Faisalabad,RapidGo,Cash on Delivery,WELCOME10
UB-002527,C01146,2024-06-15,Completed,Web,Islamabad,BlueLine,Card,SAVE15
UB-002528,C00666,2024-05-22,Completed,Mobile App,Lahore,BlueLine,Cash on Delivery,
UB-002529,C00435,2024-11-01,Completed,Marketplace,Peshawar,RapidGo,Cash on Delivery,
UB-002530,C01322,2024-03-02,Completed,Mobile App,Islamabad,RapidGo,Cash on Delivery,
UB-002531,C00661,2025-12-16,Completed,Mobile App,Karachi,RapidGo,Cash on Delivery,
UB-002532,C00817,2025-12-15,Completed,Mobile App,Faisalabad,SwiftEx,Card,
UB-002533,C00312,2025-12-09,Completed,Mobile App,Rawalpindi,SwiftEx,Card,
UB-002534,C00027,2024-04-22,Completed,Mobile App,Faisalabad,RapidGo,Cash on Delivery,
UB-002535,C00841,2025-05-31,Completed,Marketplace,Karachi,RapidGo,Wallet,
UB-002536,C00181,2024-10-22,Completed,Mobile App,Rawalpindi,BlueLine,Cash on Delivery,
UB-002537,C01596,2024-11-22,Completed,Mobile App,Rawalpindi,BlueLine,Wallet,FREESHIP
UB-002538,C01499,2024-02-22,Completed,Mobile App,Faisalabad,BlueLine,Cash on Delivery,APP5
UB-002539,C00355,2024-08-09,Completed,Marketplace,Islamabad,SwiftEx,Card,
UB-002540,C01443,2024-09-05,Completed,Mobile App,Lahore,BlueLine,Card,
UB-002541,C00356,2025-11-27,Completed,Marketplace,Rawalpindi,BlueLine,Cash on Delivery,
UB-002542,C01356,2025-10-01,Completed,Mobile App,Lahore,Store Pickup,Wallet,
UB-002543,C00019,2025-01-04,Completed,Web,Islamabad,SwiftEx,Wallet,APP5
UB-002544,C00407,2024-11-19,Completed,Mobile App,Rawalpindi,Store Pickup,Card,
UB-002545,C01001,2025-10-07,Completed,Mobile App,Lahore,RapidGo,Bank Transfer,SAVE15
UB-002546,C00669,2024-04-29,Completed,Web,Rawalpindi,Store Pickup,Card,FREESHIP
UB-002547,C00328,2025-08-18,Completed,Mobile App,Faisalabad,BlueLine,Cash on Delivery,WELCOME10
UB-002548,C00734,2025-05-17,Completed,Marketplace,Rawalpindi,BlueLine,Card,
UB-002549,C00252,2024-11-22,Completed,Mobile App,Peshawar,RapidGo,Cash on Delivery,
UB-002550,C01345,2024-10-23,Completed,Marketplace,Lahore,SwiftEx,Cash on Delivery,
UB-002551,C00430,2024-03-29,Completed,Mobile App,Peshawar,BlueLine,Card,SAVE15
UB-002552,C01251,2025-08-01,Completed,Mobile App,Rawalpindi,RapidGo,Cash on Delivery,
UB-002553,C00694,2024-11-07,Completed,Mobile App,Rawalpindi,SwiftEx,Bank Transfer,
UB-002554,C01250,2025-07-28,Completed,Web,Rawalpindi,BlueLine,Wallet,
UB-002555,C00460,2025-07-26,Completed,Web,Karachi,RapidGo,Cash on Delivery,APP5
UB-002556,C00214,2025-11-30,Returned,Mobile App,Lahore,Store Pickup,Cash on Delivery,
UB-002557,C00143,2025-12-18,Completed,Mobile App,Faisalabad,RapidGo,Bank Transfer,WELCOME10
UB-002558,C00115,2024-07-19,Completed,Mobile App,Faisalabad,SwiftEx,Cash on Delivery,
UB-002559,C00788,2024-11-26,Completed,Web,Islamabad,RapidGo,Bank Transfer,SAVE15
UB-002560,C01117,2024-01-24,Completed,Web,Rawalpindi,BlueLine,Cash on Delivery,FREESHIP
UB-002561,C01389,2025-09-22,Completed,Mobile App,Karachi,BlueLine,Card,
UB-002562,C00618,2025-06-16,Completed,Marketplace,Faisalabad,SwiftEx,Card,WELCOME10
UB-002563,C01264,2024-07-10,Completed,Mobile App,Peshawar,SwiftEx,Cash on Delivery,
UB-002564,C01319,2025-06-19,Completed,Mobile App,Karachi,BlueLine,Cash on Delivery,
UB-002565,C01027,2025-10-24,Completed,Mobile App,Karachi,BlueLine,Cash on Delivery,
UB-002566,C01049,2024-12-19,Completed,Web,Rawalpindi,RapidGo,Wallet,
UB-002567,C00607,2024-07-31,Completed,Web,Islamabad,BlueLine,Card,
UB-002568,C01180,2024-12-13,Cancelled,Mobile App,Rawalpindi,SwiftEx,Cash on Delivery,
UB-002569,C01338,2024-10-15,Completed,Web,Faisalabad,RapidGo,Bank Transfer,APP5
UB-002570,C00972,2025-05-26,Cancelled,Mobile App,Faisalabad,SwiftEx,Bank Transfer,WELCOME10
UB-002571,C01014,2025-06-18,Completed,Mobile App,Karachi,RapidGo,Cash on Delivery,
UB-002572,C00051,2024-02-14,Completed,Mobile App,Faisalabad,RapidGo,Wallet,
UB-002573,C00185,2025-09-19,Completed,Web,Karachi,SwiftEx,Cash on Delivery,
UB-002574,C00903,2025-11-29,Completed,Web,Peshawar,RapidGo,Cash on Delivery,
UB-002575,C01274,2024-05-28,Completed,Mobile App,Lahore,RapidGo,Wallet,
UB-002576,C00739,2024-02-20,Completed,Mobile App,Karachi,SwiftEx,Cash on Delivery,
UB-002577,C00777,2025-01-25,Completed,Web,Rawalpindi,BlueLine,Cash on Delivery,
UB-002578,C00567,2024-03-23,Cancelled,Web,Lahore,SwiftEx,Card,
UB-002579,C00745,2025-01-24,Completed,Web,Lahore,RapidGo,Bank Transfer,
UB-002580,C01306,2024-06-08,Completed,Web,Rawalpindi,RapidGo,Cash on Delivery,SAVE15
UB-002581,C00066,2025-10-04,Completed,Mobile App,Lahore,SwiftEx,Cash on Delivery,SAVE15
UB-002582,C00933,2024-11-23,Completed,Mobile App,Karachi,SwiftEx,Card,
UB-002583,C00134,2025-02-22,Completed,Mobile App,Islamabad,BlueLine,Cash on Delivery,
UB-002584,C00548,2025-06-25,Completed,Mobile App,Rawalpindi,RapidGo,Bank Transfer,
UB-002585,C01400,2024-08-06,Completed,Mobile App,Lahore,Store Pickup,Cash on Delivery,FREESHIP
UB-002586,C00846,2025-11-28,Completed,Mobile App,Faisalabad,BlueLine,Card,
UB-002587,C00596,2024-03-31,Completed,Mobile App,Rawalpindi,SwiftEx,Cash on Delivery,APP5
UB-002588,C00855,2024-08-13,Cancelled,Mobile App,Rawalpindi,SwiftEx,Card,
UB-002589,C00370,2024-12-12,Returned,Web,Faisalabad,SwiftEx,Cash on Delivery,FREESHIP
UB-002590,C00526,2024-03-20,Cancelled,Web,Lahore,RapidGo,Bank Transfer,
UB-002591,C00789,2024-02-12,Cancelled,Mobile App,Peshawar,Store Pickup,Card,
UB-002592,C00752,2025-01-14,Completed,Mobile App,Islamabad,SwiftEx,Wallet,
UB-002593,C01164,2025-09-26,Completed,Mobile App,Islamabad,Store Pickup,Cash on Delivery,WELCOME10
UB-002594,C01356,2024-09-21,Completed,Web,Lahore,BlueLine,Card,
UB-002595,C00340,2024-12-18,Returned,Mobile App,Karachi,RapidGo,Cash on Delivery,
UB-002596,C00611,2024-09-26,Completed,Web,Lahore,Store Pickup,Cash on Delivery,
UB-002597,C00336,2025-01-27,Completed,Web,Lahore,BlueLine,Card,
UB-002598,C01244,2025-07-08,Completed,Web,Peshawar,SwiftEx,Card,APP5
UB-002599,C01370,2024-07-07,Completed,Web,Islamabad,SwiftEx,Card,SAVE15
UB-002600,C01493,2025-11-18,Completed,Mobile App,Lahore,BlueLine,Cash on Delivery,APP5
UB-002601,C00864,2025-08-30,Completed,Web,Islamabad,RapidGo,Cash on Delivery,
UB-002602,C01305,2024-06-16,Cancelled,Web,Rawalpindi,RapidGo,Cash on Delivery,
UB-002603,C00535,2025-07-17,Completed,Web,Karachi,BlueLine,Cash on Delivery,WELCOME10
UB-002604,C00060,2024-04-10,Completed,Mobile App,Karachi,BlueLine,Card,
UB-002605,C00506,2024-04-28,Completed,Web,Karachi,SwiftEx,Card,
UB-002606,C00302,2025-07-09,Completed,Mobile App,Islamabad,RapidGo,Wallet,
UB-002607,C01111,2025-11-14,Completed,Mobile App,Lahore,BlueLine,Cash on Delivery,
UB-002608,C00622,2025-02-13,Completed,Marketplace,Rawalpindi,RapidGo,Cash on Delivery,
UB-002609,C00421,2024-10-07,Completed,Web,Karachi,Store Pickup,Cash on Delivery,
UB-002610,C00624,2024-01-30,Returned,Web,Islamabad,RapidGo,Cash on Delivery,
UB-002611,C00470,2024-04-21,Completed,Mobile App,Faisalabad,RapidGo,Card,
UB-002612,C01501,2024-01-14,Completed,Mobile App,Karachi,Store Pickup,Card,WELCOME10
UB-002613,C00082,2024-03-14,Completed,Web,Peshawar,RapidGo,Cash on Delivery,APP5
UB-002614,C01165,2024-08-15,Completed,Mobile App,Rawalpindi,SwiftEx,Cash on Delivery,
UB-002615,C00698,2025-06-01,Completed,Web,Peshawar,SwiftEx,Bank Transfer,
UB-002616,C01531,2024-03-24,Completed,Mobile App,Islamabad,RapidGo,Cash on Delivery,
UB-002617,C00589,2024-06-29,Completed,Web,Faisalabad,RapidGo,Cash on Delivery,
UB-002618,C01133,2025-03-23,Completed,Web,Karachi,SwiftEx,Wallet,
UB-002619,C00254,2025-05-28,Completed,Marketplace,Lahore,SwiftEx,Bank Transfer,
UB-002620,C00546,2024-12-14,Completed,Web,Rawalpindi,SwiftEx,Cash on Delivery,APP5
UB-002621,C01117,2025-06-29,Completed,Marketplace,Rawalpindi,SwiftEx,Card,
UB-002622,C00389,2025-12-06,Completed,Web,Islamabad,Store Pickup,Cash on Delivery,
UB-002623,C00172,2024-01-07,Completed,Marketplace,Peshawar,Store Pickup,Cash on Delivery,SAVE15
UB-002624,C01059,2025-02-19,Completed,Web,Rawalpindi,SwiftEx,Card,
UB-002625,C00425,2025-09-12,Completed,Web,Faisalabad,Store Pickup,Wallet,SAVE15
UB-002626,C01127,2024-10-28,Returned,Web,Karachi,RapidGo,Card,FREESHIP
UB-002627,C00294,2025-08-09,Completed,Mobile App,Islamabad,SwiftEx,Wallet,APP5
UB-002628,C01526,2024-01-21,Cancelled,Mobile App,Karachi,BlueLine,Wallet,
UB-002629,C01139,2024-10-28,Completed,Mobile App,Peshawar,RapidGo,Wallet,SAVE15
UB-002630,C00964,2025-02-28,Completed,Marketplace,Peshawar,BlueLine,Cash on Delivery,
UB-002631,C00004,2025-06-21,Completed,Web,Islamabad,SwiftEx,Cash on Delivery,
UB-002632,C01015,2025-12-26,Completed,Web,Rawalpindi,SwiftEx,Bank Transfer,APP5
UB-002633,C01220,2025-01-02,Cancelled,Mobile App,Karachi,SwiftEx,Cash on Delivery,
UB-002634,C00898,2024-04-17,Completed,Mobile App,Islamabad,RapidGo,Cash on Delivery,
UB-002635,C00576,2025-02-10,Completed,Web,Karachi,BlueLine,Cash on Delivery,
UB-002636,C01123,2024-06-26,Completed,Mobile App,Peshawar,RapidGo,Cash on Delivery,WELCOME10
UB-002637,C00768,2024-05-03,Completed,Marketplace,Islamabad,RapidGo,Card,
UB-002638,C01318,2025-10-21,Completed,Web,Lahore,SwiftEx,Cash on Delivery,WELCOME10
UB-002639,C00872,2024-12-31,Cancelled,Mobile App,Rawalpindi,SwiftEx,Cash on Delivery,
UB-002640,C01279,2025-06-12,Completed,Web,Islamabad,RapidGo,Bank Transfer,SAVE15
UB-002641,C00522,2024-05-10,Completed,Marketplace,Rawalpindi,BlueLine,Cash on Delivery,
UB-002642,C01535,2025-04-17,Completed,Mobile App,Karachi,RapidGo,Cash on Delivery,
UB-002643,C01050,2025-08-21,Completed,Web,Peshawar,BlueLine,Card,
UB-002644,C01458,2024-02-23,Completed,Mobile App,Lahore,Store Pickup,Wallet,
UB-002645,C00927,2024-04-15,Completed,Marketplace,Lahore,SwiftEx,Cash on Delivery,
UB-002646,C00358,2025-07-21,Completed,Web,Rawalpindi,SwiftEx,Card,APP5
UB-002647,C01158,2025-01-22,Completed,Mobile App,Lahore,RapidGo,Card,
UB-002648,C00928,2024-11-02,Completed,Mobile App,Karachi,BlueLine,Cash on Delivery,
UB-002649,C00725,2025-08-13,Completed,Web,Islamabad,RapidGo,Cash on Delivery,
UB-002650,C01533,2024-08-12,Completed,Mobile App,Islamabad,BlueLine,Card,
UB-002651,C00826,2025-11-04,Completed,Mobile App,Rawalpindi,Store Pickup,Cash on Delivery,
UB-002652,C01193,2025-08-22,Completed,Mobile App,Lahore,BlueLine,Wallet,
UB-002653,C01523,2025-04-02,Completed,Mobile App,Islamabad,Store Pickup,Wallet,
UB-002654,C01385,2025-11-19,Completed,Web,Karachi,BlueLine,Cash on Delivery,
UB-002655,C01414,2024-11-07,Completed,Web,Islamabad,SwiftEx,Card,APP5
UB-002656,C01244,2024-02-25,Completed,Mobile App,Peshawar,SwiftEx,Card,
UB-002657,C01505,2024-12-19,Completed,Web,Lahore,RapidGo,Cash on Delivery,
UB-002658,C00885,2025-12-19,Completed,Web,Lahore,BlueLine,Card,
UB-002659,C00717,2025-10-29,Completed,Web,Rawalpindi,BlueLine,Cash on Delivery,
UB-002660,C01480,2025-05-23,Completed,Web,Faisalabad,RapidGo,Cash on Delivery,
UB-002661,C01195,2025-09-03,Completed,Web,Karachi,SwiftEx,Bank Transfer,
UB-002662,C00247,2024-11-06,Completed,Mobile App,Rawalpindi,SwiftEx,Bank Transfer,
UB-002663,C00742,2025-01-07,Completed,Web,Karachi,SwiftEx,Cash on Delivery,WELCOME10
UB-002664,C01308,2025-10-11,Completed,Web,Rawalpindi,RapidGo,Cash on Delivery,
UB-002665,C00275,2025-11-05,Completed,Mobile App,Islamabad,BlueLine,Cash on Delivery,
UB-002666,C00884,2025-10-06,Completed,Web,Islamabad,SwiftEx,Cash on Delivery,
UB-002667,C00305,2024-07-26,Completed,Mobile App,Karachi,BlueLine,Card,
UB-002668,C01041,2024-11-30,Completed,Mobile App,Islamabad,BlueLine,Cash on Delivery,
UB-002669,C00913,2024-02-29,Completed,Marketplace,Islamabad,RapidGo,Cash on Delivery,
UB-002670,C00446,2025-06-20,Returned,Mobile App,Karachi,BlueLine,Card,
UB-002671,C00176,2025-12-17,Completed,Mobile App,Lahore,SwiftEx,Wallet,
UB-002672,C01568,2025-07-15,Completed,Web,Rawalpindi,SwiftEx,Bank Transfer,
UB-002673,C00369,2025-09-18,Completed,Web,Peshawar,SwiftEx,Card,
UB-002674,C01387,2024-08-20,Cancelled,Marketplace,Islamabad,SwiftEx,Card,WELCOME10
UB-002675,C00141,2025-02-21,Completed,Mobile App,Peshawar,Store Pickup,Cash on Delivery,
UB-002676,C00821,2025-01-26,Cancelled,Mobile App,Faisalabad,Store Pickup,Card,
UB-002677,C00164,2024-01-29,Completed,Mobile App,Karachi,RapidGo,Card,
UB-002678,C00438,2025-10-20,Completed,Mobile App,Islamabad,BlueLine,Cash on Delivery,FREESHIP
UB-002679,C01314,2025-05-08,Returned,Mobile App,Peshawar,RapidGo,Wallet,FREESHIP
UB-002680,C01442,2024-02-13,Completed,Mobile App,Karachi,BlueLine,Card,
UB-002681,C01029,2025-04-23,Completed,Web,Rawalpindi,Store Pickup,Wallet,APP5
UB-002682,C01505,2024-08-30,Completed,Marketplace,Lahore,RapidGo,Cash on Delivery,WELCOME10
UB-002683,C00683,2024-04-18,Completed,Web,Lahore,RapidGo,Bank Transfer,
UB-002684,C01353,2025-09-20,Completed,Web,Karachi,SwiftEx,Cash on Delivery,
UB-002685,C00359,2024-06-11,Completed,Web,Islamabad,RapidGo,Bank Transfer,APP5
UB-002686,C00753,2025-02-07,Completed,Marketplace,Karachi,RapidGo,Wallet,
UB-002687,C01528,2024-07-24,Completed,Mobile App,Karachi,SwiftEx,Wallet,FREESHIP
UB-002688,C00060,2025-05-25,Completed,Web,Karachi,RapidGo,Cash on Delivery,
UB-002689,C00010,2025-11-04,Completed,Mobile App,Lahore,BlueLine,Wallet,
UB-002690,C01478,2025-06-08,Completed,Mobile App,Islamabad,BlueLine,Card,
UB-002691,C01575,2024-02-23,Completed,Marketplace,Peshawar,SwiftEx,Card,WELCOME10
UB-002692,C00163,2024-02-21,Completed,Web,Islamabad,RapidGo,Cash on Delivery,FREESHIP
UB-002693,C00917,2024-02-28,Completed,Web,Rawalpindi,RapidGo,Wallet,SAVE15
UB-002694,C00520,2024-07-18,Completed,Web,Rawalpindi,BlueLine,Cash on Delivery,FREESHIP
UB-002695,C00815,2024-07-16,Completed,Mobile App,Faisalabad,SwiftEx,Card,
UB-002696,C01512,2025-05-27,Completed,Web,Karachi,SwiftEx,Card,
UB-002697,C00806,2024-12-01,Completed,Mobile App,Lahore,Store Pickup,Bank Transfer,
UB-002698,C00997,2024-10-03,Completed,Marketplace,Faisalabad,SwiftEx,Cash on Delivery,FREESHIP
UB-002699,C00923,2024-10-10,Completed,Web,Islamabad,SwiftEx,Cash on Delivery,
UB-002700,C00479,2025-12-20,Completed,Mobile App,Rawalpindi,BlueLine,Wallet,
UB-002701,C00901,2024-09-25,Completed,Web,Karachi,SwiftEx,Cash on Delivery,WELCOME10
UB-002702,C01486,2024-05-19,Completed,Marketplace,Rawalpindi,BlueLine,Card,
UB-002703,C01493,2025-04-05,Completed,Mobile App,Lahore,BlueLine,Wallet,
UB-002704,C01338,2025-01-14,Completed,Mobile App,Faisalabad,SwiftEx,Card,FREESHIP
UB-002705,C00929,2024-09-09,Completed,Web,Islamabad,SwiftEx,Cash on Delivery,
UB-002706,C00041,2024-03-18,Returned,Marketplace,Rawalpindi,BlueLine,Card,
UB-002707,C00803,2025-02-17,Completed,Web,Islamabad,RapidGo,Bank Transfer,SAVE15
UB-002708,C00099,2025-05-09,Completed,Mobile App,Rawalpindi,BlueLine,Wallet,
UB-002709,C00487,2025-01-10,Completed,Marketplace,Rawalpindi,SwiftEx,Card,
UB-002710,C00719,2025-01-22,Completed,Mobile App,Lahore,BlueLine,Cash on Delivery,WELCOME10
UB-002711,C00435,2024-10-11,Completed,Mobile App,Peshawar,BlueLine,Cash on Delivery,APP5
UB-002712,C00671,2024-08-29,Completed,Web,Rawalpindi,BlueLine,Cash on Delivery,WELCOME10
UB-002713,C00292,2024-05-14,Completed,Mobile App,Karachi,BlueLine,Card,
UB-002714,C01271,2025-04-23,Completed,Mobile App,Rawalpindi,Store Pickup,Card,
UB-002715,C00467,2024-04-09,Completed,Web,Islamabad,BlueLine,Card,
UB-002716,C00151,2025-11-02,Returned,Web,Peshawar,RapidGo,Cash on Delivery,
UB-002717,C01339,2024-08-01,Completed,Web,Rawalpindi,BlueLine,Cash on Delivery,
UB-002718,C00408,2025-12-23,Completed,Web,Islamabad,SwiftEx,Bank Transfer,
UB-002719,C00076,2025-10-12,Cancelled,Mobile App,Rawalpindi,BlueLine,Cash on Delivery,FREESHIP
UB-002720,C00770,2024-08-21,Completed,Mobile App,Rawalpindi,SwiftEx,Bank Transfer,
UB-002721,C01297,2025-12-19,Completed,Mobile App,Islamabad,SwiftEx,Card,FREESHIP
UB-002722,C01449,2024-02-24,Completed,Web,Rawalpindi,RapidGo,Cash on Delivery,FREESHIP
UB-002723,C00412,2024-03-18,Returned,Mobile App,Faisalabad,RapidGo,Bank Transfer,APP5
UB-002724,C00743,2024-06-18,Completed,Mobile App,Faisalabad,RapidGo,Cash on Delivery,
UB-002725,C00427,2025-11-03,Completed,Mobile App,Karachi,BlueLine,Card,
UB-002726,C00578,2025-12-22,Completed,Mobile App,Rawalpindi,RapidGo,Cash on Delivery,
UB-002727,C00555,2024-08-08,Completed,Mobile App,Lahore,BlueLine,Card,WELCOME10
UB-002728,C00142,2025-06-25,Returned,Web,Faisalabad,BlueLine,Cash on Delivery,
UB-002729,C01214,2024-06-14,Completed,Marketplace,Peshawar,RapidGo,Bank Transfer,WELCOME10
UB-002730,C01204,2024-06-23,Completed,Marketplace,Faisalabad,RapidGo,Cash on Delivery,FREESHIP
UB-002731,C01337,2024-03-09,Cancelled,Mobile App,Rawalpindi,RapidGo,Wallet,APP5
UB-002732,C01099,2024-10-17,Completed,Web,Rawalpindi,SwiftEx,Wallet,
UB-002733,C01026,2024-05-21,Completed,Marketplace,Lahore,Store Pickup,Bank Transfer,
UB-002734,C01450,2024-11-07,Completed,Web,Lahore,RapidGo,Card,SAVE15
UB-002735,C01393,2024-03-24,Completed,Mobile App,Rawalpindi,RapidGo,Cash on Delivery,
UB-002736,C01597,2025-11-15,Completed,Web,Rawalpindi,BlueLine,Card,APP5
UB-002737,C01092,2024-08-05,Completed,Web,Rawalpindi,BlueLine,Cash on Delivery,
UB-002738,C00504,2024-05-17,Cancelled,Mobile App,Islamabad,SwiftEx,Wallet,SAVE15
UB-002739,C01450,2025-12-14,Completed,Web,Lahore,Store Pickup,Cash on Delivery,
UB-002740,C01426,2024-09-30,Returned,Mobile App,Rawalpindi,BlueLine,Cash on Delivery,
UB-002741,C01473,2025-10-26,Completed,Web,Lahore,BlueLine,Cash on Delivery,
UB-002742,C00373,2025-08-27,Cancelled,Web,Karachi,BlueLine,Cash on Delivery,
UB-002743,C01487,2025-08-07,Completed,Marketplace,Islamabad,SwiftEx,Cash on Delivery,WELCOME10
UB-002744,C00709,2024-11-14,Returned,Web,Rawalpindi,RapidGo,Cash on Delivery,
UB-002745,C00869,2025-07-07,Completed,Mobile App,Karachi,SwiftEx,Cash on Delivery,
UB-002746,C00591,2024-08-03,Completed,Web,Islamabad,RapidGo,Card,
UB-002747,C00427,2024-12-11,Completed,Web,Karachi,RapidGo,Cash on Delivery,
UB-002748,C01272,2024-06-04,Completed,Mobile App,Islamabad,SwiftEx,Cash on Delivery,APP5
UB-002749,C00838,2024-07-28,Completed,Mobile App,Rawalpindi,SwiftEx,Card,WELCOME10
UB-002750,C00766,2025-05-10,Completed,Web,Lahore,SwiftEx,Cash on Delivery,
UB-002751,C01476,2024-11-03,Completed,Web,Rawalpindi,SwiftEx,Bank Transfer,WELCOME10
UB-002752,C01120,2025-10-29,Completed,Mobile App,Peshawar,SwiftEx,Card,WELCOME10
UB-002753,C00357,2025-03-24,Returned,Mobile App,Rawalpindi,BlueLine,Card,
UB-002754,C01568,2025-01-11,Completed,Web,Rawalpindi,RapidGo,Wallet,
UB-002755,C01007,2025-01-15,Completed,Mobile App,Islamabad,SwiftEx,Cash on Delivery,
UB-002756,C00894,2024-09-11,Completed,Mobile App,Lahore,Store Pickup,Cash on Delivery,
UB-002757,C00710,2025-01-29,Completed,Mobile App,Karachi,SwiftEx,Bank Transfer,
UB-002758,C00338,2024-08-26,Completed,Web,Rawalpindi,SwiftEx,Wallet,SAVE15
UB-002759,C00425,2024-08-23,Completed,Mobile App,Faisalabad,BlueLine,Cash on Delivery,
UB-002760,C00551,2024-04-22,Completed,Mobile App,Islamabad,SwiftEx,Bank Transfer,FREESHIP
UB-002761,C00357,2024-04-22,Completed,Marketplace,Rawalpindi,BlueLine,Cash on Delivery,
UB-002762,C00405,2025-05-13,Completed,Marketplace,Islamabad,BlueLine,Card,
UB-002763,C01280,2025-03-27,Completed,Web,Rawalpindi,BlueLine,Wallet,
UB-002764,C00296,2024-05-23,Completed,Mobile App,Faisalabad,BlueLine,Cash on Delivery,APP5
UB-002765,C01047,2025-06-02,Cancelled,Web,Lahore,RapidGo,Bank Transfer,
UB-002766,C01132,2024-11-02,Completed,Mobile App,Rawalpindi,SwiftEx,Cash on Delivery,SAVE15
UB-002767,C00453,2025-12-26,Completed,Mobile App,Karachi,BlueLine,Card,
UB-002768,C01155,2025-06-02,Completed,Web,Faisalabad,RapidGo,Card,
UB-002769,C01159,2025-09-15,Completed,Mobile App,Islamabad,SwiftEx,Bank Transfer,
UB-002770,C00392,2025-07-04,Completed,Mobile App,Rawalpindi,SwiftEx,Card,
UB-002771,C01436,2025-04-07,Completed,Mobile App,Rawalpindi,Store Pickup,Card,APP5
UB-002772,C00558,2024-11-01,Completed,Mobile App,Lahore,RapidGo,Cash on Delivery,
UB-002773,C00416,2025-02-04,Completed,Mobile App,Rawalpindi,RapidGo,Card,
UB-002774,C01167,2024-11-16,Completed,Web,Islamabad,BlueLine,Wallet,
UB-002775,C01158,2024-05-01,Completed,Mobile App,Lahore,BlueLine,Cash on Delivery,
UB-002776,C01580,2025-03-26,Completed,Web,Lahore,SwiftEx,Cash on Delivery,
UB-002777,C01404,2025-03-19,Completed,Mobile App,Lahore,RapidGo,Cash on Delivery,
UB-002778,C01438,2024-05-17,Completed,Web,Lahore,SwiftEx,Bank Transfer,
UB-002779,C00537,2024-01-23,Completed,Mobile App,Faisalabad,SwiftEx,Card,APP5
UB-002780,C01555,2024-04-29,Completed,Mobile App,Lahore,BlueLine,Cash on Delivery,
UB-002781,C00100,2024-09-06,Completed,Web,Lahore,BlueLine,Cash on Delivery,FREESHIP
UB-002782,C01353,2024-05-01,Completed,Mobile App,Karachi,SwiftEx,Bank Transfer,
UB-002783,C00875,2024-03-13,Completed,Web,Islamabad,Store Pickup,Card,
UB-002784,C01144,2024-04-09,Completed,Web,Faisalabad,BlueLine,Cash on Delivery,
UB-002785,C00619,2025-12-23,Completed,Mobile App,Lahore,BlueLine,Bank Transfer,FREESHIP
UB-002786,C00627,2025-05-12,Completed,Web,Lahore,SwiftEx,Bank Transfer,
UB-002787,C01500,2025-07-12,Completed,Web,Lahore,BlueLine,Cash on Delivery,APP5
UB-002788,C00211,2024-09-20,Returned,Mobile App,Faisalabad,SwiftEx,Cash on Delivery,
UB-002789,C00057,2024-07-03,Completed,Mobile App,Islamabad,Store Pickup,Cash on Delivery,SAVE15
UB-002790,C00112,2024-04-23,Completed,Web,Islamabad,RapidGo,Cash on Delivery,SAVE15
UB-002791,C00406,2025-08-26,Completed,Web,Karachi,RapidGo,Cash on Delivery,APP5
UB-002792,C00676,2024-07-30,Completed,Mobile App,Lahore,BlueLine,Cash on Delivery,
UB-002793,C00393,2024-10-16,Completed,Marketplace,Rawalpindi,BlueLine,Cash on Delivery,SAVE15
UB-002794,C00382,2024-08-22,Completed,Mobile App,Rawalpindi,RapidGo,Cash on Delivery,
UB-002795,C00297,2024-09-05,Completed,Web,Rawalpindi,BlueLine,Card,
UB-002796,C00420,2025-10-06,Returned,Marketplace,Rawalpindi,SwiftEx,Cash on Delivery,
UB-002797,C01501,2025-04-15,Completed,Marketplace,Karachi,RapidGo,Bank Transfer,
UB-002798,C00618,2025-09-23,Completed,Mobile App,Faisalabad,BlueLine,Cash on Delivery,
UB-002799,C01147,2024-06-26,Completed,Web,Karachi,SwiftEx,Cash on Delivery,SAVE15
UB-002800,C00181,2024-12-07,Completed,Web,Rawalpindi,BlueLine,Wallet,
UB-002801,C01165,2024-02-13,Returned,Web,Rawalpindi,Store Pickup,Bank Transfer,
UB-002802,C00464,2025-07-17,Completed,Mobile App,Rawalpindi,Store Pickup,Wallet,
UB-002803,C00773,2025-01-11,Completed,Web,Lahore,SwiftEx,Cash on Delivery,
UB-002804,C01493,2025-03-17,Completed,Web,Lahore,SwiftEx,Cash on Delivery,SAVE15
UB-002805,C01297,2025-09-29,Completed,Mobile App,Islamabad,RapidGo,Cash on Delivery,SAVE15
UB-002806,C00253,2024-01-27,Completed,Web,Islamabad,Store Pickup,Cash on Delivery,
UB-002807,C00895,2024-06-29,Completed,Web,Rawalpindi,Store Pickup,Card,
UB-002808,C00486,2025-07-30,Completed,Mobile App,Karachi,RapidGo,Cash on Delivery,
UB-002809,C00719,2024-12-03,Completed,Web,Lahore,SwiftEx,Cash on Delivery,
UB-002810,C01543,2024-02-19,Completed,Marketplace,Islamabad,SwiftEx,Wallet,WELCOME10
UB-002811,C01518,2024-02-17,Completed,Mobile App,Islamabad,RapidGo,Card,FREESHIP
UB-002812,C01469,2025-08-07,Completed,Marketplace,Islamabad,RapidGo,Cash on Delivery,
UB-002813,C00336,2025-12-19,Completed,Web,Lahore,RapidGo,Bank Transfer,
UB-002814,C00669,2024-06-12,Completed,Marketplace,Rawalpindi,BlueLine,Cash on Delivery,
UB-002815,C01343,2024-04-01,Completed,Mobile App,Islamabad,SwiftEx,Cash on Delivery,
UB-002816,C01181,2025-05-25,Completed,Web,Islamabad,BlueLine,Card,WELCOME10
UB-002817,C00821,2025-06-30,Completed,Marketplace,Faisalabad,RapidGo,Wallet,FREESHIP
UB-002818,C00142,2024-05-06,Returned,Mobile App,Faisalabad,BlueLine,Card,
UB-002819,C00040,2024-09-20,Returned,Mobile App,Islamabad,SwiftEx,Wallet,
UB-002820,C00267,2025-07-09,Completed,Mobile App,Karachi,RapidGo,Cash on Delivery,
UB-002821,C00193,2024-03-02,Completed,Web,Rawalpindi,RapidGo,Cash on Delivery,WELCOME10
UB-002822,C01376,2024-08-02,Completed,Web,Lahore,SwiftEx,Cash on Delivery,WELCOME10
UB-002823,C00269,2025-10-22,Completed,Mobile App,Peshawar,RapidGo,Cash on Delivery,
UB-002824,C01070,2024-04-05,Completed,Web,Rawalpindi,SwiftEx,Wallet,WELCOME10
UB-002825,C00609,2024-03-18,Completed,Web,Islamabad,RapidGo,Cash on Delivery,
UB-002826,C00274,2025-07-20,Returned,Web,Islamabad,RapidGo,Wallet,
UB-002827,C01024,2024-02-18,Completed,Web,Islamabad,Store Pickup,Wallet,WELCOME10
UB-002828,C00953,2024-07-08,Completed,Web,Karachi,RapidGo,Wallet,SAVE15
UB-002829,C00350,2024-10-02,Completed,Web,Islamabad,RapidGo,Wallet,
UB-002830,C01391,2025-12-19,Completed,Web,Lahore,SwiftEx,Cash on Delivery,APP5
UB-002831,C00479,2024-04-25,Returned,Mobile App,Rawalpindi,RapidGo,Wallet,SAVE15
UB-002832,C01151,2024-12-03,Completed,Web,Karachi,SwiftEx,Cash on Delivery,
UB-002833,C00498,2025-05-29,Completed,Mobile App,Faisalabad,RapidGo,Card,
UB-002834,C00719,2024-04-07,Completed,Web,Lahore,SwiftEx,Bank Transfer,APP5
UB-002835,C01265,2025-10-30,Completed,Mobile App,Islamabad,BlueLine,Cash on Delivery,
UB-002836,C00052,2025-09-08,Completed,Marketplace,Faisalabad,RapidGo,Cash on Delivery,
UB-002837,C00810,2024-05-08,Completed,Web,Karachi,RapidGo,Cash on Delivery,SAVE15
UB-002838,C01256,2025-07-31,Completed,Mobile App,Karachi,SwiftEx,Cash on Delivery,
UB-002839,C00478,2025-07-19,Completed,Web,Lahore,RapidGo,Card,
UB-002840,C00959,2025-08-01,Completed,Mobile App,Rawalpindi,RapidGo,Cash on Delivery,
UB-002841,C01060,2025-01-03,Completed,Mobile App,Islamabad,Store Pickup,Wallet,
UB-002842,C01491,2025-04-25,Completed,Mobile App,Lahore,RapidGo,Cash on Delivery,FREESHIP
UB-002843,C00718,2024-03-21,Completed,Mobile App,Faisalabad,RapidGo,Wallet,WELCOME10
UB-002844,C00105,2025-04-05,Completed,Marketplace,Islamabad,SwiftEx,Cash on Delivery,FREESHIP
UB-002845,C01401,2024-11-14,Completed,Web,Karachi,BlueLine,Cash on Delivery,
UB-002846,C00730,2025-02-04,Completed,Mobile App,Peshawar,BlueLine,Cash on Delivery,
UB-002847,C01387,2025-02-17,Completed,Mobile App,Islamabad,SwiftEx,Card,
UB-002848,C00832,2024-05-16,Completed,Web,Islamabad,BlueLine,Cash on Delivery,
UB-002849,C01313,2024-07-23,Returned,Web,Rawalpindi,SwiftEx,Cash on Delivery,
UB-002850,C00755,2024-06-27,Completed,Web,Islamabad,SwiftEx,Cash on Delivery,
UB-002851,C00655,2024-03-28,Completed,Marketplace,Rawalpindi,RapidGo,Cash on Delivery,SAVE15
UB-002852,C00910,2024-05-18,Completed,Mobile App,Rawalpindi,Store Pickup,Card,
UB-002853,C01283,2025-02-22,Completed,Web,Karachi,BlueLine,Cash on Delivery,
UB-002854,C00197,2024-07-02,Completed,Mobile App,Rawalpindi,RapidGo,Card,
UB-002855,C00723,2025-09-09,Cancelled,Web,Lahore,RapidGo,Cash on Delivery,
UB-002856,C01149,2024-02-23,Returned,Web,Rawalpindi,SwiftEx,Bank Transfer,
UB-002857,C01452,2024-09-19,Completed,Mobile App,Islamabad,BlueLine,Cash on Delivery,
UB-002858,C00353,2025-10-03,Completed,Web,Peshawar,BlueLine,Card,FREESHIP
UB-002859,C01319,2024-02-16,Completed,Web,Karachi,BlueLine,Cash on Delivery,SAVE15
UB-002860,C01033,2025-03-28,Completed,Web,Faisalabad,SwiftEx,Card,APP5
UB-002861,C01228,2025-03-24,Completed,Web,Rawalpindi,SwiftEx,Wallet,FREESHIP
UB-002862,C00647,2025-09-22,Completed,Mobile App,Rawalpindi,BlueLine,Cash on Delivery,
UB-002863,C00991,2025-11-18,Completed,Marketplace,Lahore,BlueLine,Bank Transfer,APP5
UB-002864,C01261,2024-07-03,Returned,Web,Lahore,SwiftEx,Cash on Delivery,WELCOME10
UB-002865,C00035,2025-12-14,Completed,Mobile App,Lahore,SwiftEx,Bank Transfer,SAVE15
UB-002866,C00616,2024-01-27,Completed,Mobile App,Islamabad,RapidGo,Card,
UB-002867,C00213,2025-09-08,Completed,Web,Rawalpindi,RapidGo,Cash on Delivery,SAVE15
UB-002868,C01145,2024-09-11,Completed,Mobile App,Rawalpindi,BlueLine,Wallet,SAVE15
UB-002869,C01526,2024-03-15,Completed,Mobile App,Karachi,Store Pickup,Card,APP5
UB-002870,C00303,2025-01-21,Completed,Mobile App,Karachi,SwiftEx,Wallet,
UB-002871,C01395,2024-12-30,Cancelled,Marketplace,Karachi,SwiftEx,Cash on Delivery,
UB-002872,C00373,2024-05-20,Completed,Web,Karachi,BlueLine,Cash on Delivery,
UB-002873,C00284,2025-01-08,Completed,Web,Faisalabad,RapidGo,Cash on Delivery,
UB-002874,C00960,2025-11-25,Completed,Web,Faisalabad,RapidGo,Bank Transfer,
UB-002875,C01191,2024-04-16,Completed,Marketplace,Rawalpindi,RapidGo,Wallet,SAVE15
UB-002876,C00221,2024-11-30,Completed,Web,Rawalpindi,RapidGo,Cash on Delivery,
UB-002877,C01017,2024-02-25,Completed,Web,Karachi,SwiftEx,Wallet,WELCOME10
UB-002878,C00664,2024-08-04,Completed,Web,Rawalpindi,BlueLine,Card,WELCOME10
UB-002879,C00747,2025-04-06,Completed,Marketplace,Rawalpindi,Store Pickup,Cash on Delivery,
UB-002880,C01384,2024-03-19,Completed,Mobile App,Peshawar,BlueLine,Wallet,
UB-002881,C00028,2024-02-18,Completed,Web,Karachi,BlueLine,Card,
UB-002882,C01192,2025-07-07,Returned,Mobile App,Islamabad,RapidGo,Bank Transfer,
UB-002883,C00304,2025-10-12,Completed,Mobile App,Rawalpindi,Store Pickup,Cash on Delivery,
UB-002884,C01385,2024-10-04,Completed,Mobile App,Karachi,Store Pickup,Wallet,
UB-002885,C01539,2024-12-11,Completed,Web,Lahore,BlueLine,Card,
UB-002886,C00565,2025-09-26,Completed,Web,Islamabad,BlueLine,Wallet,
UB-002887,C01232,2024-03-22,Completed,Web,Lahore,SwiftEx,Bank Transfer,
UB-002888,C01371,2025-06-04,Completed,Mobile App,Islamabad,SwiftEx,Card,
UB-002889,C00122,2024-09-26,Completed,Marketplace,Karachi,BlueLine,Cash on Delivery,WELCOME10
UB-002890,C00931,2025-08-14,Completed,Mobile App,Faisalabad,RapidGo,Cash on Delivery,
UB-002891,C00520,2025-04-30,Completed,Mobile App,Rawalpindi,SwiftEx,Card,APP5
UB-002892,C00556,2024-01-05,Completed,Mobile App,Faisalabad,BlueLine,Card,
UB-002893,C00565,2024-06-17,Completed,Web,Islamabad,BlueLine,Card,
UB-002894,C00250,2025-11-10,Completed,Web,Rawalpindi,SwiftEx,Cash on Delivery,
UB-002895,C01110,2024-06-11,Completed,Mobile App,Karachi,SwiftEx,Wallet,
UB-002896,C00603,2025-09-20,Completed,Web,Peshawar,BlueLine,Card,
UB-002897,C00860,2024-09-15,Cancelled,Web,Peshawar,BlueLine,Card,SAVE15
UB-002898,C01184,2024-12-24,Completed,Web,Karachi,SwiftEx,Card,
UB-002899,C01273,2024-05-12,Returned,Web,Islamabad,SwiftEx,Card,
UB-002900,C00576,2024-05-27,Completed,Marketplace,Karachi,Store Pickup,Card,FREESHIP
UB-002901,C01336,2024-01-19,Completed,Mobile App,Peshawar,SwiftEx,Card,
UB-002902,C00128,2025-09-08,Completed,Web,Rawalpindi,Store Pickup,Wallet,
UB-002903,C01442,2025-12-19,Completed,Web,Karachi,RapidGo,Cash on Delivery,APP5
UB-002904,C01389,2024-10-18,Returned,Marketplace,Karachi,RapidGo,Cash on Delivery,
UB-002905,C00256,2025-05-04,Returned,Web,Islamabad,BlueLine,Wallet,
UB-002906,C00242,2025-11-15,Completed,Marketplace,Lahore,RapidGo,Card,SAVE15
UB-002907,C01600,2025-09-10,Completed,Web,Rawalpindi,RapidGo,Bank Transfer,APP5
UB-002908,C00009,2025-01-20,Completed,Web,Islamabad,BlueLine,Card,
UB-002909,C01551,2025-04-23,Completed,Marketplace,Islamabad,BlueLine,Wallet,APP5
UB-002910,C00588,2025-07-02,Completed,Marketplace,Karachi,BlueLine,Cash on Delivery,
UB-002911,C00471,2024-06-20,Completed,Web,Rawalpindi,BlueLine,Cash on Delivery,WELCOME10
UB-002912,C01084,2025-04-11,Completed,Web,Faisalabad,RapidGo,Wallet,FREESHIP
UB-002913,C00765,2025-04-19,Completed,Web,Karachi,RapidGo,Card,APP5
UB-002914,C00679,2024-09-06,Completed,Web,Lahore,RapidGo,Cash on Delivery,APP5
UB-002915,C00509,2024-12-28,Completed,Mobile App,Rawalpindi,SwiftEx,Wallet,
UB-002916,C00037,2025-06-23,Completed,Web,Rawalpindi,BlueLine,Card,
UB-002917,C00782,2024-06-22,Completed,Web,Islamabad,BlueLine,Wallet,
UB-002918,C01249,2025-06-21,Completed,Mobile App,Faisalabad,SwiftEx,Wallet,
UB-002919,C00562,2024-10-31,Completed,Web,Karachi,RapidGo,Cash on Delivery,
UB-002920,C00063,2025-07-01,Completed,Web,Karachi,RapidGo,Bank Transfer,WELCOME10
UB-002921,C01068,2024-10-07,Completed,Web,Rawalpindi,RapidGo,Wallet,
UB-002922,C01187,2024-04-29,Completed,Web,Karachi,SwiftEx,Cash on Delivery,
UB-002923,C00063,2025-12-21,Completed,Web,Karachi,Store Pickup,Cash on Delivery,
UB-002924,C01060,2024-05-13,Completed,Mobile App,Islamabad,Store Pickup,Card,WELCOME10
UB-002925,C00690,2025-09-20,Completed,Web,Karachi,SwiftEx,Cash on Delivery,
UB-002926,C00473,2024-07-23,Completed,Marketplace,Rawalpindi,BlueLine,Cash on Delivery,
UB-002927,C00844,2024-06-20,Completed,Web,Faisalabad,RapidGo,Cash on Delivery,WELCOME10
UB-002928,C00004,2024-08-12,Completed,Mobile App,Islamabad,SwiftEx,Cash on Delivery,
UB-002929,C00892,2024-01-25,Completed,Marketplace,Lahore,BlueLine,Card,APP5
UB-002930,C00667,2025-03-29,Completed,Marketplace,Lahore,SwiftEx,Card,SAVE15
UB-002931,C00335,2025-03-18,Completed,Mobile App,Islamabad,RapidGo,Wallet,FREESHIP
UB-002932,C01161,2024-06-29,Completed,Mobile App,Karachi,SwiftEx,Wallet,WELCOME10
UB-002933,C01403,2024-01-14,Completed,Marketplace,Karachi,BlueLine,Bank Transfer,SAVE15
UB-002934,C00937,2024-03-19,Completed,Web,Rawalpindi,BlueLine,Bank Transfer,
UB-002935,C00019,2025-11-10,Completed,Mobile App,Islamabad,BlueLine,Cash on Delivery,WELCOME10
UB-002936,C00634,2024-03-13,Completed,Marketplace,Peshawar,Store Pickup,Wallet,SAVE15
UB-002937,C01364,2025-12-26,Completed,Mobile App,Lahore,SwiftEx,Card,APP5
UB-002938,C00848,2025-07-27,Completed,Web,Karachi,RapidGo,Cash on Delivery,
UB-002939,C00018,2024-12-04,Completed,Mobile App,Lahore,BlueLine,Wallet,SAVE15
UB-002940,C00897,2025-08-20,Returned,Web,Karachi,BlueLine,Cash on Delivery,
UB-002941,C01519,2024-04-05,Completed,Marketplace,Lahore,Store Pickup,Wallet,FREESHIP
UB-002942,C00457,2025-12-22,Completed,Web,Rawalpindi,SwiftEx,Wallet,
UB-002943,C01536,2025-04-23,Completed,Web,Karachi,SwiftEx,Cash on Delivery,WELCOME10
UB-002944,C00549,2024-10-06,Completed,Mobile App,Lahore,SwiftEx,Bank Transfer,
UB-002945,C00952,2025-10-02,Cancelled,Mobile App,Lahore,BlueLine,Card,
UB-002946,C00471,2024-03-02,Completed,Web,Rawalpindi,BlueLine,Card,
UB-002947,C01484,2025-03-13,Completed,Mobile App,Islamabad,RapidGo,Cash on Delivery,
UB-002948,C00513,2025-02-03,Completed,Web,Peshawar,RapidGo,Cash on Delivery,APP5
UB-002949,C00141,2025-08-11,Completed,Mobile App,Peshawar,BlueLine,Cash on Delivery,
UB-002950,C01239,2024-02-29,Completed,Web,Faisalabad,Store Pickup,Card,FREESHIP
UB-002951,C01244,2025-07-08,Completed,Mobile App,Peshawar,SwiftEx,Card,
UB-002952,C01111,2024-01-01,Completed,Mobile App,Lahore,SwiftEx,Cash on Delivery,
UB-002953,C00794,2024-03-28,Completed,Mobile App,Lahore,RapidGo,Wallet,
UB-002954,C00890,2025-05-24,Completed,Web,Peshawar,SwiftEx,Cash on Delivery,
UB-002955,C00568,2025-03-13,Completed,Mobile App,Islamabad,SwiftEx,Bank Transfer,APP5
UB-002956,C01580,2024-04-02,Completed,Mobile App,Lahore,SwiftEx,Bank Transfer,
UB-002957,C00749,2024-09-04,Completed,Mobile App,Rawalpindi,SwiftEx,Cash on Delivery,
UB-002958,C00819,2024-06-02,Completed,Mobile App,Karachi,BlueLine,Card,FREESHIP
UB-002959,C00411,2025-11-25,Completed,Mobile App,Karachi,BlueLine,Cash on Delivery,
UB-002960,C00382,2025-02-13,Completed,Web,Rawalpindi,RapidGo,Card,
UB-002961,C01045,2025-07-08,Cancelled,Mobile App,Karachi,BlueLine,Bank Transfer,
UB-002962,C00021,2024-03-13,Returned,Mobile App,Islamabad,Store Pickup,Card,
UB-002963,C01073,2024-03-14,Completed,Web,Rawalpindi,BlueLine,Cash on Delivery,
UB-002964,C00267,2025-11-11,Completed,Web,Karachi,RapidGo,Card,
UB-002965,C00234,2024-08-25,Completed,Web,Rawalpindi,BlueLine,Cash on Delivery,WELCOME10
UB-002966,C01438,2024-07-04,Completed,Web,Lahore,RapidGo,Card,
UB-002967,C00977,2024-11-13,Returned,Mobile App,Lahore,Store Pickup,Card,
UB-002968,C00128,2024-07-22,Completed,Web,Rawalpindi,SwiftEx,Cash on Delivery,APP5
UB-002969,C01300,2025-12-10,Completed,Mobile App,Islamabad,SwiftEx,Wallet,
UB-002970,C01096,2024-09-28,Completed,Web,Rawalpindi,BlueLine,Cash on Delivery,WELCOME10
UB-002971,C00969,2025-06-28,Completed,Mobile App,Islamabad,SwiftEx,Cash on Delivery,
UB-002972,C00984,2025-11-13,Cancelled,Marketplace,Karachi,SwiftEx,Cash on Delivery,WELCOME10
UB-002973,C00061,2025-08-31,Completed,Mobile App,Rawalpindi,BlueLine,Card,
UB-002974,C01397,2024-12-13,Completed,Mobile App,Islamabad,RapidGo,Cash on Delivery,
UB-002975,C00745,2024-05-12,Completed,Web,Lahore,SwiftEx,Bank Transfer,
UB-002976,C01365,2024-03-04,Completed,Web,Faisalabad,RapidGo,Cash on Delivery,
UB-002977,C01142,2025-02-21,Completed,Marketplace,Faisalabad,Store Pickup,Wallet,WELCOME10
UB-002978,C00172,2024-05-31,Completed,Web,Peshawar,Store Pickup,Cash on Delivery,APP5
UB-002979,C00258,2025-06-16,Returned,Web,Rawalpindi,SwiftEx,Card,
UB-002980,C01069,2025-06-05,Completed,Web,Rawalpindi,BlueLine,Card,
UB-002981,C00726,2024-08-05,Returned,Web,Karachi,BlueLine,Cash on Delivery,APP5
UB-002982,C00820,2024-09-04,Cancelled,Web,Islamabad,SwiftEx,Card,SAVE15
UB-002983,C01527,2025-11-22,Completed,Mobile App,Faisalabad,BlueLine,Card,
UB-002984,C00331,2024-04-08,Completed,Mobile App,Karachi,SwiftEx,Wallet,
UB-002985,C00707,2024-06-21,Completed,Mobile App,Peshawar,BlueLine,Cash on Delivery,
UB-002986,C01380,2025-07-16,Completed,Mobile App,Peshawar,SwiftEx,Cash on Delivery,
UB-002987,C01276,2025-09-16,Completed,Web,Karachi,RapidGo,Card,
UB-002988,C00956,2025-11-14,Completed,Web,Rawalpindi,SwiftEx,Cash on Delivery,
UB-002989,C01309,2025-07-29,Completed,Web,Rawalpindi,BlueLine,Cash on Delivery,FREESHIP
UB-002990,C00765,2025-02-21,Cancelled,Mobile App,Karachi,RapidGo,Card,WELCOME10
UB-002991,C00542,2025-11-19,Completed,Web,Karachi,BlueLine,Card,SAVE15
UB-002992,C00903,2024-01-18,Completed,Web,Peshawar,Store Pickup,Bank Transfer,FREESHIP
UB-002993,C01182,2025-08-18,Completed,Web,Lahore,SwiftEx,Wallet,
UB-002994,C00396,2024-06-16,Cancelled,Mobile App,Islamabad,BlueLine,Card,APP5
UB-002995,C00223,2025-04-30,Completed,Web,Faisalabad,SwiftEx,Wallet,
UB-002996,C00595,2025-05-22,Completed,Web,Lahore,BlueLine,Wallet,FREESHIP
UB-002997,C00438,2025-04-02,Completed,Web,Islamabad,SwiftEx,Wallet,
UB-002998,C00345,2025-01-12,Completed,Mobile App,Peshawar,SwiftEx,Cash on Delivery,APP5
UB-002999,C01029,2024-05-16,Completed,Mobile App,Rawalpindi,BlueLine,Wallet,SAVE15
UB-003000,C01086,2025-10-30,Completed,Mobile App,Rawalpindi,SwiftEx,Wallet,APP5
UB-003001,C00252,2024-03-07,Completed,Mobile App,Peshawar,SwiftEx,Cash on Delivery,
UB-003002,C00587,2024-02-02,Completed,Web,Karachi,RapidGo,Card,
UB-003003,C01550,2024-10-31,Completed,Mobile App,Lahore,BlueLine,Bank Transfer,SAVE15
UB-003004,C00977,2025-07-06,Completed,Web,Lahore,Store Pickup,Bank Transfer,
UB-003005,C01512,2024-10-25,Completed,Web,Karachi,BlueLine,Cash on Delivery,
UB-003006,C01432,2025-11-26,Completed,Web,Rawalpindi,SwiftEx,Cash on Delivery,APP5
UB-003007,C00349,2024-08-22,Completed,Web,Karachi,SwiftEx,Wallet,
UB-003008,C00590,2025-02-25,Completed,Marketplace,Islamabad,SwiftEx,Cash on Delivery,
UB-003009,C00834,2024-11-01,Completed,Mobile App,Rawalpindi,SwiftEx,Card,
UB-003010,C00652,2024-04-05,Completed,Mobile App,Karachi,SwiftEx,Cash on Delivery,
UB-003011,C00913,2024-09-18,Completed,Web,Islamabad,SwiftEx,Cash on Delivery,
UB-003012,C00558,2025-12-05,Completed,Marketplace,Lahore,SwiftEx,Wallet,
UB-003013,C01274,2024-05-09,Completed,Web,Lahore,SwiftEx,Wallet,APP5
UB-003014,C00527,2024-03-31,Completed,Web,Peshawar,SwiftEx,Cash on Delivery,
UB-003015,C00407,2025-05-20,Completed,Mobile App,Rawalpindi,SwiftEx,Card,
UB-003016,C00229,2025-01-27,Completed,Web,Peshawar,BlueLine,Cash on Delivery,WELCOME10
UB-003017,C01521,2024-07-09,Completed,Marketplace,Islamabad,Store Pickup,Cash on Delivery,WELCOME10
UB-003018,C01080,2025-07-06,Returned,Web,Faisalabad,BlueLine,Wallet,
UB-003019,C00198,2024-11-25,Completed,Mobile App,Rawalpindi,SwiftEx,Card,
UB-003020,C01288,2024-11-14,Completed,Mobile App,Islamabad,Store Pickup,Cash on Delivery,APP5
UB-003021,C01267,2025-08-18,Completed,Mobile App,Karachi,Store Pickup,Cash on Delivery,FREESHIP
UB-003022,C00552,2025-12-19,Completed,Mobile App,Rawalpindi,SwiftEx,Wallet,
UB-003023,C00426,2024-03-20,Returned,Mobile App,Islamabad,Store Pickup,Cash on Delivery,
UB-003024,C01296,2024-03-03,Completed,Web,Peshawar,BlueLine,Bank Transfer,
UB-003025,C01420,2025-09-27,Completed,Web,Lahore,SwiftEx,Wallet,
UB-003026,C00994,2024-06-14,Completed,Web,Rawalpindi,SwiftEx,Cash on Delivery,APP5
UB-003027,C00275,2025-12-02,Completed,Mobile App,Islamabad,Store Pickup,Card,
UB-003028,C01246,2024-03-10,Completed,Mobile App,Karachi,BlueLine,Card,
UB-003029,C00750,2025-02-28,Completed,Marketplace,Islamabad,SwiftEx,Card,SAVE15
UB-003030,C01366,2025-05-02,Completed,Web,Rawalpindi,BlueLine,Card,SAVE15
UB-003031,C00219,2025-02-03,Cancelled,Mobile App,Rawalpindi,RapidGo,Wallet,
UB-003032,C01115,2024-06-29,Completed,Web,Faisalabad,RapidGo,Card,
UB-003033,C01099,2024-08-15,Cancelled,Mobile App,Rawalpindi,Store Pickup,Wallet,FREESHIP
UB-003034,C01535,2025-08-29,Completed,Web,Karachi,RapidGo,Card,FREESHIP
UB-003035,C00645,2024-01-13,Completed,Mobile App,Rawalpindi,BlueLine,Wallet,
UB-003036,C01595,2024-02-22,Completed,Web,Rawalpindi,RapidGo,Wallet,
UB-003037,C01394,2025-04-08,Cancelled,Marketplace,Rawalpindi,RapidGo,Cash on Delivery,
UB-003038,C00358,2024-09-18,Completed,Web,Rawalpindi,BlueLine,Bank Transfer,WELCOME10
UB-003039,C01543,2024-01-06,Completed,Mobile App,Islamabad,BlueLine,Card,
UB-003040,C00914,2025-06-04,Completed,Web,Islamabad,SwiftEx,Cash on Delivery,
UB-003041,C01367,2025-12-15,Completed,Marketplace,Karachi,BlueLine,Wallet,
UB-003042,C00467,2024-04-26,Cancelled,Marketplace,Islamabad,BlueLine,Cash on Delivery,
UB-003043,C00457,2024-03-22,Completed,Mobile App,Rawalpindi,BlueLine,Bank Transfer,
UB-003044,C01071,2025-12-29,Completed,Mobile App,Lahore,SwiftEx,Cash on Delivery,
UB-003045,C01250,2025-07-22,Completed,Web,Rawalpindi,SwiftEx,Cash on Delivery,
UB-003046,C01427,2024-03-08,Completed,Marketplace,Lahore,BlueLine,Cash on Delivery,
UB-003047,C00806,2024-01-11,Completed,Marketplace,Lahore,Store Pickup,Wallet,SAVE15
UB-003048,C00800,2024-02-25,Completed,Mobile App,Karachi,SwiftEx,Wallet,
UB-003049,C00627,2025-11-09,Completed,Web,Lahore,BlueLine,Cash on Delivery,
UB-003050,C00488,2024-05-17,Completed,Web,Lahore,SwiftEx,Card,
UB-003051,C00608,2024-01-11,Completed,Mobile App,Islamabad,SwiftEx,Wallet,
UB-003052,C00011,2024-10-15,Returned,Web,Lahore,BlueLine,Cash on Delivery,
UB-003053,C00558,2024-11-01,Completed,Web,Lahore,SwiftEx,Card,
UB-003054,C01284,2024-04-28,Completed,Mobile App,Lahore,Store Pickup,Cash on Delivery,FREESHIP
UB-003055,C00323,2024-03-13,Returned,Web,Peshawar,SwiftEx,Cash on Delivery,WELCOME10
UB-003056,C01211,2025-03-02,Completed,Mobile App,Lahore,Store Pickup,Bank Transfer,WELCOME10
UB-003057,C00494,2024-12-11,Cancelled,Web,Faisalabad,BlueLine,Card,APP5
UB-003058,C00926,2025-11-02,Completed,Mobile App,Lahore,Store Pickup,Cash on Delivery,
UB-003059,C01273,2025-08-06,Completed,Web,Islamabad,RapidGo,Cash on Delivery,APP5
UB-003060,C00870,2025-04-16,Returned,Mobile App,Rawalpindi,SwiftEx,Bank Transfer,
UB-003061,C00019,2024-08-05,Completed,Mobile App,Islamabad,SwiftEx,Cash on Delivery,
UB-003062,C00155,2025-02-24,Completed,Web,Karachi,SwiftEx,Cash on Delivery,
UB-003063,C01361,2024-07-14,Completed,Web,Islamabad,RapidGo,Bank Transfer,
UB-003064,C00327,2024-12-07,Completed,Mobile App,Islamabad,RapidGo,Bank Transfer,
UB-003065,C01382,2024-12-31,Completed,Mobile App,Karachi,Store Pickup,Wallet,
UB-003066,C01135,2025-05-30,Completed,Mobile App,Rawalpindi,BlueLine,Card,WELCOME10
UB-003067,C01462,2025-07-28,Completed,Web,Islamabad,RapidGo,Bank Transfer,
UB-003068,C00955,2025-04-16,Completed,Mobile App,Peshawar,BlueLine,Cash on Delivery,
UB-003069,C00005,2025-05-09,Completed,Web,Islamabad,RapidGo,Cash on Delivery,
UB-003070,C01460,2025-10-29,Completed,Mobile App,Karachi,SwiftEx,Wallet,APP5
UB-003071,C01585,2025-07-06,Completed,Mobile App,Rawalpindi,Store Pickup,Bank Transfer,
UB-003072,C01594,2024-09-10,Completed,Mobile App,Islamabad,BlueLine,Cash on Delivery,
UB-003073,C00763,2025-07-18,Completed,Mobile App,Islamabad,RapidGo,Bank Transfer,
UB-003074,C00559,2025-08-16,Completed,Web,Islamabad,Store Pickup,Card,
UB-003075,C01373,2025-08-31,Completed,Mobile App,Karachi,Store Pickup,Wallet,
UB-003076,C00172,2024-10-15,Completed,Mobile App,Peshawar,RapidGo,Cash on Delivery,
UB-003077,C01041,2025-01-26,Completed,Mobile App,Islamabad,SwiftEx,Card,
UB-003078,C01091,2024-02-25,Completed,Mobile App,Lahore,RapidGo,Cash on Delivery,
UB-003079,C00311,2025-02-13,Completed,Mobile App,Lahore,RapidGo,Cash on Delivery,
UB-003080,C01536,2025-05-02,Returned,Web,Karachi,RapidGo,Wallet,SAVE15
UB-003081,C00108,2025-05-18,Returned,Mobile App,Rawalpindi,SwiftEx,Card,
UB-003082,C00729,2025-01-12,Completed,Mobile App,Islamabad,BlueLine,Wallet,
UB-003083,C00913,2025-03-04,Completed,Mobile App,Islamabad,SwiftEx,Cash on Delivery,SAVE15
UB-003084,C01223,2024-08-29,Completed,Web,Lahore,BlueLine,Cash on Delivery,
UB-003085,C00031,2024-09-05,Completed,Web,Rawalpindi,BlueLine,Wallet,
UB-003086,C01091,2024-03-03,Completed,Web,Lahore,BlueLine,Bank Transfer,
UB-003087,C01416,2024-08-31,Completed,Mobile App,Rawalpindi,RapidGo,Cash on Delivery,APP5
UB-003088,C01009,2025-01-21,Completed,Mobile App,Rawalpindi,Store Pickup,Cash on Delivery,
UB-003089,C00908,2024-01-03,Completed,Mobile App,Karachi,SwiftEx,Cash on Delivery,
UB-003090,C00614,2025-11-24,Completed,Mobile App,Islamabad,Store Pickup,Bank Transfer,WELCOME10
UB-003091,C01424,2025-11-14,Completed,Web,Karachi,SwiftEx,Cash on Delivery,
UB-003092,C00199,2024-07-05,Completed,Web,Karachi,RapidGo,Wallet,WELCOME10
UB-003093,C01222,2025-01-07,Completed,Mobile App,Peshawar,BlueLine,Card,
UB-003094,C01528,2024-08-27,Completed,Mobile App,Karachi,BlueLine,Wallet,
UB-003095,C01413,2024-02-26,Completed,Mobile App,Islamabad,BlueLine,Cash on Delivery,
UB-003096,C00434,2025-02-24,Completed,Mobile App,Karachi,RapidGo,Cash on Delivery,SAVE15
UB-003097,C01080,2025-10-19,Returned,Web,Faisalabad,RapidGo,Card,FREESHIP
UB-003098,C00296,2024-09-20,Completed,Web,Faisalabad,Store Pickup,Bank Transfer,
UB-003099,C01373,2025-05-02,Completed,Marketplace,Karachi,BlueLine,Cash on Delivery,
UB-003100,C01020,2024-05-15,Completed,Web,Rawalpindi,Store Pickup,Card,
UB-003101,C00277,2025-12-10,Completed,Web,Lahore,RapidGo,Cash on Delivery,WELCOME10
UB-003102,C00194,2025-06-06,Cancelled,Mobile App,Rawalpindi,SwiftEx,Card,
UB-003103,C00846,2024-04-22,Completed,Mobile App,Faisalabad,BlueLine,Bank Transfer,SAVE15
UB-003104,C00912,2025-04-14,Completed,Marketplace,Islamabad,RapidGo,Card,
UB-003105,C00261,2024-10-14,Completed,Web,Islamabad,SwiftEx,Card,SAVE15
UB-003106,C01329,2025-09-26,Completed,Mobile App,Islamabad,BlueLine,Cash on Delivery,WELCOME10
UB-003107,C00088,2024-06-22,Completed,Mobile App,Islamabad,Store Pickup,Cash on Delivery,
UB-003108,C00114,2025-08-03,Completed,Mobile App,Rawalpindi,Store Pickup,Card,FREESHIP
UB-003109,C00112,2024-09-20,Completed,Mobile App,Islamabad,BlueLine,Cash on Delivery,
UB-003110,C00827,2025-07-17,Completed,Web,Faisalabad,RapidGo,Cash on Delivery,
UB-003111,C00598,2024-06-04,Completed,Mobile App,Lahore,RapidGo,Cash on Delivery,SAVE15
UB-003112,C00441,2024-02-02,Cancelled,Web,Karachi,SwiftEx,Cash on Delivery,
UB-003113,C01096,2024-04-28,Completed,Web,Rawalpindi,RapidGo,Card,APP5
UB-003114,C01208,2024-05-10,Completed,Web,Islamabad,BlueLine,Cash on Delivery,
UB-003115,C00647,2025-04-01,Completed,Mobile App,Rawalpindi,Store Pickup,Wallet,
UB-003116,C00572,2024-10-30,Completed,Marketplace,Rawalpindi,BlueLine,Card,
UB-003117,C00534,2024-03-07,Cancelled,Web,Islamabad,Store Pickup,Bank Transfer,
UB-003118,C01017,2025-06-15,Returned,Mobile App,Karachi,BlueLine,Cash on Delivery,
UB-003119,C01445,2024-09-06,Completed,Mobile App,Karachi,BlueLine,Wallet,WELCOME10
UB-003120,C00827,2025-12-15,Completed,Mobile App,Faisalabad,Store Pickup,Card,SAVE15
UB-003121,C01108,2024-11-18,Completed,Mobile App,Rawalpindi,BlueLine,Cash on Delivery,
UB-003122,C00989,2025-12-07,Completed,Web,Peshawar,BlueLine,Cash on Delivery,
UB-003123,C00173,2025-12-13,Completed,Web,Faisalabad,RapidGo,Wallet,
UB-003124,C00489,2025-03-21,Completed,Mobile App,Rawalpindi,BlueLine,Cash on Delivery,
UB-003125,C00678,2025-02-27,Completed,Mobile App,Lahore,BlueLine,Cash on Delivery,
UB-003126,C01549,2024-11-25,Completed,Mobile App,Rawalpindi,SwiftEx,Cash on Delivery,
UB-003127,C00977,2024-07-29,Completed,Web,Lahore,SwiftEx,Card,
UB-003128,C01000,2024-08-24,Completed,Mobile App,Peshawar,BlueLine,Cash on Delivery,SAVE15
UB-003129,C01229,2024-07-29,Completed,Mobile App,Lahore,BlueLine,Card,
UB-003130,C00548,2025-12-31,Completed,Mobile App,Rawalpindi,SwiftEx,Cash on Delivery,
UB-003131,C00602,2025-08-25,Completed,Web,Faisalabad,SwiftEx,Cash on Delivery,
UB-003132,C00772,2024-03-27,Completed,Mobile App,Rawalpindi,BlueLine,Cash on Delivery,WELCOME10
UB-003133,C00941,2025-07-22,Cancelled,Marketplace,Rawalpindi,RapidGo,Wallet,APP5
UB-003134,C00912,2025-03-30,Completed,Web,Islamabad,SwiftEx,Card,
UB-003135,C00957,2025-02-11,Completed,Web,Islamabad,SwiftEx,Bank Transfer,
UB-003136,C00272,2024-08-11,Completed,Web,Peshawar,Store Pickup,Bank Transfer,
UB-003137,C01307,2025-04-24,Completed,Mobile App,Lahore,SwiftEx,Card,APP5
UB-003138,C00943,2025-03-01,Cancelled,Mobile App,Islamabad,Store Pickup,Wallet,WELCOME10
UB-003139,C00247,2025-01-16,Completed,Mobile App,Rawalpindi,RapidGo,Cash on Delivery,
UB-003140,C00927,2024-11-11,Completed,Web,Lahore,SwiftEx,Wallet,
UB-003141,C00330,2025-12-27,Completed,Web,Lahore,BlueLine,Wallet,
UB-003142,C00319,2025-07-19,Completed,Mobile App,Peshawar,RapidGo,Wallet,
UB-003143,C00053,2025-12-23,Completed,Mobile App,Lahore,SwiftEx,Bank Transfer,
UB-003144,C00718,2024-04-25,Completed,Web,Faisalabad,RapidGo,Wallet,
UB-003145,C00884,2025-10-07,Completed,Web,Islamabad,SwiftEx,Wallet,
UB-003146,C00893,2024-01-11,Completed,Mobile App,Karachi,RapidGo,Card,
UB-003147,C00404,2025-03-31,Returned,Web,Karachi,SwiftEx,Cash on Delivery,
UB-003148,C01171,2025-06-19,Completed,Mobile App,Karachi,SwiftEx,Wallet,SAVE15
UB-003149,C00996,2024-03-18,Completed,Mobile App,Islamabad,RapidGo,Card,
UB-003150,C01356,2025-03-04,Completed,Mobile App,Lahore,SwiftEx,Card,
UB-003151,C01448,2025-03-23,Completed,Web,Lahore,SwiftEx,Cash on Delivery,
UB-003152,C01157,2024-10-11,Completed,Mobile App,Lahore,Store Pickup,Cash on Delivery,APP5
UB-003153,C00393,2025-05-27,Completed,Mobile App,Rawalpindi,BlueLine,Bank Transfer,SAVE15
UB-003154,C00754,2024-04-21,Completed,Mobile App,Peshawar,RapidGo,Cash on Delivery,
UB-003155,C01534,2024-10-19,Completed,Web,Peshawar,SwiftEx,Cash on Delivery,
UB-003156,C00156,2024-06-13,Completed,Mobile App,Peshawar,Store Pickup,Cash on Delivery,WELCOME10
UB-003157,C00988,2025-05-13,Completed,Mobile App,Faisalabad,Store Pickup,Cash on Delivery,
UB-003158,C00506,2025-10-28,Completed,Web,Karachi,BlueLine,Cash on Delivery,
UB-003159,C01188,2024-02-03,Completed,Mobile App,Islamabad,BlueLine,Cash on Delivery,
UB-003160,C01030,2024-10-23,Completed,Web,Karachi,SwiftEx,Card,
UB-003161,C00425,2024-10-04,Completed,Web,Faisalabad,Store Pickup,Wallet,SAVE15
UB-003162,C01522,2025-01-16,Completed,Web,Islamabad,SwiftEx,Card,
UB-003163,C01253,2024-01-25,Completed,Mobile App,Lahore,RapidGo,Cash on Delivery,
UB-003164,C00442,2024-04-02,Completed,Marketplace,Rawalpindi,BlueLine,Cash on Delivery,SAVE15
UB-003165,C00011,2025-01-27,Completed,Web,Lahore,SwiftEx,Wallet,FREESHIP
UB-003166,C00367,2024-01-08,Completed,Mobile App,Rawalpindi,SwiftEx,Cash on Delivery,APP5
UB-003167,C01433,2024-05-24,Completed,Web,Peshawar,RapidGo,Bank Transfer,
UB-003168,C00692,2025-12-25,Completed,Web,Islamabad,SwiftEx,Cash on Delivery,
UB-003169,C01238,2024-03-31,Completed,Web,Lahore,RapidGo,Wallet,
UB-003170,C01204,2024-01-11,Completed,Mobile App,Faisalabad,BlueLine,Bank Transfer,
UB-003171,C00409,2025-08-08,Completed,Mobile App,Karachi,RapidGo,Bank Transfer,
UB-003172,C00427,2025-05-25,Returned,Mobile App,Karachi,SwiftEx,Card,
UB-003173,C01227,2025-08-18,Completed,Marketplace,Rawalpindi,BlueLine,Wallet,
UB-003174,C01196,2025-02-24,Completed,Mobile App,Faisalabad,BlueLine,Cash on Delivery,
UB-003175,C01600,2025-08-16,Completed,Marketplace,Rawalpindi,SwiftEx,Cash on Delivery,
UB-003176,C01452,2024-10-11,Completed,Web,Islamabad,SwiftEx,Card,
UB-003177,C01188,2025-03-21,Completed,Mobile App,Islamabad,SwiftEx,Card,
UB-003178,C00669,2025-07-13,Completed,Mobile App,Rawalpindi,SwiftEx,Bank Transfer,FREESHIP
UB-003179,C00075,2024-08-16,Cancelled,Web,Rawalpindi,SwiftEx,Card,FREESHIP
UB-003180,C00016,2025-03-05,Completed,Web,Islamabad,SwiftEx,Card,
UB-003181,C00760,2024-01-20,Returned,Web,Rawalpindi,RapidGo,Cash on Delivery,APP5
UB-003182,C01223,2024-10-06,Completed,Web,Lahore,BlueLine,Bank Transfer,
UB-003183,C01590,2024-06-20,Completed,Web,Islamabad,BlueLine,Cash on Delivery,
UB-003184,C00506,2025-12-31,Completed,Mobile App,Karachi,BlueLine,Cash on Delivery,SAVE15
UB-003185,C01302,2025-11-24,Completed,Web,Islamabad,Store Pickup,Cash on Delivery,APP5
UB-003186,C01193,2025-11-04,Completed,Mobile App,Lahore,SwiftEx,Cash on Delivery,
UB-003187,C01242,2024-11-20,Completed,Web,Faisalabad,SwiftEx,Bank Transfer,
UB-003188,C00089,2025-02-19,Completed,Mobile App,Rawalpindi,BlueLine,Cash on Delivery,
UB-003189,C00222,2025-05-13,Completed,Web,Karachi,SwiftEx,Wallet,
UB-003190,C00449,2024-07-09,Completed,Mobile App,Islamabad,BlueLine,Cash on Delivery,SAVE15
UB-003191,C00826,2025-03-16,Completed,Web,Rawalpindi,RapidGo,Wallet,
UB-003192,C00332,2025-10-20,Completed,Mobile App,Rawalpindi,SwiftEx,Cash on Delivery,FREESHIP
UB-003193,C00177,2025-08-28,Completed,Mobile App,Lahore,Store Pickup,Wallet,
UB-003194,C01513,2024-11-25,Completed,Mobile App,Lahore,BlueLine,Card,
UB-003195,C01316,2025-04-01,Completed,Marketplace,Karachi,RapidGo,Card,
UB-003196,C00285,2025-05-31,Completed,Marketplace,Karachi,BlueLine,Cash on Delivery,
UB-003197,C00713,2025-05-22,Completed,Web,Islamabad,SwiftEx,Wallet,FREESHIP
UB-003198,C00975,2025-06-18,Completed,Mobile App,Peshawar,BlueLine,Card,APP5
UB-003199,C01393,2024-12-25,Completed,Mobile App,Rawalpindi,SwiftEx,Cash on Delivery,
UB-003200,C00836,2024-07-27,Completed,Mobile App,Karachi,BlueLine,Cash on Delivery,
UB-003201,C00467,2024-01-22,Completed,Web,Islamabad,SwiftEx,Bank Transfer,
UB-003202,C01198,2024-12-10,Completed,Web,Karachi,BlueLine,Bank Transfer,
UB-003203,C00332,2025-03-17,Completed,Mobile App,Rawalpindi,RapidGo,Cash on Delivery,SAVE15
UB-003204,C01016,2024-09-12,Completed,Marketplace,Lahore,BlueLine,Cash on Delivery,
UB-003205,C01333,2025-03-29,Completed,Web,Rawalpindi,RapidGo,Card,
UB-003206,C01496,2024-01-10,Completed,Web,Lahore,Store Pickup,Wallet,
UB-003207,C00110,2025-10-05,Completed,Web,Rawalpindi,BlueLine,Bank Transfer,
UB-003208,C00352,2025-09-07,Completed,Web,Faisalabad,SwiftEx,Card,
UB-003209,C00455,2025-05-09,Completed,Mobile App,Peshawar,SwiftEx,Wallet,WELCOME10
UB-003210,C00330,2024-08-31,Completed,Mobile App,Lahore,SwiftEx,Card,
UB-003211,C00799,2025-01-29,Completed,Web,Islamabad,Store Pickup,Wallet,
UB-003212,C00821,2024-11-27,Cancelled,Web,Faisalabad,Store Pickup,Cash on Delivery,
UB-003213,C00005,2025-02-24,Completed,Web,Islamabad,BlueLine,Cash on Delivery,WELCOME10
UB-003214,C00922,2025-11-26,Cancelled,Mobile App,Islamabad,SwiftEx,Cash on Delivery,
UB-003215,C01157,2025-01-11,Completed,Mobile App,Lahore,Store Pickup,Bank Transfer,
UB-003216,C00319,2025-06-24,Completed,Web,Peshawar,Store Pickup,Cash on Delivery,
UB-003217,C01028,2025-07-17,Completed,Mobile App,Faisalabad,RapidGo,Wallet,
UB-003218,C00919,2024-02-17,Completed,Web,Faisalabad,SwiftEx,Cash on Delivery,
UB-003219,C01518,2025-05-28,Completed,Marketplace,Islamabad,Store Pickup,Card,
UB-003220,C01479,2024-01-25,Completed,Mobile App,Lahore,SwiftEx,Wallet,
UB-003221,C00074,2025-03-08,Completed,Mobile App,Karachi,BlueLine,Cash on Delivery,
UB-003222,C01179,2024-12-30,Completed,Mobile App,Lahore,RapidGo,Wallet,
UB-003223,C00884,2024-10-18,Completed,Web,Islamabad,BlueLine,Card,
UB-003224,C00115,2024-04-28,Completed,Web,Faisalabad,SwiftEx,Cash on Delivery,FREESHIP
UB-003225,C01387,2025-07-11,Completed,Marketplace,Islamabad,RapidGo,Cash on Delivery,
UB-003226,C00364,2024-02-05,Returned,Web,Karachi,BlueLine,Wallet,
UB-003227,C00937,2025-01-23,Completed,Web,Rawalpindi,SwiftEx,Card,
UB-003228,C00970,2025-10-12,Completed,Web,Islamabad,RapidGo,Bank Transfer,FREESHIP
UB-003229,C00903,2024-07-01,Completed,Web,Peshawar,SwiftEx,Cash on Delivery,
UB-003230,C01071,2025-06-01,Returned,Web,Lahore,BlueLine,Cash on Delivery,
UB-003231,C00688,2024-09-03,Completed,Mobile App,Islamabad,SwiftEx,Card,
UB-003232,C00406,2024-01-07,Completed,Mobile App,Karachi,RapidGo,Cash on Delivery,
UB-003233,C00940,2024-02-26,Completed,Mobile App,Islamabad,RapidGo,Bank Transfer,
UB-003234,C00958,2025-04-09,Completed,Mobile App,Rawalpindi,SwiftEx,Bank Transfer,APP5
UB-003235,C00350,2024-03-30,Returned,Marketplace,Islamabad,SwiftEx,Card,
UB-003236,C01594,2025-09-04,Completed,Web,Islamabad,RapidGo,Bank Transfer,SAVE15
UB-003237,C01295,2025-10-12,Completed,Mobile App,Rawalpindi,SwiftEx,Bank Transfer,
UB-003238,C00211,2025-02-03,Completed,Marketplace,Faisalabad,SwiftEx,Bank Transfer,WELCOME10
UB-003239,C01281,2025-07-22,Completed,Marketplace,Islamabad,SwiftEx,Card,WELCOME10
UB-003240,C00491,2024-05-11,Completed,Mobile App,Islamabad,Store Pickup,Wallet,APP5
UB-003241,C01428,2024-06-15,Completed,Mobile App,Faisalabad,BlueLine,Cash on Delivery,
UB-003242,C00836,2025-12-06,Completed,Web,Karachi,RapidGo,Wallet,
UB-003243,C01459,2024-01-20,Returned,Mobile App,Rawalpindi,SwiftEx,Card,WELCOME10
UB-003244,C00375,2024-05-24,Completed,Web,Lahore,SwiftEx,Cash on Delivery,
UB-003245,C00380,2024-02-12,Completed,Marketplace,Islamabad,SwiftEx,Card,APP5
UB-003246,C00600,2025-09-25,Completed,Mobile App,Rawalpindi,SwiftEx,Card,
UB-003247,C01104,2024-05-22,Completed,Web,Peshawar,RapidGo,Cash on Delivery,
UB-003248,C01162,2024-09-30,Completed,Mobile App,Islamabad,RapidGo,Cash on Delivery,
UB-003249,C00366,2025-08-26,Completed,Web,Karachi,Store Pickup,Cash on Delivery,SAVE15
UB-003250,C00658,2024-11-04,Completed,Mobile App,Faisalabad,SwiftEx,Card,
UB-003251,C00627,2024-03-30,Completed,Marketplace,Lahore,Store Pickup,Wallet,
UB-003252,C00742,2025-08-05,Completed,Mobile App,Karachi,RapidGo,Bank Transfer,
UB-003253,C01135,2024-05-03,Completed,Mobile App,Rawalpindi,SwiftEx,Card,SAVE15
UB-003254,C00324,2024-05-12,Completed,Mobile App,Rawalpindi,RapidGo,Card,SAVE15
UB-003255,C00540,2025-06-14,Completed,Marketplace,Karachi,RapidGo,Cash on Delivery,FREESHIP
UB-003256,C00525,2025-05-02,Completed,Web,Rawalpindi,SwiftEx,Bank Transfer,
UB-003257,C00954,2025-09-05,Completed,Mobile App,Islamabad,SwiftEx,Cash on Delivery,
UB-003258,C01328,2025-08-31,Completed,Mobile App,Islamabad,SwiftEx,Card,WELCOME10
UB-003259,C00985,2025-09-16,Completed,Web,Peshawar,BlueLine,Card,
UB-003260,C00656,2024-04-20,Completed,Mobile App,Peshawar,RapidGo,Wallet,
UB-003261,C00403,2025-12-07,Completed,Mobile App,Islamabad,SwiftEx,Cash on Delivery,
UB-003262,C00535,2024-10-14,Completed,Web,Karachi,Store Pickup,Wallet,
UB-003263,C00488,2025-04-07,Completed,Mobile App,Lahore,SwiftEx,Wallet,
UB-003264,C01030,2024-02-26,Completed,Web,Karachi,SwiftEx,Bank Transfer,
UB-003265,C00502,2025-06-08,Completed,Web,Peshawar,RapidGo,Cash on Delivery,
UB-003266,C00317,2025-08-20,Cancelled,Web,Faisalabad,RapidGo,Cash on Delivery,
UB-003267,C00348,2025-11-06,Cancelled,Marketplace,Islamabad,SwiftEx,Wallet,WELCOME10
UB-003268,C00816,2024-10-08,Completed,Mobile App,Faisalabad,RapidGo,Wallet,APP5
UB-003269,C00919,2025-11-17,Completed,Web,Faisalabad,SwiftEx,Cash on Delivery,FREESHIP
UB-003270,C01312,2024-06-22,Cancelled,Mobile App,Karachi,BlueLine,Card,
UB-003271,C00325,2024-01-05,Completed,Marketplace,Rawalpindi,RapidGo,Cash on Delivery,
UB-003272,C00198,2025-06-03,Completed,Mobile App,Rawalpindi,SwiftEx,Wallet,
UB-003273,C01539,2025-06-23,Completed,Marketplace,Lahore,RapidGo,Card,WELCOME10
UB-003274,C00419,2025-07-17,Completed,Mobile App,Rawalpindi,BlueLine,Bank Transfer,
UB-003275,C00669,2025-04-30,Completed,Mobile App,Rawalpindi,RapidGo,Cash on Delivery,
UB-003276,C01109,2024-05-31,Completed,Web,Lahore,Store Pickup,Bank Transfer,SAVE15
UB-003277,C00750,2025-09-15,Completed,Web,Islamabad,RapidGo,Card,
UB-003278,C00030,2025-01-11,Completed,Mobile App,Islamabad,Store Pickup,Cash on Delivery,
UB-003279,C01367,2024-06-08,Completed,Web,Karachi,SwiftEx,Cash on Delivery,
UB-003280,C01316,2024-10-08,Completed,Web,Karachi,RapidGo,Cash on Delivery,
UB-003281,C00718,2025-06-27,Completed,Web,Faisalabad,Store Pickup,Card,
UB-003282,C00824,2025-03-08,Completed,Mobile App,Faisalabad,SwiftEx,Card,
UB-003283,C00290,2025-10-16,Completed,Mobile App,Karachi,SwiftEx,Cash on Delivery,
UB-003284,C00198,2024-11-16,Completed,Mobile App,Rawalpindi,BlueLine,Card,SAVE15
UB-003285,C00228,2024-02-14,Completed,Mobile App,Karachi,SwiftEx,Card,
UB-003286,C01219,2025-11-30,Completed,Mobile App,Lahore,BlueLine,Card,
UB-003287,C01036,2024-06-30,Completed,Mobile App,Peshawar,SwiftEx,Bank Transfer,
UB-003288,C00646,2024-09-29,Completed,Marketplace,Rawalpindi,RapidGo,Bank Transfer,WELCOME10
UB-003289,C00660,2024-12-12,Completed,Mobile App,Rawalpindi,RapidGo,Bank Transfer,
UB-003290,C00837,2025-03-07,Completed,Web,Karachi,SwiftEx,Cash on Delivery,
UB-003291,C01350,2025-10-01,Completed,Mobile App,Lahore,Store Pickup,Cash on Delivery,
UB-003292,C00579,2024-11-20,Completed,Web,Islamabad,BlueLine,Card,SAVE15
UB-003293,C00054,2025-10-20,Returned,Mobile App,Islamabad,Store Pickup,Wallet,
UB-003294,C00881,2024-08-31,Completed,Marketplace,Karachi,RapidGo,Cash on Delivery,
UB-003295,C00312,2024-09-13,Completed,Mobile App,Rawalpindi,SwiftEx,Card,FREESHIP
UB-003296,C00265,2025-04-30,Completed,Web,Lahore,Store Pickup,Cash on Delivery,WELCOME10
UB-003297,C01330,2025-11-29,Completed,Marketplace,Islamabad,BlueLine,Cash on Delivery,
UB-003298,C00609,2024-03-09,Completed,Web,Islamabad,BlueLine,Cash on Delivery,SAVE15
UB-003299,C00977,2025-09-30,Completed,Web,Lahore,SwiftEx,Cash on Delivery,APP5
UB-003300,C00752,2025-07-23,Completed,Mobile App,Islamabad,SwiftEx,Cash on Delivery,
UB-003301,C01170,2024-08-12,Completed,Mobile App,Islamabad,SwiftEx,Cash on Delivery,
UB-003302,C00939,2025-05-20,Completed,Mobile App,Lahore,BlueLine,Cash on Delivery,
UB-003303,C00553,2025-11-11,Completed,Mobile App,Lahore,BlueLine,Cash on Delivery,SAVE15
UB-003304,C00767,2025-09-09,Completed,Mobile App,Lahore,Store Pickup,Card,
UB-003305,C00329,2024-04-07,Completed,Mobile App,Lahore,RapidGo,Card,
UB-003306,C01152,2024-04-26,Completed,Web,Lahore,RapidGo,Cash on Delivery,
UB-003307,C00787,2024-07-25,Cancelled,Mobile App,Islamabad,RapidGo,Cash on Delivery,
UB-003308,C01254,2024-07-25,Completed,Mobile App,Islamabad,SwiftEx,Bank Transfer,APP5
UB-003309,C00015,2025-03-18,Completed,Mobile App,Karachi,BlueLine,Cash on Delivery,
UB-003310,C00709,2025-05-09,Completed,Mobile App,Rawalpindi,RapidGo,Wallet,
UB-003311,C01573,2024-03-31,Cancelled,Web,Peshawar,Store Pickup,Bank Transfer,
UB-003312,C00808,2024-03-21,Returned,Web,Rawalpindi,SwiftEx,Wallet,FREESHIP
UB-003313,C00189,2024-11-28,Returned,Mobile App,Rawalpindi,SwiftEx,Cash on Delivery,
UB-003314,C01134,2025-07-11,Completed,Mobile App,Rawalpindi,SwiftEx,Cash on Delivery,
UB-003315,C01413,2025-07-25,Completed,Mobile App,Islamabad,BlueLine,Cash on Delivery,
UB-003316,C00701,2024-07-12,Completed,Mobile App,Rawalpindi,SwiftEx,Card,APP5
UB-003317,C00231,2024-03-25,Completed,Mobile App,Islamabad,BlueLine,Cash on Delivery,
UB-003318,C00785,2025-10-04,Completed,Mobile App,Rawalpindi,RapidGo,Cash on Delivery,
UB-003319,C00375,2025-06-08,Completed,Marketplace,Lahore,Store Pickup,Card,
UB-003320,C00801,2025-09-25,Completed,Mobile App,Faisalabad,BlueLine,Cash on Delivery,
UB-003321,C00694,2025-10-07,Completed,Web,Rawalpindi,RapidGo,Card,FREESHIP
UB-003322,C01237,2024-06-08,Completed,Web,Islamabad,SwiftEx,Wallet,
UB-003323,C00607,2025-10-21,Cancelled,Mobile App,Islamabad,RapidGo,Card,
UB-003324,C00573,2025-06-20,Completed,Web,Rawalpindi,SwiftEx,Card,
UB-003325,C01530,2025-07-25,Completed,Web,Rawalpindi,Store Pickup,Wallet,
UB-003326,C00317,2024-12-09,Completed,Web,Faisalabad,BlueLine,Cash on Delivery,WELCOME10
UB-003327,C00814,2025-05-11,Completed,Web,Karachi,RapidGo,Cash on Delivery,
UB-003328,C01029,2024-12-10,Returned,Marketplace,Rawalpindi,RapidGo,Cash on Delivery,WELCOME10
UB-003329,C00316,2025-07-28,Completed,Web,Lahore,RapidGo,Wallet,
UB-003330,C00522,2025-07-03,Completed,Mobile App,Rawalpindi,RapidGo,Wallet,
UB-003331,C01463,2024-03-30,Completed,Web,Rawalpindi,Store Pickup,Cash on Delivery,
UB-003332,C01390,2025-07-19,Completed,Marketplace,Islamabad,SwiftEx,Wallet,WELCOME10
UB-003333,C01212,2025-02-14,Completed,Marketplace,Rawalpindi,BlueLine,Bank Transfer,
UB-003334,C00635,2024-01-08,Completed,Mobile App,Faisalabad,BlueLine,Cash on Delivery,
UB-003335,C01081,2025-12-01,Completed,Mobile App,Faisalabad,BlueLine,Cash on Delivery,APP5
UB-003336,C00769,2025-05-02,Completed,Web,Islamabad,SwiftEx,Card,
UB-003337,C00073,2025-11-30,Returned,Web,Islamabad,BlueLine,Bank Transfer,WELCOME10
UB-003338,C00655,2024-11-16,Completed,Web,Rawalpindi,SwiftEx,Card,
UB-003339,C00237,2025-03-12,Completed,Web,Islamabad,BlueLine,Wallet,WELCOME10
UB-003340,C00288,2025-04-19,Completed,Marketplace,Lahore,BlueLine,Cash on Delivery,FREESHIP
UB-003341,C01422,2025-03-24,Completed,Marketplace,Islamabad,SwiftEx,Card,WELCOME10
UB-003342,C01152,2024-11-12,Completed,Mobile App,Lahore,BlueLine,Cash on Delivery,
UB-003343,C00035,2025-03-11,Completed,Mobile App,Lahore,Store Pickup,Cash on Delivery,
UB-003344,C01356,2024-07-22,Completed,Mobile App,Lahore,SwiftEx,Card,WELCOME10
UB-003345,C00473,2024-11-18,Completed,Web,Rawalpindi,RapidGo,Card,
UB-003346,C01119,2025-10-24,Completed,Mobile App,Faisalabad,BlueLine,Card,FREESHIP
UB-003347,C00484,2024-07-30,Completed,Web,Islamabad,BlueLine,Cash on Delivery,
UB-003348,C00365,2025-10-28,Completed,Mobile App,Karachi,BlueLine,Card,WELCOME10
UB-003349,C01549,2024-06-27,Completed,Marketplace,Rawalpindi,BlueLine,Cash on Delivery,
UB-003350,C01520,2024-08-25,Completed,Mobile App,Faisalabad,Store Pickup,Wallet,
UB-003351,C00295,2024-12-08,Completed,Marketplace,Islamabad,SwiftEx,Card,
UB-003352,C00072,2025-07-23,Completed,Marketplace,Faisalabad,BlueLine,Cash on Delivery,WELCOME10
UB-003353,C00497,2024-06-06,Completed,Mobile App,Islamabad,SwiftEx,Wallet,
UB-003354,C00320,2024-04-24,Completed,Mobile App,Islamabad,BlueLine,Cash on Delivery,APP5
UB-003355,C01119,2024-06-20,Completed,Marketplace,Faisalabad,SwiftEx,Card,WELCOME10
UB-003356,C00083,2024-11-22,Completed,Web,Peshawar,RapidGo,Wallet,
UB-003357,C00381,2024-03-05,Completed,Mobile App,Rawalpindi,RapidGo,Cash on Delivery,FREESHIP
UB-003358,C00111,2024-12-28,Completed,Marketplace,Lahore,BlueLine,Bank Transfer,
UB-003359,C00411,2024-11-23,Completed,Mobile App,Karachi,RapidGo,Cash on Delivery,
UB-003360,C01445,2024-06-08,Completed,Mobile App,Karachi,SwiftEx,Card,
UB-003361,C01560,2025-03-10,Completed,Mobile App,Islamabad,SwiftEx,Card,
UB-003362,C01461,2025-07-27,Completed,Mobile App,Rawalpindi,RapidGo,Cash on Delivery,APP5
UB-003363,C01148,2025-01-14,Completed,Web,Islamabad,SwiftEx,Wallet,
UB-003364,C00519,2024-03-08,Completed,Mobile App,Islamabad,RapidGo,Wallet,
UB-003365,C00174,2024-04-16,Completed,Web,Karachi,Store Pickup,Bank Transfer,
UB-003366,C01374,2025-10-30,Completed,Web,Lahore,SwiftEx,Card,FREESHIP
UB-003367,C01209,2025-09-02,Completed,Mobile App,Karachi,BlueLine,Cash on Delivery,WELCOME10
UB-003368,C00898,2025-10-11,Completed,Mobile App,Islamabad,Store Pickup,Card,
UB-003369,C00106,2025-05-09,Completed,Web,Rawalpindi,SwiftEx,Wallet,
UB-003370,C00754,2025-12-19,Completed,Web,Peshawar,RapidGo,Wallet,FREESHIP
UB-003371,C00150,2025-03-31,Completed,Mobile App,Rawalpindi,SwiftEx,Cash on Delivery,FREESHIP
UB-003372,C01446,2024-09-28,Completed,Web,Lahore,RapidGo,Cash on Delivery,WELCOME10
UB-003373,C01058,2024-05-25,Completed,Web,Karachi,RapidGo,Bank Transfer,FREESHIP
UB-003374,C00309,2025-10-10,Completed,Web,Faisalabad,RapidGo,Bank Transfer,
UB-003375,C00658,2025-06-22,Completed,Marketplace,Faisalabad,RapidGo,Card,
UB-003376,C01265,2025-01-15,Completed,Mobile App,Islamabad,Store Pickup,Cash on Delivery,WELCOME10
UB-003377,C01561,2025-05-30,Completed,Web,Lahore,RapidGo,Cash on Delivery,FREESHIP
UB-003378,C00719,2025-06-27,Completed,Web,Lahore,Store Pickup,Cash on Delivery,
UB-003379,C01069,2024-11-13,Completed,Mobile App,Rawalpindi,BlueLine,Bank Transfer,
UB-003380,C01265,2025-05-22,Returned,Web,Islamabad,SwiftEx,Cash on Delivery,
UB-003381,C00247,2025-05-18,Completed,Web,Rawalpindi,Store Pickup,Cash on Delivery,
UB-003382,C00911,2024-04-13,Completed,Mobile App,Islamabad,RapidGo,Card,
UB-003383,C00683,2024-07-01,Completed,Mobile App,Lahore,BlueLine,Cash on Delivery,APP5
UB-003384,C00302,2025-02-05,Completed,Web,Islamabad,SwiftEx,Wallet,FREESHIP
UB-003385,C01021,2025-02-19,Completed,Mobile App,Karachi,SwiftEx,Card,WELCOME10
UB-003386,C01430,2025-03-10,Returned,Web,Islamabad,SwiftEx,Wallet,
UB-003387,C00930,2024-10-28,Returned,Web,Lahore,SwiftEx,Cash on Delivery,FREESHIP
UB-003388,C01509,2025-06-19,Cancelled,Mobile App,Lahore,SwiftEx,Cash on Delivery,
UB-003389,C01397,2024-12-20,Completed,Web,Islamabad,Store Pickup,Wallet,
UB-003390,C00075,2025-03-28,Completed,Web,Rawalpindi,BlueLine,Cash on Delivery,
UB-003391,C01362,2024-12-22,Returned,Mobile App,Rawalpindi,SwiftEx,Cash on Delivery,
UB-003392,C00373,2025-03-24,Returned,Web,Karachi,BlueLine,Card,
UB-003393,C01043,2024-10-21,Returned,Mobile App,Rawalpindi,SwiftEx,Cash on Delivery,
UB-003394,C00670,2024-01-08,Completed,Mobile App,Islamabad,SwiftEx,Cash on Delivery,WELCOME10
UB-003395,C00705,2024-06-23,Cancelled,Marketplace,Faisalabad,SwiftEx,Wallet,
UB-003396,C01401,2024-04-01,Completed,Mobile App,Karachi,Store Pickup,Bank Transfer,
UB-003397,C00575,2024-11-19,Completed,Web,Rawalpindi,SwiftEx,Cash on Delivery,FREESHIP
UB-003398,C00718,2024-11-06,Completed,Web,Faisalabad,RapidGo,Cash on Delivery,
UB-003399,C00617,2025-06-23,Completed,Web,Lahore,SwiftEx,Card,FREESHIP
UB-003400,C01405,2025-04-18,Completed,Mobile App,Rawalpindi,BlueLine,Cash on Delivery,WELCOME10
UB-003401,C01470,2025-03-24,Completed,Mobile App,Rawalpindi,BlueLine,Card,WELCOME10
UB-003402,C01382,2025-07-29,Completed,Web,Karachi,SwiftEx,Cash on Delivery,
UB-003403,C00252,2025-03-06,Completed,Web,Peshawar,RapidGo,Cash on Delivery,
UB-003404,C00859,2024-06-29,Completed,Mobile App,Karachi,RapidGo,Cash on Delivery,
UB-003405,C00958,2024-11-20,Completed,Mobile App,Rawalpindi,SwiftEx,Bank Transfer,APP5
UB-003406,C01570,2025-02-05,Completed,Mobile App,Rawalpindi,BlueLine,Cash on Delivery,
UB-003407,C00638,2025-10-16,Completed,Marketplace,Lahore,RapidGo,Bank Transfer,
UB-003408,C01131,2024-10-11,Completed,Web,Rawalpindi,Store Pickup,Bank Transfer,APP5
UB-003409,C01115,2024-06-09,Returned,Mobile App,Faisalabad,SwiftEx,Card,
UB-003410,C00181,2024-02-21,Completed,Web,Rawalpindi,RapidGo,Bank Transfer,
UB-003411,C00226,2025-06-20,Completed,Web,Peshawar,BlueLine,Cash on Delivery,WELCOME10
UB-003412,C01241,2025-05-25,Completed,Mobile App,Lahore,SwiftEx,Wallet,
UB-003413,C01542,2024-11-06,Completed,Web,Islamabad,Store Pickup,Card,
UB-003414,C01319,2024-02-02,Completed,Web,Karachi,Store Pickup,Wallet,
UB-003415,C01447,2024-01-05,Completed,Mobile App,Rawalpindi,RapidGo,Cash on Delivery,
UB-003416,C00473,2025-06-17,Completed,Web,Rawalpindi,RapidGo,Card,
UB-003417,C00555,2024-10-15,Completed,Web,Lahore,BlueLine,Cash on Delivery,FREESHIP
UB-003418,C01572,2024-07-30,Completed,Web,Islamabad,SwiftEx,Cash on Delivery,FREESHIP
UB-003419,C00343,2025-04-03,Completed,Mobile App,Lahore,Store Pickup,Cash on Delivery,APP5
UB-003420,C01090,2024-01-07,Completed,Marketplace,Karachi,BlueLine,Bank Transfer,
UB-003421,C00318,2025-12-15,Completed,Web,Peshawar,Store Pickup,Card,WELCOME10
UB-003422,C01246,2025-12-20,Completed,Mobile App,Karachi,Store Pickup,Wallet,WELCOME10
UB-003423,C01336,2025-09-22,Completed,Mobile App,Peshawar,Store Pickup,Card,
UB-003424,C00021,2024-03-03,Completed,Web,Islamabad,RapidGo,Cash on Delivery,
UB-003425,C00239,2025-08-12,Completed,Marketplace,Lahore,RapidGo,Cash on Delivery,SAVE15
UB-003426,C00640,2025-12-30,Completed,Web,Peshawar,SwiftEx,Card,WELCOME10
UB-003427,C00449,2025-12-07,Completed,Web,Islamabad,SwiftEx,Card,SAVE15
UB-003428,C00279,2025-05-28,Completed,Web,Rawalpindi,SwiftEx,Cash on Delivery,
UB-003429,C00900,2025-03-07,Completed,Mobile App,Faisalabad,SwiftEx,Cash on Delivery,FREESHIP
UB-003430,C01578,2025-05-12,Completed,Mobile App,Islamabad,SwiftEx,Cash on Delivery,
UB-003431,C01270,2024-01-12,Completed,Mobile App,Peshawar,BlueLine,Cash on Delivery,
UB-003432,C00761,2025-08-20,Completed,Mobile App,Peshawar,RapidGo,Cash on Delivery,
UB-003433,C01293,2024-06-22,Completed,Mobile App,Lahore,RapidGo,Card,FREESHIP
UB-003434,C00877,2024-12-05,Completed,Mobile App,Rawalpindi,BlueLine,Card,APP5
UB-003435,C01186,2025-08-22,Returned,Web,Rawalpindi,SwiftEx,Bank Transfer,FREESHIP
UB-003436,C01014,2024-01-11,Completed,Mobile App,Karachi,BlueLine,Bank Transfer,
UB-003437,C00976,2024-09-22,Completed,Mobile App,Rawalpindi,SwiftEx,Cash on Delivery,
UB-003438,C00495,2024-10-09,Returned,Web,Karachi,RapidGo,Bank Transfer,APP5
UB-003439,C00597,2025-08-13,Completed,Marketplace,Peshawar,BlueLine,Wallet,
UB-003440,C01175,2025-09-18,Completed,Mobile App,Faisalabad,Store Pickup,Card,
UB-003441,C00849,2024-09-16,Completed,Web,Lahore,SwiftEx,Cash on Delivery,WELCOME10
UB-003442,C00705,2024-03-18,Completed,Marketplace,Faisalabad,RapidGo,Cash on Delivery,
UB-003443,C01035,2024-06-12,Completed,Mobile App,Rawalpindi,SwiftEx,Cash on Delivery,APP5
UB-003444,C00028,2024-04-20,Returned,Mobile App,Karachi,BlueLine,Cash on Delivery,FREESHIP
UB-003445,C00263,2024-09-19,Completed,Web,Karachi,RapidGo,Cash on Delivery,SAVE15
UB-003446,C01202,2025-01-12,Completed,Web,Karachi,RapidGo,Wallet,
UB-003447,C01322,2024-05-16,Completed,Web,Islamabad,Store Pickup,Cash on Delivery,SAVE15
UB-003448,C00834,2024-03-09,Completed,Web,Rawalpindi,BlueLine,Wallet,
UB-003449,C00982,2024-04-17,Completed,Marketplace,Rawalpindi,RapidGo,Bank Transfer,
UB-003450,C00905,2025-03-16,Completed,Mobile App,Karachi,SwiftEx,Card,
UB-003451,C00204,2024-11-25,Completed,Mobile App,Peshawar,BlueLine,Card,
UB-003452,C01562,2025-09-19,Completed,Mobile App,Lahore,RapidGo,Card,
UB-003453,C01310,2025-12-15,Completed,Mobile App,Karachi,BlueLine,Cash on Delivery,
UB-003454,C01143,2024-05-20,Completed,Web,Lahore,Store Pickup,Card,
UB-003455,C00883,2025-11-13,Completed,Mobile App,Rawalpindi,SwiftEx,Cash on Delivery,WELCOME10
UB-003456,C00543,2025-02-04,Completed,Mobile App,Rawalpindi,SwiftEx,Wallet,
UB-003457,C00929,2025-07-10,Returned,Mobile App,Islamabad,SwiftEx,Bank Transfer,
UB-003458,C01114,2024-02-21,Completed,Mobile App,Karachi,SwiftEx,Cash on Delivery,
UB-003459,C00028,2025-07-02,Completed,Mobile App,Karachi,SwiftEx,Cash on Delivery,
UB-003460,C00075,2025-06-11,Completed,Mobile App,Rawalpindi,RapidGo,Cash on Delivery,
UB-003461,C00685,2025-04-16,Completed,Mobile App,Karachi,SwiftEx,Cash on Delivery,APP5
UB-003462,C00488,2024-11-04,Completed,Mobile App,Lahore,BlueLine,Cash on Delivery,
UB-003463,C00583,2025-06-14,Completed,Mobile App,Karachi,RapidGo,Cash on Delivery,
UB-003464,C00833,2024-12-24,Completed,Mobile App,Lahore,SwiftEx,Bank Transfer,
UB-003465,C00081,2024-09-10,Completed,Mobile App,Karachi,RapidGo,Bank Transfer,
UB-003466,C00384,2024-07-27,Completed,Web,Karachi,SwiftEx,Cash on Delivery,
UB-003467,C00180,2025-10-01,Completed,Web,Rawalpindi,RapidGo,Bank Transfer,
UB-003468,C01562,2025-01-05,Completed,Web,Lahore,RapidGo,Cash on Delivery,
UB-003469,C01463,2025-07-26,Completed,Mobile App,Rawalpindi,RapidGo,Card,
UB-003470,C00383,2025-09-21,Completed,Mobile App,Rawalpindi,BlueLine,Bank Transfer,
UB-003471,C00676,2025-07-27,Completed,Web,Lahore,SwiftEx,Card,
UB-003472,C00289,2025-05-30,Completed,Web,Faisalabad,RapidGo,Card,
UB-003473,C00588,2024-11-15,Completed,Mobile App,Karachi,Store Pickup,Cash on Delivery,
UB-003474,C00695,2025-01-05,Completed,Mobile App,Islamabad,SwiftEx,Card,APP5
UB-003475,C01078,2024-10-25,Completed,Mobile App,Islamabad,SwiftEx,Card,
UB-003476,C00717,2024-08-08,Completed,Mobile App,Rawalpindi,Store Pickup,Wallet,APP5
UB-003477,C01265,2025-09-28,Completed,Mobile App,Islamabad,SwiftEx,Cash on Delivery,SAVE15
UB-003478,C00997,2024-10-01,Completed,Marketplace,Faisalabad,SwiftEx,Card,
UB-003479,C00670,2025-11-13,Completed,Mobile App,Islamabad,BlueLine,Cash on Delivery,
UB-003480,C00915,2025-10-31,Completed,Mobile App,Peshawar,RapidGo,Cash on Delivery,SAVE15
UB-003481,C01537,2025-10-07,Completed,Web,Lahore,RapidGo,Cash on Delivery,
UB-003482,C00569,2025-06-23,Completed,Mobile App,Rawalpindi,RapidGo,Cash on Delivery,
UB-003483,C00211,2025-02-02,Completed,Mobile App,Faisalabad,BlueLine,Wallet,
UB-003484,C00134,2024-06-19,Completed,Mobile App,Islamabad,Store Pickup,Cash on Delivery,APP5
UB-003485,C00712,2024-04-22,Completed,Web,Karachi,BlueLine,Cash on Delivery,
UB-003486,C00576,2025-07-04,Completed,Web,Karachi,SwiftEx,Cash on Delivery,FREESHIP
UB-003487,C01418,2025-03-01,Completed,Mobile App,Islamabad,Store Pickup,Bank Transfer,
UB-003488,C01196,2025-06-13,Completed,Web,Faisalabad,BlueLine,Wallet,SAVE15
UB-003489,C00915,2024-06-17,Completed,Web,Peshawar,RapidGo,Cash on Delivery,
UB-003490,C00056,2025-09-02,Completed,Web,Rawalpindi,RapidGo,Bank Transfer,
UB-003491,C01136,2025-10-01,Completed,Mobile App,Rawalpindi,Store Pickup,Cash on Delivery,
UB-003492,C00171,2025-05-15,Completed,Web,Faisalabad,BlueLine,Cash on Delivery,
UB-003493,C00077,2025-11-19,Completed,Web,Lahore,BlueLine,Cash on Delivery,FREESHIP
UB-003494,C00572,2024-03-26,Completed,Web,Rawalpindi,BlueLine,Wallet,
UB-003495,C01450,2025-03-02,Completed,Web,Lahore,RapidGo,Wallet,
UB-003496,C01556,2025-03-07,Completed,Web,Faisalabad,Store Pickup,Card,
UB-003497,C00030,2025-04-24,Completed,Web,Islamabad,SwiftEx,Card,APP5
UB-003498,C00837,2024-02-10,Completed,Web,Karachi,RapidGo,Cash on Delivery,APP5
UB-003499,C01247,2024-04-18,Completed,Mobile App,Rawalpindi,SwiftEx,Bank Transfer,
UB-003500,C01588,2025-01-23,Returned,Mobile App,Lahore,SwiftEx,Card,WELCOME10
UB-003501,C00397,2024-06-24,Completed,Web,Islamabad,BlueLine,Cash on Delivery,
UB-003502,C00027,2024-02-07,Completed,Mobile App,Faisalabad,RapidGo,Bank Transfer,WELCOME10
UB-003503,C00512,2025-10-14,Completed,Web,Lahore,SwiftEx,Cash on Delivery,APP5
UB-003504,C00791,2025-07-29,Returned,Mobile App,Islamabad,SwiftEx,Wallet,
UB-003505,C00460,2025-08-12,Completed,Mobile App,Karachi,RapidGo,Card,
UB-003506,C00148,2024-08-28,Completed,Web,Islamabad,BlueLine,Bank Transfer,APP5
UB-003507,C00066,2025-07-26,Completed,Mobile App,Lahore,Store Pickup,Cash on Delivery,APP5
UB-003508,C00931,2025-11-13,Completed,Mobile App,Faisalabad,RapidGo,Bank Transfer,SAVE15
UB-003509,C01233,2024-02-19,Completed,Marketplace,Faisalabad,Store Pickup,Card,
UB-003510,C01152,2025-05-02,Completed,Web,Lahore,BlueLine,Cash on Delivery,
UB-003511,C00200,2024-05-03,Returned,Mobile App,Karachi,RapidGo,Card,
UB-003512,C01024,2025-09-03,Completed,Mobile App,Islamabad,BlueLine,Card,
UB-003513,C00811,2025-05-11,Completed,Web,Karachi,Store Pickup,Bank Transfer,
UB-003514,C01549,2025-05-05,Completed,Web,Rawalpindi,BlueLine,Card,
UB-003515,C01519,2025-05-27,Completed,Mobile App,Lahore,Store Pickup,Cash on Delivery,WELCOME10
UB-003516,C00659,2024-11-04,Completed,Web,Rawalpindi,SwiftEx,Wallet,
UB-003517,C00916,2024-10-06,Completed,Web,Lahore,RapidGo,Cash on Delivery,
UB-003518,C01295,2024-01-05,Completed,Mobile App,Rawalpindi,BlueLine,Card,
UB-003519,C00662,2024-08-22,Completed,Mobile App,Rawalpindi,BlueLine,Card,
UB-003520,C00041,2025-04-24,Completed,Web,Rawalpindi,SwiftEx,Cash on Delivery,SAVE15
UB-003521,C00568,2025-03-06,Completed,Mobile App,Islamabad,BlueLine,Cash on Delivery,
UB-003522,C00698,2025-10-25,Completed,Web,Peshawar,BlueLine,Card,
UB-003523,C00208,2024-03-11,Completed,Web,Islamabad,SwiftEx,Card,
UB-003524,C01552,2025-09-29,Completed,Mobile App,Rawalpindi,BlueLine,Cash on Delivery,
UB-003525,C00819,2024-09-15,Completed,Mobile App,Karachi,BlueLine,Cash on Delivery,APP5
UB-003526,C00485,2025-11-25,Completed,Marketplace,Islamabad,SwiftEx,Bank Transfer,
UB-003527,C00936,2025-01-10,Completed,Web,Faisalabad,BlueLine,Cash on Delivery,
UB-003528,C01128,2025-03-27,Cancelled,Mobile App,Rawalpindi,SwiftEx,Cash on Delivery,
UB-003529,C00038,2024-06-21,Completed,Mobile App,Rawalpindi,RapidGo,Cash on Delivery,
UB-003530,C00799,2024-10-06,Completed,Web,Islamabad,Store Pickup,Wallet,APP5
UB-003531,C00347,2024-02-06,Completed,Mobile App,Karachi,BlueLine,Cash on Delivery,APP5
UB-003532,C00085,2025-06-17,Completed,Web,Faisalabad,BlueLine,Cash on Delivery,
UB-003533,C00463,2025-01-28,Completed,Web,Islamabad,RapidGo,Card,WELCOME10
UB-003534,C01544,2025-12-31,Completed,Web,Lahore,RapidGo,Cash on Delivery,
UB-003535,C01168,2024-06-10,Completed,Mobile App,Faisalabad,RapidGo,Bank Transfer,WELCOME10
UB-003536,C01326,2024-01-23,Completed,Marketplace,Rawalpindi,SwiftEx,Card,
UB-003537,C00558,2024-11-04,Completed,Mobile App,Lahore,Store Pickup,Card,APP5
UB-003538,C00105,2024-05-15,Cancelled,Web,Islamabad,SwiftEx,Bank Transfer,
UB-003539,C00712,2024-04-21,Completed,Web,Karachi,BlueLine,Wallet,
UB-003540,C00046,2025-09-21,Completed,Mobile App,Karachi,SwiftEx,Card,
UB-003541,C00540,2025-03-21,Completed,Web,Karachi,BlueLine,Bank Transfer,
UB-003542,C01571,2025-08-21,Completed,Web,Islamabad,Store Pickup,Cash on Delivery,
UB-003543,C01102,2024-07-15,Completed,Mobile App,Islamabad,SwiftEx,Wallet,
UB-003544,C00936,2025-09-07,Completed,Mobile App,Faisalabad,BlueLine,Wallet,APP5
UB-003545,C00447,2024-06-01,Completed,Mobile App,Rawalpindi,SwiftEx,Cash on Delivery,
UB-003546,C00260,2024-11-11,Completed,Web,Islamabad,RapidGo,Card,
UB-003547,C01448,2025-12-19,Returned,Web,Lahore,BlueLine,Cash on Delivery,
UB-003548,C00385,2024-03-09,Completed,Marketplace,Karachi,SwiftEx,Wallet,
UB-003549,C00041,2024-04-06,Completed,Mobile App,Rawalpindi,RapidGo,Cash on Delivery,
UB-003550,C01214,2025-06-30,Completed,Mobile App,Peshawar,BlueLine,Cash on Delivery,WELCOME10
UB-003551,C00963,2025-11-11,Returned,Web,Peshawar,RapidGo,Wallet,FREESHIP
UB-003552,C00560,2024-10-10,Completed,Web,Islamabad,RapidGo,Card,
UB-003553,C01379,2024-12-02,Completed,Web,Lahore,SwiftEx,Cash on Delivery,WELCOME10
UB-003554,C01522,2025-02-28,Returned,Web,Islamabad,BlueLine,Card,WELCOME10
UB-003555,C00947,2025-04-02,Completed,Web,Karachi,Store Pickup,Cash on Delivery,
UB-003556,C00462,2025-01-24,Completed,Mobile App,Rawalpindi,SwiftEx,Cash on Delivery,WELCOME10
UB-003557,C01570,2025-09-26,Completed,Mobile App,Rawalpindi,Store Pickup,Wallet,
UB-003558,C01471,2024-01-28,Completed,Web,Karachi,RapidGo,Card,WELCOME10
UB-003559,C01198,2024-11-13,Completed,Mobile App,Karachi,RapidGo,Wallet,APP5
UB-003560,C00871,2025-02-03,Completed,Marketplace,Karachi,BlueLine,Cash on Delivery,FREESHIP
UB-003561,C00915,2025-03-04,Completed,Web,Peshawar,RapidGo,Card,
UB-003562,C00439,2024-05-02,Completed,Marketplace,Rawalpindi,BlueLine,Card,
UB-003563,C00013,2024-02-11,Completed,Mobile App,Peshawar,BlueLine,Cash on Delivery,
UB-003564,C00414,2024-06-16,Completed,Mobile App,Lahore,RapidGo,Cash on Delivery,WELCOME10
UB-003565,C00578,2025-12-20,Completed,Web,Rawalpindi,RapidGo,Wallet,APP5
UB-003566,C01218,2024-03-13,Completed,Web,Karachi,BlueLine,Bank Transfer,
UB-003567,C00129,2024-01-01,Completed,Marketplace,Karachi,Store Pickup,Card,
UB-003568,C00905,2024-09-08,Completed,Mobile App,Karachi,SwiftEx,Cash on Delivery,FREESHIP
UB-003569,C01452,2025-11-14,Completed,Web,Islamabad,SwiftEx,Cash on Delivery,
UB-003570,C00957,2024-08-16,Completed,Web,Islamabad,SwiftEx,Cash on Delivery,
UB-003571,C01379,2024-12-14,Completed,Web,Lahore,SwiftEx,Bank Transfer,
UB-003572,C01176,2025-04-09,Completed,Mobile App,Lahore,RapidGo,Bank Transfer,WELCOME10
UB-003573,C00488,2025-07-30,Completed,Web,Lahore,Store Pickup,Wallet,
UB-003574,C00448,2024-01-18,Completed,Marketplace,Peshawar,BlueLine,Wallet,FREESHIP
UB-003575,C00823,2025-05-04,Completed,Mobile App,Rawalpindi,RapidGo,Card,SAVE15
UB-003576,C01474,2025-07-25,Completed,Web,Lahore,SwiftEx,Cash on Delivery,
UB-003577,C00201,2025-05-27,Completed,Web,Karachi,RapidGo,Cash on Delivery,
UB-003578,C00090,2024-10-15,Completed,Marketplace,Karachi,BlueLine,Cash on Delivery,
UB-003579,C00691,2025-06-21,Completed,Marketplace,Karachi,SwiftEx,Card,APP5
UB-003580,C00422,2025-10-04,Completed,Mobile App,Lahore,RapidGo,Wallet,APP5
UB-003581,C01313,2024-06-13,Completed,Web,Rawalpindi,SwiftEx,Wallet,SAVE15
UB-003582,C00148,2025-05-17,Completed,Mobile App,Islamabad,BlueLine,Bank Transfer,
UB-003583,C01297,2025-03-14,Completed,Web,Islamabad,RapidGo,Wallet,WELCOME10
UB-003584,C00256,2025-01-22,Completed,Web,Islamabad,RapidGo,Cash on Delivery,
UB-003585,C00037,2024-06-15,Returned,Mobile App,Rawalpindi,SwiftEx,Cash on Delivery,APP5
UB-003586,C01515,2025-08-29,Completed,Web,Rawalpindi,BlueLine,Cash on Delivery,APP5
UB-003587,C00154,2024-02-03,Completed,Web,Rawalpindi,Store Pickup,Wallet,APP5
UB-003588,C00623,2025-09-07,Completed,Web,Lahore,BlueLine,Wallet,
UB-003589,C00658,2024-08-11,Completed,Web,Faisalabad,RapidGo,Cash on Delivery,WELCOME10
UB-003590,C00458,2024-05-07,Completed,Mobile App,Karachi,RapidGo,Cash on Delivery,APP5
UB-003591,C00653,2024-08-25,Completed,Mobile App,Faisalabad,RapidGo,Card,
UB-003592,C00783,2025-07-06,Completed,Marketplace,Rawalpindi,RapidGo,Cash on Delivery,
UB-003593,C00539,2025-12-15,Completed,Marketplace,Islamabad,SwiftEx,Bank Transfer,SAVE15
UB-003594,C00827,2025-07-14,Completed,Web,Faisalabad,RapidGo,Cash on Delivery,
UB-003595,C00514,2024-06-06,Completed,Web,Islamabad,Store Pickup,Cash on Delivery,SAVE15
UB-003596,C00911,2024-03-29,Returned,Mobile App,Islamabad,Store Pickup,Wallet,
UB-003597,C00789,2024-01-23,Completed,Marketplace,Peshawar,Store Pickup,Cash on Delivery,
UB-003598,C01098,2025-09-19,Completed,Mobile App,Rawalpindi,BlueLine,Cash on Delivery,
UB-003599,C01336,2025-10-09,Completed,Marketplace,Peshawar,SwiftEx,Cash on Delivery,
UB-003600,C00741,2025-06-14,Completed,Mobile App,Karachi,BlueLine,Card,
UB-003601,C00609,2024-12-27,Cancelled,Marketplace,Islamabad,SwiftEx,Cash on Delivery,
UB-003602,C00499,2025-11-29,Completed,Web,Rawalpindi,BlueLine,Cash on Delivery,
UB-003603,C00368,2024-03-07,Completed,Mobile App,Karachi,BlueLine,Cash on Delivery,
UB-003604,C01021,2025-01-18,Completed,Web,Karachi,SwiftEx,Card,FREESHIP
UB-003605,C01380,2024-06-10,Completed,Web,Peshawar,RapidGo,Card,WELCOME10
UB-003606,C01208,2025-04-09,Completed,Mobile App,Islamabad,BlueLine,Bank Transfer,
UB-003607,C01413,2025-12-13,Completed,Mobile App,Islamabad,SwiftEx,Cash on Delivery,
UB-003608,C00781,2024-04-16,Completed,Mobile App,Rawalpindi,BlueLine,Card,
UB-003609,C01591,2024-05-14,Completed,Mobile App,Peshawar,SwiftEx,Cash on Delivery,
UB-003610,C01470,2024-10-13,Completed,Mobile App,Rawalpindi,RapidGo,Card,
UB-003611,C00274,2024-10-07,Completed,Web,Islamabad,RapidGo,Card,SAVE15
UB-003612,C00885,2025-08-20,Completed,Web,Lahore,BlueLine,Cash on Delivery,APP5
UB-003613,C00969,2025-10-19,Completed,Web,Islamabad,SwiftEx,Bank Transfer,WELCOME10
UB-003614,C00133,2025-07-13,Completed,Mobile App,Rawalpindi,RapidGo,Bank Transfer,
UB-003615,C00261,2025-12-10,Completed,Mobile App,Islamabad,RapidGo,Card,
UB-003616,C01338,2024-09-27,Completed,Mobile App,Faisalabad,SwiftEx,Cash on Delivery,FREESHIP
UB-003617,C01448,2025-12-16,Completed,Mobile App,Lahore,Store Pickup,Cash on Delivery,
UB-003618,C00409,2024-03-01,Completed,Mobile App,Karachi,SwiftEx,Cash on Delivery,WELCOME10
UB-003619,C00754,2024-02-25,Completed,Mobile App,Peshawar,RapidGo,Card,
UB-003620,C00558,2024-06-23,Completed,Mobile App,Lahore,BlueLine,Wallet,
UB-003621,C01522,2024-01-25,Completed,Web,Islamabad,Store Pickup,Card,FREESHIP
UB-003622,C01559,2025-11-01,Completed,Web,Islamabad,Store Pickup,Card,
UB-003623,C00847,2025-09-25,Completed,Web,Rawalpindi,Store Pickup,Card,
UB-003624,C00837,2024-07-24,Completed,Mobile App,Karachi,BlueLine,Bank Transfer,
UB-003625,C00934,2025-08-17,Completed,Web,Lahore,BlueLine,Bank Transfer,
UB-003626,C00650,2025-10-01,Completed,Web,Islamabad,SwiftEx,Card,
UB-003627,C01346,2024-07-15,Completed,Web,Lahore,RapidGo,Cash on Delivery,
UB-003628,C00107,2024-09-01,Completed,Web,Peshawar,BlueLine,Card,APP5
UB-003629,C00077,2024-06-11,Completed,Mobile App,Lahore,SwiftEx,Cash on Delivery,
UB-003630,C01571,2024-11-25,Completed,Mobile App,Islamabad,RapidGo,Card,
UB-003631,C00033,2024-01-22,Returned,Mobile App,Karachi,BlueLine,Cash on Delivery,FREESHIP
UB-003632,C00141,2025-08-21,Completed,Marketplace,Peshawar,SwiftEx,Wallet,WELCOME10
UB-003633,C01031,2025-04-03,Completed,Mobile App,Lahore,Store Pickup,Card,
UB-003634,C00611,2025-12-31,Completed,Mobile App,Lahore,SwiftEx,Cash on Delivery,APP5
UB-003635,C00917,2024-12-04,Completed,Mobile App,Rawalpindi,RapidGo,Card,
UB-003636,C01316,2025-03-16,Completed,Mobile App,Karachi,Store Pickup,Wallet,
UB-003637,C00940,2025-10-17,Completed,Mobile App,Islamabad,SwiftEx,Cash on Delivery,
UB-003638,C00259,2024-07-08,Completed,Mobile App,Peshawar,SwiftEx,Cash on Delivery,
UB-003639,C00340,2024-10-23,Completed,Web,Karachi,RapidGo,Wallet,
UB-003640,C00612,2024-08-16,Completed,Mobile App,Islamabad,RapidGo,Wallet,WELCOME10
UB-003641,C01444,2025-02-01,Completed,Mobile App,Peshawar,SwiftEx,Cash on Delivery,FREESHIP
UB-003642,C01199,2025-06-05,Completed,Mobile App,Karachi,SwiftEx,Bank Transfer,WELCOME10
UB-003643,C00927,2024-12-31,Completed,Web,Lahore,BlueLine,Cash on Delivery,
UB-003644,C01058,2025-12-22,Returned,Web,Karachi,BlueLine,Card,
UB-003645,C00645,2024-10-09,Completed,Mobile App,Rawalpindi,RapidGo,Card,FREESHIP
UB-003646,C00494,2024-09-13,Completed,Web,Faisalabad,BlueLine,Bank Transfer,APP5
UB-003647,C01317,2024-10-19,Completed,Mobile App,Rawalpindi,SwiftEx,Cash on Delivery,APP5
UB-003648,C00792,2024-10-07,Completed,Marketplace,Faisalabad,RapidGo,Wallet,
UB-003649,C00699,2025-01-05,Completed,Mobile App,Rawalpindi,SwiftEx,Cash on Delivery,WELCOME10
UB-003650,C01256,2024-12-28,Completed,Web,Karachi,Store Pickup,Wallet,FREESHIP
UB-003651,C00712,2025-11-29,Completed,Web,Karachi,BlueLine,Card,APP5
UB-003652,C01257,2025-01-06,Completed,Mobile App,Rawalpindi,BlueLine,Card,
UB-003653,C00886,2025-12-20,Completed,Web,Lahore,BlueLine,Bank Transfer,APP5
UB-003654,C00769,2024-09-26,Completed,Mobile App,Islamabad,RapidGo,Cash on Delivery,
UB-003655,C00430,2024-10-11,Completed,Web,Peshawar,SwiftEx,Card,
UB-003656,C00979,2024-03-12,Completed,Mobile App,Lahore,BlueLine,Wallet,
UB-003657,C01375,2025-04-26,Completed,Mobile App,Lahore,BlueLine,Card,FREESHIP
UB-003658,C00319,2025-05-08,Completed,Web,Peshawar,BlueLine,Cash on Delivery,FREESHIP
UB-003659,C00556,2025-08-27,Completed,Web,Faisalabad,BlueLine,Wallet,
UB-003660,C00545,2024-07-20,Completed,Mobile App,Faisalabad,SwiftEx,Cash on Delivery,
UB-003661,C00783,2024-02-21,Completed,Web,Rawalpindi,RapidGo,Cash on Delivery,
UB-003662,C01192,2024-05-07,Completed,Mobile App,Islamabad,RapidGo,Wallet,
UB-003663,C01509,2025-02-18,Completed,Mobile App,Lahore,Store Pickup,Wallet,WELCOME10
UB-003664,C00280,2025-11-09,Completed,Mobile App,Islamabad,RapidGo,Card,APP5
UB-003665,C01043,2025-10-16,Completed,Web,Rawalpindi,Store Pickup,Bank Transfer,
UB-003666,C00210,2024-03-12,Returned,Web,Rawalpindi,SwiftEx,Bank Transfer,SAVE15
UB-003667,C00747,2025-03-20,Completed,Marketplace,Rawalpindi,RapidGo,Cash on Delivery,
UB-003668,C00191,2025-08-28,Completed,Web,Rawalpindi,RapidGo,Cash on Delivery,
UB-003669,C00147,2025-03-28,Completed,Mobile App,Rawalpindi,BlueLine,Cash on Delivery,WELCOME10
UB-003670,C00885,2024-05-12,Completed,Web,Lahore,BlueLine,Cash on Delivery,
UB-003671,C00562,2025-02-18,Completed,Marketplace,Karachi,SwiftEx,Cash on Delivery,
UB-003672,C00173,2025-04-21,Cancelled,Mobile App,Faisalabad,BlueLine,Cash on Delivery,SAVE15
UB-003673,C01507,2024-09-25,Completed,Mobile App,Rawalpindi,RapidGo,Card,APP5
UB-003674,C00294,2024-06-13,Completed,Mobile App,Islamabad,SwiftEx,Cash on Delivery,FREESHIP
UB-003675,C00944,2024-06-27,Completed,Marketplace,Peshawar,RapidGo,Cash on Delivery,
UB-003676,C00885,2025-06-02,Completed,Mobile App,Lahore,RapidGo,Bank Transfer,
UB-003677,C00260,2025-04-19,Completed,Marketplace,Islamabad,BlueLine,Bank Transfer,
UB-003678,C00758,2025-05-20,Returned,Mobile App,Islamabad,RapidGo,Cash on Delivery,
UB-003679,C00115,2025-01-31,Completed,Mobile App,Faisalabad,SwiftEx,Cash on Delivery,WELCOME10
UB-003680,C00136,2025-10-07,Completed,Mobile App,Karachi,RapidGo,Cash on Delivery,
UB-003681,C01015,2025-07-13,Completed,Web,Rawalpindi,Store Pickup,Cash on Delivery,
UB-003682,C01352,2024-04-23,Completed,Web,Islamabad,BlueLine,Wallet,APP5
UB-003683,C00196,2024-04-21,Completed,Mobile App,Karachi,SwiftEx,Card,
UB-003684,C00754,2024-07-20,Completed,Web,Peshawar,RapidGo,Cash on Delivery,
UB-003685,C01460,2025-08-29,Completed,Mobile App,Karachi,RapidGo,Cash on Delivery,
UB-003686,C01294,2025-11-12,Returned,Web,Lahore,BlueLine,Cash on Delivery,
UB-003687,C01206,2024-05-14,Completed,Mobile App,Faisalabad,SwiftEx,Card,
UB-003688,C00503,2025-11-22,Completed,Mobile App,Lahore,BlueLine,Wallet,
UB-003689,C01328,2024-03-06,Completed,Mobile App,Islamabad,BlueLine,Cash on Delivery,APP5
UB-003690,C00301,2025-07-14,Completed,Web,Lahore,SwiftEx,Wallet,
UB-003691,C01359,2025-03-05,Completed,Web,Rawalpindi,BlueLine,Card,
UB-003692,C00838,2024-05-24,Completed,Mobile App,Rawalpindi,BlueLine,Card,APP5
UB-003693,C01016,2025-04-06,Returned,Marketplace,Lahore,SwiftEx,Wallet,
UB-003694,C01163,2024-01-09,Completed,Mobile App,Islamabad,SwiftEx,Cash on Delivery,
UB-003695,C01007,2024-12-13,Completed,Mobile App,Islamabad,Store Pickup,Cash on Delivery,
UB-003696,C00843,2024-06-26,Completed,Web,Islamabad,RapidGo,Card,WELCOME10
UB-003697,C01144,2024-04-07,Completed,Web,Faisalabad,SwiftEx,Cash on Delivery,FREESHIP
UB-003698,C00891,2024-08-16,Completed,Mobile App,Islamabad,RapidGo,Bank Transfer,FREESHIP
UB-003699,C00408,2024-11-15,Completed,Marketplace,Islamabad,SwiftEx,Cash on Delivery,
UB-003700,C01381,2025-07-19,Completed,Mobile App,Karachi,Store Pickup,Card,SAVE15
UB-003701,C01539,2025-09-13,Completed,Mobile App,Lahore,SwiftEx,Cash on Delivery,
UB-003702,C00260,2024-11-08,Completed,Marketplace,Islamabad,BlueLine,Card,
UB-003703,C00412,2024-01-30,Completed,Web,Faisalabad,SwiftEx,Cash on Delivery,
UB-003704,C00304,2024-08-09,Completed,Web,Rawalpindi,SwiftEx,Card,FREESHIP
UB-003705,C00983,2024-06-22,Completed,Mobile App,Karachi,SwiftEx,Cash on Delivery,
UB-003706,C00912,2024-04-28,Completed,Web,Islamabad,BlueLine,Bank Transfer,
UB-003707,C00258,2024-08-08,Completed,Mobile App,Rawalpindi,Store Pickup,Bank Transfer,
UB-003708,C00879,2024-08-22,Completed,Web,Islamabad,SwiftEx,Cash on Delivery,
UB-003709,C00695,2024-02-22,Completed,Marketplace,Islamabad,BlueLine,Cash on Delivery,
UB-003710,C01270,2025-02-07,Returned,Web,Peshawar,BlueLine,Cash on Delivery,WELCOME10
UB-003711,C00329,2025-05-18,Returned,Web,Lahore,SwiftEx,Cash on Delivery,
UB-003712,C01391,2024-03-23,Completed,Web,Lahore,RapidGo,Cash on Delivery,
UB-003713,C01217,2025-01-04,Completed,Mobile App,Rawalpindi,SwiftEx,Card,
UB-003714,C00098,2025-02-01,Completed,Marketplace,Rawalpindi,RapidGo,Cash on Delivery,
UB-003715,C00680,2025-02-03,Completed,Web,Rawalpindi,RapidGo,Cash on Delivery,WELCOME10
UB-003716,C00756,2024-04-30,Completed,Web,Peshawar,SwiftEx,Cash on Delivery,APP5
UB-003717,C00623,2024-12-19,Completed,Mobile App,Lahore,SwiftEx,Cash on Delivery,FREESHIP
UB-003718,C00443,2024-04-08,Cancelled,Mobile App,Islamabad,RapidGo,Cash on Delivery,
UB-003719,C00469,2025-02-10,Completed,Mobile App,Faisalabad,BlueLine,Wallet,FREESHIP
UB-003720,C00356,2024-03-21,Completed,Mobile App,Rawalpindi,Store Pickup,Card,
UB-003721,C00760,2025-03-28,Completed,Web,Rawalpindi,BlueLine,Cash on Delivery,FREESHIP
UB-003722,C00868,2024-12-22,Completed,Web,Peshawar,RapidGo,Card,
UB-003723,C00928,2024-02-07,Completed,Mobile App,Karachi,SwiftEx,Cash on Delivery,
UB-003724,C00282,2024-03-27,Completed,Mobile App,Islamabad,SwiftEx,Wallet,SAVE15
UB-003725,C01312,2025-04-28,Completed,Mobile App,Karachi,SwiftEx,Card,
UB-003726,C00216,2025-03-17,Completed,Web,Peshawar,RapidGo,Cash on Delivery,FREESHIP
UB-003727,C01587,2025-09-26,Cancelled,Web,Karachi,BlueLine,Cash on Delivery,SAVE15
UB-003728,C01179,2025-07-10,Completed,Web,Lahore,BlueLine,Cash on Delivery,
UB-003729,C00065,2024-05-19,Completed,Marketplace,Lahore,SwiftEx,Card,
UB-003730,C00310,2024-08-29,Completed,Web,Rawalpindi,RapidGo,Bank Transfer,
UB-003731,C01014,2024-06-04,Completed,Mobile App,Karachi,BlueLine,Cash on Delivery,SAVE15
UB-003732,C00517,2025-12-17,Completed,Mobile App,Karachi,BlueLine,Card,APP5
UB-003733,C00333,2024-02-26,Completed,Marketplace,Peshawar,BlueLine,Cash on Delivery,WELCOME10
UB-003734,C00326,2025-09-22,Completed,Web,Rawalpindi,Store Pickup,Cash on Delivery,SAVE15
UB-003735,C00071,2024-04-03,Completed,Web,Lahore,Store Pickup,Cash on Delivery,WELCOME10
UB-003736,C01114,2025-11-18,Completed,Web,Karachi,BlueLine,Cash on Delivery,
UB-003737,C00564,2024-06-11,Completed,Mobile App,Lahore,RapidGo,Cash on Delivery,
UB-003738,C00234,2025-08-27,Completed,Web,Rawalpindi,SwiftEx,Cash on Delivery,
UB-003739,C01256,2024-09-13,Completed,Mobile App,Karachi,BlueLine,Wallet,
UB-003740,C01252,2024-09-03,Completed,Web,Karachi,BlueLine,Cash on Delivery,
UB-003741,C01222,2024-09-19,Returned,Mobile App,Peshawar,RapidGo,Cash on Delivery,APP5
UB-003742,C00081,2024-07-20,Completed,Mobile App,Karachi,Store Pickup,Card,
UB-003743,C00335,2024-03-05,Completed,Web,Islamabad,BlueLine,Bank Transfer,
UB-003744,C00058,2024-07-05,Completed,Web,Rawalpindi,SwiftEx,Card,WELCOME10
UB-003745,C00169,2025-08-01,Returned,Mobile App,Lahore,Store Pickup,Cash on Delivery,SAVE15
UB-003746,C00891,2025-11-29,Completed,Mobile App,Islamabad,BlueLine,Card,
UB-003747,C01414,2024-11-02,Completed,Mobile App,Islamabad,RapidGo,Cash on Delivery,
UB-003748,C01033,2025-08-26,Completed,Mobile App,Faisalabad,Store Pickup,Card,WELCOME10
UB-003749,C00697,2025-03-17,Completed,Web,Islamabad,RapidGo,Card,APP5
UB-003750,C00552,2024-09-30,Completed,Web,Rawalpindi,SwiftEx,Cash on Delivery,FREESHIP
UB-003751,C00599,2024-10-24,Returned,Web,Islamabad,BlueLine,Wallet,
UB-003752,C00292,2024-10-14,Completed,Mobile App,Karachi,SwiftEx,Card,
UB-003753,C00003,2024-10-31,Completed,Web,Islamabad,RapidGo,Cash on Delivery,
UB-003754,C00731,2025-03-14,Completed,Web,Karachi,SwiftEx,Cash on Delivery,
UB-003755,C00039,2024-04-11,Completed,Web,Islamabad,RapidGo,Cash on Delivery,
UB-003756,C01214,2024-07-11,Completed,Mobile App,Peshawar,SwiftEx,Card,
UB-003757,C00732,2024-11-23,Completed,Marketplace,Islamabad,BlueLine,Cash on Delivery,
UB-003758,C00060,2025-05-17,Completed,Mobile App,Karachi,SwiftEx,Cash on Delivery,
UB-003759,C00526,2024-11-29,Completed,Web,Lahore,BlueLine,Bank Transfer,
UB-003760,C00683,2024-08-13,Completed,Mobile App,Lahore,BlueLine,Bank Transfer,
UB-003761,C01147,2024-08-12,Completed,Web,Karachi,SwiftEx,Cash on Delivery,FREESHIP
UB-003762,C00831,2024-07-05,Returned,Web,Karachi,RapidGo,Bank Transfer,
UB-003763,C00702,2025-02-15,Completed,Web,Lahore,BlueLine,Card,SAVE15
UB-003764,C01520,2025-12-15,Completed,Mobile App,Faisalabad,RapidGo,Bank Transfer,
UB-003765,C00654,2024-02-17,Completed,Web,Karachi,SwiftEx,Cash on Delivery,FREESHIP
UB-003766,C01343,2024-01-13,Completed,Marketplace,Islamabad,RapidGo,Wallet,
UB-003767,C00790,2025-06-09,Completed,Web,Karachi,BlueLine,Bank Transfer,
UB-003768,C01153,2024-02-29,Completed,Marketplace,Lahore,RapidGo,Card,
UB-003769,C00160,2024-04-01,Completed,Web,Faisalabad,Store Pickup,Cash on Delivery,
UB-003770,C00850,2024-05-27,Completed,Web,Peshawar,BlueLine,Card,
UB-003771,C00155,2024-12-16,Completed,Web,Karachi,BlueLine,Bank Transfer,
UB-003772,C01547,2025-02-25,Completed,Web,Peshawar,Store Pickup,Cash on Delivery,APP5
UB-003773,C00570,2024-07-31,Completed,Web,Karachi,BlueLine,Cash on Delivery,FREESHIP
UB-003774,C00684,2025-08-15,Completed,Mobile App,Islamabad,BlueLine,Card,
UB-003775,C00030,2024-12-08,Completed,Marketplace,Islamabad,SwiftEx,Wallet,
UB-003776,C00536,2024-10-13,Completed,Mobile App,Rawalpindi,Store Pickup,Wallet,APP5
UB-003777,C00023,2024-03-25,Completed,Mobile App,Rawalpindi,BlueLine,Card,
UB-003778,C01275,2024-05-19,Completed,Web,Karachi,SwiftEx,Wallet,WELCOME10
UB-003779,C01113,2025-06-12,Completed,Mobile App,Islamabad,BlueLine,Cash on Delivery,
UB-003780,C00761,2024-05-02,Completed,Mobile App,Peshawar,BlueLine,Cash on Delivery,
UB-003781,C00257,2024-03-26,Completed,Mobile App,Lahore,RapidGo,Cash on Delivery,
UB-003782,C01105,2024-01-15,Completed,Mobile App,Rawalpindi,BlueLine,Card,
UB-003783,C00468,2025-05-29,Returned,Web,Lahore,BlueLine,Wallet,
UB-003784,C00393,2024-08-30,Completed,Mobile App,Rawalpindi,SwiftEx,Card,FREESHIP
UB-003785,C01035,2024-10-05,Completed,Mobile App,Rawalpindi,BlueLine,Cash on Delivery,
UB-003786,C00476,2024-09-16,Completed,Mobile App,Rawalpindi,RapidGo,Card,
UB-003787,C01194,2024-04-27,Completed,Mobile App,Karachi,RapidGo,Card,APP5
UB-003788,C01448,2024-10-17,Completed,Mobile App,Lahore,RapidGo,Cash on Delivery,APP5
UB-003789,C01151,2024-01-08,Completed,Marketplace,Karachi,SwiftEx,Wallet,APP5
UB-003790,C01376,2024-11-27,Completed,Marketplace,Lahore,SwiftEx,Cash on Delivery,
UB-003791,C01597,2024-10-01,Completed,Mobile App,Rawalpindi,SwiftEx,Card,
UB-003792,C00877,2025-12-29,Completed,Mobile App,Rawalpindi,RapidGo,Cash on Delivery,
UB-003793,C01498,2025-06-09,Returned,Web,Karachi,Store Pickup,Cash on Delivery,
UB-003794,C00451,2025-01-29,Completed,Web,Faisalabad,BlueLine,Card,
UB-003795,C00235,2024-12-05,Completed,Mobile App,Peshawar,RapidGo,Card,
UB-003796,C00176,2025-12-28,Completed,Mobile App,Lahore,SwiftEx,Card,
UB-003797,C01449,2024-08-24,Completed,Web,Rawalpindi,SwiftEx,Card,FREESHIP
UB-003798,C01370,2024-11-01,Completed,Web,Islamabad,SwiftEx,Cash on Delivery,
UB-003799,C01194,2025-07-12,Completed,Mobile App,Karachi,BlueLine,Wallet,FREESHIP
UB-003800,C00835,2024-03-25,Completed,Web,Rawalpindi,RapidGo,Card,
UB-003801,C00460,2024-05-05,Completed,Marketplace,Karachi,SwiftEx,Cash on Delivery,APP5
UB-003802,C00127,2024-09-18,Completed,Marketplace,Karachi,BlueLine,Wallet,FREESHIP
UB-003803,C00977,2025-10-22,Cancelled,Web,Lahore,SwiftEx,Cash on Delivery,
UB-003804,C00173,2025-07-14,Returned,Web,Faisalabad,SwiftEx,Wallet,
UB-003805,C01390,2024-03-05,Completed,Marketplace,Islamabad,RapidGo,Card,SAVE15
UB-003806,C01136,2024-01-01,Completed,Web,Rawalpindi,SwiftEx,Cash on Delivery,WELCOME10
UB-003807,C00695,2025-06-02,Cancelled,Web,Islamabad,SwiftEx,Cash on Delivery,
UB-003808,C00228,2024-11-20,Completed,Mobile App,Karachi,SwiftEx,Cash on Delivery,
UB-003809,C00598,2025-03-26,Completed,Web,Lahore,BlueLine,Bank Transfer,
UB-003810,C01040,2025-05-24,Completed,Mobile App,Peshawar,Store Pickup,Wallet,
UB-003811,C01475,2024-08-07,Completed,Web,Karachi,Store Pickup,Bank Transfer,
UB-003812,C00940,2025-03-31,Completed,Web,Islamabad,RapidGo,Wallet,APP5
UB-003813,C00295,2025-06-11,Completed,Web,Islamabad,BlueLine,Card,FREESHIP
UB-003814,C01441,2025-03-06,Completed,Mobile App,Rawalpindi,Store Pickup,Cash on Delivery,
UB-003815,C00907,2025-02-04,Completed,Web,Islamabad,BlueLine,Bank Transfer,
UB-003816,C00980,2024-02-07,Returned,Mobile App,Islamabad,BlueLine,Wallet,WELCOME10
UB-003817,C00790,2025-08-16,Completed,Marketplace,Karachi,SwiftEx,Wallet,
UB-003818,C00423,2025-04-09,Completed,Mobile App,Karachi,BlueLine,Cash on Delivery,
UB-003819,C01469,2024-11-29,Completed,Mobile App,Islamabad,SwiftEx,Card,WELCOME10
UB-003820,C00652,2025-05-02,Completed,Mobile App,Karachi,SwiftEx,Cash on Delivery,
UB-003821,C00129,2025-01-30,Completed,Web,Karachi,SwiftEx,Cash on Delivery,
UB-003822,C01168,2024-01-01,Completed,Web,Faisalabad,BlueLine,Card,FREESHIP
UB-003823,C01517,2025-04-04,Completed,Marketplace,Rawalpindi,RapidGo,Card,SAVE15
UB-003824,C01583,2024-06-16,Completed,Web,Karachi,SwiftEx,Card,SAVE15
UB-003825,C00535,2024-02-19,Completed,Marketplace,Karachi,BlueLine,Cash on Delivery,WELCOME10
UB-003826,C01439,2024-08-31,Completed,Web,Islamabad,SwiftEx,Card,WELCOME10
UB-003827,C00589,2024-03-29,Completed,Mobile App,Faisalabad,SwiftEx,Cash on Delivery,
UB-003828,C00566,2025-09-25,Completed,Mobile App,Lahore,RapidGo,Cash on Delivery,
UB-003829,C01549,2024-04-08,Completed,Web,Rawalpindi,Store Pickup,Cash on Delivery,
UB-003830,C00815,2024-02-03,Completed,Mobile App,Faisalabad,RapidGo,Bank Transfer,FREESHIP
UB-003831,C01207,2025-05-03,Completed,Mobile App,Islamabad,SwiftEx,Wallet,APP5
UB-003832,C00778,2024-06-05,Completed,Mobile App,Islamabad,Store Pickup,Cash on Delivery,WELCOME10
UB-003833,C01095,2025-09-06,Completed,Web,Islamabad,SwiftEx,Cash on Delivery,APP5
UB-003834,C00917,2025-06-26,Completed,Mobile App,Rawalpindi,BlueLine,Card,
UB-003835,C01060,2024-07-30,Completed,Marketplace,Islamabad,SwiftEx,Card,
UB-003836,C00439,2025-10-25,Completed,Mobile App,Rawalpindi,Store Pickup,Card,FREESHIP
UB-003837,C00078,2025-06-09,Completed,Mobile App,Islamabad,RapidGo,Card,SAVE15
UB-003838,C00748,2024-10-13,Completed,Mobile App,Lahore,SwiftEx,Cash on Delivery,
UB-003839,C00725,2024-06-30,Completed,Web,Islamabad,BlueLine,Card,
UB-003840,C01027,2024-01-15,Completed,Marketplace,Karachi,Store Pickup,Cash on Delivery,
UB-003841,C00058,2025-02-12,Completed,Web,Rawalpindi,RapidGo,Card,
UB-003842,C00703,2025-10-15,Completed,Marketplace,Lahore,BlueLine,Bank Transfer,
UB-003843,C01528,2025-07-25,Completed,Web,Karachi,SwiftEx,Cash on Delivery,
UB-003844,C00514,2024-05-06,Completed,Web,Islamabad,BlueLine,Cash on Delivery,
UB-003845,C01158,2025-04-12,Completed,Web,Lahore,BlueLine,Card,SAVE15
UB-003846,C01361,2025-02-04,Completed,Mobile App,Islamabad,BlueLine,Cash on Delivery,
UB-003847,C00749,2025-08-24,Completed,Mobile App,Rawalpindi,SwiftEx,Cash on Delivery,
UB-003848,C00026,2025-04-17,Completed,Web,Rawalpindi,BlueLine,Bank Transfer,FREESHIP
UB-003849,C00059,2024-02-13,Completed,Mobile App,Peshawar,SwiftEx,Cash on Delivery,
UB-003850,C01501,2024-02-27,Completed,Mobile App,Karachi,BlueLine,Card,
UB-003851,C00669,2024-11-09,Completed,Web,Rawalpindi,RapidGo,Card,
UB-003852,C00966,2025-11-18,Returned,Web,Peshawar,Store Pickup,Wallet,FREESHIP
UB-003853,C00022,2025-10-03,Completed,Web,Karachi,RapidGo,Bank Transfer,
UB-003854,C00296,2024-05-24,Completed,Mobile App,Faisalabad,SwiftEx,Card,
UB-003855,C00245,2024-08-12,Completed,Web,Lahore,SwiftEx,Cash on Delivery,
UB-003856,C01512,2025-11-29,Completed,Web,Karachi,BlueLine,Wallet,APP5
UB-003857,C00019,2025-09-17,Completed,Mobile App,Islamabad,BlueLine,Cash on Delivery,
UB-003858,C00802,2025-01-19,Completed,Mobile App,Karachi,SwiftEx,Card,
UB-003859,C00163,2024-07-01,Completed,Mobile App,Islamabad,BlueLine,Card,FREESHIP
UB-003860,C00522,2024-07-27,Completed,Mobile App,Rawalpindi,RapidGo,Wallet,SAVE15
UB-003861,C00297,2025-01-24,Completed,Mobile App,Rawalpindi,SwiftEx,Card,
UB-003862,C01060,2024-11-09,Completed,Mobile App,Islamabad,BlueLine,Bank Transfer,
UB-003863,C01088,2025-02-22,Completed,Web,Karachi,BlueLine,Cash on Delivery,
UB-003864,C01441,2025-04-04,Completed,Mobile App,Rawalpindi,RapidGo,Cash on Delivery,APP5
UB-003865,C00200,2024-11-10,Completed,Web,Karachi,RapidGo,Cash on Delivery,APP5
UB-003866,C01339,2024-03-21,Completed,Marketplace,Rawalpindi,Store Pickup,Cash on Delivery,APP5
UB-003867,C00480,2025-04-10,Completed,Web,Peshawar,RapidGo,Card,
UB-003868,C01559,2024-02-03,Completed,Web,Islamabad,SwiftEx,Bank Transfer,
UB-003869,C00816,2024-01-24,Completed,Web,Faisalabad,RapidGo,Cash on Delivery,
UB-003870,C00117,2024-03-08,Completed,Web,Rawalpindi,SwiftEx,Cash on Delivery,
UB-003871,C01155,2024-05-22,Completed,Mobile App,Faisalabad,RapidGo,Card,
UB-003872,C00637,2024-05-24,Completed,Mobile App,Peshawar,Store Pickup,Card,
UB-003873,C00574,2025-06-11,Completed,Web,Karachi,BlueLine,Cash on Delivery,APP5
UB-003874,C01293,2025-02-28,Completed,Web,Lahore,RapidGo,Cash on Delivery,WELCOME10
UB-003875,C01195,2024-05-13,Completed,Web,Karachi,RapidGo,Cash on Delivery,
UB-003876,C01365,2024-12-27,Completed,Marketplace,Faisalabad,RapidGo,Cash on Delivery,
UB-003877,C01343,2024-12-07,Completed,Mobile App,Islamabad,RapidGo,Bank Transfer,
UB-003878,C00828,2025-02-13,Returned,Mobile App,Islamabad,RapidGo,Cash on Delivery,
UB-003879,C01407,2025-03-23,Completed,Web,Lahore,BlueLine,Card,
UB-003880,C00974,2025-06-10,Completed,Web,Rawalpindi,RapidGo,Card,
UB-003881,C01195,2025-10-16,Completed,Web,Karachi,SwiftEx,Cash on Delivery,
UB-003882,C00312,2025-09-27,Completed,Web,Rawalpindi,SwiftEx,Card,
UB-003883,C00675,2025-04-15,Completed,Web,Islamabad,RapidGo,Card,SAVE15
UB-003884,C00365,2025-11-23,Cancelled,Mobile App,Karachi,RapidGo,Cash on Delivery,WELCOME10
UB-003885,C01523,2024-11-13,Completed,Mobile App,Islamabad,BlueLine,Card,
UB-003886,C01093,2024-01-06,Completed,Mobile App,Karachi,RapidGo,Cash on Delivery,
UB-003887,C00248,2025-11-09,Completed,Mobile App,Rawalpindi,BlueLine,Card,
UB-003888,C01335,2024-01-18,Completed,Mobile App,Rawalpindi,BlueLine,Card,
UB-003889,C01324,2024-08-28,Completed,Mobile App,Rawalpindi,SwiftEx,Card,
UB-003890,C00077,2024-04-10,Completed,Mobile App,Lahore,BlueLine,Wallet,
UB-003891,C01502,2025-11-09,Completed,Web,Rawalpindi,RapidGo,Cash on Delivery,
UB-003892,C01150,2024-08-30,Completed,Marketplace,Rawalpindi,SwiftEx,Cash on Delivery,SAVE15
UB-003893,C00737,2024-07-09,Completed,Web,Islamabad,RapidGo,Card,FREESHIP
UB-003894,C00186,2025-07-18,Completed,Web,Lahore,RapidGo,Cash on Delivery,
UB-003895,C00645,2024-11-29,Completed,Mobile App,Rawalpindi,BlueLine,Cash on Delivery,
UB-003896,C01462,2024-09-17,Cancelled,Marketplace,Islamabad,SwiftEx,Cash on Delivery,
UB-003897,C01147,2025-02-16,Completed,Mobile App,Karachi,RapidGo,Cash on Delivery,
UB-003898,C01298,2025-06-12,Returned,Mobile App,Rawalpindi,BlueLine,Cash on Delivery,
UB-003899,C00394,2025-07-21,Completed,Web,Karachi,RapidGo,Bank Transfer,
UB-003900,C00714,2025-04-03,Completed,Marketplace,Peshawar,SwiftEx,Cash on Delivery,SAVE15
UB-003901,C01343,2025-05-26,Completed,Mobile App,Islamabad,SwiftEx,Card,
UB-003902,C01098,2024-08-01,Completed,Mobile App,Rawalpindi,RapidGo,Card,
UB-003903,C00168,2024-04-02,Completed,Mobile App,Faisalabad,RapidGo,Wallet,
UB-003904,C00086,2024-11-28,Completed,Mobile App,Peshawar,SwiftEx,Cash on Delivery,SAVE15
UB-003905,C00194,2024-03-13,Completed,Mobile App,Rawalpindi,BlueLine,Cash on Delivery,
UB-003906,C00382,2025-10-02,Completed,Web,Rawalpindi,SwiftEx,Bank Transfer,WELCOME10
UB-003907,C00715,2025-04-27,Cancelled,Mobile App,Lahore,BlueLine,Bank Transfer,
UB-003908,C01514,2025-11-09,Completed,Web,Lahore,SwiftEx,Wallet,
UB-003909,C01429,2024-01-11,Completed,Mobile App,Rawalpindi,BlueLine,Bank Transfer,
UB-003910,C01367,2024-02-18,Completed,Web,Karachi,BlueLine,Cash on Delivery,FREESHIP
UB-003911,C00119,2024-03-31,Completed,Mobile App,Islamabad,BlueLine,Cash on Delivery,SAVE15
UB-003912,C01321,2025-01-09,Completed,Mobile App,Lahore,SwiftEx,Cash on Delivery,APP5
UB-003913,C01588,2024-09-02,Completed,Mobile App,Lahore,BlueLine,Card,
UB-003914,C01105,2024-12-10,Completed,Mobile App,Rawalpindi,SwiftEx,Cash on Delivery,
UB-003915,C00060,2025-08-16,Completed,Mobile App,Karachi,RapidGo,Cash on Delivery,APP5
UB-003916,C00503,2024-01-19,Completed,Web,Lahore,SwiftEx,Card,
UB-003917,C01453,2024-07-21,Completed,Web,Faisalabad,SwiftEx,Card,
UB-003918,C00063,2025-04-10,Completed,Web,Karachi,SwiftEx,Cash on Delivery,APP5
UB-003919,C00601,2024-10-13,Completed,Mobile App,Islamabad,RapidGo,Card,
UB-003920,C00244,2025-02-27,Completed,Mobile App,Islamabad,SwiftEx,Card,WELCOME10
UB-003921,C00926,2025-04-02,Returned,Web,Lahore,BlueLine,Cash on Delivery,
UB-003922,C01203,2025-04-02,Completed,Web,Lahore,SwiftEx,Cash on Delivery,SAVE15
UB-003923,C00922,2025-10-01,Completed,Web,Islamabad,SwiftEx,Wallet,
UB-003924,C00907,2025-07-17,Completed,Web,Islamabad,BlueLine,Cash on Delivery,WELCOME10
UB-003925,C00781,2025-09-04,Completed,Mobile App,Rawalpindi,BlueLine,Card,
UB-003926,C01030,2025-10-29,Completed,Web,Karachi,RapidGo,Bank Transfer,
UB-003927,C01029,2025-04-10,Completed,Marketplace,Rawalpindi,SwiftEx,Cash on Delivery,FREESHIP
UB-003928,C00734,2025-01-13,Completed,Web,Rawalpindi,BlueLine,Cash on Delivery,
UB-003929,C01545,2025-08-29,Completed,Marketplace,Islamabad,BlueLine,Wallet,
UB-003930,C01361,2024-12-02,Completed,Web,Islamabad,Store Pickup,Cash on Delivery,
UB-003931,C01355,2024-05-09,Cancelled,Mobile App,Islamabad,SwiftEx,Cash on Delivery,
UB-003932,C01010,2025-11-12,Returned,Web,Islamabad,SwiftEx,Cash on Delivery,
UB-003933,C01429,2024-07-27,Completed,Mobile App,Rawalpindi,SwiftEx,Cash on Delivery,FREESHIP
UB-003934,C00677,2025-09-15,Completed,Web,Lahore,Store Pickup,Cash on Delivery,
UB-003935,C00054,2025-02-05,Completed,Web,Islamabad,SwiftEx,Cash on Delivery,
UB-003936,C01330,2025-11-04,Completed,Web,Islamabad,SwiftEx,Wallet,APP5
UB-003937,C01008,2024-04-18,Completed,Web,Islamabad,SwiftEx,Card,
UB-003938,C00253,2024-06-28,Completed,Mobile App,Islamabad,RapidGo,Wallet,APP5
UB-003939,C01407,2024-12-30,Completed,Marketplace,Lahore,SwiftEx,Cash on Delivery,FREESHIP
UB-003940,C00784,2024-06-30,Returned,Web,Karachi,RapidGo,Cash on Delivery,FREESHIP
UB-003941,C00964,2025-12-04,Returned,Web,Peshawar,Store Pickup,Cash on Delivery,APP5
UB-003942,C00047,2024-03-09,Completed,Mobile App,Islamabad,BlueLine,Cash on Delivery,
UB-003943,C00970,2024-12-15,Completed,Web,Islamabad,BlueLine,Cash on Delivery,
UB-003944,C01105,2024-06-15,Completed,Web,Rawalpindi,SwiftEx,Cash on Delivery,SAVE15
UB-003945,C00556,2024-02-22,Completed,Mobile App,Faisalabad,Store Pickup,Card,SAVE15
UB-003946,C01440,2024-08-16,Completed,Web,Rawalpindi,RapidGo,Card,
UB-003947,C00244,2025-06-15,Completed,Web,Islamabad,SwiftEx,Wallet,APP5
UB-003948,C00297,2024-06-15,Returned,Marketplace,Rawalpindi,BlueLine,Bank Transfer,
UB-003949,C00498,2024-12-19,Completed,Mobile App,Faisalabad,BlueLine,Cash on Delivery,
UB-003950,C01522,2024-07-25,Completed,Marketplace,Islamabad,BlueLine,Cash on Delivery,FREESHIP
UB-003951,C00667,2025-02-02,Completed,Mobile App,Lahore,SwiftEx,Cash on Delivery,WELCOME10
UB-003952,C00424,2025-12-24,Completed,Web,Peshawar,RapidGo,Card,APP5
UB-003953,C00505,2025-06-12,Completed,Web,Rawalpindi,SwiftEx,Cash on Delivery,
UB-003954,C01094,2024-12-22,Cancelled,Web,Lahore,SwiftEx,Wallet,WELCOME10
UB-003955,C01584,2024-05-06,Completed,Mobile App,Rawalpindi,BlueLine,Card,
UB-003956,C01317,2024-08-30,Completed,Mobile App,Rawalpindi,SwiftEx,Bank Transfer,FREESHIP
UB-003957,C01176,2024-04-30,Completed,Marketplace,Lahore,RapidGo,Wallet,
UB-003958,C01386,2024-05-05,Completed,Web,Karachi,BlueLine,Wallet,FREESHIP
UB-003959,C01019,2025-05-12,Completed,Web,Lahore,SwiftEx,Cash on Delivery,APP5
UB-003960,C01348,2025-05-28,Completed,Web,Rawalpindi,RapidGo,Cash on Delivery,
UB-003961,C01271,2024-09-13,Completed,Mobile App,Rawalpindi,BlueLine,Cash on Delivery,
UB-003962,C01286,2024-02-23,Completed,Web,Lahore,SwiftEx,Cash on Delivery,APP5
UB-003963,C00619,2025-03-04,Completed,Mobile App,Lahore,BlueLine,Cash on Delivery,
UB-003964,C01545,2025-09-16,Completed,Mobile App,Islamabad,SwiftEx,Card,SAVE15
UB-003965,C00775,2025-10-30,Completed,Web,Rawalpindi,Store Pickup,Wallet,
UB-003966,C00983,2024-12-22,Completed,Mobile App,Karachi,RapidGo,Bank Transfer,
UB-003967,C01185,2024-04-01,Completed,Mobile App,Faisalabad,RapidGo,Bank Transfer,
UB-003968,C00491,2025-10-29,Completed,Web,Islamabad,BlueLine,Bank Transfer,
UB-003969,C00335,2025-07-23,Completed,Mobile App,Islamabad,SwiftEx,Wallet,
UB-003970,C00045,2025-06-05,Completed,Mobile App,Rawalpindi,Store Pickup,Cash on Delivery,
UB-003971,C00797,2025-05-24,Completed,Mobile App,Rawalpindi,SwiftEx,Card,SAVE15
UB-003972,C01307,2024-02-15,Completed,Mobile App,Lahore,BlueLine,Cash on Delivery,FREESHIP
UB-003973,C00996,2025-07-29,Completed,Mobile App,Islamabad,SwiftEx,Wallet,
UB-003974,C00604,2025-05-29,Completed,Web,Islamabad,BlueLine,Bank Transfer,
UB-003975,C01455,2024-05-20,Completed,Mobile App,Islamabad,SwiftEx,Card,
UB-003976,C00875,2024-07-14,Completed,Mobile App,Islamabad,SwiftEx,Wallet,WELCOME10
UB-003977,C00923,2024-06-07,Completed,Web,Islamabad,SwiftEx,Cash on Delivery,
UB-003978,C00019,2024-06-08,Completed,Web,Islamabad,SwiftEx,Cash on Delivery,
UB-003979,C00436,2024-10-13,Completed,Web,Karachi,Store Pickup,Cash on Delivery,
UB-003980,C00835,2024-10-09,Completed,Mobile App,Rawalpindi,BlueLine,Card,
UB-003981,C00469,2025-11-24,Cancelled,Web,Faisalabad,RapidGo,Cash on Delivery,
UB-003982,C00044,2025-12-20,Returned,Marketplace,Karachi,BlueLine,Wallet,APP5
UB-003983,C00609,2024-02-18,Completed,Web,Islamabad,SwiftEx,Wallet,FREESHIP
UB-003984,C01486,2025-03-14,Completed,Mobile App,Rawalpindi,RapidGo,Wallet,
UB-003985,C01167,2024-05-07,Completed,Web,Islamabad,Store Pickup,Card,
UB-003986,C01543,2024-12-05,Completed,Mobile App,Islamabad,Store Pickup,Cash on Delivery,WELCOME10
UB-003987,C00434,2024-01-01,Completed,Web,Karachi,RapidGo,Card,
UB-003988,C01318,2024-03-09,Completed,Web,Lahore,BlueLine,Wallet,
UB-003989,C01257,2024-08-20,Completed,Mobile App,Rawalpindi,BlueLine,Card,
UB-003990,C01387,2025-07-01,Completed,Web,Islamabad,SwiftEx,Card,
UB-003991,C00428,2024-06-10,Completed,Web,Rawalpindi,Store Pickup,Card,FREESHIP
UB-003992,C00875,2025-06-15,Completed,Web,Islamabad,Store Pickup,Cash on Delivery,
UB-003993,C00805,2025-04-18,Returned,Web,Islamabad,Store Pickup,Bank Transfer,
UB-003994,C01319,2025-09-08,Completed,Web,Karachi,SwiftEx,Cash on Delivery,
UB-003995,C01079,2024-12-27,Completed,Mobile App,Islamabad,RapidGo,Wallet,
UB-003996,C01013,2024-08-05,Completed,Web,Rawalpindi,Store Pickup,Card,WELCOME10
UB-003997,C00239,2024-10-17,Completed,Web,Lahore,BlueLine,Wallet,
UB-003998,C01518,2024-04-01,Completed,Mobile App,Islamabad,SwiftEx,Cash on Delivery,
UB-003999,C00493,2024-05-29,Completed,Marketplace,Karachi,BlueLine,Cash on Delivery,
UB-004000,C00279,2025-08-28,Cancelled,Marketplace,Rawalpindi,BlueLine,Bank Transfer,WELCOME10
UB-004001,C00621,2024-06-04,Cancelled,Mobile App,Islamabad,SwiftEx,Bank Transfer,SAVE15
UB-004002,C00754,2024-07-27,Completed,Web,Peshawar,Store Pickup,Cash on Delivery,
UB-004003,C01128,2024-12-05,Completed,Web,Rawalpindi,BlueLine,Cash on Delivery,
UB-004004,C01466,2024-07-13,Cancelled,Web,Rawalpindi,RapidGo,Wallet,APP5
UB-004005,C00743,2024-05-30,Completed,Web,Faisalabad,BlueLine,Bank Transfer,SAVE15
UB-004006,C00127,2024-09-08,Completed,Mobile App,Karachi,SwiftEx,Wallet,
UB-004007,C00714,2024-07-07,Completed,Marketplace,Peshawar,RapidGo,Bank Transfer,
UB-004008,C01236,2024-09-28,Completed,Web,Islamabad,BlueLine,Wallet,
UB-004009,C00806,2025-02-10,Completed,Mobile App,Lahore,SwiftEx,Cash on Delivery,
UB-004010,C00386,2024-01-18,Completed,Mobile App,Lahore,SwiftEx,Card,
UB-004011,C00923,2025-03-10,Completed,Mobile App,Islamabad,SwiftEx,Card,
UB-004012,C01464,2024-08-18,Completed,Web,Rawalpindi,SwiftEx,Card,
UB-004013,C00151,2025-06-26,Completed,Web,Peshawar,SwiftEx,Cash on Delivery,
UB-004014,C00815,2025-01-22,Completed,Web,Faisalabad,RapidGo,Cash on Delivery,
UB-004015,C01544,2025-02-22,Completed,Web,Lahore,SwiftEx,Wallet,
UB-004016,C00963,2024-01-24,Completed,Mobile App,Peshawar,RapidGo,Card,APP5
UB-004017,C00407,2025-04-28,Completed,Mobile App,Rawalpindi,RapidGo,Cash on Delivery,
UB-004018,C00538,2024-10-16,Completed,Marketplace,Lahore,RapidGo,Bank Transfer,
UB-004019,C00050,2025-06-26,Completed,Web,Karachi,RapidGo,Wallet,
UB-004020,C00846,2024-01-16,Completed,Mobile App,Faisalabad,Store Pickup,Card,
UB-004021,C00991,2024-03-14,Completed,Mobile App,Lahore,Store Pickup,Cash on Delivery,FREESHIP
UB-004022,C01185,2025-07-02,Completed,Mobile App,Faisalabad,RapidGo,Cash on Delivery,
UB-004023,C00023,2024-02-24,Cancelled,Web,Rawalpindi,RapidGo,Wallet,
UB-004024,C00273,2025-09-05,Completed,Web,Karachi,BlueLine,Wallet,
UB-004025,C00628,2025-03-08,Completed,Web,Karachi,SwiftEx,Cash on Delivery,WELCOME10
UB-004026,C00478,2024-09-21,Completed,Mobile App,Lahore,SwiftEx,Bank Transfer,
UB-004027,C00325,2024-02-04,Completed,Web,Rawalpindi,RapidGo,Cash on Delivery,
UB-004028,C01418,2025-01-22,Returned,Web,Islamabad,BlueLine,Card,FREESHIP
UB-004029,C00161,2024-02-07,Completed,Mobile App,Rawalpindi,SwiftEx,Card,FREESHIP
UB-004030,C01020,2024-11-09,Completed,Mobile App,Rawalpindi,BlueLine,Card,
UB-004031,C00744,2024-05-02,Completed,Web,Islamabad,SwiftEx,Bank Transfer,
UB-004032,C00465,2024-09-13,Completed,Web,Faisalabad,SwiftEx,Cash on Delivery,
UB-004033,C00614,2025-06-12,Completed,Web,Islamabad,RapidGo,Cash on Delivery,
UB-004034,C00942,2025-08-23,Completed,Marketplace,Lahore,RapidGo,Bank Transfer,APP5
UB-004035,C00694,2024-08-19,Completed,Web,Rawalpindi,BlueLine,Cash on Delivery,
UB-004036,C00532,2025-08-05,Completed,Mobile App,Rawalpindi,Store Pickup,Cash on Delivery,
UB-004037,C01467,2024-01-01,Completed,Mobile App,Rawalpindi,Store Pickup,Bank Transfer,
UB-004038,C00801,2024-01-27,Completed,Mobile App,Faisalabad,BlueLine,Wallet,
UB-004039,C01470,2025-02-09,Completed,Mobile App,Rawalpindi,SwiftEx,Cash on Delivery,FREESHIP
UB-004040,C01510,2024-03-24,Completed,Marketplace,Rawalpindi,SwiftEx,Bank Transfer,
UB-004041,C00953,2024-07-03,Completed,Mobile App,Karachi,RapidGo,Cash on Delivery,WELCOME10
UB-004042,C00696,2025-10-03,Completed,Web,Karachi,RapidGo,Cash on Delivery,
UB-004043,C00848,2024-07-18,Completed,Web,Karachi,SwiftEx,Card,
UB-004044,C00656,2024-05-03,Completed,Mobile App,Peshawar,SwiftEx,Cash on Delivery,
UB-004045,C00880,2025-05-02,Completed,Web,Lahore,BlueLine,Cash on Delivery,WELCOME10
UB-004046,C00827,2025-12-25,Completed,Web,Faisalabad,SwiftEx,Card,
UB-004047,C00780,2024-12-09,Completed,Mobile App,Karachi,BlueLine,Cash on Delivery,
UB-004048,C00769,2025-11-24,Completed,Web,Islamabad,SwiftEx,Card,
UB-004049,C00391,2024-01-30,Completed,Mobile App,Rawalpindi,BlueLine,Card,FREESHIP
UB-004050,C00254,2025-03-21,Cancelled,Web,Lahore,SwiftEx,Cash on Delivery,SAVE15
UB-004051,C00200,2024-10-10,Completed,Mobile App,Karachi,RapidGo,Cash on Delivery,
UB-004052,C01448,2025-09-07,Completed,Web,Lahore,BlueLine,Cash on Delivery,
UB-004053,C00717,2024-09-29,Completed,Marketplace,Rawalpindi,Store Pickup,Card,
UB-004054,C00979,2024-02-10,Completed,Mobile App,Lahore,BlueLine,Card,WELCOME10
UB-004055,C01066,2025-08-03,Completed,Mobile App,Faisalabad,BlueLine,Card,
UB-004056,C01197,2024-10-03,Completed,Mobile App,Lahore,Store Pickup,Card,FREESHIP
UB-004057,C00186,2024-03-22,Completed,Web,Lahore,RapidGo,Card,
UB-004058,C00016,2024-10-29,Completed,Marketplace,Islamabad,SwiftEx,Cash on Delivery,
UB-004059,C00096,2025-02-20,Completed,Mobile App,Peshawar,SwiftEx,Cash on Delivery,
UB-004060,C00256,2024-06-15,Returned,Web,Islamabad,RapidGo,Cash on Delivery,
UB-004061,C00345,2024-01-19,Completed,Marketplace,Peshawar,SwiftEx,Cash on Delivery,APP5
UB-004062,C01548,2025-11-30,Completed,Web,Rawalpindi,SwiftEx,Card,
UB-004063,C00137,2025-10-19,Completed,Web,Rawalpindi,BlueLine,Card,
UB-004064,C00308,2025-07-25,Returned,Mobile App,Islamabad,SwiftEx,Cash on Delivery,
UB-004065,C00101,2024-06-02,Returned,Web,Faisalabad,RapidGo,Cash on Delivery,
UB-004066,C00360,2025-07-17,Completed,Marketplace,Rawalpindi,BlueLine,Card,
UB-004067,C00811,2025-07-25,Completed,Web,Karachi,RapidGo,Cash on Delivery,SAVE15
UB-004068,C00863,2025-08-13,Completed,Mobile App,Karachi,BlueLine,Card,
UB-004069,C01413,2025-06-06,Completed,Mobile App,Islamabad,BlueLine,Cash on Delivery,APP5
UB-004070,C00869,2025-04-11,Completed,Marketplace,Karachi,Store Pickup,Cash on Delivery,APP5
UB-004071,C01571,2025-10-04,Completed,Web,Islamabad,Store Pickup,Cash on Delivery,FREESHIP
UB-004072,C00019,2024-05-28,Completed,Web,Islamabad,SwiftEx,Wallet,
UB-004073,C00188,2024-10-01,Completed,Web,Islamabad,SwiftEx,Card,
UB-004074,C01297,2024-06-15,Returned,Web,Islamabad,BlueLine,Cash on Delivery,
UB-004075,C00742,2024-11-10,Completed,Mobile App,Karachi,SwiftEx,Cash on Delivery,
UB-004076,C00962,2025-10-19,Returned,Web,Rawalpindi,SwiftEx,Cash on Delivery,
UB-004077,C00456,2025-09-02,Completed,Mobile App,Karachi,BlueLine,Bank Transfer,APP5
UB-004078,C00140,2024-10-25,Completed,Web,Faisalabad,RapidGo,Bank Transfer,
UB-004079,C00517,2024-08-31,Completed,Web,Karachi,Store Pickup,Wallet,
UB-004080,C00974,2025-01-08,Completed,Web,Rawalpindi,BlueLine,Card,
UB-004081,C01567,2024-04-17,Completed,Mobile App,Karachi,BlueLine,Card,
UB-004082,C01120,2024-04-14,Completed,Web,Peshawar,SwiftEx,Card,
UB-004083,C00870,2025-03-27,Completed,Marketplace,Rawalpindi,Store Pickup,Wallet,SAVE15
UB-004084,C01127,2025-09-16,Returned,Mobile App,Karachi,SwiftEx,Cash on Delivery,
UB-004085,C00969,2024-07-26,Completed,Web,Islamabad,RapidGo,Wallet,
UB-004086,C00059,2025-02-23,Completed,Mobile App,Peshawar,BlueLine,Wallet,
UB-004087,C00749,2024-09-04,Completed,Mobile App,Rawalpindi,SwiftEx,Card,
UB-004088,C00356,2024-01-30,Completed,Web,Rawalpindi,SwiftEx,Cash on Delivery,
UB-004089,C01226,2025-01-13,Completed,Web,Peshawar,SwiftEx,Bank Transfer,
UB-004090,C00837,2024-07-24,Completed,Mobile App,Karachi,Store Pickup,Bank Transfer,
UB-004091,C00459,2024-11-28,Completed,Mobile App,Faisalabad,BlueLine,Cash on Delivery,
UB-004092,C01528,2025-08-26,Completed,Web,Karachi,SwiftEx,Wallet,APP5
UB-004093,C00490,2025-06-19,Completed,Marketplace,Faisalabad,BlueLine,Card,SAVE15
UB-004094,C01092,2025-12-04,Completed,Mobile App,Rawalpindi,BlueLine,Wallet,
UB-004095,C00327,2025-11-16,Completed,Web,Islamabad,BlueLine,Card,WELCOME10
UB-004096,C00855,2025-12-14,Completed,Web,Rawalpindi,BlueLine,Card,
UB-004097,C00603,2025-09-03,Returned,Marketplace,Peshawar,SwiftEx,Card,FREESHIP
UB-004098,C01516,2025-02-11,Completed,Mobile App,Faisalabad,Store Pickup,Card,
UB-004099,C00864,2024-09-23,Completed,Marketplace,Islamabad,Store Pickup,Card,
UB-004100,C00781,2024-07-21,Completed,Web,Rawalpindi,BlueLine,Card,
UB-004101,C01124,2025-05-31,Completed,Web,Rawalpindi,SwiftEx,Cash on Delivery,
UB-004102,C00787,2025-11-01,Completed,Web,Islamabad,RapidGo,Wallet,FREESHIP
UB-004103,C00182,2024-07-03,Completed,Web,Islamabad,BlueLine,Cash on Delivery,
UB-004104,C00376,2024-12-27,Returned,Mobile App,Rawalpindi,SwiftEx,Wallet,
UB-004105,C00938,2025-01-06,Completed,Marketplace,Islamabad,RapidGo,Card,
UB-004106,C00285,2025-12-23,Completed,Web,Karachi,BlueLine,Wallet,APP5
UB-004107,C00115,2024-05-09,Completed,Mobile App,Faisalabad,RapidGo,Cash on Delivery,FREESHIP
UB-004108,C01531,2024-02-17,Completed,Web,Islamabad,RapidGo,Cash on Delivery,
UB-004109,C00315,2025-10-20,Completed,Web,Lahore,SwiftEx,Card,
UB-004110,C00544,2025-02-06,Cancelled,Mobile App,Islamabad,Store Pickup,Cash on Delivery,
UB-004111,C00011,2024-07-31,Completed,Web,Lahore,SwiftEx,Card,
UB-004112,C00465,2024-01-27,Completed,Web,Faisalabad,BlueLine,Cash on Delivery,
UB-004113,C00409,2024-09-04,Completed,Web,Karachi,SwiftEx,Wallet,
UB-004114,C01123,2025-07-23,Completed,Mobile App,Peshawar,RapidGo,Card,APP5
UB-004115,C00783,2025-10-19,Completed,Web,Rawalpindi,BlueLine,Cash on Delivery,
UB-004116,C01244,2025-01-15,Completed,Mobile App,Peshawar,BlueLine,Cash on Delivery,
UB-004117,C00687,2025-02-17,Completed,Web,Rawalpindi,SwiftEx,Cash on Delivery,
UB-004118,C00412,2024-09-27,Completed,Mobile App,Faisalabad,RapidGo,Wallet,FREESHIP
UB-004119,C01108,2025-07-07,Completed,Mobile App,Rawalpindi,BlueLine,Card,
UB-004120,C00213,2024-08-13,Completed,Marketplace,Rawalpindi,RapidGo,Cash on Delivery,
UB-004121,C00235,2025-09-22,Completed,Mobile App,Peshawar,SwiftEx,Cash on Delivery,
UB-004122,C01040,2025-09-28,Completed,Marketplace,Peshawar,BlueLine,Cash on Delivery,APP5
UB-004123,C01071,2024-02-16,Returned,Mobile App,Lahore,BlueLine,Cash on Delivery,
UB-004124,C01549,2024-08-29,Completed,Marketplace,Rawalpindi,SwiftEx,Card,
UB-004125,C00069,2025-02-24,Completed,Web,Karachi,SwiftEx,Bank Transfer,
UB-004126,C00707,2025-08-19,Completed,Web,Peshawar,RapidGo,Cash on Delivery,
UB-004127,C00353,2025-11-11,Completed,Web,Peshawar,SwiftEx,Wallet,SAVE15
UB-004128,C00872,2024-06-17,Completed,Web,Rawalpindi,SwiftEx,Card,
UB-004129,C01260,2024-01-06,Cancelled,Mobile App,Rawalpindi,SwiftEx,Cash on Delivery,FREESHIP
UB-004130,C01054,2024-10-01,Completed,Marketplace,Islamabad,BlueLine,Cash on Delivery,
UB-004131,C01037,2025-01-04,Completed,Mobile App,Islamabad,RapidGo,Cash on Delivery,FREESHIP
UB-004132,C00442,2024-01-28,Completed,Web,Rawalpindi,SwiftEx,Card,
UB-004133,C01440,2024-05-28,Completed,Mobile App,Rawalpindi,RapidGo,Wallet,SAVE15
UB-004134,C00516,2025-10-17,Completed,Web,Rawalpindi,BlueLine,Cash on Delivery,
UB-004135,C00605,2024-12-11,Completed,Marketplace,Rawalpindi,SwiftEx,Card,
UB-004136,C01368,2025-08-04,Completed,Mobile App,Islamabad,SwiftEx,Wallet,
UB-004137,C01065,2024-09-07,Completed,Mobile App,Islamabad,SwiftEx,Card,APP5
UB-004138,C01121,2025-01-17,Returned,Web,Lahore,RapidGo,Cash on Delivery,
UB-004139,C00958,2024-06-11,Completed,Mobile App,Rawalpindi,BlueLine,Card,SAVE15
UB-004140,C01093,2025-05-07,Completed,Mobile App,Karachi,SwiftEx,Cash on Delivery,
UB-004141,C00544,2024-08-21,Completed,Marketplace,Islamabad,SwiftEx,Cash on Delivery,FREESHIP
UB-004142,C00301,2024-04-11,Completed,Web,Lahore,BlueLine,Card,WELCOME10
UB-004143,C01361,2025-01-10,Completed,Web,Islamabad,RapidGo,Cash on Delivery,SAVE15
UB-004144,C00340,2024-03-14,Completed,Web,Karachi,Store Pickup,Cash on Delivery,
UB-004145,C01134,2024-08-06,Completed,Mobile App,Rawalpindi,SwiftEx,Wallet,WELCOME10
UB-004146,C01187,2024-01-25,Completed,Mobile App,Karachi,RapidGo,Cash on Delivery,APP5
UB-004147,C01282,2024-06-20,Completed,Web,Karachi,SwiftEx,Card,APP5
UB-004148,C00557,2024-08-04,Completed,Web,Peshawar,Store Pickup,Card,
UB-004149,C00537,2024-04-01,Completed,Mobile App,Faisalabad,SwiftEx,Bank Transfer,
UB-004150,C01574,2024-06-22,Completed,Mobile App,Islamabad,Store Pickup,Wallet,
UB-004151,C01289,2024-05-05,Completed,Web,Lahore,BlueLine,Cash on Delivery,WELCOME10
UB-004152,C01439,2025-03-12,Completed,Mobile App,Islamabad,RapidGo,Wallet,SAVE15
UB-004153,C00301,2025-05-26,Completed,Mobile App,Lahore,Store Pickup,Cash on Delivery,FREESHIP
UB-004154,C00058,2024-07-16,Completed,Web,Rawalpindi,SwiftEx,Cash on Delivery,
UB-004155,C01000,2025-11-02,Completed,Web,Peshawar,RapidGo,Card,SAVE15
UB-004156,C00272,2024-02-12,Completed,Mobile App,Peshawar,BlueLine,Bank Transfer,
UB-004157,C00096,2025-05-17,Completed,Web,Peshawar,SwiftEx,Cash on Delivery,
UB-004158,C00480,2024-01-24,Completed,Mobile App,Peshawar,Store Pickup,Cash on Delivery,
UB-004159,C01338,2025-08-29,Completed,Marketplace,Faisalabad,BlueLine,Cash on Delivery,APP5
UB-004160,C00306,2024-09-06,Completed,Web,Islamabad,RapidGo,Card,
UB-004161,C01029,2024-04-30,Cancelled,Mobile App,Rawalpindi,SwiftEx,Cash on Delivery,
UB-004162,C01341,2025-02-05,Completed,Web,Rawalpindi,Store Pickup,Cash on Delivery,
UB-004163,C00390,2025-05-16,Completed,Web,Rawalpindi,SwiftEx,Cash on Delivery,
UB-004164,C00463,2025-06-23,Returned,Mobile App,Islamabad,RapidGo,Cash on Delivery,
UB-004165,C01356,2025-12-12,Completed,Web,Lahore,Store Pickup,Card,FREESHIP
UB-004166,C01085,2025-11-05,Completed,Mobile App,Faisalabad,BlueLine,Card,
UB-004167,C01182,2025-11-26,Completed,Marketplace,Lahore,SwiftEx,Cash on Delivery,
UB-004168,C00238,2024-09-11,Completed,Web,Karachi,Store Pickup,Cash on Delivery,
UB-004169,C00058,2024-01-09,Completed,Mobile App,Rawalpindi,BlueLine,Bank Transfer,
UB-004170,C00318,2025-02-24,Completed,Web,Peshawar,SwiftEx,Cash on Delivery,
UB-004171,C00269,2024-04-22,Completed,Web,Peshawar,SwiftEx,Card,
UB-004172,C00412,2024-09-01,Completed,Marketplace,Faisalabad,SwiftEx,Cash on Delivery,
UB-004173,C00641,2024-09-18,Returned,Mobile App,Karachi,BlueLine,Wallet,
UB-004174,C01106,2025-09-20,Returned,Mobile App,Rawalpindi,BlueLine,Wallet,SAVE15
UB-004175,C00235,2024-02-23,Completed,Marketplace,Peshawar,BlueLine,Wallet,
UB-004176,C01320,2024-08-05,Completed,Web,Rawalpindi,BlueLine,Card,
UB-004177,C00942,2025-12-14,Completed,Web,Lahore,Store Pickup,Card,WELCOME10
UB-004178,C01244,2025-03-23,Completed,Mobile App,Peshawar,BlueLine,Card,FREESHIP
UB-004179,C00474,2024-02-15,Completed,Mobile App,Islamabad,RapidGo,Cash on Delivery,
UB-004180,C01400,2025-09-18,Completed,Web,Lahore,RapidGo,Card,APP5
UB-004181,C00972,2024-12-14,Returned,Mobile App,Faisalabad,BlueLine,Wallet,
UB-004182,C00001,2024-06-02,Completed,Mobile App,Rawalpindi,SwiftEx,Card,
UB-004183,C01300,2025-12-10,Completed,Mobile App,Islamabad,SwiftEx,Cash on Delivery,
UB-004184,C00346,2024-07-12,Completed,Marketplace,Islamabad,SwiftEx,Cash on Delivery,APP5
UB-004185,C00996,2025-11-28,Completed,Web,Islamabad,SwiftEx,Bank Transfer,
UB-004186,C01213,2024-03-17,Completed,Web,Islamabad,BlueLine,Card,
UB-004187,C00333,2025-01-31,Completed,Mobile App,Peshawar,BlueLine,Cash on Delivery,WELCOME10
UB-004188,C00610,2025-11-24,Completed,Marketplace,Faisalabad,Store Pickup,Cash on Delivery,
UB-004189,C01243,2024-08-22,Completed,Mobile App,Islamabad,SwiftEx,Cash on Delivery,
UB-004190,C00958,2025-05-14,Completed,Web,Rawalpindi,RapidGo,Bank Transfer,
UB-004191,C00888,2025-02-12,Completed,Web,Lahore,SwiftEx,Wallet,
UB-004192,C00986,2024-10-14,Completed,Web,Peshawar,SwiftEx,Wallet,
UB-004193,C01023,2024-06-14,Completed,Web,Rawalpindi,RapidGo,Card,APP5
UB-004194,C00278,2025-05-20,Returned,Mobile App,Islamabad,SwiftEx,Card,
UB-004195,C00082,2024-03-04,Completed,Web,Peshawar,BlueLine,Bank Transfer,
UB-004196,C01320,2025-12-11,Completed,Mobile App,Rawalpindi,RapidGo,Bank Transfer,SAVE15
UB-004197,C00905,2025-05-20,Completed,Mobile App,Karachi,RapidGo,Cash on Delivery,WELCOME10
UB-004198,C01563,2025-09-25,Completed,Mobile App,Peshawar,RapidGo,Cash on Delivery,
UB-004199,C01270,2024-04-12,Completed,Mobile App,Peshawar,RapidGo,Card,
UB-004200,C00452,2024-01-26,Completed,Mobile App,Karachi,SwiftEx,Cash on Delivery,
UB-004201,C00724,2024-06-04,Completed,Web,Rawalpindi,SwiftEx,Card,
UB-004202,C00934,2024-01-11,Completed,Mobile App,Lahore,Store Pickup,Cash on Delivery,
UB-004203,C00839,2025-11-19,Completed,Web,Islamabad,BlueLine,Cash on Delivery,FREESHIP
UB-004204,C00023,2025-10-06,Completed,Web,Rawalpindi,RapidGo,Card,SAVE15
UB-004205,C00687,2024-01-23,Completed,Web,Rawalpindi,Store Pickup,Cash on Delivery,
UB-004206,C00210,2025-04-03,Completed,Mobile App,Rawalpindi,BlueLine,Card,FREESHIP
UB-004207,C00393,2025-07-03,Completed,Web,Rawalpindi,Store Pickup,Wallet,SAVE15
UB-004208,C01170,2025-04-04,Completed,Web,Islamabad,RapidGo,Card,
UB-004209,C00837,2024-06-18,Completed,Mobile App,Karachi,SwiftEx,Cash on Delivery,
UB-004210,C01007,2025-10-20,Completed,Web,Islamabad,RapidGo,Cash on Delivery,SAVE15
UB-004211,C01058,2025-03-09,Completed,Web,Karachi,SwiftEx,Cash on Delivery,APP5
UB-004212,C00075,2025-08-22,Cancelled,Mobile App,Rawalpindi,SwiftEx,Bank Transfer,WELCOME10
UB-004213,C01342,2024-06-26,Completed,Mobile App,Islamabad,SwiftEx,Card,
UB-004214,C00912,2025-11-14,Completed,Mobile App,Islamabad,BlueLine,Wallet,
UB-004215,C00183,2024-12-24,Completed,Mobile App,Rawalpindi,SwiftEx,Bank Transfer,
UB-004216,C00303,2024-10-19,Completed,Mobile App,Karachi,BlueLine,Card,
UB-004217,C00333,2025-01-29,Completed,Web,Peshawar,RapidGo,Cash on Delivery,
UB-004218,C00942,2025-03-01,Completed,Marketplace,Lahore,Store Pickup,Cash on Delivery,FREESHIP
UB-004219,C00265,2025-09-20,Completed,Mobile App,Lahore,BlueLine,Wallet,APP5
UB-004220,C00683,2024-09-10,Returned,Mobile App,Lahore,SwiftEx,Wallet,SAVE15
UB-004221,C01521,2024-03-19,Completed,Web,Islamabad,RapidGo,Cash on Delivery,
UB-004222,C00287,2024-10-23,Completed,Marketplace,Faisalabad,SwiftEx,Cash on Delivery,
UB-004223,C00447,2025-06-06,Completed,Mobile App,Rawalpindi,SwiftEx,Wallet,
UB-004224,C00496,2024-12-13,Returned,Mobile App,Rawalpindi,SwiftEx,Bank Transfer,
UB-004225,C00216,2025-04-03,Completed,Mobile App,Peshawar,BlueLine,Cash on Delivery,APP5
UB-004226,C01294,2025-01-14,Completed,Mobile App,Lahore,RapidGo,Cash on Delivery,SAVE15
UB-004227,C00493,2025-05-13,Completed,Marketplace,Karachi,SwiftEx,Cash on Delivery,
UB-004228,C01458,2025-07-12,Completed,Web,Lahore,RapidGo,Card,
UB-004229,C01438,2025-11-17,Completed,Marketplace,Lahore,RapidGo,Wallet,
UB-004230,C00633,2025-07-05,Completed,Marketplace,Rawalpindi,SwiftEx,Wallet,
UB-004231,C01411,2025-06-24,Completed,Mobile App,Faisalabad,SwiftEx,Card,
UB-004232,C00279,2025-09-14,Completed,Mobile App,Rawalpindi,SwiftEx,Cash on Delivery,WELCOME10
UB-004233,C00746,2025-01-19,Returned,Web,Karachi,Store Pickup,Cash on Delivery,
UB-004234,C00568,2024-04-22,Completed,Web,Islamabad,SwiftEx,Wallet,
UB-004235,C00570,2024-02-08,Completed,Web,Karachi,SwiftEx,Card,
UB-004236,C01505,2024-09-25,Completed,Mobile App,Lahore,Store Pickup,Card,
UB-004237,C01118,2024-12-15,Returned,Mobile App,Faisalabad,Store Pickup,Card,APP5
UB-004238,C00418,2025-11-04,Completed,Mobile App,Islamabad,SwiftEx,Bank Transfer,
UB-004239,C00179,2025-11-27,Completed,Marketplace,Islamabad,SwiftEx,Wallet,APP5
UB-004240,C00924,2025-02-18,Completed,Mobile App,Islamabad,RapidGo,Cash on Delivery,
UB-004241,C01133,2025-08-12,Completed,Web,Karachi,SwiftEx,Cash on Delivery,
UB-004242,C00575,2025-08-14,Completed,Web,Rawalpindi,BlueLine,Cash on Delivery,
UB-004243,C00403,2024-11-08,Completed,Web,Islamabad,BlueLine,Cash on Delivery,
UB-004244,C00178,2025-07-25,Completed,Marketplace,Lahore,BlueLine,Card,APP5
UB-004245,C01513,2025-03-25,Completed,Mobile App,Lahore,SwiftEx,Wallet,
UB-004246,C00747,2024-06-16,Completed,Web,Rawalpindi,BlueLine,Cash on Delivery,
UB-004247,C00264,2025-08-14,Completed,Web,Peshawar,BlueLine,Wallet,
UB-004248,C00259,2025-12-06,Completed,Mobile App,Peshawar,BlueLine,Card,
UB-004249,C00639,2025-08-17,Completed,Web,Rawalpindi,BlueLine,Cash on Delivery,
UB-004250,C01581,2024-10-13,Completed,Web,Rawalpindi,RapidGo,Cash on Delivery,
UB-004251,C00928,2024-05-23,Completed,Mobile App,Karachi,BlueLine,Card,
UB-004252,C01500,2025-04-10,Completed,Web,Lahore,BlueLine,Wallet,
UB-004253,C01032,2024-04-28,Completed,Mobile App,Faisalabad,Store Pickup,Bank Transfer,
UB-004254,C01423,2025-02-10,Completed,Web,Lahore,SwiftEx,Wallet,
UB-004255,C00150,2025-04-05,Completed,Marketplace,Rawalpindi,BlueLine,Cash on Delivery,
UB-004256,C01332,2025-12-14,Completed,Mobile App,Islamabad,SwiftEx,Cash on Delivery,SAVE15
UB-004257,C01573,2025-11-17,Completed,Web,Peshawar,SwiftEx,Cash on Delivery,WELCOME10
UB-004258,C00571,2024-06-23,Completed,Web,Islamabad,RapidGo,Card,FREESHIP
UB-004259,C00332,2024-02-18,Completed,Web,Rawalpindi,BlueLine,Cash on Delivery,
UB-004260,C00775,2025-02-21,Completed,Web,Rawalpindi,SwiftEx,Cash on Delivery,
UB-004261,C00390,2025-01-30,Completed,Mobile App,Rawalpindi,SwiftEx,Card,
UB-004262,C00272,2025-11-06,Completed,Web,Peshawar,RapidGo,Card,
UB-004263,C00601,2025-11-23,Completed,Marketplace,Islamabad,SwiftEx,Bank Transfer,SAVE15
UB-004264,C00463,2024-03-13,Completed,Web,Islamabad,SwiftEx,Bank Transfer,
UB-004265,C00698,2024-12-21,Completed,Web,Peshawar,SwiftEx,Cash on Delivery,FREESHIP
UB-004266,C00090,2025-12-09,Completed,Web,Karachi,BlueLine,Cash on Delivery,
UB-004267,C00001,2024-04-27,Completed,Mobile App,Rawalpindi,BlueLine,Card,
UB-004268,C01325,2024-03-19,Completed,Mobile App,Rawalpindi,BlueLine,Card,
UB-004269,C00229,2024-11-04,Completed,Web,Peshawar,RapidGo,Cash on Delivery,FREESHIP
UB-004270,C00508,2024-02-04,Completed,Web,Islamabad,Store Pickup,Card,WELCOME10
UB-004271,C01152,2024-02-29,Completed,Web,Lahore,SwiftEx,Bank Transfer,WELCOME10
UB-004272,C01271,2025-04-30,Completed,Web,Rawalpindi,BlueLine,Cash on Delivery,
UB-004273,C00932,2025-09-02,Completed,Web,Lahore,Store Pickup,Bank Transfer,WELCOME10
UB-004274,C01254,2024-07-12,Completed,Mobile App,Islamabad,SwiftEx,Card,
UB-004275,C00189,2024-12-01,Returned,Web,Rawalpindi,SwiftEx,Card,
UB-004276,C00846,2025-03-16,Completed,Mobile App,Faisalabad,RapidGo,Cash on Delivery,
UB-004277,C00816,2025-05-06,Completed,Marketplace,Faisalabad,SwiftEx,Bank Transfer,APP5
UB-004278,C00937,2025-09-15,Completed,Web,Rawalpindi,BlueLine,Cash on Delivery,
UB-004279,C00344,2024-06-24,Completed,Mobile App,Peshawar,RapidGo,Card,
UB-004280,C00447,2024-08-15,Returned,Web,Rawalpindi,BlueLine,Cash on Delivery,
UB-004281,C00498,2025-06-26,Completed,Web,Faisalabad,Store Pickup,Bank Transfer,
UB-004282,C00029,2025-06-23,Completed,Web,Karachi,SwiftEx,Card,
UB-004283,C01457,2024-09-15,Completed,Web,Islamabad,RapidGo,Wallet,APP5
UB-004284,C01474,2024-11-17,Completed,Marketplace,Lahore,Store Pickup,Wallet,
UB-004285,C00708,2025-05-22,Completed,Mobile App,Rawalpindi,SwiftEx,Bank Transfer,SAVE15
UB-004286,C01390,2024-04-17,Completed,Mobile App,Islamabad,SwiftEx,Cash on Delivery,APP5
UB-004287,C00273,2024-10-18,Completed,Web,Karachi,SwiftEx,Wallet,SAVE15
UB-004288,C00320,2025-12-12,Completed,Mobile App,Islamabad,BlueLine,Card,
UB-004289,C00169,2025-10-02,Completed,Web,Lahore,BlueLine,Card,SAVE15
UB-004290,C00787,2025-02-17,Completed,Mobile App,Islamabad,RapidGo,Cash on Delivery,
UB-004291,C00254,2025-06-01,Completed,Mobile App,Lahore,SwiftEx,Cash on Delivery,
UB-004292,C00265,2024-05-13,Completed,Mobile App,Lahore,RapidGo,Cash on Delivery,
UB-004293,C01019,2024-03-06,Completed,Mobile App,Lahore,BlueLine,Cash on Delivery,
UB-004294,C00949,2025-11-24,Completed,Mobile App,Faisalabad,RapidGo,Cash on Delivery,WELCOME10
UB-004295,C00839,2025-07-10,Completed,Mobile App,Islamabad,BlueLine,Cash on Delivery,
UB-004296,C01110,2024-06-06,Completed,Web,Karachi,RapidGo,Cash on Delivery,SAVE15
UB-004297,C01154,2024-08-02,Cancelled,Mobile App,Lahore,BlueLine,Card,WELCOME10
UB-004298,C01393,2024-12-25,Completed,Web,Rawalpindi,Store Pickup,Card,WELCOME10
UB-004299,C00894,2024-05-26,Completed,Mobile App,Lahore,BlueLine,Bank Transfer,
UB-004300,C01458,2024-11-10,Completed,Web,Lahore,SwiftEx,Wallet,
UB-004301,C00147,2025-02-23,Completed,Mobile App,Rawalpindi,SwiftEx,Card,SAVE15
UB-004302,C01523,2025-09-23,Completed,Mobile App,Islamabad,SwiftEx,Cash on Delivery,FREESHIP
UB-004303,C01292,2024-11-17,Completed,Mobile App,Lahore,Store Pickup,Card,
UB-004304,C01213,2024-06-30,Completed,Mobile App,Islamabad,BlueLine,Cash on Delivery,
UB-004305,C00800,2024-10-08,Returned,Marketplace,Karachi,SwiftEx,Bank Transfer,
UB-004306,C00286,2025-12-13,Completed,Mobile App,Karachi,RapidGo,Wallet,
UB-004307,C00111,2024-01-09,Completed,Web,Lahore,SwiftEx,Bank Transfer,
UB-004308,C00028,2024-06-20,Completed,Web,Karachi,SwiftEx,Wallet,
UB-004309,C00340,2025-08-19,Completed,Web,Karachi,RapidGo,Cash on Delivery,APP5
UB-004310,C00789,2025-09-27,Completed,Mobile App,Peshawar,BlueLine,Bank Transfer,
UB-004311,C00053,2024-04-16,Completed,Mobile App,Lahore,RapidGo,Cash on Delivery,WELCOME10
UB-004312,C00112,2025-02-21,Completed,Web,Islamabad,SwiftEx,Wallet,
UB-004313,C00747,2024-02-16,Completed,Mobile App,Rawalpindi,BlueLine,Cash on Delivery,APP5
UB-004314,C00142,2024-03-02,Completed,Web,Faisalabad,SwiftEx,Card,
UB-004315,C00853,2024-12-12,Completed,Mobile App,Islamabad,SwiftEx,Cash on Delivery,
UB-004316,C00549,2025-05-18,Completed,Web,Lahore,SwiftEx,Card,
UB-004317,C01190,2024-03-01,Returned,Marketplace,Islamabad,RapidGo,Cash on Delivery,
UB-004318,C01408,2025-05-30,Returned,Mobile App,Islamabad,Store Pickup,Wallet,
UB-004319,C01532,2025-05-12,Completed,Web,Rawalpindi,SwiftEx,Cash on Delivery,
UB-004320,C00202,2025-09-01,Completed,Web,Lahore,SwiftEx,Card,SAVE15
UB-004321,C00093,2024-10-19,Completed,Mobile App,Peshawar,RapidGo,Wallet,
UB-004322,C01363,2024-08-17,Completed,Mobile App,Islamabad,Store Pickup,Bank Transfer,
UB-004323,C01254,2024-07-26,Completed,Web,Islamabad,SwiftEx,Cash on Delivery,
UB-004324,C01508,2024-02-06,Completed,Mobile App,Faisalabad,RapidGo,Cash on Delivery,SAVE15
UB-004325,C00496,2024-04-16,Completed,Web,Rawalpindi,RapidGo,Wallet,WELCOME10
UB-004326,C01419,2025-08-21,Completed,Mobile App,Islamabad,Store Pickup,Cash on Delivery,WELCOME10
UB-004327,C01078,2025-10-10,Completed,Marketplace,Islamabad,RapidGo,Cash on Delivery,FREESHIP
UB-004328,C01081,2024-09-14,Completed,Web,Faisalabad,SwiftEx,Cash on Delivery,
UB-004329,C00677,2025-08-21,Completed,Mobile App,Lahore,SwiftEx,Cash on Delivery,
UB-004330,C01172,2024-08-31,Completed,Web,Karachi,RapidGo,Card,
UB-004331,C00875,2024-04-04,Returned,Mobile App,Islamabad,SwiftEx,Card,
UB-004332,C00078,2024-09-16,Completed,Marketplace,Islamabad,SwiftEx,Cash on Delivery,
UB-004333,C00925,2025-11-02,Completed,Web,Lahore,SwiftEx,Wallet,WELCOME10
UB-004334,C00808,2025-08-05,Returned,Marketplace,Rawalpindi,SwiftEx,Cash on Delivery,APP5
UB-004335,C00604,2025-09-11,Completed,Mobile App,Islamabad,Store Pickup,Card,FREESHIP
UB-004336,C00856,2025-11-09,Completed,Web,Islamabad,Store Pickup,Card,APP5
UB-004337,C01277,2024-04-24,Completed,Web,Faisalabad,RapidGo,Bank Transfer,
UB-004338,C00794,2024-07-13,Completed,Web,Lahore,SwiftEx,Cash on Delivery,
UB-004339,C00490,2025-09-04,Completed,Marketplace,Faisalabad,SwiftEx,Card,
UB-004340,C00934,2024-10-06,Completed,Mobile App,Lahore,BlueLine,Cash on Delivery,
UB-004341,C01180,2025-04-30,Completed,Marketplace,Rawalpindi,BlueLine,Card,
UB-004342,C00877,2025-10-06,Completed,Web,Rawalpindi,Store Pickup,Cash on Delivery,
UB-004343,C01102,2024-08-14,Completed,Mobile App,Islamabad,BlueLine,Cash on Delivery,
UB-004344,C00080,2024-09-18,Completed,Web,Lahore,BlueLine,Cash on Delivery,
UB-004345,C01378,2024-11-20,Completed,Web,Peshawar,RapidGo,Bank Transfer,APP5
UB-004346,C00567,2025-04-30,Completed,Web,Lahore,Store Pickup,Wallet,WELCOME10
UB-004347,C01062,2025-06-05,Completed,Web,Islamabad,RapidGo,Cash on Delivery,
UB-004348,C00014,2024-11-25,Completed,Mobile App,Rawalpindi,SwiftEx,Wallet,
UB-004349,C01033,2024-02-02,Completed,Marketplace,Faisalabad,Store Pickup,Cash on Delivery,FREESHIP
UB-004350,C00904,2024-07-25,Completed,Web,Karachi,SwiftEx,Cash on Delivery,FREESHIP
UB-004351,C00377,2024-07-08,Completed,Web,Islamabad,Store Pickup,Cash on Delivery,APP5
UB-004352,C00456,2025-12-14,Completed,Web,Karachi,RapidGo,Card,
UB-004353,C00096,2025-01-07,Completed,Mobile App,Peshawar,RapidGo,Cash on Delivery,SAVE15
UB-004354,C01165,2024-01-05,Completed,Web,Rawalpindi,SwiftEx,Cash on Delivery,
UB-004355,C00709,2024-04-13,Completed,Mobile App,Rawalpindi,RapidGo,Cash on Delivery,APP5
UB-004356,C00735,2024-04-25,Completed,Marketplace,Karachi,BlueLine,Wallet,
UB-004357,C00342,2025-08-19,Completed,Mobile App,Lahore,SwiftEx,Cash on Delivery,
UB-004358,C00710,2024-03-03,Returned,Mobile App,Karachi,SwiftEx,Cash on Delivery,
UB-004359,C01297,2024-05-04,Completed,Web,Islamabad,RapidGo,Bank Transfer,
UB-004360,C00740,2024-10-27,Cancelled,Mobile App,Faisalabad,RapidGo,Cash on Delivery,FREESHIP
UB-004361,C01030,2024-03-02,Completed,Marketplace,Karachi,Store Pickup,Cash on Delivery,APP5
UB-004362,C00779,2024-09-09,Completed,Mobile App,Karachi,SwiftEx,Bank Transfer,APP5
UB-004363,C00550,2025-09-25,Cancelled,Mobile App,Peshawar,SwiftEx,Card,SAVE15
UB-004364,C01325,2025-05-17,Completed,Web,Rawalpindi,RapidGo,Cash on Delivery,APP5
UB-004365,C00084,2024-04-19,Completed,Mobile App,Lahore,RapidGo,Bank Transfer,
UB-004366,C00431,2025-06-29,Completed,Mobile App,Lahore,SwiftEx,Cash on Delivery,
UB-004367,C01109,2025-08-02,Completed,Web,Lahore,BlueLine,Wallet,
UB-004368,C00853,2024-10-29,Completed,Web,Islamabad,RapidGo,Cash on Delivery,
UB-004369,C01197,2025-02-19,Completed,Mobile App,Lahore,Store Pickup,Card,
UB-004370,C00643,2024-10-25,Completed,Mobile App,Faisalabad,SwiftEx,Card,
UB-004371,C00431,2024-12-21,Completed,Mobile App,Lahore,SwiftEx,Cash on Delivery,SAVE15
UB-004372,C01166,2025-01-21,Completed,Mobile App,Lahore,SwiftEx,Card,
UB-004373,C00047,2024-12-24,Completed,Mobile App,Islamabad,SwiftEx,Wallet,
UB-004374,C01220,2025-09-12,Completed,Mobile App,Karachi,BlueLine,Card,SAVE15
UB-004375,C00377,2025-08-28,Completed,Web,Islamabad,BlueLine,Cash on Delivery,
UB-004376,C01415,2025-04-11,Completed,Mobile App,Lahore,RapidGo,Cash on Delivery,APP5
UB-004377,C00897,2025-10-16,Returned,Web,Karachi,RapidGo,Wallet,FREESHIP
UB-004378,C00176,2024-01-04,Completed,Mobile App,Lahore,SwiftEx,Card,
UB-004379,C01468,2025-03-03,Completed,Web,Rawalpindi,RapidGo,Card,FREESHIP
UB-004380,C00377,2025-09-09,Completed,Mobile App,Islamabad,RapidGo,Cash on Delivery,SAVE15
UB-004381,C01429,2025-08-31,Completed,Marketplace,Rawalpindi,BlueLine,Wallet,
UB-004382,C01491,2025-09-25,Completed,Mobile App,Lahore,RapidGo,Wallet,APP5
UB-004383,C01229,2025-11-14,Completed,Mobile App,Lahore,SwiftEx,Cash on Delivery,
UB-004384,C01041,2024-01-25,Returned,Web,Islamabad,SwiftEx,Cash on Delivery,APP5
UB-004385,C00921,2025-08-31,Completed,Mobile App,Rawalpindi,SwiftEx,Cash on Delivery,
UB-004386,C01302,2025-10-20,Completed,Web,Islamabad,Store Pickup,Cash on Delivery,
UB-004387,C00389,2025-02-26,Completed,Mobile App,Islamabad,RapidGo,Cash on Delivery,SAVE15
UB-004388,C00398,2025-01-16,Completed,Mobile App,Rawalpindi,RapidGo,Cash on Delivery,APP5
UB-004389,C00502,2024-03-05,Completed,Web,Peshawar,BlueLine,Cash on Delivery,
UB-004390,C00482,2024-02-24,Completed,Web,Islamabad,SwiftEx,Cash on Delivery,
UB-004391,C01429,2024-06-30,Completed,Mobile App,Rawalpindi,Store Pickup,Cash on Delivery,APP5
UB-004392,C00652,2025-02-26,Completed,Mobile App,Karachi,BlueLine,Cash on Delivery,
UB-004393,C00839,2024-09-22,Completed,Web,Islamabad,SwiftEx,Cash on Delivery,
UB-004394,C01594,2024-04-24,Completed,Web,Islamabad,SwiftEx,Cash on Delivery,WELCOME10
UB-004395,C01205,2024-02-07,Completed,Mobile App,Islamabad,BlueLine,Card,
UB-004396,C01481,2025-08-04,Completed,Mobile App,Karachi,BlueLine,Card,
UB-004397,C01145,2025-01-08,Cancelled,Web,Rawalpindi,RapidGo,Cash on Delivery,
UB-004398,C01232,2025-07-10,Completed,Web,Lahore,BlueLine,Cash on Delivery,APP5
UB-004399,C00414,2024-06-26,Completed,Web,Lahore,Store Pickup,Wallet,
UB-004400,C01469,2025-10-29,Completed,Web,Islamabad,SwiftEx,Card,FREESHIP
UB-004401,C00239,2024-11-01,Completed,Web,Lahore,SwiftEx,Cash on Delivery,
UB-004402,C01419,2024-02-26,Completed,Marketplace,Islamabad,BlueLine,Bank Transfer,
UB-004403,C01153,2024-05-20,Completed,Marketplace,Lahore,SwiftEx,Wallet,APP5
UB-004404,C00078,2024-02-20,Completed,Web,Islamabad,SwiftEx,Cash on Delivery,
UB-004405,C00121,2024-12-06,Completed,Mobile App,Faisalabad,SwiftEx,Wallet,
UB-004406,C00948,2024-02-29,Completed,Web,Rawalpindi,BlueLine,Cash on Delivery,
UB-004407,C00644,2024-08-10,Completed,Web,Faisalabad,SwiftEx,Cash on Delivery,
UB-004408,C01458,2025-07-18,Completed,Mobile App,Lahore,Store Pickup,Cash on Delivery,
UB-004409,C00016,2025-01-24,Completed,Mobile App,Islamabad,SwiftEx,Card,SAVE15
UB-004410,C00904,2024-08-28,Returned,Web,Karachi,SwiftEx,Bank Transfer,
UB-004411,C01207,2024-05-07,Completed,Mobile App,Islamabad,BlueLine,Card,FREESHIP
UB-004412,C00392,2024-01-19,Completed,Mobile App,Rawalpindi,RapidGo,Cash on Delivery,
UB-004413,C00406,2025-11-26,Completed,Mobile App,Karachi,SwiftEx,Card,
UB-004414,C01177,2024-11-12,Completed,Web,Lahore,RapidGo,Card,
UB-004415,C00470,2024-11-16,Completed,Mobile App,Faisalabad,RapidGo,Wallet,
UB-004416,C00391,2024-11-15,Completed,Mobile App,Rawalpindi,RapidGo,Wallet,APP5
UB-004417,C01016,2024-03-03,Completed,Mobile App,Lahore,Store Pickup,Cash on Delivery,
UB-004418,C01008,2025-06-12,Completed,Web,Islamabad,RapidGo,Wallet,
UB-004419,C01552,2024-11-01,Completed,Mobile App,Rawalpindi,Store Pickup,Wallet,
UB-004420,C01443,2025-02-01,Completed,Web,Lahore,SwiftEx,Cash on Delivery,
UB-004421,C00015,2024-04-09,Completed,Web,Karachi,BlueLine,Wallet,WELCOME10
UB-004422,C00073,2024-08-16,Returned,Mobile App,Islamabad,SwiftEx,Card,
UB-004423,C00544,2025-03-11,Completed,Mobile App,Islamabad,SwiftEx,Wallet,
UB-004424,C01238,2024-03-22,Completed,Web,Lahore,SwiftEx,Card,
UB-004425,C01087,2024-05-18,Returned,Web,Lahore,BlueLine,Card,
UB-004426,C00359,2024-08-23,Completed,Mobile App,Islamabad,SwiftEx,Wallet,
UB-004427,C00577,2025-10-13,Completed,Web,Rawalpindi,RapidGo,Bank Transfer,
UB-004428,C00903,2024-09-10,Completed,Web,Peshawar,SwiftEx,Bank Transfer,
UB-004429,C00077,2024-01-23,Completed,Web,Lahore,SwiftEx,Cash on Delivery,
UB-004430,C00655,2024-08-05,Completed,Marketplace,Rawalpindi,Store Pickup,Bank Transfer,
UB-004431,C00223,2025-02-03,Completed,Web,Faisalabad,SwiftEx,Cash on Delivery,
UB-004432,C00821,2025-11-09,Completed,Mobile App,Faisalabad,BlueLine,Cash on Delivery,APP5
UB-004433,C00839,2024-09-04,Returned,Mobile App,Islamabad,BlueLine,Card,
UB-004434,C00455,2025-06-10,Completed,Web,Peshawar,SwiftEx,Card,WELCOME10
UB-004435,C01458,2024-07-21,Completed,Mobile App,Lahore,BlueLine,Cash on Delivery,
UB-004436,C00678,2024-05-06,Completed,Web,Lahore,RapidGo,Card,
UB-004437,C00134,2025-10-29,Completed,Web,Islamabad,BlueLine,Cash on Delivery,
UB-004438,C01384,2025-08-10,Completed,Mobile App,Peshawar,Store Pickup,Card,
UB-004439,C01193,2024-04-21,Completed,Web,Lahore,BlueLine,Wallet,SAVE15
UB-004440,C01563,2025-06-28,Completed,Marketplace,Peshawar,SwiftEx,Card,SAVE15
UB-004441,C00464,2025-10-12,Completed,Web,Rawalpindi,SwiftEx,Card,
UB-004442,C00949,2025-11-06,Completed,Marketplace,Faisalabad,Store Pickup,Card,
UB-004443,C01302,2024-12-07,Completed,Marketplace,Islamabad,SwiftEx,Wallet,
UB-004444,C01095,2025-10-31,Completed,Mobile App,Islamabad,RapidGo,Bank Transfer,
UB-004445,C01097,2025-06-10,Completed,Web,Islamabad,BlueLine,Card,
UB-004446,C00800,2025-01-31,Completed,Mobile App,Karachi,SwiftEx,Cash on Delivery,
UB-004447,C00672,2024-05-29,Completed,Web,Karachi,BlueLine,Cash on Delivery,
UB-004448,C00954,2024-06-08,Completed,Mobile App,Islamabad,BlueLine,Cash on Delivery,WELCOME10
UB-004449,C00540,2025-06-05,Completed,Marketplace,Karachi,SwiftEx,Cash on Delivery,APP5
UB-004450,C01206,2024-12-25,Completed,Mobile App,Faisalabad,RapidGo,Card,
UB-004451,C00854,2025-03-22,Completed,Mobile App,Rawalpindi,SwiftEx,Wallet,WELCOME10
UB-004452,C00179,2025-11-11,Completed,Mobile App,Islamabad,SwiftEx,Wallet,FREESHIP
UB-004453,C00844,2024-07-10,Cancelled,Mobile App,Faisalabad,SwiftEx,Wallet,FREESHIP
UB-004454,C00252,2025-05-29,Completed,Mobile App,Peshawar,SwiftEx,Bank Transfer,APP5
UB-004455,C00169,2025-12-01,Cancelled,Web,Lahore,RapidGo,Bank Transfer,APP5
UB-004456,C00950,2024-02-25,Completed,Mobile App,Karachi,SwiftEx,Cash on Delivery,FREESHIP
UB-004457,C00354,2025-06-25,Completed,Web,Islamabad,BlueLine,Cash on Delivery,
UB-004458,C00696,2025-08-20,Completed,Mobile App,Karachi,SwiftEx,Bank Transfer,WELCOME10
UB-004459,C01088,2025-08-28,Completed,Marketplace,Karachi,SwiftEx,Cash on Delivery,APP5
UB-004460,C00942,2024-06-23,Completed,Mobile App,Lahore,SwiftEx,Cash on Delivery,
UB-004461,C00027,2024-02-05,Completed,Marketplace,Faisalabad,SwiftEx,Cash on Delivery,SAVE15
UB-004462,C00715,2024-03-20,Returned,Mobile App,Lahore,BlueLine,Cash on Delivery,
UB-004463,C01157,2025-04-23,Completed,Mobile App,Lahore,SwiftEx,Cash on Delivery,FREESHIP
UB-004464,C01161,2024-02-18,Completed,Web,Karachi,Store Pickup,Cash on Delivery,
UB-004465,C00872,2025-02-26,Completed,Web,Rawalpindi,SwiftEx,Cash on Delivery,
UB-004466,C01136,2025-05-03,Completed,Mobile App,Rawalpindi,SwiftEx,Card,
UB-004467,C01374,2024-09-25,Cancelled,Mobile App,Lahore,Store Pickup,Card,
UB-004468,C00231,2025-03-02,Completed,Marketplace,Islamabad,SwiftEx,Cash on Delivery,WELCOME10
UB-004469,C01246,2024-04-14,Completed,Web,Karachi,RapidGo,Card,WELCOME10
UB-004470,C01425,2024-06-15,Completed,Mobile App,Rawalpindi,BlueLine,Cash on Delivery,
UB-004471,C01528,2024-06-26,Completed,Web,Karachi,RapidGo,Wallet,SAVE15
UB-004472,C00805,2025-07-05,Completed,Marketplace,Islamabad,Store Pickup,Wallet,
UB-004473,C00877,2025-11-01,Completed,Web,Rawalpindi,Store Pickup,Cash on Delivery,
UB-004474,C01462,2024-01-25,Completed,Web,Islamabad,Store Pickup,Wallet,
UB-004475,C01237,2024-05-22,Completed,Mobile App,Islamabad,Store Pickup,Cash on Delivery,WELCOME10
UB-004476,C00608,2024-01-31,Completed,Mobile App,Islamabad,SwiftEx,Cash on Delivery,
UB-004477,C01441,2024-02-13,Completed,Marketplace,Rawalpindi,BlueLine,Bank Transfer,FREESHIP
UB-004478,C01252,2024-10-18,Completed,Web,Karachi,RapidGo,Card,APP5
UB-004479,C00914,2024-03-19,Cancelled,Web,Islamabad,Store Pickup,Card,
UB-004480,C00495,2025-04-04,Cancelled,Web,Karachi,RapidGo,Cash on Delivery,SAVE15
UB-004481,C00055,2024-10-10,Completed,Web,Karachi,RapidGo,Card,APP5
UB-004482,C00172,2024-03-07,Returned,Mobile App,Peshawar,RapidGo,Card,APP5
UB-004483,C01194,2024-02-21,Completed,Mobile App,Karachi,RapidGo,Wallet,
UB-004484,C00148,2025-05-05,Completed,Mobile App,Islamabad,SwiftEx,Wallet,WELCOME10
UB-004485,C01350,2024-01-26,Completed,Mobile App,Lahore,SwiftEx,Wallet,APP5
UB-004486,C00766,2025-09-22,Completed,Mobile App,Lahore,RapidGo,Cash on Delivery,
UB-004487,C00836,2024-03-06,Returned,Mobile App,Karachi,SwiftEx,Cash on Delivery,FREESHIP
UB-004488,C00735,2025-11-13,Completed,Web,Karachi,BlueLine,Wallet,
UB-004489,C01125,2025-02-04,Completed,Web,Karachi,RapidGo,Card,
UB-004490,C00853,2025-07-15,Completed,Web,Islamabad,SwiftEx,Card,SAVE15
UB-004491,C00551,2025-10-05,Completed,Web,Islamabad,RapidGo,Card,APP5
UB-004492,C00976,2024-09-22,Completed,Web,Rawalpindi,BlueLine,Cash on Delivery,
UB-004493,C00609,2025-11-25,Completed,Mobile App,Islamabad,BlueLine,Card,APP5
UB-004494,C01184,2024-08-11,Completed,Mobile App,Karachi,RapidGo,Cash on Delivery,SAVE15
UB-004495,C01540,2024-03-19,Completed,Web,Islamabad,Store Pickup,Cash on Delivery,
UB-004496,C01053,2024-03-15,Completed,Web,Lahore,SwiftEx,Wallet,
UB-004497,C00678,2025-01-28,Completed,Mobile App,Lahore,RapidGo,Cash on Delivery,SAVE15
UB-004498,C01059,2024-08-13,Completed,Marketplace,Rawalpindi,SwiftEx,Cash on Delivery,
UB-004499,C00361,2025-06-22,Completed,Mobile App,Islamabad,RapidGo,Cash on Delivery,APP5
UB-004500,C00865,2025-09-07,Completed,Mobile App,Karachi,SwiftEx,Card,
UB-004501,C00284,2024-01-30,Completed,Marketplace,Faisalabad,BlueLine,Bank Transfer,SAVE15
UB-004502,C01143,2024-09-05,Completed,Mobile App,Lahore,RapidGo,Cash on Delivery,
UB-004503,C00471,2025-09-30,Returned,Web,Rawalpindi,RapidGo,Card,SAVE15
UB-004504,C00973,2025-01-28,Completed,Web,Karachi,BlueLine,Bank Transfer,
UB-004505,C01005,2025-11-17,Completed,Mobile App,Karachi,Store Pickup,Cash on Delivery,APP5
UB-004506,C00271,2024-01-21,Completed,Mobile App,Islamabad,RapidGo,Wallet,
UB-004507,C00847,2024-08-01,Completed,Mobile App,Rawalpindi,BlueLine,Bank Transfer,SAVE15
UB-004508,C01212,2024-06-20,Completed,Mobile App,Rawalpindi,RapidGo,Card,
UB-004509,C00674,2025-12-02,Completed,Marketplace,Islamabad,SwiftEx,Wallet,SAVE15
UB-004510,C00116,2024-03-19,Completed,Web,Karachi,RapidGo,Cash on Delivery,WELCOME10
UB-004511,C01409,2025-01-28,Completed,Web,Karachi,SwiftEx,Cash on Delivery,
UB-004512,C00013,2025-03-08,Completed,Web,Peshawar,SwiftEx,Cash on Delivery,APP5
UB-004513,C00975,2024-08-25,Completed,Mobile App,Peshawar,Store Pickup,Bank Transfer,SAVE15
UB-004514,C00380,2025-01-10,Completed,Mobile App,Islamabad,SwiftEx,Wallet,WELCOME10
UB-004515,C00503,2024-04-20,Returned,Mobile App,Lahore,RapidGo,Wallet,APP5
UB-004516,C01192,2024-08-08,Completed,Web,Islamabad,SwiftEx,Card,APP5
UB-004517,C00010,2025-06-22,Completed,Web,Lahore,SwiftEx,Bank Transfer,
UB-004518,C00167,2025-12-27,Completed,Mobile App,Islamabad,RapidGo,Wallet,
UB-004519,C01458,2024-11-17,Completed,Mobile App,Lahore,SwiftEx,Cash on Delivery,WELCOME10
UB-004520,C00887,2024-05-24,Completed,Mobile App,Karachi,BlueLine,Cash on Delivery,SAVE15
UB-004521,C00189,2024-07-14,Completed,Web,Rawalpindi,RapidGo,Cash on Delivery,
UB-004522,C00246,2025-09-09,Completed,Mobile App,Islamabad,BlueLine,Cash on Delivery,FREESHIP
UB-004523,C01466,2025-06-17,Completed,Mobile App,Rawalpindi,BlueLine,Cash on Delivery,SAVE15
UB-004524,C00514,2024-12-07,Completed,Web,Islamabad,BlueLine,Wallet,
UB-004525,C01329,2025-03-30,Completed,Mobile App,Islamabad,RapidGo,Bank Transfer,APP5
UB-004526,C00202,2025-08-25,Completed,Web,Lahore,Store Pickup,Cash on Delivery,
UB-004527,C01333,2025-08-16,Completed,Mobile App,Rawalpindi,RapidGo,Cash on Delivery,
UB-004528,C00241,2025-08-26,Completed,Mobile App,Karachi,BlueLine,Wallet,
UB-004529,C00723,2024-09-20,Completed,Web,Lahore,SwiftEx,Card,
UB-004530,C00077,2024-08-21,Completed,Web,Lahore,RapidGo,Wallet,
UB-004531,C01597,2024-08-09,Completed,Web,Rawalpindi,Store Pickup,Wallet,
UB-004532,C01012,2025-06-21,Completed,Web,Karachi,RapidGo,Bank Transfer,
UB-004533,C01053,2024-04-04,Completed,Mobile App,Lahore,RapidGo,Bank Transfer,FREESHIP
UB-004534,C01284,2025-06-29,Completed,Web,Lahore,SwiftEx,Card,SAVE15
UB-004535,C01409,2025-09-05,Completed,Mobile App,Karachi,Store Pickup,Cash on Delivery,
UB-004536,C01173,2024-12-29,Completed,Mobile App,Peshawar,Store Pickup,Wallet,
UB-004537,C00992,2025-06-17,Completed,Web,Islamabad,Store Pickup,Card,FREESHIP
UB-004538,C00266,2025-01-08,Completed,Mobile App,Faisalabad,Store Pickup,Card,
UB-004539,C01193,2024-03-11,Completed,Web,Lahore,Store Pickup,Cash on Delivery,
UB-004540,C00718,2025-10-07,Completed,Web,Faisalabad,BlueLine,Card,WELCOME10
UB-004541,C00513,2024-02-06,Completed,Mobile App,Peshawar,Store Pickup,Cash on Delivery,SAVE15
UB-004542,C01401,2024-09-13,Completed,Web,Karachi,BlueLine,Card,
UB-004543,C01539,2024-09-09,Completed,Web,Lahore,RapidGo,Card,
UB-004544,C01413,2024-04-01,Completed,Web,Islamabad,RapidGo,Bank Transfer,
UB-004545,C00542,2024-05-28,Completed,Web,Karachi,SwiftEx,Wallet,
UB-004546,C00027,2024-12-28,Completed,Mobile App,Faisalabad,Store Pickup,Wallet,
UB-004547,C00563,2024-09-25,Returned,Mobile App,Karachi,RapidGo,Cash on Delivery,
UB-004548,C00273,2024-07-12,Completed,Mobile App,Karachi,Store Pickup,Cash on Delivery,APP5
UB-004549,C00564,2025-02-12,Cancelled,Mobile App,Lahore,SwiftEx,Card,
UB-004550,C01415,2024-06-26,Completed,Mobile App,Lahore,BlueLine,Cash on Delivery,
UB-004551,C00242,2024-10-09,Completed,Mobile App,Lahore,RapidGo,Wallet,FREESHIP
UB-004552,C00244,2025-03-01,Completed,Marketplace,Islamabad,BlueLine,Card,
UB-004553,C00228,2024-08-20,Completed,Web,Karachi,SwiftEx,Card,FREESHIP
UB-004554,C00945,2025-09-29,Completed,Mobile App,Rawalpindi,BlueLine,Card,WELCOME10
UB-004555,C00103,2025-01-21,Completed,Mobile App,Rawalpindi,BlueLine,Card,WELCOME10
UB-004556,C00702,2024-01-08,Completed,Web,Lahore,Store Pickup,Cash on Delivery,
UB-004557,C01312,2025-07-13,Completed,Web,Karachi,RapidGo,Cash on Delivery,
UB-004558,C00361,2025-09-19,Completed,Web,Islamabad,SwiftEx,Card,WELCOME10
UB-004559,C01211,2025-04-25,Completed,Mobile App,Lahore,SwiftEx,Cash on Delivery,APP5
UB-004560,C01113,2025-05-08,Cancelled,Mobile App,Islamabad,SwiftEx,Wallet,
UB-004561,C00793,2025-06-29,Completed,Mobile App,Peshawar,SwiftEx,Card,
UB-004562,C01040,2025-05-31,Completed,Marketplace,Peshawar,SwiftEx,Cash on Delivery,
UB-004563,C00617,2025-12-09,Completed,Mobile App,Lahore,Store Pickup,Card,
UB-004564,C01130,2025-02-13,Returned,Web,Faisalabad,SwiftEx,Cash on Delivery,
UB-004565,C00845,2025-07-04,Completed,Marketplace,Islamabad,SwiftEx,Cash on Delivery,
UB-004566,C01106,2024-06-12,Completed,Web,Rawalpindi,Store Pickup,Card,
UB-004567,C00911,2024-07-05,Returned,Web,Islamabad,SwiftEx,Bank Transfer,APP5
UB-004568,C00845,2024-03-14,Completed,Web,Islamabad,BlueLine,Cash on Delivery,
UB-004569,C00221,2025-11-29,Completed,Web,Rawalpindi,BlueLine,Cash on Delivery,APP5
UB-004570,C00202,2025-05-05,Completed,Web,Lahore,SwiftEx,Cash on Delivery,FREESHIP
UB-004571,C01201,2025-04-27,Completed,Web,Islamabad,SwiftEx,Cash on Delivery,
UB-004572,C00492,2025-06-18,Completed,Mobile App,Karachi,SwiftEx,Wallet,FREESHIP
UB-004573,C00441,2025-06-13,Returned,Mobile App,Karachi,Store Pickup,Bank Transfer,SAVE15
UB-004574,C00629,2025-01-28,Completed,Web,Rawalpindi,BlueLine,Card,APP5
UB-004575,C00552,2025-10-10,Completed,Mobile App,Rawalpindi,BlueLine,Wallet,
UB-004576,C00779,2024-11-14,Completed,Mobile App,Karachi,RapidGo,Cash on Delivery,
UB-004577,C00126,2025-11-03,Completed,Web,Lahore,Store Pickup,Wallet,
UB-004578,C00363,2024-02-03,Completed,Web,Peshawar,BlueLine,Card,WELCOME10
UB-004579,C00603,2024-10-29,Completed,Web,Peshawar,SwiftEx,Card,
UB-004580,C00898,2024-10-01,Completed,Marketplace,Islamabad,BlueLine,Card,
UB-004581,C00604,2024-04-12,Returned,Mobile App,Islamabad,RapidGo,Cash on Delivery,APP5
UB-004582,C00613,2025-03-15,Completed,Mobile App,Islamabad,RapidGo,Wallet,
UB-004583,C01115,2025-04-21,Completed,Mobile App,Faisalabad,BlueLine,Card,FREESHIP
UB-004584,C00081,2025-03-29,Returned,Mobile App,Karachi,SwiftEx,Wallet,
UB-004585,C00356,2025-08-06,Returned,Mobile App,Rawalpindi,Store Pickup,Cash on Delivery,
UB-004586,C00749,2024-01-28,Cancelled,Mobile App,Rawalpindi,SwiftEx,Card,
UB-004587,C00351,2024-06-12,Completed,Marketplace,Islamabad,SwiftEx,Card,WELCOME10
UB-004588,C00935,2025-08-20,Completed,Marketplace,Islamabad,BlueLine,Card,WELCOME10
UB-004589,C01012,2024-08-05,Completed,Web,Karachi,BlueLine,Cash on Delivery,
UB-004590,C01198,2024-09-24,Completed,Web,Karachi,RapidGo,Card,
UB-004591,C00282,2024-02-24,Completed,Web,Islamabad,SwiftEx,Cash on Delivery,
UB-004592,C01311,2024-06-18,Completed,Mobile App,Rawalpindi,BlueLine,Cash on Delivery,FREESHIP
UB-004593,C01211,2024-12-10,Completed,Mobile App,Lahore,SwiftEx,Cash on Delivery,FREESHIP
UB-004594,C00314,2024-01-03,Completed,Web,Islamabad,SwiftEx,Cash on Delivery,
UB-004595,C01177,2025-12-29,Completed,Web,Lahore,SwiftEx,Cash on Delivery,FREESHIP
UB-004596,C00432,2025-02-21,Completed,Mobile App,Rawalpindi,RapidGo,Cash on Delivery,
UB-004597,C00174,2024-04-10,Completed,Web,Karachi,SwiftEx,Card,
UB-004598,C01433,2024-03-22,Completed,Mobile App,Peshawar,SwiftEx,Wallet,
UB-004599,C01334,2025-09-11,Completed,Mobile App,Faisalabad,SwiftEx,Cash on Delivery,WELCOME10
UB-004600,C00300,2025-06-24,Completed,Mobile App,Islamabad,Store Pickup,Card,
UB-004601,C01465,2025-03-21,Completed,Web,Lahore,SwiftEx,Cash on Delivery,
UB-004602,C00314,2024-11-27,Cancelled,Mobile App,Islamabad,BlueLine,Cash on Delivery,
UB-004603,C00450,2024-10-22,Completed,Web,Karachi,BlueLine,Cash on Delivery,
UB-004604,C00900,2024-07-31,Completed,Mobile App,Faisalabad,Store Pickup,Wallet,
UB-004605,C01220,2025-08-13,Completed,Mobile App,Karachi,SwiftEx,Cash on Delivery,
UB-004606,C00399,2025-09-20,Completed,Web,Karachi,SwiftEx,Cash on Delivery,WELCOME10
UB-004607,C00248,2025-12-24,Completed,Web,Rawalpindi,SwiftEx,Wallet,
UB-004608,C01394,2024-04-26,Completed,Web,Rawalpindi,SwiftEx,Bank Transfer,
UB-004609,C00627,2025-11-22,Completed,Mobile App,Lahore,Store Pickup,Cash on Delivery,
UB-004610,C00050,2024-06-01,Cancelled,Mobile App,Karachi,RapidGo,Card,APP5
UB-004611,C01026,2025-05-12,Completed,Mobile App,Lahore,RapidGo,Wallet,
UB-004612,C00810,2025-11-27,Completed,Mobile App,Karachi,RapidGo,Wallet,
UB-004613,C01375,2024-08-09,Completed,Web,Lahore,SwiftEx,Cash on Delivery,
UB-004614,C01460,2024-06-24,Completed,Mobile App,Karachi,RapidGo,Wallet,SAVE15
UB-004615,C00690,2025-12-28,Completed,Web,Karachi,BlueLine,Card,
UB-004616,C01037,2025-02-28,Completed,Web,Islamabad,BlueLine,Cash on Delivery,SAVE15
UB-004617,C01590,2025-06-01,Completed,Mobile App,Islamabad,BlueLine,Card,FREESHIP
UB-004618,C00806,2025-11-01,Completed,Web,Lahore,BlueLine,Cash on Delivery,
UB-004619,C01099,2025-11-25,Completed,Web,Rawalpindi,Store Pickup,Wallet,
UB-004620,C01403,2024-02-26,Returned,Web,Karachi,SwiftEx,Bank Transfer,
UB-004621,C00019,2024-04-23,Completed,Web,Islamabad,SwiftEx,Card,
UB-004622,C00375,2024-12-07,Completed,Web,Lahore,SwiftEx,Wallet,
UB-004623,C01572,2025-05-28,Completed,Marketplace,Islamabad,RapidGo,Cash on Delivery,
UB-004624,C01280,2025-01-19,Completed,Mobile App,Rawalpindi,RapidGo,Cash on Delivery,WELCOME10
UB-004625,C01410,2025-12-11,Completed,Web,Faisalabad,RapidGo,Cash on Delivery,
UB-004626,C01464,2025-07-11,Completed,Mobile App,Rawalpindi,RapidGo,Card,
UB-004627,C00809,2024-02-05,Completed,Mobile App,Islamabad,Store Pickup,Cash on Delivery,
UB-004628,C00353,2024-01-24,Cancelled,Marketplace,Peshawar,RapidGo,Cash on Delivery,SAVE15
UB-004629,C01067,2024-12-24,Returned,Web,Faisalabad,SwiftEx,Cash on Delivery,SAVE15
UB-004630,C01094,2025-10-02,Completed,Mobile App,Lahore,BlueLine,Bank Transfer,FREESHIP
UB-004631,C00709,2024-01-15,Completed,Mobile App,Rawalpindi,RapidGo,Wallet,
UB-004632,C00630,2025-05-29,Returned,Mobile App,Rawalpindi,RapidGo,Card,
UB-004633,C00043,2024-06-25,Completed,Web,Faisalabad,SwiftEx,Card,SAVE15
UB-004634,C00725,2024-11-17,Completed,Marketplace,Islamabad,SwiftEx,Cash on Delivery,WELCOME10
UB-004635,C00660,2024-07-22,Returned,Web,Rawalpindi,RapidGo,Bank Transfer,FREESHIP
UB-004636,C01357,2025-01-14,Completed,Mobile App,Islamabad,SwiftEx,Wallet,
UB-004637,C00381,2025-04-03,Completed,Web,Rawalpindi,RapidGo,Card,
UB-004638,C01009,2025-06-10,Completed,Marketplace,Rawalpindi,BlueLine,Cash on Delivery,FREESHIP
UB-004639,C00552,2025-01-24,Completed,Mobile App,Rawalpindi,BlueLine,Cash on Delivery,
UB-004640,C01182,2024-01-15,Completed,Web,Lahore,SwiftEx,Cash on Delivery,
UB-004641,C00272,2025-03-29,Completed,Web,Peshawar,RapidGo,Cash on Delivery,
UB-004642,C00101,2024-04-23,Completed,Mobile App,Faisalabad,RapidGo,Card,
UB-004643,C00498,2024-10-25,Cancelled,Marketplace,Faisalabad,RapidGo,Cash on Delivery,
UB-004644,C01396,2024-04-27,Completed,Web,Islamabad,RapidGo,Cash on Delivery,
UB-004645,C00257,2025-02-25,Completed,Marketplace,Lahore,RapidGo,Cash on Delivery,
UB-004646,C01591,2025-05-08,Completed,Mobile App,Peshawar,BlueLine,Card,
UB-004647,C00303,2024-07-15,Completed,Web,Karachi,Store Pickup,Card,FREESHIP
UB-004648,C01217,2024-09-24,Returned,Mobile App,Rawalpindi,RapidGo,Cash on Delivery,
UB-004649,C00108,2024-11-29,Completed,Web,Rawalpindi,SwiftEx,Card,
UB-004650,C00052,2024-07-03,Completed,Mobile App,Faisalabad,BlueLine,Card,FREESHIP
UB-004651,C01347,2025-10-22,Completed,Mobile App,Lahore,BlueLine,Cash on Delivery,
UB-004652,C00455,2024-05-30,Completed,Mobile App,Peshawar,BlueLine,Card,
UB-004653,C00740,2024-11-08,Completed,Web,Faisalabad,RapidGo,Card,SAVE15
UB-004654,C00337,2025-07-03,Cancelled,Mobile App,Islamabad,SwiftEx,Cash on Delivery,SAVE15
UB-004655,C00944,2025-12-29,Completed,Marketplace,Peshawar,Store Pickup,Cash on Delivery,SAVE15
UB-004656,C01361,2024-05-07,Completed,Mobile App,Islamabad,BlueLine,Bank Transfer,
UB-004657,C00358,2025-07-16,Completed,Marketplace,Rawalpindi,SwiftEx,Card,FREESHIP
UB-004658,C01396,2025-05-02,Completed,Web,Islamabad,SwiftEx,Wallet,
UB-004659,C01582,2025-10-26,Completed,Mobile App,Peshawar,SwiftEx,Card,
UB-004660,C01238,2024-10-14,Completed,Mobile App,Lahore,BlueLine,Card,
UB-004661,C01438,2025-04-15,Completed,Mobile App,Lahore,BlueLine,Cash on Delivery,
UB-004662,C00681,2025-05-16,Completed,Marketplace,Rawalpindi,RapidGo,Cash on Delivery,
UB-004663,C01298,2025-09-21,Returned,Web,Rawalpindi,SwiftEx,Cash on Delivery,
UB-004664,C01286,2024-10-27,Cancelled,Web,Lahore,SwiftEx,Cash on Delivery,
UB-004665,C00384,2025-01-04,Completed,Mobile App,Karachi,Store Pickup,Cash on Delivery,
UB-004666,C00446,2025-11-30,Completed,Web,Karachi,RapidGo,Cash on Delivery,
UB-004667,C00272,2024-11-24,Cancelled,Web,Peshawar,SwiftEx,Wallet,
UB-004668,C00226,2024-12-03,Completed,Web,Peshawar,SwiftEx,Wallet,
UB-004669,C01290,2024-08-17,Completed,Web,Rawalpindi,BlueLine,Cash on Delivery,WELCOME10
UB-004670,C00303,2025-04-04,Completed,Mobile App,Karachi,SwiftEx,Wallet,
UB-004671,C00911,2025-09-18,Returned,Mobile App,Islamabad,RapidGo,Bank Transfer,
UB-004672,C00667,2024-01-23,Cancelled,Web,Lahore,BlueLine,Wallet,SAVE15
UB-004673,C01553,2024-07-05,Completed,Web,Faisalabad,RapidGo,Cash on Delivery,FREESHIP
UB-004674,C00870,2024-07-07,Completed,Mobile App,Rawalpindi,SwiftEx,Cash on Delivery,
UB-004675,C00288,2025-10-14,Completed,Mobile App,Lahore,BlueLine,Card,APP5
UB-004676,C00874,2024-12-30,Completed,Web,Karachi,SwiftEx,Cash on Delivery,
UB-004677,C01490,2025-09-03,Cancelled,Mobile App,Karachi,SwiftEx,Cash on Delivery,
UB-004678,C01327,2025-06-26,Completed,Mobile App,Islamabad,SwiftEx,Card,SAVE15
UB-004679,C01588,2025-07-24,Completed,Mobile App,Lahore,BlueLine,Card,SAVE15
UB-004680,C01052,2024-12-02,Returned,Web,Islamabad,SwiftEx,Cash on Delivery,APP5
UB-004681,C00063,2024-06-11,Completed,Web,Karachi,SwiftEx,Card,
UB-004682,C01460,2024-01-27,Completed,Mobile App,Karachi,BlueLine,Card,
UB-004683,C00745,2025-11-11,Completed,Mobile App,Lahore,BlueLine,Card,
UB-004684,C00276,2025-11-28,Completed,Web,Islamabad,Store Pickup,Card,
UB-004685,C01307,2025-03-05,Completed,Mobile App,Lahore,BlueLine,Cash on Delivery,
UB-004686,C00036,2025-10-03,Completed,Mobile App,Karachi,BlueLine,Card,
UB-004687,C00391,2025-01-28,Returned,Web,Rawalpindi,SwiftEx,Card,
UB-004688,C00245,2025-08-11,Completed,Web,Lahore,SwiftEx,Wallet,SAVE15
UB-004689,C00300,2025-08-02,Completed,Mobile App,Islamabad,RapidGo,Cash on Delivery,
UB-004690,C00368,2024-07-19,Completed,Mobile App,Karachi,BlueLine,Card,
UB-004691,C00737,2024-01-27,Completed,Mobile App,Islamabad,BlueLine,Bank Transfer,FREESHIP
UB-004692,C00065,2025-01-30,Completed,Mobile App,Lahore,RapidGo,Wallet,
UB-004693,C00347,2024-12-22,Completed,Mobile App,Karachi,RapidGo,Wallet,
UB-004694,C00901,2024-03-07,Completed,Web,Karachi,Store Pickup,Cash on Delivery,FREESHIP
UB-004695,C01555,2024-12-26,Completed,Web,Lahore,RapidGo,Card,SAVE15
UB-004696,C00255,2025-10-06,Completed,Web,Karachi,SwiftEx,Card,
UB-004697,C00694,2024-04-15,Completed,Web,Rawalpindi,SwiftEx,Bank Transfer,FREESHIP
UB-004698,C00129,2025-02-19,Completed,Marketplace,Karachi,RapidGo,Wallet,
UB-004699,C00261,2025-08-25,Completed,Mobile App,Islamabad,BlueLine,Wallet,
UB-004700,C00493,2024-08-21,Completed,Mobile App,Karachi,SwiftEx,Cash on Delivery,
UB-004701,C01275,2024-10-28,Completed,Marketplace,Karachi,BlueLine,Bank Transfer,
UB-004702,C01036,2025-01-11,Completed,Mobile App,Peshawar,SwiftEx,Wallet,
UB-004703,C01522,2024-01-25,Completed,Web,Islamabad,RapidGo,Bank Transfer,
UB-004704,C00742,2024-06-05,Completed,Web,Karachi,RapidGo,Cash on Delivery,
UB-004705,C01384,2024-07-19,Completed,Web,Peshawar,SwiftEx,Cash on Delivery,
UB-004706,C00811,2024-06-08,Cancelled,Mobile App,Karachi,SwiftEx,Bank Transfer,APP5
UB-004707,C00474,2025-11-28,Completed,Mobile App,Islamabad,RapidGo,Card,
UB-004708,C00578,2024-06-24,Completed,Mobile App,Rawalpindi,SwiftEx,Cash on Delivery,
UB-004709,C01149,2024-06-22,Completed,Web,Rawalpindi,SwiftEx,Card,
UB-004710,C00661,2024-12-07,Completed,Web,Karachi,Store Pickup,Cash on Delivery,APP5
UB-004711,C00627,2025-01-06,Completed,Web,Lahore,SwiftEx,Cash on Delivery,
UB-004712,C00861,2025-02-02,Completed,Marketplace,Faisalabad,RapidGo,Cash on Delivery,
UB-004713,C01267,2024-03-27,Completed,Marketplace,Karachi,SwiftEx,Card,
UB-004714,C01542,2024-12-05,Completed,Mobile App,Islamabad,BlueLine,Cash on Delivery,
UB-004715,C00466,2024-03-08,Completed,Mobile App,Lahore,SwiftEx,Wallet,
UB-004716,C01512,2024-06-24,Completed,Mobile App,Karachi,RapidGo,Cash on Delivery,
UB-004717,C00868,2025-08-20,Completed,Mobile App,Peshawar,RapidGo,Cash on Delivery,
UB-004718,C00020,2025-04-24,Completed,Mobile App,Rawalpindi,RapidGo,Cash on Delivery,
UB-004719,C00394,2025-05-13,Completed,Web,Karachi,BlueLine,Cash on Delivery,
UB-004720,C01407,2024-06-07,Completed,Web,Lahore,SwiftEx,Cash on Delivery,
UB-004721,C00160,2025-04-14,Completed,Web,Faisalabad,RapidGo,Bank Transfer,SAVE15
UB-004722,C01069,2024-12-13,Returned,Web,Rawalpindi,RapidGo,Cash on Delivery,WELCOME10
UB-004723,C00593,2025-12-22,Completed,Mobile App,Rawalpindi,BlueLine,Card,
UB-004724,C00776,2025-02-25,Completed,Mobile App,Lahore,BlueLine,Cash on Delivery,
UB-004725,C00059,2025-06-11,Completed,Web,Peshawar,BlueLine,Cash on Delivery,
UB-004726,C00137,2024-11-29,Completed,Mobile App,Rawalpindi,RapidGo,Cash on Delivery,
UB-004727,C01545,2024-05-15,Completed,Web,Islamabad,BlueLine,Cash on Delivery,
UB-004728,C00673,2024-03-26,Completed,Web,Lahore,SwiftEx,Cash on Delivery,FREESHIP
UB-004729,C01109,2025-02-18,Completed,Web,Lahore,SwiftEx,Wallet,
UB-004730,C00700,2024-05-11,Completed,Web,Rawalpindi,Store Pickup,Cash on Delivery,FREESHIP
UB-004731,C00150,2025-05-27,Completed,Mobile App,Rawalpindi,SwiftEx,Cash on Delivery,SAVE15
UB-004732,C01581,2025-01-11,Completed,Mobile App,Rawalpindi,RapidGo,Wallet,SAVE15
UB-004733,C01427,2024-11-15,Completed,Mobile App,Lahore,RapidGo,Card,WELCOME10
UB-004734,C00224,2024-05-17,Completed,Mobile App,Rawalpindi,SwiftEx,Cash on Delivery,
UB-004735,C01413,2025-12-16,Completed,Mobile App,Islamabad,SwiftEx,Cash on Delivery,WELCOME10
UB-004736,C00889,2025-01-05,Completed,Web,Peshawar,BlueLine,Card,
UB-004737,C00190,2025-11-23,Returned,Web,Rawalpindi,SwiftEx,Card,
UB-004738,C00934,2024-02-05,Completed,Mobile App,Lahore,SwiftEx,Cash on Delivery,
UB-004739,C01328,2025-02-17,Completed,Marketplace,Islamabad,SwiftEx,Cash on Delivery,
UB-004740,C00107,2025-02-04,Returned,Marketplace,Peshawar,RapidGo,Bank Transfer,
UB-004741,C00152,2024-08-28,Returned,Marketplace,Faisalabad,BlueLine,Cash on Delivery,
UB-004742,C01203,2025-01-27,Completed,Mobile App,Lahore,BlueLine,Cash on Delivery,
UB-004743,C01217,2025-05-02,Completed,Marketplace,Rawalpindi,RapidGo,Cash on Delivery,SAVE15
UB-004744,C00273,2025-02-15,Completed,Mobile App,Karachi,BlueLine,Cash on Delivery,
UB-004745,C00144,2024-12-15,Completed,Web,Faisalabad,RapidGo,Cash on Delivery,
UB-004746,C00131,2024-01-11,Completed,Mobile App,Rawalpindi,BlueLine,Bank Transfer,FREESHIP
UB-004747,C00119,2024-06-27,Completed,Web,Islamabad,BlueLine,Bank Transfer,APP5
UB-004748,C00845,2024-05-14,Completed,Web,Islamabad,Store Pickup,Cash on Delivery,
UB-004749,C00990,2024-12-23,Completed,Mobile App,Rawalpindi,SwiftEx,Bank Transfer,
UB-004750,C00451,2025-11-04,Completed,Marketplace,Faisalabad,BlueLine,Card,
UB-004751,C01092,2025-08-10,Completed,Web,Rawalpindi,Store Pickup,Card,WELCOME10
UB-004752,C00961,2025-07-27,Completed,Mobile App,Rawalpindi,BlueLine,Card,SAVE15
UB-004753,C00737,2025-04-27,Completed,Mobile App,Islamabad,RapidGo,Wallet,
UB-004754,C00360,2025-09-05,Completed,Mobile App,Rawalpindi,BlueLine,Cash on Delivery,WELCOME10
UB-004755,C00447,2025-03-19,Completed,Mobile App,Rawalpindi,SwiftEx,Cash on Delivery,
UB-004756,C00946,2025-10-05,Returned,Mobile App,Lahore,SwiftEx,Bank Transfer,
UB-004757,C00488,2024-06-05,Completed,Mobile App,Lahore,SwiftEx,Wallet,
UB-004758,C00017,2024-06-29,Completed,Mobile App,Karachi,SwiftEx,Cash on Delivery,
UB-004759,C01500,2025-09-17,Completed,Web,Lahore,SwiftEx,Cash on Delivery,
UB-004760,C00979,2025-12-20,Completed,Mobile App,Lahore,SwiftEx,Bank Transfer,
UB-004761,C00827,2024-07-07,Completed,Mobile App,Faisalabad,BlueLine,Cash on Delivery,
UB-004762,C01381,2024-06-10,Completed,Mobile App,Karachi,RapidGo,Bank Transfer,WELCOME10
UB-004763,C01246,2024-06-11,Completed,Mobile App,Karachi,BlueLine,Wallet,
UB-004764,C00080,2024-08-28,Completed,Web,Lahore,BlueLine,Cash on Delivery,SAVE15
UB-004765,C01495,2025-06-23,Completed,Web,Rawalpindi,SwiftEx,Wallet,WELCOME10
UB-004766,C00855,2024-10-31,Returned,Mobile App,Rawalpindi,RapidGo,Cash on Delivery,
UB-004767,C00478,2025-06-28,Cancelled,Marketplace,Lahore,BlueLine,Wallet,APP5
UB-004768,C01036,2025-11-02,Completed,Web,Peshawar,SwiftEx,Card,
UB-004769,C00100,2024-05-07,Completed,Web,Lahore,SwiftEx,Cash on Delivery,WELCOME10
UB-004770,C00472,2025-01-13,Completed,Mobile App,Rawalpindi,SwiftEx,Card,
UB-004771,C00802,2025-08-21,Completed,Marketplace,Karachi,SwiftEx,Cash on Delivery,
UB-004772,C01354,2025-05-03,Completed,Web,Lahore,Store Pickup,Cash on Delivery,FREESHIP
UB-004773,C00003,2025-06-09,Completed,Mobile App,Islamabad,BlueLine,Cash on Delivery,
UB-004774,C00089,2025-01-10,Completed,Marketplace,Rawalpindi,Store Pickup,Card,WELCOME10
UB-004775,C01074,2024-09-14,Completed,Mobile App,Faisalabad,SwiftEx,Bank Transfer,FREESHIP
UB-004776,C00394,2025-01-26,Completed,Mobile App,Karachi,Store Pickup,Cash on Delivery,
UB-004777,C00576,2024-04-27,Cancelled,Web,Karachi,SwiftEx,Card,
UB-004778,C00501,2024-01-09,Completed,Mobile App,Lahore,BlueLine,Cash on Delivery,
UB-004779,C00196,2024-05-20,Completed,Mobile App,Karachi,RapidGo,Cash on Delivery,WELCOME10
UB-004780,C00545,2024-03-05,Completed,Mobile App,Faisalabad,SwiftEx,Cash on Delivery,
UB-004781,C00133,2024-11-25,Completed,Mobile App,Rawalpindi,RapidGo,Cash on Delivery,
UB-004782,C01100,2024-02-19,Completed,Mobile App,Islamabad,RapidGo,Wallet,
UB-004783,C01536,2024-09-25,Completed,Web,Karachi,SwiftEx,Card,FREESHIP
UB-004784,C00887,2025-07-07,Completed,Web,Karachi,SwiftEx,Cash on Delivery,
UB-004785,C01396,2024-04-25,Completed,Web,Islamabad,BlueLine,Card,WELCOME10
UB-004786,C00448,2025-08-14,Returned,Web,Peshawar,Store Pickup,Wallet,
UB-004787,C00081,2025-01-10,Completed,Mobile App,Karachi,SwiftEx,Cash on Delivery,
UB-004788,C00993,2024-12-16,Completed,Web,Islamabad,Store Pickup,Card,
UB-004789,C00210,2024-08-13,Completed,Web,Rawalpindi,SwiftEx,Cash on Delivery,
UB-004790,C01189,2024-12-17,Completed,Web,Rawalpindi,BlueLine,Wallet,
UB-004791,C00392,2025-08-02,Completed,Mobile App,Rawalpindi,BlueLine,Bank Transfer,
UB-004792,C00298,2024-08-12,Completed,Mobile App,Peshawar,RapidGo,Card,
UB-004793,C00555,2025-09-02,Completed,Web,Lahore,SwiftEx,Card,WELCOME10
UB-004794,C00573,2024-04-23,Cancelled,Mobile App,Rawalpindi,RapidGo,Wallet,
UB-004795,C01599,2025-07-29,Completed,Mobile App,Rawalpindi,RapidGo,Cash on Delivery,APP5
UB-004796,C00398,2025-04-08,Completed,Mobile App,Rawalpindi,RapidGo,Wallet,
UB-004797,C00403,2024-01-23,Completed,Mobile App,Islamabad,SwiftEx,Card,
UB-004798,C00385,2024-02-27,Completed,Web,Karachi,BlueLine,Cash on Delivery,
UB-004799,C00025,2024-03-15,Completed,Web,Lahore,BlueLine,Card,
UB-004800,C00582,2025-03-24,Completed,Mobile App,Karachi,BlueLine,Bank Transfer,FREESHIP
UB-004801,C00421,2024-12-21,Completed,Web,Karachi,BlueLine,Card,SAVE15
UB-004802,C01544,2024-12-06,Completed,Mobile App,Lahore,BlueLine,Cash on Delivery,
UB-004803,C01407,2024-09-18,Completed,Mobile App,Lahore,SwiftEx,Cash on Delivery,
UB-004804,C00992,2025-02-04,Completed,Mobile App,Islamabad,SwiftEx,Cash on Delivery,
UB-004805,C00978,2025-03-23,Completed,Marketplace,Islamabad,SwiftEx,Card,
UB-004806,C00114,2025-01-19,Completed,Web,Rawalpindi,RapidGo,Cash on Delivery,FREESHIP
UB-004807,C01077,2025-02-20,Completed,Web,Islamabad,BlueLine,Cash on Delivery,
UB-004808,C00620,2025-03-19,Completed,Marketplace,Rawalpindi,SwiftEx,Cash on Delivery,WELCOME10
UB-004809,C01079,2025-02-19,Returned,Mobile App,Islamabad,BlueLine,Card,
UB-004810,C00620,2025-11-15,Completed,Web,Rawalpindi,Store Pickup,Wallet,
UB-004811,C00448,2024-07-27,Completed,Mobile App,Peshawar,SwiftEx,Cash on Delivery,
UB-004812,C00241,2024-05-08,Completed,Mobile App,Karachi,RapidGo,Cash on Delivery,
UB-004813,C01207,2024-05-16,Completed,Marketplace,Islamabad,RapidGo,Card,
UB-004814,C01040,2025-01-11,Completed,Mobile App,Peshawar,BlueLine,Card,
UB-004815,C00341,2024-10-31,Completed,Mobile App,Rawalpindi,RapidGo,Bank Transfer,
UB-004816,C01183,2025-04-14,Completed,Mobile App,Islamabad,RapidGo,Card,SAVE15
UB-004817,C01252,2024-03-27,Completed,Web,Karachi,BlueLine,Cash on Delivery,
UB-004818,C00650,2024-10-28,Completed,Web,Islamabad,BlueLine,Wallet,
UB-004819,C00828,2025-07-17,Completed,Mobile App,Islamabad,BlueLine,Wallet,APP5
UB-004820,C00508,2024-07-18,Completed,Mobile App,Islamabad,SwiftEx,Card,
UB-004821,C00367,2024-03-24,Completed,Mobile App,Rawalpindi,SwiftEx,Cash on Delivery,
UB-004822,C00260,2024-01-01,Completed,Mobile App,Islamabad,RapidGo,Card,WELCOME10
UB-004823,C00778,2024-11-01,Completed,Web,Islamabad,RapidGo,Bank Transfer,
UB-004824,C01218,2024-05-07,Completed,Marketplace,Karachi,RapidGo,Bank Transfer,
UB-004825,C00957,2024-09-22,Completed,Mobile App,Islamabad,BlueLine,Card,FREESHIP
UB-004826,C00302,2024-06-03,Completed,Mobile App,Islamabad,SwiftEx,Bank Transfer,
UB-004827,C00517,2024-06-01,Cancelled,Web,Karachi,RapidGo,Cash on Delivery,
UB-004828,C00717,2024-04-18,Completed,Web,Rawalpindi,SwiftEx,Cash on Delivery,
UB-004829,C01091,2024-08-27,Completed,Web,Lahore,SwiftEx,Wallet,FREESHIP
UB-004830,C00780,2025-07-07,Completed,Web,Karachi,BlueLine,Cash on Delivery,SAVE15
UB-004831,C00305,2025-06-01,Completed,Web,Karachi,BlueLine,Card,SAVE15
UB-004832,C01391,2024-09-30,Completed,Web,Lahore,SwiftEx,Cash on Delivery,APP5
UB-004833,C01299,2024-12-01,Returned,Mobile App,Rawalpindi,SwiftEx,Cash on Delivery,SAVE15
UB-004834,C00816,2025-06-27,Returned,Web,Faisalabad,BlueLine,Cash on Delivery,
UB-004835,C00425,2024-09-12,Completed,Mobile App,Faisalabad,RapidGo,Cash on Delivery,
UB-004836,C01071,2024-07-24,Cancelled,Web,Lahore,BlueLine,Wallet,
UB-004837,C01062,2025-08-23,Completed,Marketplace,Islamabad,RapidGo,Cash on Delivery,
UB-004838,C00148,2025-06-20,Completed,Mobile App,Islamabad,SwiftEx,Cash on Delivery,
UB-004839,C00855,2024-11-27,Completed,Web,Rawalpindi,SwiftEx,Wallet,
UB-004840,C00477,2025-04-21,Completed,Mobile App,Karachi,RapidGo,Cash on Delivery,
UB-004841,C01490,2024-01-11,Completed,Web,Karachi,BlueLine,Wallet,
UB-004842,C01482,2024-03-05,Completed,Web,Lahore,Store Pickup,Cash on Delivery,
UB-004843,C01385,2025-01-03,Completed,Web,Karachi,BlueLine,Cash on Delivery,FREESHIP
UB-004844,C00430,2024-10-21,Completed,Web,Peshawar,BlueLine,Cash on Delivery,
UB-004845,C01307,2025-11-11,Completed,Mobile App,Lahore,SwiftEx,Card,
UB-004846,C00815,2025-11-22,Completed,Web,Faisalabad,BlueLine,Card,WELCOME10
UB-004847,C00567,2025-01-02,Completed,Mobile App,Lahore,SwiftEx,Wallet,APP5
UB-004848,C01029,2024-04-19,Cancelled,Mobile App,Rawalpindi,Store Pickup,Card,SAVE15
UB-004849,C00277,2024-02-06,Completed,Web,Lahore,BlueLine,Cash on Delivery,SAVE15
UB-004850,C01373,2024-12-02,Completed,Mobile App,Karachi,RapidGo,Card,APP5
UB-004851,C01460,2025-06-29,Completed,Mobile App,Karachi,SwiftEx,Wallet,
UB-004852,C01264,2025-06-24,Completed,Web,Peshawar,SwiftEx,Cash on Delivery,
UB-004853,C00546,2025-03-08,Completed,Web,Rawalpindi,RapidGo,Cash on Delivery,
UB-004854,C00863,2025-03-05,Completed,Mobile App,Karachi,BlueLine,Card,
UB-004855,C01271,2024-04-08,Completed,Mobile App,Rawalpindi,BlueLine,Card,
UB-004856,C01265,2024-01-27,Completed,Marketplace,Islamabad,SwiftEx,Card,
UB-004857,C00863,2025-03-31,Completed,Web,Karachi,Store Pickup,Wallet,SAVE15
UB-004858,C01154,2024-03-13,Completed,Mobile App,Lahore,BlueLine,Card,APP5
UB-004859,C01107,2025-05-11,Completed,Web,Peshawar,Store Pickup,Cash on Delivery,
UB-004860,C01082,2025-04-01,Completed,Mobile App,Faisalabad,BlueLine,Card,
UB-004861,C01096,2025-08-28,Completed,Mobile App,Rawalpindi,BlueLine,Card,
UB-004862,C01355,2025-09-02,Cancelled,Mobile App,Islamabad,BlueLine,Card,SAVE15
UB-004863,C00563,2024-11-05,Completed,Web,Karachi,SwiftEx,Card,
UB-004864,C01051,2024-08-31,Completed,Mobile App,Peshawar,Store Pickup,Bank Transfer,
UB-004865,C01468,2025-10-20,Completed,Mobile App,Rawalpindi,SwiftEx,Card,
UB-004866,C00408,2025-12-15,Completed,Mobile App,Islamabad,BlueLine,Cash on Delivery,SAVE15
UB-004867,C00786,2024-12-23,Completed,Web,Karachi,BlueLine,Cash on Delivery,
UB-004868,C01221,2024-07-12,Completed,Web,Faisalabad,RapidGo,Cash on Delivery,
UB-004869,C00774,2025-06-13,Completed,Web,Lahore,SwiftEx,Bank Transfer,
UB-004870,C00758,2024-06-17,Completed,Web,Islamabad,SwiftEx,Wallet,
UB-004871,C01530,2025-09-13,Completed,Web,Rawalpindi,RapidGo,Cash on Delivery,SAVE15
UB-004872,C00619,2024-09-03,Completed,Mobile App,Lahore,RapidGo,Cash on Delivery,WELCOME10
UB-004873,C01429,2025-11-28,Completed,Web,Rawalpindi,BlueLine,Cash on Delivery,
UB-004874,C01166,2024-10-29,Completed,Marketplace,Lahore,BlueLine,Card,FREESHIP
UB-004875,C00731,2025-07-16,Completed,Mobile App,Karachi,SwiftEx,Cash on Delivery,APP5
UB-004876,C00257,2025-10-29,Completed,Mobile App,Lahore,Store Pickup,Bank Transfer,SAVE15
UB-004877,C00523,2025-11-01,Returned,Web,Faisalabad,SwiftEx,Cash on Delivery,FREESHIP
UB-004878,C01353,2024-02-15,Completed,Mobile App,Karachi,SwiftEx,Wallet,
UB-004879,C00846,2024-05-13,Completed,Mobile App,Faisalabad,BlueLine,Cash on Delivery,
UB-004880,C00378,2024-05-17,Completed,Web,Lahore,BlueLine,Card,
UB-004881,C00394,2024-08-02,Completed,Mobile App,Karachi,RapidGo,Card,
UB-004882,C01165,2024-03-09,Completed,Web,Rawalpindi,SwiftEx,Card,
UB-004883,C01500,2025-01-09,Completed,Mobile App,Lahore,SwiftEx,Card,
UB-004884,C01168,2025-05-10,Completed,Web,Faisalabad,BlueLine,Cash on Delivery,
UB-004885,C01464,2025-06-25,Completed,Web,Rawalpindi,SwiftEx,Cash on Delivery,
UB-004886,C00457,2024-09-25,Completed,Marketplace,Rawalpindi,BlueLine,Card,SAVE15
UB-004887,C01091,2024-09-28,Completed,Web,Lahore,SwiftEx,Card,
UB-004888,C00021,2024-01-14,Completed,Mobile App,Islamabad,BlueLine,Wallet,FREESHIP
UB-004889,C00757,2025-07-20,Completed,Mobile App,Rawalpindi,RapidGo,Cash on Delivery,SAVE15
UB-004890,C00984,2025-11-03,Completed,Web,Karachi,BlueLine,Wallet,
UB-004891,C01314,2024-03-22,Returned,Web,Peshawar,Store Pickup,Cash on Delivery,
UB-004892,C00515,2024-04-14,Completed,Web,Karachi,Store Pickup,Cash on Delivery,FREESHIP
UB-004893,C00749,2025-04-13,Completed,Web,Rawalpindi,RapidGo,Bank Transfer,WELCOME10
UB-004894,C00418,2024-07-06,Completed,Web,Islamabad,SwiftEx,Wallet,
UB-004895,C01290,2024-05-16,Returned,Mobile App,Rawalpindi,RapidGo,Card,
UB-004896,C01500,2024-01-16,Completed,Web,Lahore,SwiftEx,Cash on Delivery,
UB-004897,C01278,2024-12-21,Completed,Marketplace,Rawalpindi,RapidGo,Card,
UB-004898,C00242,2024-11-29,Completed,Marketplace,Lahore,SwiftEx,Cash on Delivery,WELCOME10
UB-004899,C00272,2025-12-15,Returned,Mobile App,Peshawar,Store Pickup,Wallet,APP5
UB-004900,C01098,2025-12-09,Completed,Web,Rawalpindi,SwiftEx,Bank Transfer,
UB-004901,C00336,2024-07-06,Completed,Web,Lahore,Store Pickup,Bank Transfer,APP5
UB-004902,C01322,2025-05-05,Cancelled,Mobile App,Islamabad,RapidGo,Card,
UB-004903,C01385,2025-02-22,Completed,Web,Karachi,RapidGo,Card,APP5
UB-004904,C00688,2025-06-13,Completed,Mobile App,Islamabad,Store Pickup,Wallet,SAVE15
UB-004905,C00198,2025-12-26,Completed,Web,Rawalpindi,BlueLine,Cash on Delivery,
UB-004906,C00645,2024-02-19,Completed,Mobile App,Rawalpindi,BlueLine,Wallet,
UB-004907,C00242,2025-06-05,Completed,Web,Lahore,Store Pickup,Cash on Delivery,
UB-004908,C00923,2025-06-20,Completed,Marketplace,Islamabad,Store Pickup,Card,
UB-004909,C00720,2024-01-01,Completed,Mobile App,Karachi,SwiftEx,Card,APP5
UB-004910,C00404,2024-02-05,Completed,Mobile App,Karachi,SwiftEx,Wallet,
UB-004911,C00722,2024-09-16,Completed,Mobile App,Rawalpindi,RapidGo,Card,FREESHIP
UB-004912,C00781,2025-01-05,Completed,Marketplace,Rawalpindi,RapidGo,Wallet,
UB-004913,C00102,2025-10-18,Completed,Mobile App,Karachi,RapidGo,Cash on Delivery,
UB-004914,C00605,2024-11-25,Completed,Web,Rawalpindi,RapidGo,Cash on Delivery,
UB-004915,C01205,2024-01-28,Completed,Mobile App,Islamabad,BlueLine,Cash on Delivery,
UB-004916,C00788,2024-09-01,Returned,Mobile App,Islamabad,BlueLine,Cash on Delivery,
UB-004917,C00220,2024-04-30,Completed,Mobile App,Islamabad,SwiftEx,Cash on Delivery,
UB-004918,C00679,2024-11-03,Completed,Mobile App,Lahore,SwiftEx,Bank Transfer,
UB-004919,C00871,2025-09-20,Completed,Web,Karachi,SwiftEx,Card,WELCOME10
UB-004920,C01070,2025-06-16,Completed,Web,Rawalpindi,BlueLine,Wallet,
UB-004921,C00420,2025-11-11,Completed,Web,Rawalpindi,SwiftEx,Wallet,
UB-004922,C01461,2024-06-30,Completed,Web,Rawalpindi,RapidGo,Card,FREESHIP
UB-004923,C01191,2024-07-24,Completed,Mobile App,Rawalpindi,BlueLine,Wallet,FREESHIP
UB-004924,C01119,2025-12-18,Completed,Web,Faisalabad,Store Pickup,Bank Transfer,
UB-004925,C00692,2024-01-07,Completed,Mobile App,Islamabad,BlueLine,Card,
UB-004926,C00617,2025-11-23,Completed,Web,Lahore,SwiftEx,Wallet,
UB-004927,C00830,2024-01-15,Cancelled,Mobile App,Islamabad,BlueLine,Card,
UB-004928,C01036,2025-12-13,Completed,Web,Peshawar,RapidGo,Cash on Delivery,SAVE15
UB-004929,C01593,2025-06-18,Returned,Mobile App,Karachi,RapidGo,Cash on Delivery,
UB-004930,C01592,2025-08-13,Completed,Mobile App,Peshawar,RapidGo,Bank Transfer,
UB-004931,C01164,2024-10-12,Completed,Web,Islamabad,RapidGo,Cash on Delivery,FREESHIP
UB-004932,C01100,2024-08-27,Completed,Marketplace,Islamabad,RapidGo,Cash on Delivery,
UB-004933,C00865,2024-03-14,Completed,Mobile App,Karachi,RapidGo,Cash on Delivery,
UB-004934,C01251,2025-12-01,Completed,Mobile App,Rawalpindi,SwiftEx,Bank Transfer,APP5
UB-004935,C00628,2024-07-01,Completed,Web,Karachi,SwiftEx,Cash on Delivery,WELCOME10
UB-004936,C00311,2025-08-28,Completed,Web,Lahore,BlueLine,Card,FREESHIP
UB-004937,C01232,2024-08-03,Completed,Marketplace,Lahore,RapidGo,Cash on Delivery,
UB-004938,C00109,2024-09-16,Completed,Mobile App,Peshawar,SwiftEx,Card,
UB-004939,C01295,2025-11-25,Completed,Marketplace,Rawalpindi,BlueLine,Bank Transfer,
UB-004940,C00087,2024-07-06,Completed,Mobile App,Lahore,Store Pickup,Cash on Delivery,
UB-004941,C00890,2025-08-28,Completed,Web,Peshawar,BlueLine,Card,
UB-004942,C00846,2024-08-21,Completed,Web,Faisalabad,BlueLine,Card,
UB-004943,C01248,2025-02-07,Completed,Mobile App,Peshawar,BlueLine,Cash on Delivery,
UB-004944,C01252,2025-12-22,Completed,Mobile App,Karachi,BlueLine,Cash on Delivery,SAVE15
UB-004945,C00809,2025-05-30,Completed,Web,Islamabad,BlueLine,Cash on Delivery,
UB-004946,C00643,2024-12-27,Returned,Marketplace,Faisalabad,Store Pickup,Cash on Delivery,
UB-004947,C00267,2025-11-09,Completed,Mobile App,Karachi,BlueLine,Card,SAVE15
UB-004948,C00219,2025-08-02,Completed,Mobile App,Rawalpindi,RapidGo,Cash on Delivery,
UB-004949,C00895,2025-02-01,Completed,Mobile App,Rawalpindi,BlueLine,Cash on Delivery,
UB-004950,C01099,2025-01-03,Completed,Marketplace,Rawalpindi,SwiftEx,Cash on Delivery,
UB-004951,C00805,2024-11-27,Completed,Mobile App,Islamabad,RapidGo,Cash on Delivery,
UB-004952,C00841,2025-08-21,Completed,Web,Karachi,Store Pickup,Cash on Delivery,
UB-004953,C01433,2024-06-15,Completed,Mobile App,Peshawar,SwiftEx,Wallet,
UB-004954,C00594,2025-10-13,Completed,Mobile App,Faisalabad,SwiftEx,Cash on Delivery,
UB-004955,C00425,2024-03-21,Completed,Mobile App,Faisalabad,BlueLine,Wallet,
UB-004956,C01343,2024-07-08,Completed,Web,Islamabad,SwiftEx,Cash on Delivery,SAVE15
UB-004957,C01472,2024-02-14,Completed,Mobile App,Faisalabad,BlueLine,Card,
UB-004958,C01212,2024-01-28,Completed,Marketplace,Rawalpindi,BlueLine,Cash on Delivery,
UB-004959,C01397,2025-02-05,Completed,Marketplace,Islamabad,SwiftEx,Bank Transfer,
UB-004960,C01544,2024-04-05,Completed,Mobile App,Lahore,SwiftEx,Card,
UB-004961,C00905,2025-07-02,Completed,Web,Karachi,SwiftEx,Cash on Delivery,SAVE15
UB-004962,C01443,2024-07-02,Completed,Mobile App,Lahore,BlueLine,Cash on Delivery,FREESHIP
UB-004963,C00435,2025-01-11,Completed,Mobile App,Peshawar,BlueLine,Card,
UB-004964,C00705,2024-07-19,Completed,Mobile App,Faisalabad,RapidGo,Bank Transfer,
UB-004965,C00386,2025-04-14,Completed,Mobile App,Lahore,BlueLine,Card,APP5
UB-004966,C00453,2024-02-07,Completed,Mobile App,Karachi,BlueLine,Cash on Delivery,
UB-004967,C01373,2025-08-25,Completed,Marketplace,Karachi,RapidGo,Bank Transfer,
UB-004968,C00625,2025-11-11,Completed,Mobile App,Islamabad,SwiftEx,Bank Transfer,
UB-004969,C00477,2025-05-14,Returned,Mobile App,Karachi,SwiftEx,Cash on Delivery,
UB-004970,C01463,2025-06-19,Completed,Marketplace,Rawalpindi,RapidGo,Wallet,FREESHIP
UB-004971,C01404,2025-11-12,Completed,Marketplace,Lahore,BlueLine,Bank Transfer,
UB-004972,C01103,2024-12-02,Completed,Web,Karachi,SwiftEx,Cash on Delivery,APP5
UB-004973,C00641,2025-02-10,Completed,Web,Karachi,Store Pickup,Wallet,FREESHIP
UB-004974,C00618,2024-03-07,Completed,Mobile App,Faisalabad,BlueLine,Card,
UB-004975,C00903,2025-01-16,Completed,Mobile App,Peshawar,SwiftEx,Cash on Delivery,SAVE15
UB-004976,C00404,2024-09-19,Completed,Mobile App,Karachi,RapidGo,Cash on Delivery,WELCOME10
UB-004977,C00878,2024-03-20,Completed,Web,Karachi,SwiftEx,Wallet,
UB-004978,C01116,2025-09-08,Completed,Mobile App,Lahore,RapidGo,Wallet,FREESHIP
UB-004979,C01252,2025-06-07,Completed,Web,Karachi,BlueLine,Wallet,FREESHIP
UB-004980,C00177,2024-03-10,Completed,Web,Lahore,RapidGo,Cash on Delivery,
UB-004981,C01181,2025-12-26,Completed,Mobile App,Islamabad,Store Pickup,Card,
UB-004982,C00497,2024-08-06,Completed,Mobile App,Islamabad,RapidGo,Bank Transfer,SAVE15
UB-004983,C01075,2024-05-20,Returned,Mobile App,Islamabad,SwiftEx,Wallet,WELCOME10
UB-004984,C00910,2024-06-24,Completed,Web,Rawalpindi,SwiftEx,Cash on Delivery,APP5
UB-004985,C00386,2024-05-27,Completed,Mobile App,Lahore,BlueLine,Cash on Delivery,SAVE15
UB-004986,C01544,2025-10-11,Completed,Mobile App,Lahore,RapidGo,Wallet,
UB-004987,C00485,2024-12-13,Completed,Mobile App,Islamabad,BlueLine,Card,
UB-004988,C00297,2025-02-03,Completed,Mobile App,Rawalpindi,SwiftEx,Cash on Delivery,
UB-004989,C00144,2025-10-01,Returned,Web,Faisalabad,BlueLine,Card,FREESHIP
UB-004990,C01544,2025-07-26,Completed,Mobile App,Lahore,BlueLine,Wallet,APP5
UB-004991,C01569,2025-11-03,Completed,Mobile App,Islamabad,BlueLine,Card,
UB-004992,C01271,2024-08-07,Completed,Web,Rawalpindi,RapidGo,Cash on Delivery,
UB-004993,C01230,2025-09-07,Completed,Mobile App,Rawalpindi,BlueLine,Cash on Delivery,
UB-004994,C00548,2024-12-31,Completed,Mobile App,Rawalpindi,SwiftEx,Cash on Delivery,
UB-004995,C01184,2024-02-07,Completed,Mobile App,Karachi,BlueLine,Wallet,APP5
UB-004996,C01574,2024-07-03,Completed,Mobile App,Islamabad,Store Pickup,Cash on Delivery,APP5
UB-004997,C00929,2024-12-07,Completed,Mobile App,Islamabad,SwiftEx,Bank Transfer,FREESHIP
UB-004998,C01512,2025-10-18,Completed,Web,Karachi,BlueLine,Card,
UB-004999,C01536,2024-06-08,Completed,Mobile App,Karachi,RapidGo,Cash on Delivery,
UB-005000,C01597,2024-05-08,Completed,Web,Rawalpindi,SwiftEx,Cash on Delivery,
UB-005001,C00061,2025-11-06,Completed,Web,Rawalpindi,SwiftEx,Cash on Delivery,
UB-005002,C01315,2025-09-11,Completed,Mobile App,Faisalabad,SwiftEx,Cash on Delivery,
UB-005003,C00670,2025-01-16,Completed,Marketplace,Islamabad,SwiftEx,Bank Transfer,
UB-005004,C00416,2024-09-16,Completed,Mobile App,Rawalpindi,BlueLine,Cash on Delivery,
UB-005005,C01548,2024-04-26,Completed,Mobile App,Rawalpindi,RapidGo,Card,
UB-005006,C00100,2024-11-08,Completed,Mobile App,Lahore,RapidGo,Cash on Delivery,FREESHIP
UB-005007,C01114,2025-08-31,Completed,Mobile App,Karachi,Store Pickup,Cash on Delivery,
UB-005008,C01452,2025-10-22,Returned,Web,Islamabad,Store Pickup,Cash on Delivery,SAVE15
UB-005009,C00376,2025-01-30,Completed,Web,Rawalpindi,SwiftEx,Cash on Delivery,FREESHIP
UB-005010,C01440,2025-07-21,Completed,Mobile App,Rawalpindi,BlueLine,Card,
UB-005011,C00529,2025-08-20,Completed,Mobile App,Rawalpindi,BlueLine,Card,
UB-005012,C00171,2025-07-29,Completed,Web,Faisalabad,Store Pickup,Cash on Delivery,SAVE15
UB-005013,C01166,2025-07-07,Completed,Web,Lahore,BlueLine,Card,APP5
UB-005014,C00753,2025-01-28,Completed,Web,Karachi,RapidGo,Wallet,
UB-005015,C00799,2024-01-06,Completed,Mobile App,Islamabad,Store Pickup,Cash on Delivery,
UB-005016,C01248,2024-10-28,Completed,Marketplace,Peshawar,BlueLine,Cash on Delivery,
UB-005017,C01483,2025-02-12,Completed,Web,Lahore,SwiftEx,Cash on Delivery,
UB-005018,C00239,2024-05-22,Completed,Web,Lahore,BlueLine,Wallet,
UB-005019,C00347,2024-08-21,Returned,Web,Karachi,SwiftEx,Cash on Delivery,
UB-005020,C00744,2025-11-03,Completed,Web,Islamabad,Store Pickup,Wallet,WELCOME10
UB-005021,C00400,2024-05-11,Cancelled,Marketplace,Islamabad,BlueLine,Wallet,
UB-005022,C01153,2025-04-23,Completed,Web,Lahore,BlueLine,Card,
UB-005023,C01384,2024-06-21,Completed,Mobile App,Peshawar,BlueLine,Wallet,
UB-005024,C00268,2025-03-27,Completed,Web,Faisalabad,SwiftEx,Cash on Delivery,FREESHIP
UB-005025,C00195,2025-07-15,Completed,Mobile App,Rawalpindi,BlueLine,Cash on Delivery,
UB-005026,C01389,2025-11-16,Completed,Mobile App,Karachi,SwiftEx,Card,FREESHIP
UB-005027,C00610,2025-11-09,Completed,Mobile App,Faisalabad,SwiftEx,Card,SAVE15
UB-005028,C00428,2025-10-28,Completed,Web,Rawalpindi,BlueLine,Bank Transfer,APP5
UB-005029,C00226,2025-11-13,Completed,Mobile App,Peshawar,RapidGo,Cash on Delivery,
UB-005030,C00783,2024-11-16,Completed,Mobile App,Rawalpindi,RapidGo,Cash on Delivery,
UB-005031,C01420,2025-07-18,Completed,Mobile App,Lahore,SwiftEx,Card,
UB-005032,C01216,2025-07-31,Completed,Web,Rawalpindi,SwiftEx,Cash on Delivery,
UB-005033,C00354,2025-04-18,Completed,Mobile App,Islamabad,BlueLine,Card,
UB-005034,C00111,2025-04-05,Completed,Mobile App,Lahore,BlueLine,Card,
UB-005035,C00808,2024-01-25,Completed,Web,Rawalpindi,RapidGo,Cash on Delivery,SAVE15
UB-005036,C00718,2024-02-07,Completed,Web,Faisalabad,Store Pickup,Bank Transfer,
UB-005037,C00444,2025-01-11,Completed,Mobile App,Faisalabad,RapidGo,Cash on Delivery,
UB-005038,C01193,2024-09-26,Completed,Web,Lahore,RapidGo,Wallet,APP5
UB-005039,C00555,2024-11-08,Completed,Mobile App,Lahore,SwiftEx,Wallet,
UB-005040,C00347,2025-07-08,Completed,Web,Karachi,BlueLine,Wallet,SAVE15
UB-005041,C00815,2025-06-06,Returned,Mobile App,Faisalabad,BlueLine,Cash on Delivery,
UB-005042,C00260,2025-08-04,Completed,Web,Islamabad,RapidGo,Cash on Delivery,APP5
UB-005043,C00063,2024-12-19,Completed,Web,Karachi,SwiftEx,Wallet,
UB-005044,C01188,2024-02-25,Completed,Mobile App,Islamabad,RapidGo,Card,
UB-005045,C00808,2024-04-15,Completed,Mobile App,Rawalpindi,RapidGo,Cash on Delivery,
UB-005046,C01536,2025-07-08,Completed,Marketplace,Karachi,BlueLine,Bank Transfer,
UB-005047,C00041,2025-03-08,Completed,Mobile App,Rawalpindi,SwiftEx,Cash on Delivery,
UB-005048,C00261,2024-09-27,Completed,Web,Islamabad,RapidGo,Card,APP5
UB-005049,C00384,2024-02-23,Completed,Mobile App,Karachi,RapidGo,Cash on Delivery,WELCOME10
UB-005050,C00800,2025-11-30,Completed,Web,Karachi,BlueLine,Wallet,WELCOME10
UB-005051,C01522,2024-05-12,Completed,Marketplace,Islamabad,Store Pickup,Card,
UB-005052,C01390,2024-08-02,Completed,Web,Islamabad,SwiftEx,Wallet,
UB-005053,C01294,2024-07-23,Completed,Mobile App,Lahore,RapidGo,Cash on Delivery,
UB-005054,C00988,2024-06-20,Completed,Marketplace,Faisalabad,Store Pickup,Wallet,SAVE15
UB-005055,C01195,2025-11-15,Completed,Mobile App,Karachi,SwiftEx,Cash on Delivery,SAVE15
UB-005056,C01409,2024-07-31,Completed,Mobile App,Karachi,BlueLine,Cash on Delivery,
UB-005057,C00513,2024-01-31,Completed,Mobile App,Peshawar,BlueLine,Cash on Delivery,
UB-005058,C01402,2024-04-24,Completed,Web,Rawalpindi,SwiftEx,Cash on Delivery,
UB-005059,C00758,2025-12-20,Completed,Web,Islamabad,BlueLine,Bank Transfer,
UB-005060,C01380,2024-12-29,Completed,Web,Peshawar,SwiftEx,Card,FREESHIP
UB-005061,C00500,2025-09-09,Completed,Web,Rawalpindi,Store Pickup,Cash on Delivery,
UB-005062,C01265,2024-07-31,Completed,Mobile App,Islamabad,BlueLine,Cash on Delivery,SAVE15
UB-005063,C01244,2025-11-12,Completed,Web,Peshawar,SwiftEx,Cash on Delivery,
UB-005064,C00222,2025-10-19,Completed,Marketplace,Karachi,BlueLine,Cash on Delivery,
UB-005065,C00863,2025-06-20,Completed,Mobile App,Karachi,RapidGo,Wallet,
UB-005066,C00052,2025-12-04,Completed,Web,Faisalabad,Store Pickup,Bank Transfer,WELCOME10
UB-005067,C00153,2024-12-17,Returned,Web,Lahore,Store Pickup,Cash on Delivery,
UB-005068,C00381,2025-10-22,Returned,Marketplace,Rawalpindi,BlueLine,Cash on Delivery,
UB-005069,C00173,2025-08-05,Cancelled,Web,Faisalabad,BlueLine,Cash on Delivery,FREESHIP
UB-005070,C01293,2025-11-10,Completed,Web,Lahore,Store Pickup,Cash on Delivery,
UB-005071,C01114,2025-12-30,Completed,Web,Karachi,SwiftEx,Cash on Delivery,
UB-005072,C01493,2025-04-17,Completed,Marketplace,Lahore,RapidGo,Bank Transfer,
UB-005073,C00253,2025-07-15,Completed,Mobile App,Islamabad,RapidGo,Card,APP5
UB-005074,C00794,2024-03-29,Completed,Web,Lahore,Store Pickup,Bank Transfer,WELCOME10
UB-005075,C00682,2024-01-24,Completed,Web,Rawalpindi,RapidGo,Card,
UB-005076,C01566,2025-06-08,Completed,Web,Karachi,RapidGo,Cash on Delivery,
UB-005077,C01456,2024-11-16,Completed,Web,Islamabad,BlueLine,Cash on Delivery,
UB-005078,C01273,2025-05-29,Completed,Web,Islamabad,BlueLine,Card,
UB-005079,C01024,2025-11-03,Completed,Mobile App,Islamabad,SwiftEx,Cash on Delivery,APP5
UB-005080,C00152,2024-02-17,Returned,Mobile App,Faisalabad,RapidGo,Wallet,
UB-005081,C00756,2024-09-02,Completed,Mobile App,Peshawar,RapidGo,Wallet,
UB-005082,C01239,2024-08-11,Completed,Web,Faisalabad,SwiftEx,Wallet,
UB-005083,C00284,2024-02-08,Completed,Web,Faisalabad,SwiftEx,Card,SAVE15
UB-005084,C00544,2024-04-06,Completed,Mobile App,Islamabad,BlueLine,Cash on Delivery,
UB-005085,C01281,2025-02-23,Completed,Web,Islamabad,BlueLine,Bank Transfer,
UB-005086,C00687,2024-05-17,Completed,Web,Rawalpindi,RapidGo,Cash on Delivery,
UB-005087,C00184,2024-01-01,Completed,Marketplace,Rawalpindi,BlueLine,Card,
UB-005088,C01125,2025-01-06,Completed,Web,Karachi,SwiftEx,Cash on Delivery,FREESHIP
UB-005089,C00477,2024-12-03,Completed,Web,Karachi,RapidGo,Cash on Delivery,APP5
UB-005090,C01352,2025-09-29,Completed,Mobile App,Islamabad,BlueLine,Card,
UB-005091,C00688,2024-07-01,Completed,Mobile App,Islamabad,SwiftEx,Cash on Delivery,
UB-005092,C00464,2025-11-19,Completed,Mobile App,Rawalpindi,RapidGo,Cash on Delivery,APP5
UB-005093,C01175,2025-03-03,Returned,Web,Faisalabad,SwiftEx,Bank Transfer,
UB-005094,C01336,2025-05-14,Completed,Mobile App,Peshawar,BlueLine,Cash on Delivery,SAVE15
UB-005095,C00086,2024-08-11,Completed,Web,Peshawar,RapidGo,Card,
UB-005096,C00474,2025-09-07,Completed,Web,Islamabad,BlueLine,Wallet,WELCOME10
UB-005097,C00134,2025-02-04,Completed,Web,Islamabad,RapidGo,Card,APP5
UB-005098,C01349,2025-06-01,Completed,Web,Islamabad,Store Pickup,Wallet,
UB-005099,C01418,2025-06-24,Completed,Mobile App,Islamabad,SwiftEx,Cash on Delivery,FREESHIP
UB-005100,C01255,2025-07-23,Returned,Mobile App,Peshawar,BlueLine,Wallet,
UB-005101,C00857,2024-02-29,Completed,Mobile App,Rawalpindi,BlueLine,Cash on Delivery,
UB-005102,C01296,2024-01-12,Completed,Mobile App,Peshawar,BlueLine,Card,APP5
UB-005103,C01192,2024-07-02,Completed,Web,Islamabad,Store Pickup,Bank Transfer,
UB-005104,C01420,2024-09-19,Completed,Mobile App,Lahore,SwiftEx,Bank Transfer,
UB-005105,C00777,2024-03-05,Completed,Web,Rawalpindi,Store Pickup,Cash on Delivery,SAVE15
UB-005106,C01420,2025-08-16,Returned,Mobile App,Lahore,SwiftEx,Cash on Delivery,
UB-005107,C00422,2025-12-11,Completed,Web,Lahore,SwiftEx,Cash on Delivery,WELCOME10
UB-005108,C00375,2025-02-23,Completed,Web,Lahore,Store Pickup,Cash on Delivery,
UB-005109,C00224,2024-04-03,Completed,Mobile App,Rawalpindi,SwiftEx,Cash on Delivery,SAVE15
UB-005110,C01492,2024-06-18,Returned,Mobile App,Lahore,RapidGo,Wallet,
UB-005111,C00159,2025-11-18,Returned,Web,Karachi,BlueLine,Cash on Delivery,FREESHIP
UB-005112,C00607,2024-10-11,Completed,Web,Islamabad,RapidGo,Bank Transfer,SAVE15
UB-005113,C00323,2024-01-11,Completed,Web,Peshawar,SwiftEx,Cash on Delivery,
UB-005114,C00714,2025-01-18,Completed,Mobile App,Peshawar,SwiftEx,Cash on Delivery,SAVE15
UB-005115,C00698,2024-12-23,Cancelled,Web,Peshawar,SwiftEx,Bank Transfer,
UB-005116,C00224,2024-02-18,Completed,Web,Rawalpindi,SwiftEx,Card,
UB-005117,C00654,2025-05-24,Completed,Marketplace,Karachi,SwiftEx,Wallet,
UB-005118,C01484,2025-07-01,Completed,Web,Islamabad,BlueLine,Bank Transfer,WELCOME10
UB-005119,C00425,2024-03-04,Completed,Web,Faisalabad,RapidGo,Card,
UB-005120,C01059,2025-10-03,Completed,Mobile App,Rawalpindi,BlueLine,Bank Transfer,APP5
UB-005121,C01569,2024-05-05,Completed,Mobile App,Islamabad,Store Pickup,Bank Transfer,APP5
UB-005122,C00926,2024-11-07,Completed,Mobile App,Lahore,RapidGo,Cash on Delivery,
UB-005123,C01255,2025-06-09,Completed,Mobile App,Peshawar,RapidGo,Cash on Delivery,
UB-005124,C00708,2025-02-13,Completed,Mobile App,Rawalpindi,BlueLine,Card,WELCOME10
UB-005125,C01087,2024-06-19,Completed,Web,Lahore,BlueLine,Cash on Delivery,APP5
UB-005126,C01304,2025-02-07,Completed,Marketplace,Karachi,SwiftEx,Wallet,
UB-005127,C00233,2024-03-29,Completed,Web,Islamabad,Store Pickup,Cash on Delivery,
UB-005128,C00238,2024-05-12,Completed,Web,Karachi,BlueLine,Card,FREESHIP
UB-005129,C01475,2025-05-19,Completed,Marketplace,Karachi,SwiftEx,Wallet,FREESHIP
UB-005130,C00054,2025-09-25,Completed,Web,Islamabad,SwiftEx,Cash on Delivery,WELCOME10
UB-005131,C00969,2024-01-17,Completed,Mobile App,Islamabad,RapidGo,Card,
UB-005132,C01282,2025-09-10,Completed,Web,Karachi,BlueLine,Card,APP5
UB-005133,C00852,2024-10-19,Completed,Web,Karachi,SwiftEx,Cash on Delivery,APP5
UB-005134,C01463,2025-03-21,Completed,Mobile App,Rawalpindi,SwiftEx,Cash on Delivery,APP5
UB-005135,C01346,2024-05-01,Completed,Marketplace,Lahore,RapidGo,Card,SAVE15
UB-005136,C01133,2025-05-12,Returned,Mobile App,Karachi,SwiftEx,Cash on Delivery,
UB-005137,C00983,2024-12-03,Completed,Mobile App,Karachi,Store Pickup,Card,SAVE15
UB-005138,C00874,2025-05-05,Returned,Marketplace,Karachi,SwiftEx,Cash on Delivery,
UB-005139,C00150,2025-10-08,Completed,Web,Rawalpindi,BlueLine,Wallet,
UB-005140,C00687,2025-06-21,Completed,Web,Rawalpindi,SwiftEx,Cash on Delivery,
UB-005141,C01110,2024-08-05,Completed,Mobile App,Karachi,BlueLine,Card,FREESHIP
UB-005142,C01283,2025-04-03,Completed,Marketplace,Karachi,SwiftEx,Cash on Delivery,WELCOME10
UB-005143,C00678,2024-10-18,Returned,Web,Lahore,SwiftEx,Cash on Delivery,
UB-005144,C01076,2025-12-12,Completed,Marketplace,Islamabad,BlueLine,Card,SAVE15
UB-005145,C00506,2024-08-30,Completed,Web,Karachi,SwiftEx,Wallet,WELCOME10
UB-005146,C00615,2025-05-17,Completed,Web,Lahore,BlueLine,Wallet,
UB-005147,C01275,2024-10-31,Completed,Mobile App,Karachi,SwiftEx,Card,
UB-005148,C01255,2025-05-07,Completed,Web,Peshawar,Store Pickup,Cash on Delivery,WELCOME10
UB-005149,C01049,2024-11-10,Completed,Web,Rawalpindi,SwiftEx,Wallet,
UB-005150,C00644,2025-01-25,Completed,Web,Faisalabad,RapidGo,Cash on Delivery,
UB-005151,C01404,2025-12-01,Completed,Mobile App,Lahore,BlueLine,Cash on Delivery,WELCOME10
UB-005152,C00271,2024-08-25,Completed,Web,Islamabad,BlueLine,Cash on Delivery,FREESHIP
UB-005153,C00050,2025-07-17,Completed,Mobile App,Karachi,RapidGo,Cash on Delivery,
UB-005154,C00566,2024-05-17,Completed,Mobile App,Lahore,Store Pickup,Cash on Delivery,
UB-005155,C00599,2025-10-04,Completed,Web,Islamabad,BlueLine,Wallet,APP5
UB-005156,C01281,2024-11-01,Completed,Mobile App,Islamabad,BlueLine,Card,APP5
UB-005157,C00251,2025-05-24,Completed,Mobile App,Rawalpindi,RapidGo,Cash on Delivery,
UB-005158,C00961,2025-05-06,Completed,Web,Rawalpindi,RapidGo,Cash on Delivery,
UB-005159,C00440,2024-06-20,Completed,Marketplace,Lahore,BlueLine,Bank Transfer,
UB-005160,C01091,2024-02-12,Completed,Mobile App,Lahore,RapidGo,Cash on Delivery,
UB-005161,C01124,2025-09-24,Cancelled,Mobile App,Rawalpindi,SwiftEx,Card,
UB-005162,C00357,2024-03-29,Completed,Web,Rawalpindi,BlueLine,Wallet,
UB-005163,C00211,2024-09-03,Completed,Web,Faisalabad,RapidGo,Bank Transfer,APP5
UB-005164,C01581,2024-01-04,Completed,Mobile App,Rawalpindi,SwiftEx,Cash on Delivery,SAVE15
UB-005165,C00815,2025-11-03,Completed,Web,Faisalabad,BlueLine,Cash on Delivery,
UB-005166,C01195,2025-04-19,Completed,Marketplace,Karachi,SwiftEx,Wallet,
UB-005167,C01538,2024-05-27,Completed,Web,Lahore,Store Pickup,Cash on Delivery,FREESHIP
UB-005168,C00071,2025-08-30,Completed,Web,Lahore,SwiftEx,Card,WELCOME10
UB-005169,C01280,2025-11-03,Completed,Web,Rawalpindi,SwiftEx,Cash on Delivery,
UB-005170,C00286,2024-10-02,Completed,Mobile App,Karachi,SwiftEx,Card,APP5
UB-005171,C00392,2024-05-28,Completed,Mobile App,Rawalpindi,SwiftEx,Wallet,
UB-005172,C00174,2024-05-23,Completed,Web,Karachi,Store Pickup,Bank Transfer,WELCOME10
UB-005173,C01542,2025-08-13,Completed,Web,Islamabad,SwiftEx,Cash on Delivery,FREESHIP
UB-005174,C00683,2025-02-21,Completed,Web,Lahore,Store Pickup,Cash on Delivery,
UB-005175,C00524,2025-10-31,Returned,Marketplace,Rawalpindi,SwiftEx,Cash on Delivery,
UB-005176,C00794,2025-06-28,Completed,Mobile App,Lahore,SwiftEx,Card,SAVE15
UB-005177,C00077,2025-02-24,Completed,Mobile App,Lahore,SwiftEx,Cash on Delivery,
UB-005178,C00317,2025-09-02,Completed,Web,Faisalabad,RapidGo,Card,
UB-005179,C00347,2025-05-12,Completed,Marketplace,Karachi,SwiftEx,Cash on Delivery,
UB-005180,C01342,2025-05-26,Completed,Mobile App,Islamabad,SwiftEx,Cash on Delivery,
UB-005181,C00397,2024-01-28,Completed,Web,Islamabad,BlueLine,Wallet,APP5
UB-005182,C01377,2025-05-09,Completed,Mobile App,Rawalpindi,SwiftEx,Cash on Delivery,
UB-005183,C00560,2024-10-17,Completed,Web,Islamabad,Store Pickup,Card,
UB-005184,C01363,2024-01-02,Completed,Mobile App,Islamabad,RapidGo,Cash on Delivery,
UB-005185,C00667,2024-11-13,Completed,Web,Lahore,BlueLine,Bank Transfer,
UB-005186,C01123,2024-02-16,Completed,Mobile App,Peshawar,BlueLine,Card,SAVE15
UB-005187,C01270,2025-12-18,Completed,Mobile App,Peshawar,BlueLine,Card,
UB-005188,C01251,2024-05-30,Completed,Web,Rawalpindi,RapidGo,Bank Transfer,
UB-005189,C00797,2025-04-14,Returned,Mobile App,Rawalpindi,BlueLine,Bank Transfer,
UB-005190,C01281,2024-11-20,Completed,Mobile App,Islamabad,BlueLine,Cash on Delivery,
UB-005191,C00067,2024-04-10,Completed,Mobile App,Karachi,SwiftEx,Cash on Delivery,
UB-005192,C00036,2024-01-11,Completed,Mobile App,Karachi,RapidGo,Bank Transfer,
UB-005193,C00666,2025-02-08,Completed,Web,Lahore,SwiftEx,Wallet,
UB-005194,C00638,2024-05-02,Completed,Mobile App,Lahore,BlueLine,Cash on Delivery,
UB-005195,C00816,2024-02-17,Completed,Marketplace,Faisalabad,BlueLine,Card,FREESHIP
UB-005196,C01117,2024-07-21,Completed,Mobile App,Rawalpindi,SwiftEx,Bank Transfer,WELCOME10
UB-005197,C00391,2025-10-17,Completed,Mobile App,Rawalpindi,SwiftEx,Card,SAVE15
UB-005198,C00788,2025-10-22,Completed,Mobile App,Islamabad,BlueLine,Wallet,
UB-005199,C00667,2024-10-18,Completed,Mobile App,Lahore,BlueLine,Card,
UB-005200,C00016,2024-05-23,Completed,Mobile App,Islamabad,SwiftEx,Cash on Delivery,
UB-005201,C00312,2025-08-09,Completed,Mobile App,Rawalpindi,BlueLine,Wallet,WELCOME10
UB-005202,C00683,2024-12-25,Completed,Mobile App,Lahore,Store Pickup,Card,SAVE15
UB-005203,C00965,2025-02-14,Completed,Web,Lahore,RapidGo,Card,
UB-005204,C01187,2024-04-06,Completed,Mobile App,Karachi,BlueLine,Card,
UB-005205,C00335,2025-04-02,Completed,Mobile App,Islamabad,SwiftEx,Wallet,
UB-005206,C00719,2024-10-22,Completed,Web,Lahore,BlueLine,Cash on Delivery,
UB-005207,C00469,2025-11-06,Completed,Mobile App,Faisalabad,SwiftEx,Card,APP5
UB-005208,C01464,2025-02-19,Completed,Web,Rawalpindi,RapidGo,Cash on Delivery,
UB-005209,C00312,2024-08-09,Returned,Web,Rawalpindi,RapidGo,Wallet,WELCOME10
UB-005210,C01032,2024-09-10,Completed,Mobile App,Faisalabad,BlueLine,Wallet,
UB-005211,C01322,2024-05-06,Completed,Marketplace,Islamabad,SwiftEx,Bank Transfer,APP5
UB-005212,C01248,2024-12-19,Completed,Mobile App,Peshawar,SwiftEx,Card,
UB-005213,C00194,2024-05-20,Completed,Mobile App,Rawalpindi,RapidGo,Cash on Delivery,
UB-005214,C00607,2024-04-13,Completed,Marketplace,Islamabad,RapidGo,Cash on Delivery,
UB-005215,C01467,2025-09-01,Completed,Marketplace,Rawalpindi,SwiftEx,Card,
UB-005216,C01453,2024-05-12,Cancelled,Mobile App,Faisalabad,SwiftEx,Card,
UB-005217,C00561,2024-05-23,Returned,Mobile App,Peshawar,SwiftEx,Wallet,
UB-005218,C00466,2025-07-24,Completed,Web,Lahore,RapidGo,Card,
UB-005219,C00583,2024-02-01,Completed,Mobile App,Karachi,RapidGo,Wallet,
UB-005220,C00450,2025-08-29,Completed,Web,Karachi,SwiftEx,Card,FREESHIP
UB-005221,C01353,2024-03-06,Completed,Mobile App,Karachi,SwiftEx,Card,APP5
UB-005222,C01148,2024-03-11,Completed,Web,Islamabad,RapidGo,Cash on Delivery,
UB-005223,C01056,2025-10-23,Completed,Mobile App,Islamabad,BlueLine,Cash on Delivery,SAVE15
UB-005224,C00802,2025-06-19,Returned,Mobile App,Karachi,SwiftEx,Card,
UB-005225,C00187,2024-09-26,Returned,Web,Lahore,RapidGo,Wallet,SAVE15
UB-005226,C00654,2024-11-08,Completed,Web,Karachi,Store Pickup,Card,
UB-005227,C00219,2024-04-02,Completed,Web,Rawalpindi,BlueLine,Card,
UB-005228,C00104,2025-10-04,Completed,Mobile App,Islamabad,BlueLine,Card,FREESHIP
UB-005229,C00018,2024-03-30,Completed,Web,Lahore,Store Pickup,Card,FREESHIP
UB-005230,C01166,2025-07-24,Completed,Web,Lahore,SwiftEx,Card,
UB-005231,C01152,2025-08-10,Completed,Mobile App,Lahore,RapidGo,Card,
UB-005232,C00126,2024-01-17,Completed,Marketplace,Lahore,RapidGo,Cash on Delivery,APP5
UB-005233,C00640,2025-04-08,Completed,Web,Peshawar,RapidGo,Cash on Delivery,
UB-005234,C00589,2025-08-18,Completed,Web,Faisalabad,RapidGo,Bank Transfer,
UB-005235,C01206,2024-11-19,Completed,Marketplace,Faisalabad,BlueLine,Bank Transfer,
UB-005236,C01115,2024-03-14,Completed,Web,Faisalabad,RapidGo,Cash on Delivery,
UB-005237,C01009,2024-05-26,Completed,Mobile App,Rawalpindi,SwiftEx,Wallet,
UB-005238,C00567,2025-07-26,Completed,Mobile App,Lahore,BlueLine,Wallet,FREESHIP
UB-005239,C00389,2024-05-17,Completed,Mobile App,Islamabad,SwiftEx,Card,
UB-005240,C00330,2025-06-15,Completed,Mobile App,Lahore,BlueLine,Wallet,
UB-005241,C00664,2024-09-11,Completed,Mobile App,Rawalpindi,Store Pickup,Card,
UB-005242,C00048,2025-03-12,Completed,Web,Karachi,SwiftEx,Cash on Delivery,
UB-005243,C01435,2025-12-06,Completed,Mobile App,Karachi,SwiftEx,Wallet,WELCOME10
UB-005244,C00828,2024-02-10,Returned,Web,Islamabad,SwiftEx,Bank Transfer,
UB-005245,C00408,2024-05-14,Cancelled,Mobile App,Islamabad,BlueLine,Cash on Delivery,FREESHIP
UB-005246,C00874,2025-05-23,Completed,Mobile App,Karachi,RapidGo,Bank Transfer,
UB-005247,C00643,2024-08-08,Completed,Web,Faisalabad,SwiftEx,Cash on Delivery,
UB-005248,C00969,2024-07-18,Completed,Web,Islamabad,BlueLine,Cash on Delivery,
UB-005249,C00460,2025-01-29,Completed,Mobile App,Karachi,RapidGo,Bank Transfer,
UB-005250,C00364,2024-02-05,Completed,Web,Karachi,RapidGo,Wallet,
UB-005251,C01425,2025-02-11,Completed,Mobile App,Rawalpindi,SwiftEx,Cash on Delivery,WELCOME10
UB-005252,C00721,2024-03-13,Completed,Web,Rawalpindi,SwiftEx,Bank Transfer,
UB-005253,C00073,2024-08-22,Completed,Mobile App,Islamabad,RapidGo,Cash on Delivery,WELCOME10
UB-005254,C01384,2024-08-08,Returned,Marketplace,Peshawar,SwiftEx,Wallet,
UB-005255,C00282,2025-01-09,Completed,Web,Islamabad,BlueLine,Card,
UB-005256,C00731,2025-03-17,Completed,Web,Karachi,SwiftEx,Cash on Delivery,
UB-005257,C00511,2025-07-31,Completed,Mobile App,Islamabad,BlueLine,Card,
UB-005258,C01029,2025-10-10,Completed,Web,Rawalpindi,SwiftEx,Wallet,
UB-005259,C00867,2025-07-10,Cancelled,Web,Islamabad,RapidGo,Card,
UB-005260,C00685,2025-05-15,Completed,Web,Karachi,SwiftEx,Cash on Delivery,
UB-005261,C01127,2025-05-16,Completed,Mobile App,Karachi,BlueLine,Cash on Delivery,
UB-005262,C00072,2024-08-20,Completed,Marketplace,Faisalabad,SwiftEx,Cash on Delivery,
UB-005263,C00031,2025-11-06,Completed,Marketplace,Rawalpindi,SwiftEx,Cash on Delivery,
UB-005264,C01227,2025-06-23,Completed,Web,Rawalpindi,BlueLine,Cash on Delivery,
UB-005265,C00107,2024-01-24,Completed,Mobile App,Peshawar,BlueLine,Wallet,
UB-005266,C00322,2025-12-05,Completed,Web,Islamabad,SwiftEx,Bank Transfer,WELCOME10
UB-005267,C00741,2024-05-02,Completed,Web,Karachi,RapidGo,Card,
UB-005268,C00351,2024-08-21,Completed,Web,Islamabad,RapidGo,Card,
UB-005269,C00320,2024-03-26,Completed,Mobile App,Islamabad,BlueLine,Bank Transfer,WELCOME10
UB-005270,C00971,2024-01-22,Completed,Mobile App,Faisalabad,Store Pickup,Bank Transfer,
UB-005271,C01070,2024-06-06,Completed,Mobile App,Rawalpindi,RapidGo,Cash on Delivery,
UB-005272,C00388,2025-04-27,Completed,Mobile App,Faisalabad,SwiftEx,Bank Transfer,
UB-005273,C00604,2025-06-27,Completed,Mobile App,Islamabad,Store Pickup,Cash on Delivery,APP5
UB-005274,C00416,2025-01-04,Completed,Mobile App,Rawalpindi,SwiftEx,Wallet,WELCOME10
UB-005275,C01366,2025-12-02,Completed,Marketplace,Rawalpindi,SwiftEx,Card,
UB-005276,C00666,2025-10-03,Completed,Mobile App,Lahore,SwiftEx,Cash on Delivery,
UB-005277,C00406,2024-10-08,Completed,Marketplace,Karachi,SwiftEx,Cash on Delivery,
UB-005278,C01075,2024-05-25,Completed,Marketplace,Islamabad,SwiftEx,Card,SAVE15
UB-005279,C00822,2025-11-04,Completed,Mobile App,Islamabad,RapidGo,Card,
UB-005280,C01357,2025-06-03,Returned,Web,Islamabad,Store Pickup,Cash on Delivery,
UB-005281,C00941,2025-07-18,Completed,Web,Rawalpindi,BlueLine,Cash on Delivery,
UB-005282,C01162,2024-04-19,Completed,Web,Islamabad,RapidGo,Card,WELCOME10
UB-005283,C01534,2024-01-20,Completed,Marketplace,Peshawar,SwiftEx,Cash on Delivery,
UB-005284,C01196,2024-08-23,Completed,Web,Faisalabad,SwiftEx,Cash on Delivery,
UB-005285,C00687,2024-03-29,Completed,Mobile App,Rawalpindi,RapidGo,Card,
UB-005286,C00944,2025-12-23,Completed,Mobile App,Peshawar,BlueLine,Card,WELCOME10
UB-005287,C01116,2024-04-11,Completed,Mobile App,Lahore,SwiftEx,Cash on Delivery,
UB-005288,C00697,2024-07-02,Completed,Web,Islamabad,SwiftEx,Card,FREESHIP
UB-005289,C01384,2025-09-28,Completed,Web,Peshawar,RapidGo,Cash on Delivery,
UB-005290,C00208,2024-08-18,Completed,Mobile App,Islamabad,BlueLine,Cash on Delivery,
UB-005291,C00248,2024-07-16,Completed,Mobile App,Rawalpindi,BlueLine,Cash on Delivery,
UB-005292,C00385,2024-09-25,Returned,Web,Karachi,RapidGo,Bank Transfer,SAVE15
UB-005293,C00875,2024-11-03,Completed,Mobile App,Islamabad,RapidGo,Wallet,
UB-005294,C00611,2024-01-06,Completed,Mobile App,Lahore,BlueLine,Wallet,SAVE15
UB-005295,C01135,2024-06-29,Completed,Marketplace,Rawalpindi,RapidGo,Cash on Delivery,FREESHIP
UB-005296,C01224,2024-12-23,Completed,Marketplace,Karachi,RapidGo,Card,
UB-005297,C01498,2024-10-18,Completed,Web,Karachi,SwiftEx,Cash on Delivery,
UB-005298,C01414,2024-03-23,Returned,Web,Islamabad,SwiftEx,Card,APP5
UB-005299,C01021,2024-08-01,Completed,Mobile App,Karachi,BlueLine,Cash on Delivery,
UB-005300,C01429,2024-04-20,Completed,Mobile App,Rawalpindi,SwiftEx,Card,
UB-005301,C01091,2024-04-19,Returned,Web,Lahore,BlueLine,Bank Transfer,
UB-005302,C00605,2025-12-14,Completed,Web,Rawalpindi,BlueLine,Cash on Delivery,
UB-005303,C00988,2024-12-30,Completed,Web,Faisalabad,BlueLine,Cash on Delivery,FREESHIP
UB-005304,C00973,2025-02-23,Completed,Mobile App,Karachi,SwiftEx,Card,
UB-005305,C00115,2025-06-15,Completed,Mobile App,Faisalabad,BlueLine,Wallet,FREESHIP
UB-005306,C00557,2024-11-16,Completed,Web,Peshawar,BlueLine,Cash on Delivery,SAVE15
UB-005307,C00180,2025-12-24,Completed,Web,Rawalpindi,SwiftEx,Wallet,
UB-005308,C00083,2024-01-14,Completed,Web,Peshawar,BlueLine,Card,SAVE15
UB-005309,C01193,2024-04-17,Completed,Web,Lahore,BlueLine,Card,
UB-005310,C00989,2024-08-03,Completed,Mobile App,Peshawar,BlueLine,Cash on Delivery,
UB-005311,C00730,2024-08-22,Completed,Marketplace,Peshawar,SwiftEx,Card,
UB-005312,C00469,2024-03-29,Completed,Mobile App,Faisalabad,SwiftEx,Cash on Delivery,
UB-005313,C01505,2024-07-19,Completed,Web,Lahore,Store Pickup,Card,WELCOME10
UB-005314,C01238,2025-11-22,Completed,Marketplace,Lahore,BlueLine,Cash on Delivery,
UB-005315,C00882,2025-09-30,Completed,Web,Rawalpindi,BlueLine,Cash on Delivery,
UB-005316,C00303,2024-01-18,Completed,Mobile App,Karachi,BlueLine,Card,
UB-005317,C00190,2024-06-16,Completed,Web,Rawalpindi,RapidGo,Card,APP5
UB-005318,C00905,2025-02-06,Cancelled,Mobile App,Karachi,SwiftEx,Card,
UB-005319,C00018,2024-08-20,Completed,Mobile App,Lahore,Store Pickup,Cash on Delivery,SAVE15
UB-005320,C00622,2024-05-11,Completed,Mobile App,Rawalpindi,SwiftEx,Wallet,
UB-005321,C01224,2025-01-15,Completed,Mobile App,Karachi,BlueLine,Bank Transfer,APP5
UB-005322,C00683,2024-04-19,Completed,Mobile App,Lahore,BlueLine,Wallet,
UB-005323,C01557,2024-03-15,Completed,Mobile App,Faisalabad,SwiftEx,Cash on Delivery,
UB-005324,C01149,2024-01-15,Completed,Mobile App,Rawalpindi,BlueLine,Card,
UB-005325,C01283,2025-12-27,Completed,Marketplace,Karachi,SwiftEx,Card,WELCOME10
UB-005326,C01500,2024-06-25,Completed,Mobile App,Lahore,RapidGo,Wallet,
UB-005327,C00075,2024-10-09,Completed,Web,Rawalpindi,BlueLine,Cash on Delivery,
UB-005328,C00508,2025-09-23,Completed,Web,Islamabad,BlueLine,Cash on Delivery,FREESHIP
UB-005329,C01595,2025-03-08,Returned,Mobile App,Rawalpindi,RapidGo,Card,
UB-005330,C00551,2024-05-16,Completed,Marketplace,Islamabad,SwiftEx,Cash on Delivery,
UB-005331,C00515,2024-08-09,Returned,Mobile App,Karachi,BlueLine,Wallet,
UB-005332,C01301,2025-09-25,Completed,Web,Karachi,BlueLine,Card,
UB-005333,C00981,2024-02-21,Completed,Mobile App,Rawalpindi,Store Pickup,Card,
UB-005334,C00328,2025-08-04,Completed,Web,Faisalabad,RapidGo,Cash on Delivery,
UB-005335,C01342,2025-04-09,Completed,Web,Islamabad,SwiftEx,Card,WELCOME10
UB-005336,C01043,2025-04-15,Completed,Web,Rawalpindi,RapidGo,Cash on Delivery,
UB-005337,C01403,2025-04-20,Cancelled,Marketplace,Karachi,SwiftEx,Cash on Delivery,
UB-005338,C00055,2024-12-01,Completed,Mobile App,Karachi,RapidGo,Cash on Delivery,
UB-005339,C01001,2025-08-22,Completed,Web,Lahore,RapidGo,Cash on Delivery,
UB-005340,C00974,2025-08-04,Completed,Mobile App,Rawalpindi,SwiftEx,Wallet,
UB-005341,C01580,2024-09-17,Completed,Marketplace,Lahore,SwiftEx,Card,FREESHIP
UB-005342,C01089,2024-03-25,Completed,Web,Islamabad,BlueLine,Cash on Delivery,
UB-005343,C01046,2025-03-26,Completed,Mobile App,Rawalpindi,BlueLine,Cash on Delivery,FREESHIP
UB-005344,C01151,2025-11-04,Completed,Mobile App,Karachi,BlueLine,Bank Transfer,
UB-005345,C01478,2025-07-04,Completed,Mobile App,Islamabad,BlueLine,Card,
UB-005346,C01371,2024-06-04,Completed,Mobile App,Islamabad,Store Pickup,Card,
UB-005347,C00186,2025-06-10,Completed,Web,Lahore,SwiftEx,Card,
UB-005348,C01184,2025-12-02,Completed,Web,Karachi,SwiftEx,Card,
UB-005349,C01589,2025-10-08,Completed,Web,Lahore,RapidGo,Cash on Delivery,APP5
UB-005350,C01191,2025-04-18,Completed,Web,Rawalpindi,SwiftEx,Cash on Delivery,
UB-005351,C00786,2024-03-23,Completed,Mobile App,Karachi,BlueLine,Card,WELCOME10
UB-005352,C00213,2025-08-04,Completed,Web,Rawalpindi,BlueLine,Wallet,APP5
UB-005353,C00602,2025-04-30,Completed,Web,Faisalabad,SwiftEx,Card,
UB-005354,C00840,2025-07-05,Completed,Web,Peshawar,Store Pickup,Cash on Delivery,
UB-005355,C01490,2024-03-14,Completed,Marketplace,Karachi,SwiftEx,Bank Transfer,APP5
UB-005356,C01229,2025-09-23,Completed,Mobile App,Lahore,BlueLine,Bank Transfer,
UB-005357,C00772,2025-01-28,Completed,Web,Rawalpindi,RapidGo,Bank Transfer,APP5
UB-005358,C00639,2025-01-12,Completed,Web,Rawalpindi,SwiftEx,Wallet,
UB-005359,C00176,2024-03-09,Completed,Web,Lahore,RapidGo,Cash on Delivery,
UB-005360,C00387,2025-12-12,Completed,Mobile App,Peshawar,SwiftEx,Cash on Delivery,FREESHIP
UB-005361,C01162,2024-09-19,Completed,Mobile App,Islamabad,RapidGo,Card,
UB-005362,C00500,2024-09-26,Completed,Mobile App,Rawalpindi,SwiftEx,Cash on Delivery,
UB-005363,C00182,2025-03-13,Completed,Mobile App,Islamabad,RapidGo,Cash on Delivery,
UB-005364,C01559,2024-12-12,Completed,Mobile App,Islamabad,BlueLine,Cash on Delivery,
UB-005365,C01424,2024-11-17,Completed,Web,Karachi,RapidGo,Card,
UB-005366,C00098,2024-03-23,Completed,Web,Rawalpindi,Store Pickup,Cash on Delivery,
UB-005367,C01585,2024-02-11,Completed,Mobile App,Rawalpindi,Store Pickup,Wallet,
UB-005368,C00522,2024-01-02,Completed,Mobile App,Rawalpindi,RapidGo,Cash on Delivery,APP5
UB-005369,C01051,2024-11-20,Completed,Mobile App,Peshawar,SwiftEx,Bank Transfer,
UB-005370,C01064,2024-10-02,Completed,Web,Rawalpindi,SwiftEx,Card,
UB-005371,C01558,2025-07-24,Completed,Web,Islamabad,RapidGo,Card,
UB-005372,C01553,2025-07-20,Completed,Mobile App,Faisalabad,SwiftEx,Wallet,
UB-005373,C01480,2024-02-27,Completed,Web,Faisalabad,RapidGo,Bank Transfer,
UB-005374,C00486,2025-01-26,Completed,Mobile App,Karachi,Store Pickup,Wallet,
UB-005375,C00698,2025-05-15,Completed,Marketplace,Peshawar,SwiftEx,Card,FREESHIP
UB-005376,C00088,2025-02-27,Completed,Web,Islamabad,BlueLine,Cash on Delivery,
UB-005377,C00212,2024-09-14,Completed,Web,Karachi,BlueLine,Cash on Delivery,FREESHIP
UB-005378,C00501,2025-08-20,Completed,Mobile App,Lahore,SwiftEx,Card,
UB-005379,C01559,2024-02-22,Returned,Mobile App,Islamabad,SwiftEx,Cash on Delivery,APP5
UB-005380,C01501,2024-05-05,Cancelled,Mobile App,Karachi,SwiftEx,Wallet,WELCOME10
UB-005381,C00276,2025-01-05,Completed,Web,Islamabad,SwiftEx,Cash on Delivery,
UB-005382,C00175,2024-07-28,Completed,Mobile App,Islamabad,Store Pickup,Card,
UB-005383,C01591,2024-02-29,Completed,Web,Peshawar,SwiftEx,Wallet,
UB-005384,C00005,2025-12-19,Completed,Web,Islamabad,BlueLine,Card,
UB-005385,C00795,2025-07-29,Completed,Web,Rawalpindi,Store Pickup,Cash on Delivery,
UB-005386,C00078,2025-05-19,Completed,Web,Islamabad,BlueLine,Wallet,
UB-005387,C00720,2024-06-12,Completed,Web,Karachi,Store Pickup,Bank Transfer,
UB-005388,C00439,2025-03-02,Completed,Web,Rawalpindi,BlueLine,Cash on Delivery,APP5
UB-005389,C00927,2025-01-08,Completed,Web,Lahore,RapidGo,Wallet,
UB-005390,C00468,2024-12-25,Completed,Web,Lahore,SwiftEx,Card,
UB-005391,C01037,2024-07-12,Completed,Web,Islamabad,RapidGo,Cash on Delivery,FREESHIP
UB-005392,C00311,2024-10-18,Completed,Web,Lahore,SwiftEx,Card,WELCOME10
UB-005393,C00184,2025-05-17,Returned,Web,Rawalpindi,SwiftEx,Card,APP5
UB-005394,C01580,2024-05-02,Completed,Mobile App,Lahore,BlueLine,Cash on Delivery,SAVE15
UB-005395,C00023,2024-04-08,Completed,Mobile App,Rawalpindi,BlueLine,Cash on Delivery,
UB-005396,C00091,2025-05-09,Completed,Mobile App,Lahore,SwiftEx,Bank Transfer,APP5
UB-005397,C00571,2025-11-23,Completed,Mobile App,Islamabad,SwiftEx,Cash on Delivery,
UB-005398,C00597,2025-09-25,Completed,Web,Peshawar,SwiftEx,Cash on Delivery,
UB-005399,C01219,2024-04-21,Completed,Mobile App,Lahore,BlueLine,Card,
UB-005400,C01600,2024-10-15,Completed,Web,Rawalpindi,BlueLine,Wallet,
UB-005401,C01039,2025-04-09,Completed,Mobile App,Peshawar,Store Pickup,Cash on Delivery,
UB-005402,C00045,2024-07-02,Completed,Mobile App,Rawalpindi,BlueLine,Wallet,
UB-005403,C01368,2024-09-09,Completed,Web,Islamabad,Store Pickup,Wallet,
UB-005404,C01343,2024-06-09,Completed,Web,Islamabad,RapidGo,Bank Transfer,
UB-005405,C01391,2025-02-18,Completed,Web,Lahore,SwiftEx,Cash on Delivery,
UB-005406,C01144,2024-03-05,Completed,Web,Faisalabad,Store Pickup,Wallet,
UB-005407,C00766,2025-09-03,Completed,Mobile App,Lahore,RapidGo,Cash on Delivery,WELCOME10
UB-005408,C01209,2025-01-15,Completed,Web,Karachi,Store Pickup,Wallet,
UB-005409,C00588,2024-04-28,Completed,Web,Karachi,SwiftEx,Card,APP5
UB-005410,C00298,2024-09-09,Completed,Mobile App,Peshawar,SwiftEx,Wallet,SAVE15
UB-005411,C01494,2024-01-22,Completed,Web,Lahore,SwiftEx,Wallet,
UB-005412,C01240,2025-01-18,Returned,Web,Lahore,BlueLine,Card,WELCOME10
UB-005413,C00290,2025-12-01,Completed,Marketplace,Karachi,BlueLine,Bank Transfer,APP5
UB-005414,C00697,2025-05-28,Completed,Mobile App,Islamabad,Store Pickup,Cash on Delivery,APP5
UB-005415,C00367,2024-01-04,Completed,Web,Rawalpindi,RapidGo,Wallet,SAVE15
UB-005416,C00996,2024-01-08,Completed,Mobile App,Islamabad,SwiftEx,Cash on Delivery,
UB-005417,C01351,2025-06-04,Completed,Marketplace,Islamabad,SwiftEx,Cash on Delivery,
UB-005418,C00676,2025-08-07,Completed,Marketplace,Lahore,SwiftEx,Cash on Delivery,
UB-005419,C00922,2025-02-22,Completed,Web,Islamabad,BlueLine,Cash on Delivery,
UB-005420,C00042,2025-02-27,Completed,Mobile App,Lahore,RapidGo,Cash on Delivery,
UB-005421,C00325,2025-06-28,Completed,Web,Rawalpindi,Store Pickup,Card,WELCOME10
UB-005422,C00134,2025-01-03,Completed,Mobile App,Islamabad,SwiftEx,Wallet,
UB-005423,C00849,2024-04-09,Completed,Mobile App,Lahore,RapidGo,Card,
UB-005424,C01215,2025-11-13,Completed,Web,Peshawar,SwiftEx,Bank Transfer,SAVE15
UB-005425,C00133,2025-08-30,Completed,Web,Rawalpindi,Store Pickup,Card,
UB-005426,C00256,2025-04-09,Completed,Marketplace,Islamabad,BlueLine,Card,WELCOME10
UB-005427,C00482,2025-08-09,Returned,Web,Islamabad,SwiftEx,Cash on Delivery,FREESHIP
UB-005428,C00888,2025-11-08,Completed,Mobile App,Lahore,SwiftEx,Cash on Delivery,
UB-005429,C00284,2024-11-05,Completed,Marketplace,Faisalabad,Store Pickup,Cash on Delivery,
UB-005430,C00583,2024-05-04,Completed,Web,Karachi,SwiftEx,Card,
UB-005431,C00636,2024-04-27,Completed,Mobile App,Karachi,SwiftEx,Cash on Delivery,
UB-005432,C00403,2025-11-28,Completed,Web,Islamabad,SwiftEx,Wallet,
UB-005433,C00857,2024-04-01,Completed,Mobile App,Rawalpindi,SwiftEx,Card,APP5
UB-005434,C00581,2025-04-12,Completed,Mobile App,Faisalabad,BlueLine,Wallet,
UB-005435,C00803,2024-01-24,Completed,Web,Islamabad,BlueLine,Cash on Delivery,
UB-005436,C00560,2025-10-04,Cancelled,Marketplace,Islamabad,RapidGo,Cash on Delivery,APP5
UB-005437,C00934,2024-05-19,Completed,Mobile App,Lahore,BlueLine,Wallet,
UB-005438,C01339,2024-05-09,Completed,Mobile App,Rawalpindi,BlueLine,Cash on Delivery,
UB-005439,C00672,2025-11-02,Completed,Web,Karachi,SwiftEx,Cash on Delivery,
UB-005440,C00561,2024-10-30,Cancelled,Web,Peshawar,BlueLine,Cash on Delivery,
UB-005441,C00726,2025-05-15,Completed,Marketplace,Karachi,BlueLine,Wallet,
UB-005442,C00685,2024-04-05,Completed,Mobile App,Karachi,RapidGo,Card,
UB-005443,C00933,2024-12-11,Completed,Mobile App,Karachi,BlueLine,Wallet,WELCOME10
UB-005444,C00286,2025-07-13,Completed,Mobile App,Karachi,RapidGo,Cash on Delivery,
UB-005445,C00991,2024-09-19,Completed,Mobile App,Lahore,Store Pickup,Cash on Delivery,
UB-005446,C01552,2024-12-18,Completed,Mobile App,Rawalpindi,Store Pickup,Wallet,
UB-005447,C00880,2024-02-19,Completed,Mobile App,Lahore,Store Pickup,Card,SAVE15
UB-005448,C00790,2024-08-14,Returned,Mobile App,Karachi,SwiftEx,Bank Transfer,SAVE15
UB-005449,C01562,2025-06-01,Completed,Mobile App,Lahore,SwiftEx,Cash on Delivery,FREESHIP
UB-005450,C01404,2025-03-15,Completed,Mobile App,Lahore,Store Pickup,Wallet,APP5
UB-005451,C00918,2024-11-14,Completed,Mobile App,Lahore,SwiftEx,Cash on Delivery,
UB-005452,C00841,2025-02-20,Completed,Mobile App,Karachi,BlueLine,Cash on Delivery,
UB-005453,C00754,2024-11-01,Completed,Web,Peshawar,Store Pickup,Wallet,
UB-005454,C00542,2025-10-26,Completed,Marketplace,Karachi,Store Pickup,Card,
UB-005455,C00938,2024-08-16,Completed,Web,Islamabad,SwiftEx,Wallet,
UB-005456,C00599,2025-01-13,Completed,Mobile App,Islamabad,SwiftEx,Bank Transfer,SAVE15
UB-005457,C01187,2025-06-28,Completed,Web,Karachi,RapidGo,Wallet,
UB-005458,C01198,2024-04-11,Completed,Web,Karachi,RapidGo,Card,
UB-005459,C00876,2024-08-01,Completed,Marketplace,Rawalpindi,BlueLine,Bank Transfer,
UB-005460,C00933,2025-03-12,Completed,Marketplace,Karachi,RapidGo,Card,WELCOME10
UB-005461,C00899,2024-08-10,Completed,Marketplace,Lahore,BlueLine,Card,
UB-005462,C00281,2025-11-29,Completed,Mobile App,Islamabad,RapidGo,Cash on Delivery,FREESHIP
UB-005463,C01129,2024-09-21,Completed,Mobile App,Karachi,SwiftEx,Cash on Delivery,
UB-005464,C01379,2025-09-13,Completed,Web,Lahore,BlueLine,Bank Transfer,
UB-005465,C00936,2024-03-15,Completed,Mobile App,Faisalabad,BlueLine,Cash on Delivery,FREESHIP
UB-005466,C00588,2025-01-25,Completed,Web,Karachi,SwiftEx,Card,
UB-005467,C01053,2025-11-01,Completed,Mobile App,Lahore,RapidGo,Wallet,
UB-005468,C01545,2024-12-20,Completed,Mobile App,Islamabad,BlueLine,Wallet,FREESHIP
UB-005469,C00946,2025-06-21,Completed,Web,Lahore,BlueLine,Cash on Delivery,
UB-005470,C00460,2025-09-02,Completed,Web,Karachi,SwiftEx,Bank Transfer,
UB-005471,C00239,2025-08-26,Completed,Web,Lahore,Store Pickup,Wallet,
UB-005472,C00081,2024-05-25,Cancelled,Mobile App,Karachi,RapidGo,Cash on Delivery,
UB-005473,C00392,2024-03-16,Completed,Web,Rawalpindi,SwiftEx,Card,
UB-005474,C01008,2024-12-07,Completed,Mobile App,Islamabad,Store Pickup,Cash on Delivery,
UB-005475,C00742,2025-03-04,Completed,Web,Karachi,Store Pickup,Card,
UB-005476,C00526,2024-09-23,Completed,Mobile App,Lahore,SwiftEx,Cash on Delivery,WELCOME10
UB-005477,C00424,2024-01-11,Completed,Mobile App,Peshawar,SwiftEx,Cash on Delivery,SAVE15
UB-005478,C01246,2024-09-09,Completed,Web,Karachi,BlueLine,Cash on Delivery,FREESHIP
UB-005479,C01287,2024-02-20,Completed,Marketplace,Karachi,RapidGo,Wallet,APP5
UB-005480,C01121,2025-10-16,Completed,Web,Lahore,Store Pickup,Cash on Delivery,
UB-005481,C00057,2024-03-05,Completed,Mobile App,Islamabad,RapidGo,Cash on Delivery,
UB-005482,C01532,2025-01-06,Completed,Web,Rawalpindi,RapidGo,Card,
UB-005483,C01516,2024-12-08,Returned,Web,Faisalabad,Store Pickup,Bank Transfer,SAVE15
UB-005484,C01548,2024-11-19,Returned,Mobile App,Rawalpindi,SwiftEx,Bank Transfer,
UB-005485,C01542,2025-08-30,Completed,Web,Islamabad,BlueLine,Cash on Delivery,
UB-005486,C00075,2025-10-21,Completed,Web,Rawalpindi,BlueLine,Card,
UB-005487,C01141,2025-05-05,Cancelled,Mobile App,Islamabad,SwiftEx,Wallet,
UB-005488,C01011,2024-01-25,Completed,Mobile App,Islamabad,RapidGo,Bank Transfer,WELCOME10
UB-005489,C00951,2024-09-23,Completed,Mobile App,Karachi,SwiftEx,Wallet,APP5
UB-005490,C01583,2024-10-07,Completed,Mobile App,Karachi,BlueLine,Card,
UB-005491,C00495,2025-02-14,Completed,Web,Karachi,SwiftEx,Card,FREESHIP
UB-005492,C00112,2025-10-13,Completed,Mobile App,Islamabad,BlueLine,Bank Transfer,
UB-005493,C00428,2025-10-26,Completed,Mobile App,Rawalpindi,BlueLine,Wallet,
UB-005494,C01282,2025-07-24,Completed,Mobile App,Karachi,RapidGo,Cash on Delivery,
UB-005495,C00820,2024-05-23,Completed,Web,Islamabad,SwiftEx,Card,
UB-005496,C01332,2025-01-11,Completed,Mobile App,Islamabad,SwiftEx,Card,
UB-005497,C00827,2024-08-27,Completed,Web,Faisalabad,SwiftEx,Card,
UB-005498,C00130,2025-07-01,Completed,Web,Rawalpindi,BlueLine,Cash on Delivery,SAVE15
UB-005499,C01465,2025-10-09,Completed,Marketplace,Lahore,SwiftEx,Cash on Delivery,WELCOME10
UB-005500,C01204,2025-11-10,Completed,Mobile App,Faisalabad,SwiftEx,Wallet,
UB-005501,C00815,2024-08-30,Returned,Web,Faisalabad,SwiftEx,Cash on Delivery,
UB-005502,C01272,2025-11-26,Returned,Marketplace,Islamabad,RapidGo,Card,
UB-005503,C00721,2024-08-14,Completed,Mobile App,Rawalpindi,RapidGo,Card,FREESHIP
UB-005504,C00117,2025-08-26,Completed,Web,Rawalpindi,Store Pickup,Wallet,
UB-005505,C01535,2024-06-23,Completed,Marketplace,Karachi,SwiftEx,Wallet,WELCOME10
UB-005506,C00167,2024-07-31,Completed,Mobile App,Islamabad,RapidGo,Cash on Delivery,
UB-005507,C00195,2025-01-20,Completed,Mobile App,Rawalpindi,RapidGo,Cash on Delivery,APP5
UB-005508,C00249,2025-01-28,Completed,Marketplace,Lahore,Store Pickup,Wallet,
UB-005509,C01532,2025-06-09,Completed,Mobile App,Rawalpindi,SwiftEx,Cash on Delivery,
UB-005510,C00172,2025-12-26,Completed,Mobile App,Peshawar,SwiftEx,Cash on Delivery,
UB-005511,C00739,2024-03-14,Completed,Web,Karachi,RapidGo,Card,APP5
UB-005512,C01404,2024-01-25,Completed,Mobile App,Lahore,Store Pickup,Cash on Delivery,FREESHIP
UB-005513,C00438,2024-02-01,Completed,Marketplace,Islamabad,SwiftEx,Cash on Delivery,APP5
UB-005514,C00950,2025-12-05,Completed,Marketplace,Karachi,Store Pickup,Card,WELCOME10
UB-005515,C00530,2025-09-06,Completed,Web,Islamabad,BlueLine,Card,WELCOME10
UB-005516,C00470,2024-12-20,Completed,Web,Faisalabad,BlueLine,Wallet,WELCOME10
UB-005517,C00673,2025-07-09,Completed,Marketplace,Lahore,SwiftEx,Cash on Delivery,
UB-005518,C01437,2025-12-24,Completed,Marketplace,Rawalpindi,SwiftEx,Bank Transfer,
UB-005519,C00780,2024-04-19,Completed,Web,Karachi,RapidGo,Wallet,
UB-005520,C00831,2024-08-26,Completed,Web,Karachi,SwiftEx,Cash on Delivery,
UB-005521,C00592,2025-11-14,Completed,Web,Faisalabad,SwiftEx,Cash on Delivery,
UB-005522,C01044,2025-09-22,Returned,Mobile App,Islamabad,SwiftEx,Wallet,
UB-005523,C00709,2024-07-22,Completed,Web,Rawalpindi,SwiftEx,Card,
UB-005524,C00123,2025-09-04,Completed,Mobile App,Karachi,Store Pickup,Cash on Delivery,
UB-005525,C00984,2024-08-05,Completed,Mobile App,Karachi,RapidGo,Card,
UB-005526,C01349,2024-09-28,Completed,Web,Islamabad,BlueLine,Cash on Delivery,WELCOME10
UB-005527,C01347,2025-05-21,Completed,Mobile App,Lahore,RapidGo,Cash on Delivery,APP5
UB-005528,C00157,2024-02-06,Completed,Mobile App,Islamabad,BlueLine,Cash on Delivery,
UB-005529,C00458,2025-10-29,Completed,Web,Karachi,BlueLine,Cash on Delivery,SAVE15
UB-005530,C00537,2025-01-24,Completed,Web,Faisalabad,SwiftEx,Cash on Delivery,
UB-005531,C01407,2025-03-06,Returned,Mobile App,Lahore,BlueLine,Bank Transfer,
UB-005532,C00294,2024-05-11,Returned,Web,Islamabad,SwiftEx,Card,
UB-005533,C00215,2025-06-10,Completed,Web,Rawalpindi,BlueLine,Cash on Delivery,SAVE15
UB-005534,C01576,2024-11-23,Completed,Marketplace,Islamabad,RapidGo,Cash on Delivery,
UB-005535,C00690,2025-01-21,Completed,Marketplace,Karachi,Store Pickup,Cash on Delivery,
UB-005536,C00596,2024-06-05,Completed,Mobile App,Rawalpindi,SwiftEx,Card,FREESHIP
UB-005537,C01480,2024-12-09,Completed,Mobile App,Faisalabad,RapidGo,Cash on Delivery,APP5
UB-005538,C01328,2025-09-19,Completed,Web,Islamabad,RapidGo,Card,
UB-005539,C01235,2025-10-30,Completed,Mobile App,Karachi,BlueLine,Card,SAVE15
UB-005540,C00821,2025-05-18,Completed,Web,Faisalabad,SwiftEx,Card,
UB-005541,C01367,2024-06-18,Completed,Mobile App,Karachi,RapidGo,Card,SAVE15
UB-005542,C00275,2025-07-12,Completed,Web,Islamabad,BlueLine,Cash on Delivery,
UB-005543,C01048,2025-11-28,Completed,Marketplace,Rawalpindi,SwiftEx,Card,
UB-005544,C01377,2024-03-29,Completed,Mobile App,Rawalpindi,RapidGo,Wallet,
UB-005545,C01144,2024-10-11,Completed,Mobile App,Faisalabad,Store Pickup,Cash on Delivery,SAVE15
UB-005546,C00969,2024-05-07,Cancelled,Mobile App,Islamabad,SwiftEx,Cash on Delivery,
UB-005547,C00690,2025-09-05,Completed,Mobile App,Karachi,RapidGo,Bank Transfer,
UB-005548,C01452,2025-07-26,Completed,Mobile App,Islamabad,BlueLine,Card,FREESHIP
UB-005549,C00770,2025-09-06,Completed,Web,Rawalpindi,RapidGo,Cash on Delivery,
UB-005550,C00482,2025-03-18,Returned,Web,Islamabad,RapidGo,Wallet,SAVE15
UB-005551,C00591,2025-03-22,Completed,Mobile App,Islamabad,BlueLine,Wallet,WELCOME10
UB-005552,C01087,2024-04-03,Completed,Web,Lahore,BlueLine,Wallet,APP5
UB-005553,C01418,2024-02-14,Cancelled,Mobile App,Islamabad,RapidGo,Card,
UB-005554,C01485,2024-06-04,Completed,Mobile App,Lahore,SwiftEx,Cash on Delivery,
UB-005555,C01427,2025-10-04,Completed,Web,Lahore,RapidGo,Card,
UB-005556,C01009,2025-02-01,Completed,Mobile App,Rawalpindi,SwiftEx,Card,
UB-005557,C00998,2025-03-06,Completed,Mobile App,Faisalabad,SwiftEx,Bank Transfer,
UB-005558,C01410,2024-01-20,Completed,Web,Faisalabad,RapidGo,Wallet,
UB-005559,C01143,2024-01-13,Completed,Mobile App,Lahore,RapidGo,Wallet,
UB-005560,C00227,2024-09-24,Completed,Web,Rawalpindi,RapidGo,Cash on Delivery,
UB-005561,C00274,2024-03-30,Completed,Mobile App,Islamabad,BlueLine,Card,FREESHIP
UB-005562,C00970,2024-09-13,Completed,Web,Islamabad,SwiftEx,Card,
UB-005563,C00883,2025-10-28,Completed,Mobile App,Rawalpindi,SwiftEx,Bank Transfer,APP5
UB-005564,C00574,2024-05-18,Completed,Web,Karachi,SwiftEx,Card,
UB-005565,C00525,2025-12-19,Completed,Marketplace,Rawalpindi,BlueLine,Cash on Delivery,APP5
UB-005566,C00057,2025-03-18,Completed,Web,Islamabad,SwiftEx,Wallet,
UB-005567,C01191,2024-04-13,Completed,Mobile App,Rawalpindi,SwiftEx,Cash on Delivery,
UB-005568,C01474,2025-04-18,Cancelled,Mobile App,Lahore,BlueLine,Cash on Delivery,
UB-005569,C01300,2025-09-04,Completed,Web,Islamabad,RapidGo,Card,WELCOME10
UB-005570,C00471,2025-05-24,Completed,Web,Rawalpindi,RapidGo,Card,
UB-005571,C00567,2024-06-05,Cancelled,Marketplace,Lahore,SwiftEx,Cash on Delivery,
UB-005572,C01421,2024-09-28,Completed,Mobile App,Karachi,BlueLine,Cash on Delivery,SAVE15
UB-005573,C01165,2025-11-04,Completed,Mobile App,Rawalpindi,RapidGo,Bank Transfer,
UB-005574,C00142,2025-04-28,Completed,Marketplace,Faisalabad,SwiftEx,Wallet,
UB-005575,C01194,2024-08-16,Returned,Mobile App,Karachi,BlueLine,Card,FREESHIP
UB-005576,C00307,2025-01-23,Completed,Mobile App,Islamabad,SwiftEx,Bank Transfer,
UB-005577,C00658,2025-08-15,Completed,Web,Faisalabad,SwiftEx,Cash on Delivery,
UB-005578,C00015,2024-12-16,Completed,Marketplace,Karachi,RapidGo,Cash on Delivery,SAVE15
UB-005579,C00209,2024-05-15,Completed,Mobile App,Faisalabad,RapidGo,Cash on Delivery,
UB-005580,C00006,2024-06-28,Completed,Web,Faisalabad,SwiftEx,Cash on Delivery,
UB-005581,C01214,2025-10-24,Completed,Web,Peshawar,BlueLine,Card,
UB-005582,C00316,2025-06-12,Returned,Web,Lahore,RapidGo,Cash on Delivery,
UB-005583,C00463,2025-03-25,Completed,Mobile App,Islamabad,BlueLine,Card,
UB-005584,C01158,2024-03-20,Completed,Mobile App,Lahore,BlueLine,Wallet,WELCOME10
UB-005585,C01261,2024-08-01,Completed,Mobile App,Lahore,RapidGo,Cash on Delivery,
UB-005586,C00449,2025-03-05,Completed,Web,Islamabad,SwiftEx,Wallet,
UB-005587,C01282,2025-03-07,Completed,Marketplace,Karachi,SwiftEx,Cash on Delivery,WELCOME10
UB-005588,C01197,2024-03-18,Completed,Mobile App,Lahore,RapidGo,Cash on Delivery,
UB-005589,C00765,2025-12-23,Completed,Mobile App,Karachi,BlueLine,Wallet,
UB-005590,C01316,2024-01-17,Completed,Mobile App,Karachi,SwiftEx,Cash on Delivery,APP5
UB-005591,C00132,2024-09-28,Completed,Web,Islamabad,SwiftEx,Cash on Delivery,
UB-005592,C01082,2025-11-03,Completed,Web,Faisalabad,SwiftEx,Bank Transfer,
UB-005593,C01284,2025-09-17,Completed,Mobile App,Lahore,SwiftEx,Wallet,
UB-005594,C01106,2024-03-04,Completed,Web,Rawalpindi,BlueLine,Bank Transfer,
UB-005595,C00206,2025-03-22,Completed,Web,Faisalabad,SwiftEx,Cash on Delivery,
UB-005596,C01298,2025-01-02,Completed,Web,Rawalpindi,RapidGo,Cash on Delivery,
UB-005597,C01555,2024-01-12,Completed,Web,Lahore,BlueLine,Cash on Delivery,
UB-005598,C01383,2024-12-01,Cancelled,Mobile App,Lahore,SwiftEx,Bank Transfer,WELCOME10
UB-005599,C00425,2025-03-01,Completed,Web,Faisalabad,SwiftEx,Wallet,
UB-005600,C00466,2024-08-30,Completed,Mobile App,Lahore,SwiftEx,Cash on Delivery,
UB-005601,C01379,2025-06-22,Returned,Marketplace,Lahore,RapidGo,Bank Transfer,SAVE15
UB-005602,C00417,2024-06-19,Completed,Mobile App,Lahore,RapidGo,Card,
UB-005603,C00073,2025-02-27,Completed,Web,Islamabad,BlueLine,Card,FREESHIP
UB-005604,C01122,2024-09-23,Completed,Mobile App,Rawalpindi,SwiftEx,Cash on Delivery,
UB-005605,C00967,2025-09-29,Returned,Marketplace,Islamabad,BlueLine,Card,
UB-005606,C01271,2024-07-14,Completed,Web,Rawalpindi,RapidGo,Card,
UB-005607,C01429,2024-09-25,Completed,Web,Rawalpindi,Store Pickup,Card,
UB-005608,C01314,2025-09-19,Completed,Web,Peshawar,RapidGo,Card,
UB-005609,C01418,2025-05-29,Completed,Mobile App,Islamabad,RapidGo,Wallet,
UB-005610,C01232,2024-03-09,Completed,Marketplace,Lahore,SwiftEx,Card,
UB-005611,C01100,2025-11-14,Completed,Web,Islamabad,BlueLine,Cash on Delivery,
UB-005612,C00092,2024-03-31,Cancelled,Web,Islamabad,SwiftEx,Card,WELCOME10
UB-005613,C01030,2024-06-10,Completed,Marketplace,Karachi,BlueLine,Bank Transfer,
UB-005614,C01566,2024-12-19,Completed,Marketplace,Karachi,BlueLine,Card,
UB-005615,C01424,2024-04-06,Returned,Mobile App,Karachi,SwiftEx,Wallet,
UB-005616,C01416,2024-02-12,Completed,Mobile App,Rawalpindi,SwiftEx,Wallet,SAVE15
UB-005617,C00008,2025-02-19,Completed,Marketplace,Faisalabad,SwiftEx,Wallet,SAVE15
UB-005618,C01277,2024-01-30,Completed,Marketplace,Faisalabad,BlueLine,Cash on Delivery,APP5
UB-005619,C00070,2025-09-12,Completed,Mobile App,Islamabad,SwiftEx,Card,
UB-005620,C00115,2025-06-14,Completed,Mobile App,Faisalabad,RapidGo,Card,APP5
UB-005621,C00029,2024-06-04,Completed,Web,Karachi,SwiftEx,Wallet,SAVE15
UB-005622,C01520,2025-05-23,Completed,Mobile App,Faisalabad,RapidGo,Card,
UB-005623,C01503,2025-11-13,Completed,Web,Rawalpindi,SwiftEx,Card,
UB-005624,C00760,2025-02-26,Completed,Mobile App,Rawalpindi,SwiftEx,Bank Transfer,
UB-005625,C01395,2025-05-23,Completed,Web,Karachi,BlueLine,Card,
UB-005626,C01552,2024-05-22,Completed,Mobile App,Rawalpindi,BlueLine,Wallet,
UB-005627,C00186,2025-05-26,Completed,Web,Lahore,SwiftEx,Cash on Delivery,WELCOME10
UB-005628,C00264,2025-05-06,Completed,Mobile App,Peshawar,BlueLine,Wallet,WELCOME10
UB-005629,C00603,2025-10-06,Completed,Web,Peshawar,SwiftEx,Bank Transfer,
UB-005630,C00469,2025-07-06,Completed,Mobile App,Faisalabad,BlueLine,Card,
UB-005631,C00690,2025-12-03,Completed,Mobile App,Karachi,SwiftEx,Cash on Delivery,
UB-005632,C00808,2025-07-10,Completed,Mobile App,Rawalpindi,SwiftEx,Cash on Delivery,
UB-005633,C01027,2024-05-18,Completed,Mobile App,Karachi,SwiftEx,Wallet,
UB-005634,C00227,2025-02-27,Completed,Marketplace,Rawalpindi,RapidGo,Cash on Delivery,WELCOME10
UB-005635,C00754,2025-10-05,Completed,Mobile App,Peshawar,RapidGo,Cash on Delivery,APP5
UB-005636,C00540,2024-11-08,Completed,Web,Karachi,SwiftEx,Card,WELCOME10
UB-005637,C01284,2025-03-16,Completed,Web,Lahore,BlueLine,Card,
UB-005638,C00011,2024-08-18,Completed,Mobile App,Lahore,SwiftEx,Cash on Delivery,
UB-005639,C01585,2025-11-29,Completed,Mobile App,Rawalpindi,BlueLine,Cash on Delivery,APP5
UB-005640,C00650,2025-01-24,Completed,Mobile App,Islamabad,SwiftEx,Bank Transfer,SAVE15
UB-005641,C00413,2024-02-24,Completed,Web,Islamabad,SwiftEx,Cash on Delivery,
UB-005642,C00826,2025-09-05,Completed,Web,Rawalpindi,Store Pickup,Cash on Delivery,WELCOME10
UB-005643,C00581,2025-09-07,Completed,Mobile App,Faisalabad,SwiftEx,Cash on Delivery,
UB-005644,C00399,2024-11-25,Completed,Mobile App,Karachi,RapidGo,Cash on Delivery,
UB-005645,C00425,2024-06-25,Completed,Web,Faisalabad,SwiftEx,Bank Transfer,WELCOME10
UB-005646,C00423,2024-03-05,Completed,Mobile App,Karachi,Store Pickup,Card,
UB-005647,C01209,2024-04-29,Completed,Web,Karachi,RapidGo,Cash on Delivery,
UB-005648,C00380,2024-10-10,Completed,Mobile App,Islamabad,BlueLine,Cash on Delivery,WELCOME10
UB-005649,C00591,2025-11-28,Cancelled,Mobile App,Islamabad,SwiftEx,Cash on Delivery,
UB-005650,C00774,2025-04-28,Completed,Web,Lahore,SwiftEx,Card,
UB-005651,C01434,2024-01-01,Completed,Mobile App,Islamabad,RapidGo,Cash on Delivery,
UB-005652,C01283,2024-06-18,Cancelled,Mobile App,Karachi,BlueLine,Wallet,APP5
UB-005653,C00713,2025-02-17,Completed,Web,Islamabad,RapidGo,Wallet,
UB-005654,C01425,2024-07-14,Completed,Web,Rawalpindi,BlueLine,Cash on Delivery,
UB-005655,C00552,2025-08-01,Completed,Mobile App,Rawalpindi,Store Pickup,Wallet,
UB-005656,C00720,2025-06-04,Completed,Mobile App,Karachi,SwiftEx,Wallet,
UB-005657,C01100,2024-08-03,Completed,Web,Islamabad,SwiftEx,Bank Transfer,
UB-005658,C00432,2025-06-25,Completed,Web,Rawalpindi,SwiftEx,Card,
UB-005659,C01484,2024-07-14,Completed,Mobile App,Islamabad,RapidGo,Card,
UB-005660,C00143,2025-07-18,Completed,Web,Faisalabad,RapidGo,Bank Transfer,FREESHIP
UB-005661,C00198,2024-09-24,Completed,Web,Rawalpindi,Store Pickup,Cash on Delivery,APP5
UB-005662,C01326,2025-01-28,Completed,Mobile App,Rawalpindi,SwiftEx,Card,
UB-005663,C01153,2025-02-10,Returned,Mobile App,Lahore,RapidGo,Cash on Delivery,
UB-005664,C00407,2024-04-02,Completed,Web,Rawalpindi,SwiftEx,Cash on Delivery,
UB-005665,C01404,2025-05-17,Completed,Marketplace,Lahore,SwiftEx,Cash on Delivery,
UB-005666,C00028,2025-06-06,Completed,Web,Karachi,SwiftEx,Cash on Delivery,APP5
UB-005667,C00280,2024-04-21,Returned,Marketplace,Islamabad,SwiftEx,Card,
UB-005668,C01468,2025-01-30,Completed,Mobile App,Rawalpindi,RapidGo,Cash on Delivery,APP5
UB-005669,C01052,2024-10-08,Completed,Mobile App,Islamabad,SwiftEx,Card,
UB-005670,C00318,2024-08-30,Completed,Mobile App,Peshawar,BlueLine,Card,
UB-005671,C00882,2024-10-28,Completed,Web,Rawalpindi,BlueLine,Card,
UB-005672,C00499,2025-04-24,Completed,Web,Rawalpindi,RapidGo,Cash on Delivery,
UB-005673,C00209,2025-08-16,Completed,Web,Faisalabad,BlueLine,Card,
UB-005674,C00173,2025-02-28,Returned,Marketplace,Faisalabad,RapidGo,Cash on Delivery,
UB-005675,C00537,2025-11-04,Completed,Web,Faisalabad,BlueLine,Card,
UB-005676,C00084,2025-02-06,Completed,Mobile App,Lahore,SwiftEx,Wallet,APP5
UB-005677,C01528,2025-08-16,Completed,Mobile App,Karachi,RapidGo,Cash on Delivery,FREESHIP
UB-005678,C00595,2025-11-17,Completed,Marketplace,Lahore,RapidGo,Cash on Delivery,
UB-005679,C00758,2024-12-02,Completed,Mobile App,Islamabad,SwiftEx,Cash on Delivery,FREESHIP
UB-005680,C01177,2025-09-15,Completed,Web,Lahore,Store Pickup,Card,
UB-005681,C01497,2025-08-22,Returned,Web,Rawalpindi,RapidGo,Cash on Delivery,WELCOME10
UB-005682,C00001,2025-12-18,Completed,Web,Rawalpindi,BlueLine,Cash on Delivery,WELCOME10
UB-005683,C01460,2024-08-19,Completed,Mobile App,Karachi,SwiftEx,Cash on Delivery,
UB-005684,C00462,2025-05-04,Completed,Mobile App,Rawalpindi,RapidGo,Cash on Delivery,WELCOME10
UB-005685,C01170,2025-09-09,Completed,Mobile App,Islamabad,RapidGo,Cash on Delivery,
UB-005686,C01094,2024-12-28,Cancelled,Web,Lahore,Store Pickup,Card,WELCOME10
UB-005687,C00410,2024-11-28,Completed,Mobile App,Islamabad,BlueLine,Cash on Delivery,
UB-005688,C00821,2024-09-24,Completed,Mobile App,Faisalabad,BlueLine,Cash on Delivery,SAVE15
UB-005689,C00876,2024-12-27,Completed,Web,Rawalpindi,BlueLine,Wallet,FREESHIP
UB-005690,C00722,2025-05-29,Completed,Mobile App,Rawalpindi,BlueLine,Cash on Delivery,
UB-005691,C01420,2024-04-22,Completed,Mobile App,Lahore,BlueLine,Card,
UB-005692,C00970,2025-04-07,Completed,Web,Islamabad,BlueLine,Wallet,
UB-005693,C01529,2024-06-06,Completed,Mobile App,Karachi,BlueLine,Cash on Delivery,
UB-005694,C00332,2024-10-23,Completed,Marketplace,Rawalpindi,RapidGo,Card,APP5
UB-005695,C00814,2025-03-27,Completed,Marketplace,Karachi,SwiftEx,Cash on Delivery,SAVE15
UB-005696,C00658,2024-09-11,Completed,Mobile App,Faisalabad,BlueLine,Cash on Delivery,
UB-005697,C00814,2025-03-04,Completed,Web,Karachi,RapidGo,Cash on Delivery,FREESHIP
UB-005698,C00422,2024-05-14,Completed,Mobile App,Lahore,SwiftEx,Wallet,WELCOME10
UB-005699,C01204,2024-11-23,Returned,Mobile App,Faisalabad,BlueLine,Cash on Delivery,
UB-005700,C01237,2025-12-10,Completed,Mobile App,Islamabad,BlueLine,Bank Transfer,
UB-005701,C00431,2025-07-15,Completed,Mobile App,Lahore,Store Pickup,Bank Transfer,
UB-005702,C00464,2024-05-21,Completed,Mobile App,Rawalpindi,SwiftEx,Card,
UB-005703,C01096,2025-12-29,Completed,Marketplace,Rawalpindi,BlueLine,Cash on Delivery,
UB-005704,C01383,2024-09-09,Completed,Web,Lahore,SwiftEx,Cash on Delivery,WELCOME10
UB-005705,C01498,2025-04-16,Completed,Web,Karachi,RapidGo,Wallet,
UB-005706,C00837,2024-12-03,Returned,Mobile App,Karachi,RapidGo,Card,SAVE15
UB-005707,C00792,2024-06-18,Completed,Mobile App,Faisalabad,SwiftEx,Cash on Delivery,SAVE15
UB-005708,C01204,2025-11-09,Returned,Mobile App,Faisalabad,BlueLine,Cash on Delivery,WELCOME10
UB-005709,C00157,2025-02-18,Completed,Web,Islamabad,BlueLine,Cash on Delivery,FREESHIP
UB-005710,C01094,2025-04-29,Cancelled,Web,Lahore,BlueLine,Cash on Delivery,
UB-005711,C01413,2024-07-23,Completed,Web,Islamabad,RapidGo,Card,
UB-005712,C00949,2025-06-13,Completed,Mobile App,Faisalabad,BlueLine,Bank Transfer,FREESHIP
UB-005713,C00489,2025-07-31,Completed,Web,Rawalpindi,SwiftEx,Cash on Delivery,SAVE15
UB-005714,C00312,2024-01-11,Completed,Web,Rawalpindi,Store Pickup,Card,
UB-005715,C00289,2024-05-08,Completed,Web,Faisalabad,SwiftEx,Cash on Delivery,
UB-005716,C00405,2024-01-01,Completed,Web,Islamabad,Store Pickup,Wallet,
UB-005717,C00906,2024-12-27,Completed,Web,Rawalpindi,BlueLine,Cash on Delivery,SAVE15
UB-005718,C00072,2024-10-09,Completed,Marketplace,Faisalabad,SwiftEx,Card,
UB-005719,C00534,2025-01-07,Completed,Web,Islamabad,SwiftEx,Wallet,FREESHIP
UB-005720,C01058,2025-09-06,Completed,Marketplace,Karachi,RapidGo,Card,
UB-005721,C00645,2025-01-21,Completed,Mobile App,Rawalpindi,RapidGo,Cash on Delivery,SAVE15
UB-005722,C01039,2025-11-08,Completed,Web,Peshawar,SwiftEx,Cash on Delivery,
UB-005723,C01561,2025-06-20,Completed,Mobile App,Lahore,BlueLine,Cash on Delivery,
UB-005724,C01297,2024-07-24,Completed,Mobile App,Islamabad,BlueLine,Cash on Delivery,
UB-005725,C00279,2024-06-05,Completed,Mobile App,Rawalpindi,RapidGo,Wallet,
UB-005726,C01141,2024-01-22,Completed,Mobile App,Islamabad,BlueLine,Wallet,WELCOME10
UB-005727,C00236,2025-03-25,Completed,Web,Karachi,SwiftEx,Card,FREESHIP
UB-005728,C01201,2025-05-03,Completed,Mobile App,Islamabad,RapidGo,Wallet,SAVE15
UB-005729,C00248,2024-09-12,Completed,Mobile App,Rawalpindi,SwiftEx,Card,WELCOME10
UB-005730,C01158,2024-09-10,Completed,Marketplace,Lahore,SwiftEx,Cash on Delivery,
UB-005731,C00592,2025-08-12,Completed,Mobile App,Faisalabad,RapidGo,Cash on Delivery,
UB-005732,C01198,2025-09-05,Completed,Marketplace,Karachi,SwiftEx,Cash on Delivery,
UB-005733,C00835,2025-04-15,Completed,Mobile App,Rawalpindi,Store Pickup,Card,
UB-005734,C00547,2025-01-15,Completed,Web,Lahore,BlueLine,Card,
UB-005735,C00921,2025-12-13,Completed,Web,Rawalpindi,SwiftEx,Cash on Delivery,FREESHIP
UB-005736,C01575,2024-11-26,Completed,Mobile App,Peshawar,RapidGo,Cash on Delivery,WELCOME10
UB-005737,C00158,2024-07-18,Completed,Web,Peshawar,SwiftEx,Cash on Delivery,
UB-005738,C00943,2025-08-26,Completed,Mobile App,Islamabad,SwiftEx,Cash on Delivery,FREESHIP
UB-005739,C00812,2024-02-04,Completed,Mobile App,Lahore,BlueLine,Card,APP5
UB-005740,C00256,2025-06-01,Returned,Web,Islamabad,BlueLine,Cash on Delivery,
UB-005741,C01311,2025-04-16,Completed,Mobile App,Rawalpindi,RapidGo,Wallet,
UB-005742,C01398,2024-08-05,Completed,Mobile App,Faisalabad,RapidGo,Cash on Delivery,
UB-005743,C01314,2024-06-26,Completed,Web,Peshawar,SwiftEx,Wallet,
UB-005744,C01497,2024-03-27,Completed,Web,Rawalpindi,Store Pickup,Cash on Delivery,
UB-005745,C00086,2024-07-08,Completed,Web,Peshawar,BlueLine,Wallet,
UB-005746,C00681,2024-02-07,Completed,Web,Rawalpindi,RapidGo,Cash on Delivery,
UB-005747,C01281,2025-11-10,Completed,Web,Islamabad,SwiftEx,Cash on Delivery,FREESHIP
UB-005748,C01146,2025-02-17,Completed,Mobile App,Islamabad,RapidGo,Cash on Delivery,
UB-005749,C00965,2024-04-19,Completed,Marketplace,Lahore,SwiftEx,Cash on Delivery,
UB-005750,C00354,2024-03-16,Completed,Web,Islamabad,RapidGo,Cash on Delivery,
UB-005751,C00072,2025-02-19,Completed,Mobile App,Faisalabad,RapidGo,Cash on Delivery,
UB-005752,C01383,2025-05-08,Completed,Web,Lahore,Store Pickup,Cash on Delivery,
UB-005753,C01199,2024-05-06,Completed,Web,Karachi,RapidGo,Bank Transfer,APP5
UB-005754,C00354,2024-01-09,Completed,Mobile App,Islamabad,Store Pickup,Cash on Delivery,APP5
UB-005755,C00428,2025-02-15,Completed,Web,Rawalpindi,RapidGo,Bank Transfer,
UB-005756,C00864,2025-02-14,Completed,Mobile App,Islamabad,BlueLine,Card,
UB-005757,C01142,2024-02-20,Completed,Web,Faisalabad,BlueLine,Wallet,
UB-005758,C00101,2025-02-03,Completed,Mobile App,Faisalabad,SwiftEx,Wallet,
UB-005759,C00913,2025-09-05,Completed,Web,Islamabad,BlueLine,Wallet,FREESHIP
UB-005760,C00260,2024-12-29,Completed,Web,Islamabad,RapidGo,Cash on Delivery,
UB-005761,C00601,2025-06-21,Completed,Web,Islamabad,RapidGo,Cash on Delivery,SAVE15
UB-005762,C00511,2024-03-28,Completed,Mobile App,Islamabad,SwiftEx,Card,FREESHIP
UB-005763,C01311,2025-01-31,Completed,Mobile App,Rawalpindi,RapidGo,Wallet,
UB-005764,C00426,2025-06-03,Completed,Mobile App,Islamabad,SwiftEx,Cash on Delivery,
UB-005765,C00860,2025-04-21,Completed,Marketplace,Peshawar,BlueLine,Cash on Delivery,FREESHIP
UB-005766,C00056,2025-11-16,Completed,Mobile App,Rawalpindi,SwiftEx,Wallet,
UB-005767,C01459,2025-11-26,Completed,Mobile App,Rawalpindi,BlueLine,Card,
UB-005768,C00520,2024-02-17,Completed,Web,Rawalpindi,Store Pickup,Cash on Delivery,
UB-005769,C01572,2024-01-14,Completed,Mobile App,Islamabad,RapidGo,Card,
UB-005770,C00492,2025-08-19,Cancelled,Mobile App,Karachi,SwiftEx,Card,
UB-005771,C00879,2025-02-04,Returned,Marketplace,Islamabad,Store Pickup,Card,
UB-005772,C00103,2024-12-13,Completed,Web,Rawalpindi,SwiftEx,Card,
UB-005773,C01025,2024-05-12,Completed,Mobile App,Rawalpindi,Store Pickup,Bank Transfer,FREESHIP
UB-005774,C00349,2024-10-24,Completed,Marketplace,Karachi,SwiftEx,Card,APP5
UB-005775,C00876,2024-04-07,Completed,Mobile App,Rawalpindi,BlueLine,Cash on Delivery,WELCOME10
UB-005776,C00693,2024-11-15,Returned,Web,Lahore,Store Pickup,Bank Transfer,FREESHIP
UB-005777,C00148,2025-05-05,Completed,Mobile App,Islamabad,BlueLine,Card,
UB-005778,C01565,2025-10-10,Completed,Web,Lahore,SwiftEx,Card,FREESHIP
UB-005779,C01309,2024-05-24,Completed,Web,Rawalpindi,Store Pickup,Cash on Delivery,
UB-005780,C00602,2024-05-29,Completed,Mobile App,Faisalabad,SwiftEx,Wallet,
UB-005781,C00570,2024-02-12,Completed,Web,Karachi,BlueLine,Cash on Delivery,APP5
UB-005782,C00519,2025-04-20,Completed,Mobile App,Islamabad,RapidGo,Cash on Delivery,WELCOME10
UB-005783,C00326,2025-09-17,Completed,Marketplace,Rawalpindi,RapidGo,Card,SAVE15
UB-005784,C01083,2024-09-02,Completed,Mobile App,Rawalpindi,SwiftEx,Wallet,
UB-005785,C00719,2024-08-21,Completed,Web,Lahore,Store Pickup,Cash on Delivery,FREESHIP
UB-005786,C01198,2025-05-19,Completed,Mobile App,Karachi,BlueLine,Cash on Delivery,FREESHIP
UB-005787,C00121,2024-10-11,Completed,Web,Faisalabad,RapidGo,Cash on Delivery,
UB-005788,C00305,2024-07-09,Completed,Web,Karachi,BlueLine,Cash on Delivery,SAVE15
UB-005789,C00532,2025-11-23,Completed,Web,Rawalpindi,BlueLine,Cash on Delivery,
UB-005790,C01057,2025-06-28,Completed,Web,Karachi,BlueLine,Cash on Delivery,WELCOME10
UB-005791,C01056,2025-08-23,Completed,Web,Islamabad,BlueLine,Card,FREESHIP
UB-005792,C00319,2025-02-17,Completed,Mobile App,Peshawar,SwiftEx,Cash on Delivery,
UB-005793,C00007,2024-06-23,Completed,Mobile App,Rawalpindi,RapidGo,Cash on Delivery,FREESHIP
UB-005794,C00892,2025-11-10,Completed,Mobile App,Lahore,SwiftEx,Cash on Delivery,
UB-005795,C00700,2025-03-17,Completed,Mobile App,Rawalpindi,SwiftEx,Cash on Delivery,WELCOME10
UB-005796,C00280,2024-10-08,Completed,Marketplace,Islamabad,BlueLine,Cash on Delivery,
UB-005797,C01103,2025-03-11,Completed,Web,Karachi,BlueLine,Card,FREESHIP
UB-005798,C00070,2025-11-26,Completed,Mobile App,Islamabad,SwiftEx,Bank Transfer,SAVE15
UB-005799,C00246,2025-10-31,Completed,Mobile App,Islamabad,SwiftEx,Cash on Delivery,APP5
UB-005800,C00791,2024-02-02,Completed,Marketplace,Islamabad,BlueLine,Cash on Delivery,
UB-005801,C01326,2025-08-03,Completed,Mobile App,Rawalpindi,BlueLine,Card,SAVE15
UB-005802,C00550,2024-01-20,Completed,Mobile App,Peshawar,RapidGo,Bank Transfer,
UB-005803,C00735,2024-12-10,Completed,Web,Karachi,SwiftEx,Card,
UB-005804,C01059,2024-09-24,Completed,Mobile App,Rawalpindi,SwiftEx,Wallet,
UB-005805,C00688,2025-11-05,Completed,Web,Islamabad,BlueLine,Bank Transfer,
UB-005806,C00191,2024-10-26,Completed,Mobile App,Rawalpindi,BlueLine,Wallet,
UB-005807,C01458,2024-11-16,Completed,Web,Lahore,Store Pickup,Bank Transfer,
UB-005808,C00534,2024-08-29,Completed,Mobile App,Islamabad,SwiftEx,Cash on Delivery,FREESHIP
UB-005809,C01037,2024-08-30,Completed,Mobile App,Islamabad,SwiftEx,Cash on Delivery,
UB-005810,C01245,2025-05-17,Completed,Web,Karachi,BlueLine,Cash on Delivery,FREESHIP
UB-005811,C00088,2024-11-14,Completed,Web,Islamabad,BlueLine,Card,
UB-005812,C00313,2024-09-28,Completed,Mobile App,Islamabad,BlueLine,Card,WELCOME10
UB-005813,C00172,2024-06-07,Completed,Mobile App,Peshawar,RapidGo,Cash on Delivery,SAVE15
UB-005814,C00390,2025-08-06,Completed,Web,Rawalpindi,RapidGo,Wallet,SAVE15
UB-005815,C00010,2024-12-25,Completed,Web,Lahore,RapidGo,Cash on Delivery,
UB-005816,C00183,2025-11-16,Completed,Mobile App,Rawalpindi,RapidGo,Cash on Delivery,SAVE15
UB-005817,C00187,2025-04-29,Completed,Web,Lahore,SwiftEx,Cash on Delivery,
UB-005818,C00355,2025-12-27,Completed,Mobile App,Islamabad,BlueLine,Card,
UB-005819,C00680,2024-03-22,Completed,Web,Rawalpindi,BlueLine,Bank Transfer,SAVE15
UB-005820,C00482,2024-08-17,Completed,Web,Islamabad,BlueLine,Wallet,
UB-005821,C01572,2025-12-28,Completed,Mobile App,Islamabad,SwiftEx,Card,APP5
UB-005822,C01356,2025-10-30,Returned,Web,Lahore,Store Pickup,Wallet,
UB-005823,C00655,2024-01-13,Completed,Mobile App,Rawalpindi,RapidGo,Card,
UB-005824,C00855,2025-07-16,Completed,Web,Rawalpindi,BlueLine,Card,
UB-005825,C00497,2024-06-10,Returned,Marketplace,Islamabad,BlueLine,Bank Transfer,
UB-005826,C00902,2024-12-16,Completed,Marketplace,Islamabad,BlueLine,Bank Transfer,
UB-005827,C00899,2024-01-29,Completed,Mobile App,Lahore,BlueLine,Card,
UB-005828,C00796,2024-07-20,Completed,Web,Rawalpindi,RapidGo,Cash on Delivery,SAVE15
UB-005829,C00539,2025-12-29,Completed,Mobile App,Islamabad,SwiftEx,Card,
UB-005830,C00060,2024-05-28,Completed,Web,Karachi,SwiftEx,Cash on Delivery,APP5
UB-005831,C00815,2025-07-05,Returned,Marketplace,Faisalabad,Store Pickup,Wallet,
UB-005832,C00881,2024-09-30,Completed,Mobile App,Karachi,SwiftEx,Cash on Delivery,
UB-005833,C00538,2024-05-12,Returned,Web,Lahore,SwiftEx,Cash on Delivery,
UB-005834,C00879,2024-03-23,Completed,Marketplace,Islamabad,SwiftEx,Wallet,WELCOME10
UB-005835,C01562,2024-12-25,Completed,Mobile App,Lahore,BlueLine,Cash on Delivery,
UB-005836,C00611,2024-10-16,Completed,Web,Lahore,BlueLine,Wallet,WELCOME10
UB-005837,C00521,2025-03-02,Completed,Web,Peshawar,BlueLine,Bank Transfer,SAVE15
UB-005838,C01229,2025-03-01,Completed,Mobile App,Lahore,Store Pickup,Wallet,WELCOME10
UB-005839,C01571,2025-10-29,Completed,Mobile App,Islamabad,BlueLine,Wallet,APP5
UB-005840,C00490,2024-07-26,Completed,Web,Faisalabad,RapidGo,Card,
UB-005841,C00680,2024-05-14,Completed,Web,Rawalpindi,RapidGo,Cash on Delivery,
UB-005842,C00597,2025-10-20,Completed,Web,Peshawar,SwiftEx,Cash on Delivery,SAVE15
UB-005843,C00501,2025-02-09,Completed,Mobile App,Lahore,SwiftEx,Cash on Delivery,
UB-005844,C01582,2025-07-01,Completed,Mobile App,Peshawar,BlueLine,Cash on Delivery,
UB-005845,C00651,2025-01-18,Completed,Web,Faisalabad,SwiftEx,Cash on Delivery,FREESHIP
UB-005846,C00565,2025-11-07,Returned,Mobile App,Islamabad,Store Pickup,Bank Transfer,SAVE15
UB-005847,C01460,2024-09-30,Completed,Mobile App,Karachi,SwiftEx,Cash on Delivery,
UB-005848,C00176,2024-01-28,Completed,Mobile App,Lahore,Store Pickup,Card,FREESHIP
UB-005849,C00882,2025-02-04,Completed,Web,Rawalpindi,SwiftEx,Cash on Delivery,
UB-005850,C01288,2024-09-05,Completed,Web,Islamabad,SwiftEx,Cash on Delivery,
UB-005851,C00447,2025-11-04,Completed,Mobile App,Rawalpindi,BlueLine,Cash on Delivery,WELCOME10
UB-005852,C01504,2024-10-13,Completed,Mobile App,Islamabad,RapidGo,Card,
UB-005853,C01581,2025-05-26,Completed,Mobile App,Rawalpindi,BlueLine,Card,
UB-005854,C00493,2024-04-01,Completed,Marketplace,Karachi,SwiftEx,Cash on Delivery,WELCOME10
UB-005855,C01492,2025-01-20,Completed,Web,Lahore,SwiftEx,Wallet,
UB-005856,C01075,2024-01-14,Completed,Mobile App,Islamabad,BlueLine,Card,
UB-005857,C00795,2024-05-25,Completed,Web,Rawalpindi,BlueLine,Cash on Delivery,FREESHIP
UB-005858,C01503,2024-11-11,Completed,Marketplace,Rawalpindi,RapidGo,Bank Transfer,
UB-005859,C00759,2024-06-09,Completed,Mobile App,Rawalpindi,SwiftEx,Cash on Delivery,
UB-005860,C01459,2025-11-22,Completed,Web,Rawalpindi,RapidGo,Wallet,
UB-005861,C01440,2025-02-27,Completed,Web,Rawalpindi,BlueLine,Cash on Delivery,FREESHIP
UB-005862,C00804,2025-08-28,Completed,Mobile App,Rawalpindi,BlueLine,Cash on Delivery,
UB-005863,C00492,2025-01-02,Completed,Mobile App,Karachi,RapidGo,Cash on Delivery,SAVE15
UB-005864,C01160,2025-09-18,Completed,Mobile App,Karachi,SwiftEx,Card,
UB-005865,C01539,2025-10-03,Completed,Web,Lahore,SwiftEx,Cash on Delivery,
UB-005866,C00690,2024-12-27,Completed,Web,Karachi,SwiftEx,Cash on Delivery,
UB-005867,C00186,2025-04-22,Completed,Mobile App,Lahore,BlueLine,Card,
UB-005868,C00934,2025-09-11,Completed,Mobile App,Lahore,Store Pickup,Wallet,SAVE15
UB-005869,C00715,2024-08-09,Completed,Mobile App,Lahore,BlueLine,Cash on Delivery,
UB-005870,C01236,2024-12-21,Completed,Mobile App,Islamabad,BlueLine,Cash on Delivery,
UB-005871,C01523,2025-08-16,Completed,Web,Islamabad,SwiftEx,Bank Transfer,
UB-005872,C00093,2024-08-04,Completed,Web,Peshawar,SwiftEx,Card,
UB-005873,C01163,2024-09-11,Completed,Web,Islamabad,SwiftEx,Cash on Delivery,
UB-005874,C01222,2024-01-17,Completed,Web,Peshawar,BlueLine,Bank Transfer,
UB-005875,C01592,2024-12-06,Completed,Mobile App,Peshawar,SwiftEx,Card,
UB-005876,C01505,2025-08-23,Completed,Web,Lahore,BlueLine,Card,
UB-005877,C00795,2024-05-20,Completed,Mobile App,Rawalpindi,SwiftEx,Cash on Delivery,FREESHIP
UB-005878,C00768,2024-11-15,Returned,Web,Islamabad,BlueLine,Wallet,
UB-005879,C00623,2024-10-05,Completed,Web,Lahore,Store Pickup,Cash on Delivery,
UB-005880,C00664,2024-03-03,Completed,Mobile App,Rawalpindi,Store Pickup,Card,
UB-005881,C00320,2024-02-24,Completed,Marketplace,Islamabad,SwiftEx,Bank Transfer,
UB-005882,C00925,2024-02-22,Completed,Mobile App,Lahore,BlueLine,Card,
UB-005883,C01408,2025-12-05,Completed,Web,Islamabad,SwiftEx,Cash on Delivery,
UB-005884,C01194,2025-03-14,Returned,Web,Karachi,RapidGo,Wallet,SAVE15
UB-005885,C01515,2024-08-21,Completed,Mobile App,Rawalpindi,SwiftEx,Card,
UB-005886,C01400,2025-06-24,Completed,Mobile App,Lahore,RapidGo,Cash on Delivery,
UB-005887,C00415,2024-10-06,Completed,Mobile App,Karachi,BlueLine,Card,FREESHIP
UB-005888,C00244,2024-02-19,Completed,Mobile App,Islamabad,Store Pickup,Wallet,APP5
UB-005889,C01565,2025-01-20,Completed,Mobile App,Lahore,RapidGo,Cash on Delivery,
UB-005890,C01183,2024-12-23,Completed,Web,Islamabad,BlueLine,Card,
UB-005891,C00743,2024-06-10,Completed,Mobile App,Faisalabad,SwiftEx,Cash on Delivery,
UB-005892,C00574,2025-01-17,Completed,Mobile App,Karachi,SwiftEx,Wallet,
UB-005893,C00283,2024-12-17,Completed,Web,Islamabad,RapidGo,Card,WELCOME10
UB-005894,C01085,2024-03-15,Completed,Mobile App,Faisalabad,Store Pickup,Card,FREESHIP
UB-005895,C00463,2025-12-29,Completed,Mobile App,Islamabad,Store Pickup,Card,
UB-005896,C01127,2025-09-15,Completed,Mobile App,Karachi,Store Pickup,Bank Transfer,WELCOME10
UB-005897,C01445,2025-02-16,Returned,Mobile App,Karachi,SwiftEx,Card,FREESHIP
UB-005898,C01526,2025-03-03,Completed,Mobile App,Karachi,BlueLine,Card,
UB-005899,C00560,2024-12-02,Completed,Mobile App,Islamabad,SwiftEx,Cash on Delivery,
UB-005900,C00387,2025-11-20,Completed,Web,Peshawar,SwiftEx,Card,
UB-005901,C00475,2024-03-05,Completed,Mobile App,Islamabad,BlueLine,Wallet,
UB-005902,C01317,2025-01-26,Completed,Web,Rawalpindi,RapidGo,Card,WELCOME10
UB-005903,C00327,2024-05-14,Completed,Mobile App,Islamabad,Store Pickup,Card,
UB-005904,C01470,2025-06-06,Completed,Web,Rawalpindi,BlueLine,Bank Transfer,WELCOME10
UB-005905,C00830,2024-02-24,Completed,Web,Islamabad,BlueLine,Card,
UB-005906,C00596,2025-10-23,Completed,Web,Rawalpindi,Store Pickup,Wallet,SAVE15
UB-005907,C01052,2024-07-30,Completed,Web,Islamabad,Store Pickup,Card,SAVE15
UB-005908,C01397,2025-07-16,Completed,Web,Islamabad,SwiftEx,Wallet,
UB-005909,C00062,2024-10-20,Completed,Mobile App,Peshawar,Store Pickup,Cash on Delivery,APP5
UB-005910,C00543,2024-06-14,Completed,Mobile App,Rawalpindi,BlueLine,Card,
UB-005911,C00787,2025-05-31,Completed,Web,Islamabad,RapidGo,Cash on Delivery,FREESHIP
UB-005912,C00465,2024-02-05,Completed,Web,Faisalabad,Store Pickup,Cash on Delivery,FREESHIP
UB-005913,C01283,2025-10-06,Completed,Mobile App,Karachi,RapidGo,Card,
UB-005914,C00831,2025-03-23,Completed,Mobile App,Karachi,SwiftEx,Cash on Delivery,
UB-005915,C01531,2024-12-07,Completed,Web,Islamabad,Store Pickup,Card,
UB-005916,C01305,2025-05-30,Completed,Web,Rawalpindi,SwiftEx,Card,APP5
UB-005917,C00412,2024-12-13,Completed,Mobile App,Faisalabad,BlueLine,Card,
UB-005918,C00721,2024-09-26,Completed,Web,Rawalpindi,Store Pickup,Bank Transfer,SAVE15
UB-005919,C01418,2024-05-03,Completed,Web,Islamabad,BlueLine,Cash on Delivery,
UB-005920,C00556,2024-06-27,Completed,Mobile App,Faisalabad,SwiftEx,Card,
UB-005921,C00073,2025-11-19,Completed,Web,Islamabad,SwiftEx,Wallet,
UB-005922,C00697,2025-02-14,Completed,Mobile App,Islamabad,RapidGo,Bank Transfer,
UB-005923,C00322,2024-09-19,Completed,Web,Islamabad,BlueLine,Cash on Delivery,
UB-005924,C01018,2024-02-26,Completed,Mobile App,Faisalabad,BlueLine,Cash on Delivery,
UB-005925,C00369,2024-06-18,Completed,Web,Peshawar,SwiftEx,Wallet,
UB-005926,C00231,2025-08-12,Completed,Mobile App,Islamabad,RapidGo,Wallet,
UB-005927,C00997,2024-04-17,Completed,Mobile App,Faisalabad,RapidGo,Cash on Delivery,
UB-005928,C01258,2024-06-23,Completed,Mobile App,Rawalpindi,SwiftEx,Cash on Delivery,FREESHIP
UB-005929,C00921,2025-05-26,Completed,Mobile App,Rawalpindi,RapidGo,Card,WELCOME10
UB-005930,C00066,2025-08-24,Completed,Web,Lahore,BlueLine,Bank Transfer,SAVE15
UB-005931,C00213,2025-01-20,Completed,Mobile App,Rawalpindi,SwiftEx,Cash on Delivery,WELCOME10
UB-005932,C01233,2024-04-24,Completed,Web,Faisalabad,BlueLine,Card,
UB-005933,C00472,2024-07-02,Completed,Mobile App,Rawalpindi,RapidGo,Wallet,
UB-005934,C01258,2024-11-02,Completed,Marketplace,Rawalpindi,Store Pickup,Card,
UB-005935,C00893,2025-02-26,Completed,Mobile App,Karachi,SwiftEx,Bank Transfer,
UB-005936,C00919,2025-02-22,Completed,Mobile App,Faisalabad,BlueLine,Wallet,
UB-005937,C00845,2024-06-20,Completed,Marketplace,Islamabad,BlueLine,Cash on Delivery,
UB-005938,C01045,2025-08-19,Completed,Web,Karachi,BlueLine,Bank Transfer,
UB-005939,C01497,2025-10-04,Completed,Mobile App,Rawalpindi,RapidGo,Wallet,
UB-005940,C01438,2025-01-20,Completed,Web,Lahore,SwiftEx,Bank Transfer,
UB-005941,C00760,2024-04-05,Completed,Mobile App,Rawalpindi,RapidGo,Cash on Delivery,
UB-005942,C00179,2024-11-06,Completed,Marketplace,Islamabad,RapidGo,Cash on Delivery,
UB-005943,C00519,2024-11-28,Completed,Mobile App,Islamabad,RapidGo,Cash on Delivery,SAVE15
UB-005944,C00818,2024-06-05,Completed,Mobile App,Peshawar,SwiftEx,Card,FREESHIP
UB-005945,C01517,2025-08-22,Completed,Web,Rawalpindi,SwiftEx,Cash on Delivery,
UB-005946,C01457,2025-11-13,Completed,Web,Islamabad,SwiftEx,Cash on Delivery,
UB-005947,C01598,2024-05-26,Returned,Marketplace,Islamabad,Store Pickup,Cash on Delivery,
UB-005948,C00902,2025-08-03,Completed,Web,Islamabad,RapidGo,Bank Transfer,FREESHIP
UB-005949,C01587,2025-09-12,Completed,Mobile App,Karachi,RapidGo,Cash on Delivery,
UB-005950,C01451,2025-09-07,Completed,Web,Rawalpindi,BlueLine,Card,
UB-005951,C00456,2025-09-12,Completed,Web,Karachi,BlueLine,Wallet,
UB-005952,C00834,2025-10-07,Cancelled,Web,Rawalpindi,BlueLine,Card,APP5
UB-005953,C00788,2024-09-08,Completed,Mobile App,Islamabad,SwiftEx,Card,
UB-005954,C01367,2025-07-27,Completed,Mobile App,Karachi,SwiftEx,Card,
UB-005955,C01506,2024-10-29,Completed,Mobile App,Rawalpindi,Store Pickup,Bank Transfer,
UB-005956,C01078,2025-05-19,Completed,Web,Islamabad,RapidGo,Wallet,
UB-005957,C01181,2024-06-20,Completed,Marketplace,Islamabad,SwiftEx,Card,WELCOME10
UB-005958,C01391,2024-03-08,Completed,Mobile App,Lahore,BlueLine,Bank Transfer,
UB-005959,C00403,2024-07-21,Returned,Web,Islamabad,BlueLine,Bank Transfer,
UB-005960,C00945,2024-03-17,Completed,Mobile App,Rawalpindi,RapidGo,Card,APP5
UB-005961,C00269,2024-12-05,Completed,Web,Peshawar,RapidGo,Cash on Delivery,
UB-005962,C00645,2025-06-10,Completed,Mobile App,Rawalpindi,SwiftEx,Card,
UB-005963,C00840,2024-11-18,Completed,Mobile App,Peshawar,RapidGo,Cash on Delivery,
UB-005964,C01521,2025-07-14,Completed,Mobile App,Islamabad,RapidGo,Wallet,
UB-005965,C00103,2024-04-22,Completed,Web,Rawalpindi,BlueLine,Wallet,
UB-005966,C01074,2025-04-30,Completed,Mobile App,Faisalabad,SwiftEx,Bank Transfer,SAVE15
UB-005967,C01494,2025-08-30,Completed,Mobile App,Lahore,BlueLine,Card,
UB-005968,C00571,2025-03-21,Completed,Mobile App,Islamabad,RapidGo,Card,
UB-005969,C00192,2025-05-28,Completed,Web,Rawalpindi,SwiftEx,Cash on Delivery,
UB-005970,C00781,2025-01-18,Cancelled,Mobile App,Rawalpindi,BlueLine,Cash on Delivery,
UB-005971,C01363,2024-06-20,Completed,Web,Islamabad,SwiftEx,Cash on Delivery,APP5
UB-005972,C00273,2024-09-03,Completed,Mobile App,Karachi,RapidGo,Cash on Delivery,SAVE15
UB-005973,C00576,2025-06-18,Cancelled,Marketplace,Karachi,SwiftEx,Cash on Delivery,
UB-005974,C01046,2024-01-06,Completed,Mobile App,Rawalpindi,SwiftEx,Cash on Delivery,
UB-005975,C01406,2024-03-05,Completed,Web,Rawalpindi,BlueLine,Cash on Delivery,
UB-005976,C01158,2024-12-20,Completed,Mobile App,Lahore,RapidGo,Wallet,APP5
UB-005977,C00690,2024-03-09,Completed,Mobile App,Karachi,RapidGo,Cash on Delivery,SAVE15
UB-005978,C00762,2024-06-16,Completed,Web,Lahore,BlueLine,Cash on Delivery,
UB-005979,C00321,2025-05-07,Cancelled,Mobile App,Lahore,SwiftEx,Card,
UB-005980,C00707,2025-06-30,Completed,Mobile App,Peshawar,SwiftEx,Wallet,
UB-005981,C00316,2025-06-28,Completed,Mobile App,Lahore,BlueLine,Bank Transfer,
UB-005982,C01562,2024-12-09,Cancelled,Web,Lahore,SwiftEx,Cash on Delivery,FREESHIP
UB-005983,C01181,2024-09-16,Completed,Web,Islamabad,SwiftEx,Cash on Delivery,
UB-005984,C00104,2024-02-06,Completed,Web,Islamabad,BlueLine,Cash on Delivery,
UB-005985,C00026,2025-02-21,Completed,Web,Rawalpindi,BlueLine,Cash on Delivery,FREESHIP
UB-005986,C00817,2024-06-23,Completed,Marketplace,Faisalabad,BlueLine,Wallet,
UB-005987,C00556,2025-08-16,Completed,Web,Faisalabad,RapidGo,Card,
UB-005988,C00791,2025-09-19,Completed,Web,Islamabad,SwiftEx,Bank Transfer,APP5
UB-005989,C00452,2025-03-12,Completed,Web,Karachi,BlueLine,Bank Transfer,
UB-005990,C01210,2025-01-29,Completed,Mobile App,Rawalpindi,Store Pickup,Cash on Delivery,
UB-005991,C00738,2025-12-19,Completed,Mobile App,Lahore,SwiftEx,Cash on Delivery,APP5
UB-005992,C00811,2025-12-29,Completed,Web,Karachi,SwiftEx,Cash on Delivery,APP5
UB-005993,C00662,2024-01-24,Completed,Web,Rawalpindi,Store Pickup,Cash on Delivery,
UB-005994,C01262,2024-06-08,Completed,Web,Islamabad,RapidGo,Card,
UB-005995,C00303,2025-06-28,Completed,Web,Karachi,BlueLine,Cash on Delivery,FREESHIP
UB-005996,C00124,2025-02-04,Completed,Web,Rawalpindi,SwiftEx,Cash on Delivery,SAVE15
UB-005997,C00733,2024-11-02,Completed,Web,Karachi,RapidGo,Bank Transfer,
UB-005998,C01245,2025-11-05,Completed,Web,Karachi,BlueLine,Card,
UB-005999,C01254,2024-11-05,Completed,Mobile App,Islamabad,SwiftEx,Cash on Delivery,
UB-006000,C01561,2025-11-30,Completed,Mobile App,Lahore,BlueLine,Card,
UB-006001,C00087,2025-05-30,Completed,Marketplace,Lahore,RapidGo,Cash on Delivery,FREESHIP
UB-006002,C01185,2025-05-14,Completed,Web,Faisalabad,RapidGo,Card,APP5
UB-006003,C00475,2025-12-19,Completed,Web,Islamabad,RapidGo,Cash on Delivery,
UB-006004,C01131,2024-04-05,Completed,Mobile App,Rawalpindi,BlueLine,Bank Transfer,WELCOME10
UB-006005,C01187,2024-07-11,Completed,Web,Karachi,SwiftEx,Wallet,
UB-006006,C00407,2024-09-21,Completed,Web,Rawalpindi,BlueLine,Cash on Delivery,
UB-006007,C01119,2024-02-21,Completed,Web,Faisalabad,RapidGo,Cash on Delivery,
UB-006008,C00629,2025-06-16,Completed,Web,Rawalpindi,RapidGo,Wallet,
UB-006009,C01131,2025-09-04,Completed,Mobile App,Rawalpindi,RapidGo,Cash on Delivery,APP5
UB-006010,C00232,2025-09-07,Completed,Web,Karachi,SwiftEx,Wallet,
UB-006011,C01338,2024-06-30,Completed,Web,Faisalabad,RapidGo,Cash on Delivery,WELCOME10
UB-006012,C00970,2024-07-30,Completed,Web,Islamabad,SwiftEx,Card,
UB-006013,C00177,2024-09-20,Cancelled,Web,Lahore,BlueLine,Bank Transfer,
UB-006014,C00811,2024-05-19,Completed,Web,Karachi,SwiftEx,Card,APP5
UB-006015,C00711,2024-07-03,Completed,Web,Faisalabad,Store Pickup,Cash on Delivery,
UB-006016,C01209,2024-12-06,Returned,Web,Karachi,BlueLine,Cash on Delivery,WELCOME10
UB-006017,C01156,2024-01-25,Completed,Mobile App,Faisalabad,BlueLine,Card,
UB-006018,C00876,2025-08-17,Completed,Mobile App,Rawalpindi,RapidGo,Cash on Delivery,
UB-006019,C00873,2024-03-17,Completed,Mobile App,Lahore,RapidGo,Wallet,APP5
UB-006020,C00496,2024-10-24,Completed,Mobile App,Rawalpindi,RapidGo,Cash on Delivery,
UB-006021,C00755,2024-02-25,Completed,Web,Islamabad,BlueLine,Bank Transfer,
UB-006022,C00078,2024-03-16,Completed,Mobile App,Islamabad,Store Pickup,Cash on Delivery,
UB-006023,C00758,2024-01-10,Completed,Marketplace,Islamabad,SwiftEx,Wallet,
UB-006024,C01000,2025-01-23,Cancelled,Web,Peshawar,BlueLine,Card,WELCOME10
UB-006025,C01533,2024-05-01,Completed,Web,Islamabad,SwiftEx,Wallet,FREESHIP
UB-006026,C00996,2025-09-10,Completed,Web,Islamabad,Store Pickup,Wallet,
UB-006027,C01175,2025-05-02,Completed,Web,Faisalabad,SwiftEx,Cash on Delivery,
UB-006028,C00493,2025-12-23,Completed,Web,Karachi,SwiftEx,Wallet,APP5
UB-006029,C00076,2024-12-13,Completed,Web,Rawalpindi,SwiftEx,Cash on Delivery,
UB-006030,C00876,2024-12-13,Completed,Marketplace,Rawalpindi,SwiftEx,Wallet,APP5
UB-006031,C00189,2024-01-23,Completed,Mobile App,Rawalpindi,RapidGo,Wallet,
UB-006032,C00127,2025-09-18,Completed,Mobile App,Karachi,SwiftEx,Wallet,
UB-006033,C00811,2025-09-19,Completed,Web,Karachi,Store Pickup,Cash on Delivery,FREESHIP
UB-006034,C00816,2025-11-10,Completed,Mobile App,Faisalabad,RapidGo,Cash on Delivery,
UB-006035,C00223,2025-12-03,Completed,Marketplace,Faisalabad,RapidGo,Card,WELCOME10
UB-006036,C00668,2024-12-06,Completed,Marketplace,Rawalpindi,BlueLine,Cash on Delivery,
UB-006037,C00815,2025-10-16,Returned,Web,Faisalabad,RapidGo,Card,
UB-006038,C01397,2025-01-06,Completed,Marketplace,Islamabad,RapidGo,Cash on Delivery,WELCOME10
UB-006039,C00133,2024-07-18,Completed,Web,Rawalpindi,SwiftEx,Cash on Delivery,
UB-006040,C01397,2025-06-18,Completed,Mobile App,Islamabad,BlueLine,Card,APP5
UB-006041,C01253,2024-07-26,Completed,Marketplace,Lahore,RapidGo,Cash on Delivery,
UB-006042,C00525,2024-05-09,Completed,Web,Rawalpindi,SwiftEx,Cash on Delivery,
UB-006043,C01132,2025-03-30,Completed,Web,Rawalpindi,BlueLine,Card,
UB-006044,C00507,2025-08-28,Completed,Web,Lahore,SwiftEx,Card,APP5
UB-006045,C00465,2025-07-01,Completed,Mobile App,Faisalabad,Store Pickup,Cash on Delivery,FREESHIP
UB-006046,C00070,2024-01-23,Completed,Mobile App,Islamabad,SwiftEx,Cash on Delivery,
UB-006047,C01263,2025-04-13,Completed,Marketplace,Rawalpindi,SwiftEx,Cash on Delivery,
UB-006048,C00626,2025-11-06,Completed,Web,Lahore,SwiftEx,Bank Transfer,
UB-006049,C01547,2024-09-07,Completed,Mobile App,Peshawar,SwiftEx,Card,FREESHIP
UB-006050,C01580,2024-12-10,Completed,Mobile App,Lahore,SwiftEx,Wallet,APP5
UB-006051,C01476,2025-11-04,Returned,Web,Rawalpindi,SwiftEx,Cash on Delivery,APP5
UB-006052,C00487,2024-07-26,Completed,Mobile App,Rawalpindi,SwiftEx,Card,FREESHIP
UB-006053,C00244,2025-06-20,Completed,Web,Islamabad,BlueLine,Cash on Delivery,SAVE15
UB-006054,C00288,2024-11-02,Completed,Web,Lahore,BlueLine,Wallet,
UB-006055,C00333,2025-06-03,Completed,Web,Peshawar,SwiftEx,Bank Transfer,SAVE15
UB-006056,C00920,2024-10-28,Completed,Mobile App,Rawalpindi,SwiftEx,Bank Transfer,APP5
UB-006057,C01064,2024-11-16,Completed,Marketplace,Rawalpindi,RapidGo,Cash on Delivery,
UB-006058,C00964,2025-01-07,Completed,Web,Peshawar,RapidGo,Card,
UB-006059,C00835,2024-06-17,Completed,Mobile App,Rawalpindi,SwiftEx,Cash on Delivery,
UB-006060,C00970,2025-02-22,Completed,Mobile App,Islamabad,RapidGo,Cash on Delivery,SAVE15
UB-006061,C00187,2025-05-27,Completed,Web,Lahore,SwiftEx,Bank Transfer,
UB-006062,C01531,2024-02-09,Returned,Mobile App,Islamabad,SwiftEx,Bank Transfer,
UB-006063,C01554,2024-02-15,Returned,Web,Rawalpindi,BlueLine,Bank Transfer,APP5
UB-006064,C01035,2025-10-30,Completed,Mobile App,Rawalpindi,Store Pickup,Card,APP5
UB-006065,C01346,2024-07-09,Completed,Web,Lahore,Store Pickup,Card,SAVE15
UB-006066,C00153,2025-07-12,Completed,Mobile App,Lahore,RapidGo,Bank Transfer,SAVE15
UB-006067,C00856,2024-01-14,Completed,Web,Islamabad,RapidGo,Cash on Delivery,SAVE15
UB-006068,C01419,2025-01-19,Completed,Mobile App,Islamabad,BlueLine,Wallet,
UB-006069,C01585,2024-03-17,Completed,Mobile App,Rawalpindi,BlueLine,Card,
UB-006070,C01349,2024-02-15,Completed,Mobile App,Islamabad,RapidGo,Card,
UB-006071,C01455,2025-09-28,Completed,Web,Islamabad,SwiftEx,Cash on Delivery,
UB-006072,C00005,2024-01-09,Completed,Marketplace,Islamabad,RapidGo,Cash on Delivery,
UB-006073,C00277,2025-09-13,Completed,Web,Lahore,RapidGo,Cash on Delivery,
UB-006074,C00710,2025-07-06,Completed,Web,Karachi,BlueLine,Cash on Delivery,APP5
UB-006075,C01567,2024-05-07,Completed,Web,Karachi,RapidGo,Wallet,
UB-006076,C00423,2024-07-11,Completed,Web,Karachi,Store Pickup,Cash on Delivery,WELCOME10
UB-006077,C00474,2024-06-27,Completed,Web,Islamabad,RapidGo,Cash on Delivery,
UB-006078,C00353,2025-02-08,Completed,Web,Peshawar,SwiftEx,Wallet,
UB-006079,C00695,2024-09-29,Completed,Web,Islamabad,BlueLine,Cash on Delivery,WELCOME10
UB-006080,C01085,2025-10-16,Completed,Web,Faisalabad,BlueLine,Cash on Delivery,
UB-006081,C01251,2024-01-24,Completed,Mobile App,Rawalpindi,SwiftEx,Wallet,FREESHIP
UB-006082,C01196,2025-10-23,Completed,Mobile App,Faisalabad,SwiftEx,Wallet,
UB-006083,C00087,2024-07-26,Completed,Mobile App,Lahore,Store Pickup,Card,SAVE15
UB-006084,C00146,2025-10-27,Completed,Web,Faisalabad,RapidGo,Wallet,
UB-006085,C01513,2024-01-19,Completed,Mobile App,Lahore,SwiftEx,Cash on Delivery,
UB-006086,C01270,2024-08-01,Completed,Marketplace,Peshawar,SwiftEx,Cash on Delivery,
UB-006087,C01303,2024-07-29,Completed,Web,Rawalpindi,RapidGo,Card,
UB-006088,C00160,2025-12-12,Completed,Mobile App,Faisalabad,Store Pickup,Card,SAVE15
UB-006089,C01552,2024-06-03,Completed,Mobile App,Rawalpindi,BlueLine,Cash on Delivery,FREESHIP
UB-006090,C01111,2024-08-02,Cancelled,Mobile App,Lahore,BlueLine,Cash on Delivery,
UB-006091,C01481,2025-10-07,Completed,Mobile App,Karachi,RapidGo,Card,
UB-006092,C00485,2024-04-08,Completed,Web,Islamabad,SwiftEx,Card,
UB-006093,C00462,2024-06-24,Completed,Marketplace,Rawalpindi,RapidGo,Wallet,APP5
UB-006094,C01459,2025-06-03,Completed,Mobile App,Rawalpindi,Store Pickup,Card,
UB-006095,C00648,2024-08-06,Completed,Mobile App,Lahore,RapidGo,Cash on Delivery,
UB-006096,C01308,2025-11-10,Completed,Mobile App,Rawalpindi,RapidGo,Card,
UB-006097,C00727,2025-01-20,Completed,Web,Lahore,BlueLine,Wallet,
UB-006098,C01194,2025-07-29,Completed,Web,Karachi,BlueLine,Cash on Delivery,FREESHIP
UB-006099,C00004,2025-03-01,Cancelled,Mobile App,Islamabad,Store Pickup,Card,WELCOME10
UB-006100,C00808,2024-10-20,Completed,Marketplace,Rawalpindi,RapidGo,Cash on Delivery,
UB-006101,C01101,2025-01-08,Returned,Web,Islamabad,SwiftEx,Bank Transfer,SAVE15
UB-006102,C00672,2025-02-25,Completed,Web,Karachi,RapidGo,Card,
UB-006103,C00002,2024-10-30,Completed,Mobile App,Islamabad,SwiftEx,Card,FREESHIP
UB-006104,C00363,2025-03-18,Completed,Mobile App,Peshawar,SwiftEx,Cash on Delivery,
UB-006105,C00474,2024-07-08,Completed,Marketplace,Islamabad,Store Pickup,Card,
UB-006106,C01075,2025-03-06,Completed,Marketplace,Islamabad,SwiftEx,Cash on Delivery,
UB-006107,C00728,2024-05-24,Returned,Mobile App,Rawalpindi,SwiftEx,Cash on Delivery,FREESHIP
UB-006108,C00834,2025-06-07,Completed,Web,Rawalpindi,BlueLine,Wallet,
UB-006109,C00292,2025-03-16,Completed,Mobile App,Karachi,BlueLine,Cash on Delivery,SAVE15
UB-006110,C00023,2025-01-27,Completed,Web,Rawalpindi,BlueLine,Wallet,WELCOME10
UB-006111,C01266,2025-07-02,Completed,Mobile App,Karachi,RapidGo,Cash on Delivery,SAVE15
UB-006112,C00999,2024-02-04,Completed,Web,Rawalpindi,Store Pickup,Cash on Delivery,
UB-006113,C00909,2024-06-30,Completed,Web,Rawalpindi,BlueLine,Card,
UB-006114,C00628,2024-08-29,Completed,Marketplace,Karachi,BlueLine,Cash on Delivery,
UB-006115,C00922,2025-12-03,Completed,Mobile App,Islamabad,Store Pickup,Cash on Delivery,
UB-006116,C01095,2025-10-07,Completed,Mobile App,Islamabad,RapidGo,Cash on Delivery,
UB-006117,C00989,2025-12-25,Completed,Web,Peshawar,SwiftEx,Cash on Delivery,
UB-006118,C01196,2024-10-19,Completed,Mobile App,Faisalabad,SwiftEx,Cash on Delivery,
UB-006119,C00794,2024-02-15,Completed,Mobile App,Lahore,BlueLine,Card,
UB-006120,C00210,2025-06-27,Completed,Mobile App,Rawalpindi,SwiftEx,Card,APP5
UB-006121,C00972,2024-10-31,Completed,Web,Faisalabad,SwiftEx,Wallet,
UB-006122,C00489,2025-11-29,Completed,Mobile App,Rawalpindi,SwiftEx,Bank Transfer,
UB-006123,C00993,2025-12-13,Completed,Mobile App,Islamabad,RapidGo,Cash on Delivery,APP5
UB-006124,C00232,2025-10-16,Completed,Web,Karachi,Store Pickup,Cash on Delivery,APP5
UB-006125,C00347,2024-11-02,Completed,Web,Karachi,SwiftEx,Cash on Delivery,APP5
UB-006126,C01533,2024-11-03,Cancelled,Mobile App,Islamabad,RapidGo,Card,
UB-006127,C00225,2025-08-09,Completed,Web,Lahore,BlueLine,Card,
UB-006128,C00886,2025-07-16,Completed,Mobile App,Lahore,BlueLine,Cash on Delivery,APP5
UB-006129,C00697,2024-06-08,Completed,Web,Islamabad,BlueLine,Cash on Delivery,
UB-006130,C00485,2024-12-28,Completed,Marketplace,Islamabad,Store Pickup,Card,SAVE15
UB-006131,C01456,2024-07-25,Completed,Web,Islamabad,RapidGo,Cash on Delivery,
UB-006132,C01261,2025-06-09,Completed,Web,Lahore,BlueLine,Wallet,WELCOME10
UB-006133,C01580,2025-06-17,Completed,Mobile App,Lahore,RapidGo,Card,
UB-006134,C00552,2024-08-21,Completed,Marketplace,Rawalpindi,BlueLine,Cash on Delivery,
UB-006135,C01512,2024-09-07,Completed,Web,Karachi,RapidGo,Bank Transfer,
UB-006136,C00232,2025-09-25,Completed,Mobile App,Karachi,BlueLine,Wallet,WELCOME10
UB-006137,C01570,2024-10-12,Completed,Mobile App,Rawalpindi,BlueLine,Card,
UB-006138,C00839,2024-09-13,Completed,Mobile App,Islamabad,SwiftEx,Card,
UB-006139,C00294,2024-06-15,Completed,Mobile App,Islamabad,RapidGo,Cash on Delivery,APP5
UB-006140,C00684,2024-07-28,Returned,Web,Islamabad,Store Pickup,Card,WELCOME10
UB-006141,C00275,2024-01-12,Completed,Mobile App,Islamabad,RapidGo,Bank Transfer,APP5
UB-006142,C00234,2024-06-25,Completed,Mobile App,Rawalpindi,Store Pickup,Cash on Delivery,
UB-006143,C00700,2025-05-27,Completed,Web,Rawalpindi,BlueLine,Wallet,APP5
UB-006144,C00842,2025-09-14,Completed,Web,Faisalabad,SwiftEx,Cash on Delivery,
UB-006145,C01249,2024-12-30,Completed,Web,Faisalabad,Store Pickup,Bank Transfer,
UB-006146,C00108,2025-08-08,Completed,Web,Rawalpindi,BlueLine,Wallet,
UB-006147,C00156,2024-05-13,Completed,Web,Peshawar,SwiftEx,Card,
UB-006148,C00642,2024-09-12,Completed,Mobile App,Islamabad,BlueLine,Wallet,
UB-006149,C01155,2025-11-07,Completed,Mobile App,Faisalabad,SwiftEx,Cash on Delivery,
UB-006150,C01150,2024-09-15,Completed,Mobile App,Rawalpindi,BlueLine,Bank Transfer,WELCOME10
UB-006151,C00556,2024-01-22,Cancelled,Web,Faisalabad,BlueLine,Wallet,SAVE15
UB-006152,C01391,2025-02-24,Completed,Web,Lahore,RapidGo,Wallet,FREESHIP
UB-006153,C00262,2025-07-05,Completed,Marketplace,Lahore,RapidGo,Wallet,
UB-006154,C00512,2025-08-05,Completed,Mobile App,Lahore,RapidGo,Cash on Delivery,
UB-006155,C01457,2024-10-29,Completed,Mobile App,Islamabad,SwiftEx,Bank Transfer,
UB-006156,C00044,2024-11-19,Completed,Web,Karachi,RapidGo,Cash on Delivery,SAVE15
UB-006157,C01095,2025-11-07,Completed,Web,Islamabad,Store Pickup,Wallet,
UB-006158,C01479,2025-04-01,Completed,Web,Lahore,RapidGo,Wallet,
UB-006159,C01406,2025-08-16,Returned,Web,Rawalpindi,SwiftEx,Wallet,
UB-006160,C00979,2025-10-28,Completed,Web,Lahore,RapidGo,Bank Transfer,
UB-006161,C00226,2024-03-18,Completed,Mobile App,Peshawar,Store Pickup,Card,
UB-006162,C00258,2024-03-25,Completed,Mobile App,Rawalpindi,SwiftEx,Card,
UB-006163,C00661,2025-12-10,Cancelled,Mobile App,Karachi,RapidGo,Cash on Delivery,FREESHIP
UB-006164,C00795,2025-08-22,Completed,Mobile App,Rawalpindi,BlueLine,Card,
UB-006165,C01305,2024-08-03,Cancelled,Web,Rawalpindi,SwiftEx,Cash on Delivery,WELCOME10
UB-006166,C00909,2024-06-24,Completed,Mobile App,Rawalpindi,SwiftEx,Cash on Delivery,
UB-006167,C00489,2024-01-22,Completed,Web,Rawalpindi,RapidGo,Cash on Delivery,
UB-006168,C00157,2024-10-30,Completed,Mobile App,Islamabad,BlueLine,Bank Transfer,
UB-006169,C01570,2024-04-14,Completed,Web,Rawalpindi,RapidGo,Card,
UB-006170,C01268,2024-05-07,Completed,Mobile App,Karachi,SwiftEx,Bank Transfer,APP5
UB-006171,C01267,2024-11-23,Completed,Web,Karachi,RapidGo,Wallet,
UB-006172,C01102,2024-04-02,Completed,Mobile App,Islamabad,SwiftEx,Card,
UB-006173,C01050,2025-05-15,Completed,Web,Peshawar,RapidGo,Cash on Delivery,
UB-006174,C00173,2024-12-27,Completed,Marketplace,Faisalabad,BlueLine,Cash on Delivery,
UB-006175,C01128,2024-10-17,Completed,Web,Rawalpindi,BlueLine,Bank Transfer,FREESHIP
UB-006176,C00821,2024-02-26,Returned,Mobile App,Faisalabad,SwiftEx,Card,
UB-006177,C01443,2024-12-29,Completed,Mobile App,Lahore,Store Pickup,Cash on Delivery,SAVE15
UB-006178,C00405,2025-09-07,Completed,Mobile App,Islamabad,BlueLine,Cash on Delivery,SAVE15
UB-006179,C00703,2024-05-12,Completed,Marketplace,Lahore,SwiftEx,Wallet,SAVE15
UB-006180,C00316,2025-03-31,Completed,Mobile App,Lahore,BlueLine,Cash on Delivery,
UB-006181,C00075,2025-10-21,Completed,Marketplace,Rawalpindi,BlueLine,Cash on Delivery,FREESHIP
UB-006182,C00063,2024-03-24,Completed,Mobile App,Karachi,BlueLine,Cash on Delivery,
UB-006183,C01186,2024-10-23,Completed,Web,Rawalpindi,RapidGo,Card,
UB-006184,C00448,2025-05-28,Completed,Web,Peshawar,SwiftEx,Cash on Delivery,
UB-006185,C00715,2024-07-25,Completed,Mobile App,Lahore,SwiftEx,Wallet,FREESHIP
UB-006186,C01134,2024-04-29,Completed,Mobile App,Rawalpindi,SwiftEx,Cash on Delivery,
UB-006187,C01240,2025-03-29,Completed,Web,Lahore,SwiftEx,Cash on Delivery,
UB-006188,C00326,2025-04-01,Completed,Marketplace,Rawalpindi,BlueLine,Card,SAVE15
UB-006189,C01509,2025-01-30,Completed,Mobile App,Lahore,Store Pickup,Card,
UB-006190,C00041,2024-07-14,Completed,Web,Rawalpindi,SwiftEx,Card,FREESHIP
UB-006191,C01048,2024-08-15,Completed,Web,Rawalpindi,BlueLine,Wallet,
UB-006192,C00922,2025-04-01,Returned,Mobile App,Islamabad,SwiftEx,Card,
UB-006193,C00871,2024-05-29,Completed,Mobile App,Karachi,SwiftEx,Card,
UB-006194,C00288,2024-04-11,Completed,Mobile App,Lahore,SwiftEx,Cash on Delivery,
UB-006195,C00165,2025-02-02,Completed,Web,Faisalabad,RapidGo,Card,
UB-006196,C00022,2025-09-26,Completed,Mobile App,Karachi,BlueLine,Cash on Delivery,
UB-006197,C01590,2025-02-16,Completed,Marketplace,Islamabad,BlueLine,Cash on Delivery,
UB-006198,C00395,2024-06-07,Completed,Mobile App,Lahore,RapidGo,Cash on Delivery,
UB-006199,C00772,2025-11-11,Completed,Web,Rawalpindi,SwiftEx,Bank Transfer,APP5
UB-006200,C00202,2024-07-17,Completed,Mobile App,Lahore,SwiftEx,Bank Transfer,
UB-006201,C01170,2024-06-03,Returned,Mobile App,Islamabad,BlueLine,Wallet,
UB-006202,C00858,2025-04-16,Returned,Mobile App,Karachi,SwiftEx,Cash on Delivery,
UB-006203,C00155,2024-09-18,Completed,Mobile App,Karachi,SwiftEx,Wallet,APP5
UB-006204,C00205,2025-06-02,Completed,Web,Lahore,BlueLine,Cash on Delivery,SAVE15
UB-006205,C01161,2025-03-01,Completed,Marketplace,Karachi,RapidGo,Cash on Delivery,
UB-006206,C01168,2024-02-26,Completed,Web,Faisalabad,Store Pickup,Cash on Delivery,
UB-006207,C00799,2025-02-06,Completed,Web,Islamabad,Store Pickup,Cash on Delivery,
UB-006208,C00752,2025-01-06,Completed,Marketplace,Islamabad,Store Pickup,Cash on Delivery,APP5
UB-006209,C01027,2024-10-03,Completed,Mobile App,Karachi,SwiftEx,Bank Transfer,APP5
UB-006210,C01111,2024-11-22,Completed,Marketplace,Lahore,SwiftEx,Cash on Delivery,
UB-006211,C00466,2025-10-24,Completed,Web,Lahore,BlueLine,Cash on Delivery,
UB-006212,C01151,2024-02-03,Completed,Mobile App,Karachi,BlueLine,Card,
UB-006213,C00265,2024-02-09,Completed,Web,Lahore,RapidGo,Wallet,SAVE15
UB-006214,C01044,2024-03-08,Completed,Web,Islamabad,BlueLine,Bank Transfer,
UB-006215,C00998,2024-08-28,Completed,Marketplace,Faisalabad,Store Pickup,Cash on Delivery,
UB-006216,C01088,2024-10-25,Completed,Web,Karachi,SwiftEx,Card,
UB-006217,C01501,2025-05-18,Completed,Mobile App,Karachi,RapidGo,Wallet,
UB-006218,C01477,2024-03-07,Completed,Mobile App,Peshawar,Store Pickup,Card,APP5
UB-006219,C00506,2024-06-20,Returned,Web,Karachi,SwiftEx,Cash on Delivery,FREESHIP
UB-006220,C01368,2025-06-30,Completed,Marketplace,Islamabad,SwiftEx,Bank Transfer,
UB-006221,C01378,2025-11-05,Completed,Web,Peshawar,SwiftEx,Cash on Delivery,
UB-006222,C01319,2025-09-09,Completed,Mobile App,Karachi,RapidGo,Bank Transfer,
UB-006223,C00278,2024-07-03,Completed,Mobile App,Islamabad,RapidGo,Card,
UB-006224,C00804,2025-11-04,Cancelled,Web,Rawalpindi,SwiftEx,Wallet,SAVE15
UB-006225,C00992,2024-02-10,Completed,Mobile App,Islamabad,SwiftEx,Cash on Delivery,
UB-006226,C00244,2025-01-30,Completed,Mobile App,Islamabad,Store Pickup,Cash on Delivery,WELCOME10
UB-006227,C01499,2024-05-28,Completed,Mobile App,Faisalabad,Store Pickup,Wallet,
UB-006228,C00423,2025-04-24,Completed,Web,Karachi,Store Pickup,Cash on Delivery,
UB-006229,C01218,2025-07-14,Completed,Mobile App,Karachi,SwiftEx,Wallet,
UB-006230,C00783,2024-03-24,Completed,Web,Rawalpindi,RapidGo,Card,FREESHIP
UB-006231,C01469,2025-11-27,Completed,Marketplace,Islamabad,BlueLine,Bank Transfer,
UB-006232,C00830,2025-01-12,Completed,Marketplace,Islamabad,BlueLine,Card,
UB-006233,C00912,2025-12-19,Completed,Web,Islamabad,SwiftEx,Card,
UB-006234,C01341,2024-03-20,Completed,Mobile App,Rawalpindi,BlueLine,Card,
UB-006235,C01582,2025-08-09,Returned,Mobile App,Peshawar,BlueLine,Card,SAVE15
UB-006236,C00754,2024-08-11,Completed,Mobile App,Peshawar,SwiftEx,Cash on Delivery,
UB-006237,C01003,2025-02-03,Completed,Mobile App,Lahore,SwiftEx,Cash on Delivery,
UB-006238,C00443,2024-04-23,Completed,Web,Islamabad,RapidGo,Cash on Delivery,
UB-006239,C01119,2024-10-03,Completed,Web,Faisalabad,SwiftEx,Card,
UB-006240,C00697,2024-08-13,Completed,Mobile App,Islamabad,Store Pickup,Card,
UB-006241,C00799,2024-05-18,Completed,Mobile App,Islamabad,SwiftEx,Cash on Delivery,SAVE15
UB-006242,C00583,2024-05-20,Completed,Marketplace,Karachi,BlueLine,Cash on Delivery,
UB-006243,C01424,2024-11-22,Completed,Marketplace,Karachi,RapidGo,Wallet,
UB-006244,C01236,2024-01-02,Completed,Mobile App,Islamabad,Store Pickup,Cash on Delivery,
UB-006245,C00149,2024-12-18,Completed,Web,Faisalabad,BlueLine,Cash on Delivery,WELCOME10
UB-006246,C00704,2024-03-29,Completed,Web,Islamabad,Store Pickup,Cash on Delivery,APP5
UB-006247,C00504,2024-02-13,Completed,Mobile App,Islamabad,SwiftEx,Cash on Delivery,
UB-006248,C01022,2024-10-12,Cancelled,Web,Rawalpindi,RapidGo,Card,
UB-006249,C00053,2024-06-27,Completed,Marketplace,Lahore,BlueLine,Bank Transfer,
UB-006250,C01525,2024-10-23,Completed,Mobile App,Lahore,RapidGo,Bank Transfer,
UB-006251,C01077,2025-12-04,Completed,Web,Islamabad,Store Pickup,Wallet,
UB-006252,C00219,2025-03-11,Completed,Mobile App,Rawalpindi,BlueLine,Cash on Delivery,
UB-006253,C01374,2024-09-09,Completed,Mobile App,Lahore,SwiftEx,Cash on Delivery,
UB-006254,C00223,2024-10-18,Completed,Mobile App,Faisalabad,SwiftEx,Cash on Delivery,
UB-006255,C00984,2024-03-19,Completed,Web,Karachi,BlueLine,Card,
UB-006256,C01177,2024-10-21,Completed,Marketplace,Lahore,RapidGo,Card,SAVE15
UB-006257,C00268,2024-02-11,Completed,Web,Faisalabad,SwiftEx,Card,
UB-006258,C00830,2025-09-10,Completed,Mobile App,Islamabad,SwiftEx,Card,
UB-006259,C01527,2025-04-29,Completed,Mobile App,Faisalabad,SwiftEx,Wallet,
UB-006260,C00001,2025-11-23,Completed,Web,Rawalpindi,SwiftEx,Wallet,
UB-006261,C00890,2024-04-19,Completed,Marketplace,Peshawar,BlueLine,Wallet,WELCOME10
UB-006262,C00539,2024-08-11,Completed,Mobile App,Islamabad,Store Pickup,Cash on Delivery,FREESHIP
UB-006263,C00807,2025-02-01,Completed,Web,Rawalpindi,RapidGo,Cash on Delivery,
UB-006264,C00841,2025-01-06,Completed,Web,Karachi,SwiftEx,Cash on Delivery,
UB-006265,C00978,2025-12-22,Completed,Mobile App,Islamabad,SwiftEx,Cash on Delivery,
UB-006266,C00269,2024-02-28,Cancelled,Mobile App,Peshawar,BlueLine,Card,
UB-006267,C01274,2025-07-19,Completed,Marketplace,Lahore,Store Pickup,Cash on Delivery,
UB-006268,C00013,2025-01-22,Completed,Mobile App,Peshawar,Store Pickup,Card,WELCOME10
UB-006269,C00823,2025-06-19,Completed,Web,Rawalpindi,BlueLine,Card,
UB-006270,C00303,2024-07-27,Completed,Mobile App,Karachi,Store Pickup,Cash on Delivery,FREESHIP
UB-006271,C00172,2025-12-17,Completed,Web,Peshawar,SwiftEx,Cash on Delivery,
UB-006272,C01514,2025-10-18,Completed,Mobile App,Lahore,BlueLine,Cash on Delivery,
UB-006273,C01501,2024-05-30,Completed,Web,Karachi,Store Pickup,Card,
UB-006274,C01436,2024-10-22,Completed,Mobile App,Rawalpindi,RapidGo,Cash on Delivery,
UB-006275,C00238,2024-08-12,Completed,Web,Karachi,Store Pickup,Bank Transfer,
UB-006276,C00796,2024-03-16,Completed,Web,Rawalpindi,RapidGo,Bank Transfer,SAVE15
UB-006277,C00749,2025-06-05,Completed,Mobile App,Rawalpindi,SwiftEx,Card,
UB-006278,C01530,2024-09-13,Completed,Mobile App,Rawalpindi,RapidGo,Cash on Delivery,WELCOME10
UB-006279,C00570,2025-09-26,Completed,Marketplace,Karachi,SwiftEx,Cash on Delivery,SAVE15
UB-006280,C01595,2024-09-26,Completed,Mobile App,Rawalpindi,SwiftEx,Card,
UB-006281,C00929,2025-03-11,Cancelled,Mobile App,Islamabad,RapidGo,Cash on Delivery,
UB-006282,C00279,2024-01-26,Completed,Mobile App,Rawalpindi,RapidGo,Card,
UB-006283,C00255,2024-09-20,Completed,Web,Karachi,BlueLine,Cash on Delivery,WELCOME10
UB-006284,C00558,2025-10-05,Completed,Marketplace,Lahore,SwiftEx,Wallet,
UB-006285,C01240,2024-11-20,Completed,Mobile App,Lahore,BlueLine,Card,FREESHIP
UB-006286,C00805,2024-06-25,Completed,Web,Islamabad,RapidGo,Card,
UB-006287,C01134,2025-05-12,Completed,Mobile App,Rawalpindi,Store Pickup,Card,WELCOME10
UB-006288,C01239,2024-12-26,Completed,Web,Faisalabad,SwiftEx,Card,WELCOME10
UB-006289,C00163,2025-11-22,Completed,Mobile App,Islamabad,RapidGo,Bank Transfer,
UB-006290,C00026,2024-08-24,Completed,Web,Rawalpindi,RapidGo,Cash on Delivery,WELCOME10
UB-006291,C00124,2024-03-19,Completed,Web,Rawalpindi,RapidGo,Cash on Delivery,
UB-006292,C01245,2025-09-15,Completed,Web,Karachi,BlueLine,Cash on Delivery,
UB-006293,C00164,2025-12-02,Completed,Mobile App,Karachi,SwiftEx,Bank Transfer,
UB-006294,C00726,2024-07-19,Returned,Web,Karachi,SwiftEx,Card,
UB-006295,C01017,2024-03-22,Completed,Web,Karachi,RapidGo,Cash on Delivery,WELCOME10
UB-006296,C00689,2024-12-07,Completed,Mobile App,Karachi,RapidGo,Cash on Delivery,
UB-006297,C01378,2024-05-07,Completed,Web,Peshawar,SwiftEx,Cash on Delivery,APP5
UB-006298,C01147,2025-01-19,Completed,Mobile App,Karachi,SwiftEx,Cash on Delivery,
UB-006299,C00969,2024-11-23,Completed,Mobile App,Islamabad,BlueLine,Cash on Delivery,SAVE15
UB-006300,C00084,2024-12-01,Completed,Web,Lahore,RapidGo,Cash on Delivery,
UB-006301,C01533,2024-04-17,Completed,Web,Islamabad,RapidGo,Bank Transfer,WELCOME10
UB-006302,C01231,2025-09-23,Completed,Web,Peshawar,SwiftEx,Cash on Delivery,
UB-006303,C01126,2025-02-08,Completed,Mobile App,Peshawar,SwiftEx,Wallet,WELCOME10
UB-006304,C00106,2025-08-21,Completed,Mobile App,Rawalpindi,BlueLine,Wallet,
UB-006305,C00547,2024-11-05,Completed,Mobile App,Lahore,BlueLine,Cash on Delivery,
UB-006306,C00097,2025-02-23,Completed,Mobile App,Lahore,SwiftEx,Bank Transfer,
UB-006307,C00728,2024-07-19,Completed,Mobile App,Rawalpindi,SwiftEx,Cash on Delivery,
UB-006308,C00665,2025-12-10,Completed,Web,Islamabad,SwiftEx,Card,
UB-006309,C01322,2025-09-21,Completed,Web,Islamabad,RapidGo,Card,
UB-006310,C01037,2025-11-27,Completed,Marketplace,Islamabad,SwiftEx,Cash on Delivery,
UB-006311,C01297,2024-10-13,Completed,Web,Islamabad,RapidGo,Card,
UB-006312,C01326,2025-07-13,Completed,Mobile App,Rawalpindi,BlueLine,Cash on Delivery,
UB-006313,C01201,2025-08-03,Completed,Mobile App,Islamabad,Store Pickup,Bank Transfer,
UB-006314,C00584,2025-10-18,Completed,Mobile App,Peshawar,BlueLine,Cash on Delivery,
UB-006315,C00979,2024-07-03,Returned,Mobile App,Lahore,BlueLine,Wallet,SAVE15
UB-006316,C00302,2024-07-12,Completed,Mobile App,Islamabad,SwiftEx,Cash on Delivery,
UB-006317,C01096,2025-07-10,Completed,Web,Rawalpindi,SwiftEx,Wallet,
UB-006318,C01405,2024-03-04,Completed,Web,Rawalpindi,SwiftEx,Wallet,
UB-006319,C00271,2024-02-12,Cancelled,Mobile App,Islamabad,BlueLine,Cash on Delivery,
UB-006320,C00001,2025-08-20,Completed,Mobile App,Rawalpindi,BlueLine,Cash on Delivery,
UB-006321,C00213,2025-04-19,Completed,Marketplace,Rawalpindi,Store Pickup,Bank Transfer,
UB-006322,C01439,2025-12-15,Completed,Mobile App,Islamabad,SwiftEx,Cash on Delivery,
UB-006323,C00474,2025-06-04,Completed,Web,Islamabad,RapidGo,Bank Transfer,APP5
UB-006324,C01408,2024-10-31,Completed,Mobile App,Islamabad,RapidGo,Cash on Delivery,
UB-006325,C00181,2024-10-07,Completed,Web,Rawalpindi,RapidGo,Card,
UB-006326,C01139,2025-03-14,Completed,Mobile App,Peshawar,BlueLine,Card,
UB-006327,C01115,2025-09-01,Completed,Mobile App,Faisalabad,SwiftEx,Cash on Delivery,
UB-006328,C01044,2025-05-18,Completed,Mobile App,Islamabad,SwiftEx,Wallet,
UB-006329,C00816,2025-04-02,Completed,Mobile App,Faisalabad,BlueLine,Cash on Delivery,
UB-006330,C00997,2025-09-10,Completed,Marketplace,Faisalabad,SwiftEx,Cash on Delivery,
UB-006331,C00962,2024-08-08,Completed,Web,Rawalpindi,BlueLine,Bank Transfer,
UB-006332,C01133,2025-12-11,Completed,Mobile App,Karachi,BlueLine,Card,
UB-006333,C00697,2025-07-28,Cancelled,Web,Islamabad,BlueLine,Cash on Delivery,
UB-006334,C00973,2024-04-07,Completed,Mobile App,Karachi,RapidGo,Card,WELCOME10
UB-006335,C00662,2024-09-15,Completed,Mobile App,Rawalpindi,SwiftEx,Cash on Delivery,
UB-006336,C00949,2024-09-15,Completed,Mobile App,Faisalabad,BlueLine,Card,WELCOME10
UB-006337,C00665,2024-08-20,Completed,Mobile App,Islamabad,SwiftEx,Cash on Delivery,
UB-006338,C01137,2024-06-16,Completed,Web,Peshawar,RapidGo,Card,APP5
UB-006339,C01579,2024-10-09,Returned,Mobile App,Rawalpindi,Store Pickup,Wallet,
UB-006340,C00753,2024-09-28,Completed,Marketplace,Karachi,RapidGo,Cash on Delivery,
UB-006341,C00821,2025-07-23,Completed,Mobile App,Faisalabad,RapidGo,Card,FREESHIP
UB-006342,C01477,2024-10-31,Completed,Web,Peshawar,Store Pickup,Cash on Delivery,SAVE15
UB-006343,C00862,2025-06-19,Completed,Web,Rawalpindi,SwiftEx,Cash on Delivery,
UB-006344,C00901,2024-07-16,Completed,Web,Karachi,BlueLine,Cash on Delivery,
UB-006345,C00045,2025-02-12,Completed,Web,Rawalpindi,BlueLine,Card,
UB-006346,C01580,2025-02-18,Completed,Web,Lahore,BlueLine,Cash on Delivery,
UB-006347,C01100,2025-12-05,Completed,Mobile App,Islamabad,Store Pickup,Card,
UB-006348,C01383,2024-12-05,Completed,Mobile App,Lahore,SwiftEx,Cash on Delivery,
UB-006349,C00935,2025-04-17,Completed,Mobile App,Islamabad,RapidGo,Cash on Delivery,WELCOME10
UB-006350,C00946,2024-10-18,Completed,Web,Lahore,SwiftEx,Cash on Delivery,
UB-006351,C00122,2024-10-27,Completed,Web,Karachi,SwiftEx,Cash on Delivery,
UB-006352,C00748,2024-11-12,Completed,Web,Lahore,SwiftEx,Card,
UB-006353,C01419,2025-08-21,Completed,Mobile App,Islamabad,RapidGo,Wallet,APP5
UB-006354,C00245,2025-04-18,Completed,Web,Lahore,RapidGo,Cash on Delivery,APP5
UB-006355,C00448,2025-04-01,Completed,Web,Peshawar,BlueLine,Card,
UB-006356,C01019,2024-02-22,Completed,Marketplace,Lahore,Store Pickup,Card,
UB-006357,C01121,2025-08-02,Completed,Mobile App,Lahore,SwiftEx,Wallet,APP5
UB-006358,C01416,2024-12-11,Completed,Marketplace,Rawalpindi,BlueLine,Card,FREESHIP
UB-006359,C00950,2025-05-06,Completed,Mobile App,Karachi,SwiftEx,Cash on Delivery,APP5
UB-006360,C00046,2024-12-13,Completed,Web,Karachi,BlueLine,Cash on Delivery,
UB-006361,C01576,2025-10-14,Completed,Mobile App,Islamabad,SwiftEx,Cash on Delivery,
UB-006362,C01396,2025-04-03,Completed,Mobile App,Islamabad,SwiftEx,Bank Transfer,
UB-006363,C01344,2025-11-23,Completed,Web,Rawalpindi,Store Pickup,Card,FREESHIP
UB-006364,C01147,2024-09-20,Completed,Mobile App,Karachi,SwiftEx,Cash on Delivery,
UB-006365,C01403,2025-12-11,Completed,Mobile App,Karachi,BlueLine,Cash on Delivery,APP5
UB-006366,C01578,2024-12-09,Completed,Web,Islamabad,SwiftEx,Card,
UB-006367,C00296,2025-07-19,Completed,Mobile App,Faisalabad,RapidGo,Bank Transfer,
UB-006368,C00529,2024-09-11,Returned,Web,Rawalpindi,SwiftEx,Cash on Delivery,
UB-006369,C01180,2025-10-09,Completed,Mobile App,Rawalpindi,SwiftEx,Cash on Delivery,
UB-006370,C00653,2025-07-27,Cancelled,Web,Faisalabad,BlueLine,Bank Transfer,FREESHIP
UB-006371,C01447,2024-07-31,Completed,Web,Rawalpindi,SwiftEx,Card,WELCOME10
UB-006372,C00056,2024-02-09,Completed,Web,Rawalpindi,RapidGo,Cash on Delivery,WELCOME10
UB-006373,C01576,2025-08-16,Completed,Web,Islamabad,RapidGo,Card,APP5
UB-006374,C00296,2024-09-05,Completed,Mobile App,Faisalabad,SwiftEx,Bank Transfer,
UB-006375,C01234,2025-11-13,Completed,Mobile App,Rawalpindi,BlueLine,Cash on Delivery,
UB-006376,C01198,2025-06-08,Returned,Mobile App,Karachi,SwiftEx,Cash on Delivery,WELCOME10
UB-006377,C00307,2024-11-15,Completed,Mobile App,Islamabad,RapidGo,Bank Transfer,
UB-006378,C00651,2025-03-17,Completed,Web,Faisalabad,BlueLine,Bank Transfer,
UB-006379,C00828,2024-05-03,Returned,Marketplace,Islamabad,BlueLine,Card,
UB-006380,C00895,2025-02-14,Returned,Mobile App,Rawalpindi,RapidGo,Cash on Delivery,
UB-006381,C00095,2024-06-27,Completed,Mobile App,Islamabad,SwiftEx,Card,
UB-006382,C01498,2024-05-10,Completed,Mobile App,Karachi,BlueLine,Bank Transfer,
UB-006383,C00955,2024-12-06,Completed,Mobile App,Peshawar,Store Pickup,Cash on Delivery,
UB-006384,C01505,2024-07-14,Completed,Web,Lahore,RapidGo,Wallet,
UB-006385,C00101,2024-03-27,Completed,Mobile App,Faisalabad,RapidGo,Cash on Delivery,
UB-006386,C00632,2025-01-13,Completed,Mobile App,Rawalpindi,RapidGo,Cash on Delivery,
UB-006387,C00647,2025-07-03,Completed,Mobile App,Rawalpindi,SwiftEx,Cash on Delivery,
UB-006388,C00400,2024-12-27,Completed,Web,Islamabad,RapidGo,Bank Transfer,
UB-006389,C00972,2024-06-27,Completed,Mobile App,Faisalabad,SwiftEx,Cash on Delivery,FREESHIP
UB-006390,C01202,2025-02-06,Completed,Web,Karachi,Store Pickup,Cash on Delivery,WELCOME10
UB-006391,C01232,2024-03-06,Completed,Web,Lahore,SwiftEx,Card,
UB-006392,C00989,2025-01-30,Returned,Web,Peshawar,SwiftEx,Card,WELCOME10
UB-006393,C00063,2024-12-09,Completed,Web,Karachi,BlueLine,Card,
UB-006394,C01016,2025-03-02,Completed,Web,Lahore,Store Pickup,Cash on Delivery,
UB-006395,C00157,2024-09-20,Completed,Marketplace,Islamabad,Store Pickup,Cash on Delivery,
UB-006396,C00778,2024-06-26,Completed,Marketplace,Islamabad,Store Pickup,Cash on Delivery,
UB-006397,C00188,2024-02-13,Completed,Mobile App,Islamabad,Store Pickup,Card,
UB-006398,C00044,2024-04-29,Completed,Mobile App,Karachi,SwiftEx,Wallet,WELCOME10
UB-006399,C00237,2024-11-30,Returned,Mobile App,Islamabad,BlueLine,Cash on Delivery,SAVE15
UB-006400,C01402,2025-03-03,Completed,Web,Rawalpindi,Store Pickup,Card,
UB-006401,C00012,2024-06-06,Completed,Web,Karachi,BlueLine,Card,
UB-006402,C00573,2024-12-02,Completed,Mobile App,Rawalpindi,SwiftEx,Cash on Delivery,
UB-006403,C00662,2024-03-22,Completed,Mobile App,Rawalpindi,Store Pickup,Card,WELCOME10
UB-006404,C00338,2024-10-18,Completed,Mobile App,Rawalpindi,RapidGo,Cash on Delivery,
UB-006405,C00607,2024-03-08,Completed,Marketplace,Islamabad,Store Pickup,Cash on Delivery,
UB-006406,C00005,2024-06-21,Completed,Web,Islamabad,RapidGo,Cash on Delivery,
UB-006407,C00094,2025-04-18,Completed,Mobile App,Karachi,SwiftEx,Card,SAVE15
UB-006408,C00033,2025-06-02,Returned,Mobile App,Karachi,RapidGo,Cash on Delivery,SAVE15
UB-006409,C01274,2025-08-02,Completed,Web,Lahore,RapidGo,Wallet,
UB-006410,C00394,2024-12-30,Completed,Web,Karachi,Store Pickup,Cash on Delivery,SAVE15
UB-006411,C01194,2024-04-09,Returned,Mobile App,Karachi,BlueLine,Card,
UB-006412,C00192,2025-09-18,Completed,Marketplace,Rawalpindi,Store Pickup,Card,
UB-006413,C00864,2025-06-01,Completed,Mobile App,Islamabad,SwiftEx,Card,
UB-006414,C01012,2024-06-27,Completed,Mobile App,Karachi,BlueLine,Card,
UB-006415,C00141,2025-04-26,Completed,Mobile App,Peshawar,Store Pickup,Bank Transfer,APP5
UB-006416,C00844,2024-01-14,Completed,Web,Faisalabad,SwiftEx,Wallet,
UB-006417,C01455,2025-02-06,Completed,Mobile App,Islamabad,RapidGo,Cash on Delivery,APP5
UB-006418,C01226,2024-01-14,Completed,Mobile App,Peshawar,RapidGo,Card,FREESHIP
UB-006419,C00465,2025-02-04,Completed,Web,Faisalabad,SwiftEx,Cash on Delivery,APP5
UB-006420,C00685,2024-11-26,Completed,Web,Karachi,BlueLine,Cash on Delivery,
UB-006421,C00771,2025-06-01,Completed,Web,Islamabad,BlueLine,Cash on Delivery,
UB-006422,C01313,2024-03-11,Completed,Web,Rawalpindi,SwiftEx,Card,
UB-006423,C01034,2024-06-05,Completed,Marketplace,Lahore,RapidGo,Bank Transfer,
UB-006424,C01310,2025-04-05,Completed,Mobile App,Karachi,RapidGo,Cash on Delivery,
UB-006425,C00627,2024-07-26,Cancelled,Mobile App,Lahore,SwiftEx,Wallet,
UB-006426,C00947,2024-03-15,Completed,Mobile App,Karachi,SwiftEx,Cash on Delivery,FREESHIP
UB-006427,C00653,2024-12-29,Completed,Mobile App,Faisalabad,SwiftEx,Cash on Delivery,FREESHIP
UB-006428,C01322,2025-12-31,Completed,Mobile App,Islamabad,SwiftEx,Wallet,WELCOME10
UB-006429,C00958,2025-06-04,Completed,Web,Rawalpindi,Store Pickup,Cash on Delivery,WELCOME10
UB-006430,C01474,2024-10-26,Completed,Web,Lahore,BlueLine,Cash on Delivery,
UB-006431,C00227,2024-06-19,Completed,Web,Rawalpindi,Store Pickup,Cash on Delivery,APP5
UB-006432,C00931,2024-03-14,Completed,Mobile App,Faisalabad,Store Pickup,Card,
UB-006433,C00792,2024-05-27,Completed,Mobile App,Faisalabad,SwiftEx,Cash on Delivery,
UB-006434,C01103,2024-06-21,Completed,Mobile App,Karachi,RapidGo,Cash on Delivery,
UB-006435,C00635,2025-01-06,Returned,Web,Faisalabad,RapidGo,Cash on Delivery,
UB-006436,C00025,2024-04-09,Cancelled,Mobile App,Lahore,BlueLine,Bank Transfer,
UB-006437,C00511,2024-10-13,Completed,Web,Islamabad,BlueLine,Cash on Delivery,
UB-006438,C00643,2024-01-09,Completed,Web,Faisalabad,SwiftEx,Wallet,APP5
UB-006439,C00302,2025-12-09,Completed,Web,Islamabad,Store Pickup,Wallet,FREESHIP
UB-006440,C01240,2025-03-09,Completed,Mobile App,Lahore,SwiftEx,Card,SAVE15
UB-006441,C00584,2024-12-15,Completed,Web,Peshawar,BlueLine,Card,WELCOME10
UB-006442,C00285,2024-08-10,Completed,Mobile App,Karachi,RapidGo,Card,WELCOME10
UB-006443,C00831,2025-06-20,Completed,Mobile App,Karachi,BlueLine,Bank Transfer,APP5
UB-006444,C01077,2024-10-19,Completed,Mobile App,Islamabad,BlueLine,Card,
UB-006445,C00825,2024-03-10,Completed,Web,Faisalabad,BlueLine,Cash on Delivery,
UB-006446,C00179,2024-02-07,Completed,Mobile App,Islamabad,BlueLine,Card,
UB-006447,C00595,2024-07-30,Completed,Web,Lahore,BlueLine,Card,FREESHIP
UB-006448,C00445,2024-05-03,Completed,Mobile App,Islamabad,SwiftEx,Cash on Delivery,SAVE15
UB-006449,C00233,2025-12-27,Completed,Web,Islamabad,SwiftEx,Card,
UB-006450,C00532,2024-08-29,Returned,Web,Rawalpindi,BlueLine,Bank Transfer,
UB-006451,C01260,2025-07-31,Completed,Web,Rawalpindi,BlueLine,Cash on Delivery,
UB-006452,C01044,2024-10-17,Cancelled,Web,Islamabad,SwiftEx,Bank Transfer,
UB-006453,C00131,2025-08-22,Completed,Web,Rawalpindi,Store Pickup,Card,FREESHIP
UB-006454,C00771,2025-06-14,Completed,Web,Islamabad,Store Pickup,Card,WELCOME10
UB-006455,C01257,2024-04-06,Completed,Web,Rawalpindi,BlueLine,Bank Transfer,
UB-006456,C00960,2024-08-31,Completed,Marketplace,Faisalabad,SwiftEx,Cash on Delivery,WELCOME10
UB-006457,C00714,2025-08-12,Completed,Mobile App,Peshawar,BlueLine,Cash on Delivery,
UB-006458,C01285,2025-11-23,Cancelled,Mobile App,Rawalpindi,SwiftEx,Card,WELCOME10
UB-006459,C00573,2024-11-03,Completed,Marketplace,Rawalpindi,SwiftEx,Card,FREESHIP
UB-006460,C01326,2024-08-01,Completed,Mobile App,Rawalpindi,BlueLine,Card,
UB-006461,C01572,2024-02-01,Completed,Mobile App,Islamabad,Store Pickup,Bank Transfer,
UB-006462,C01338,2024-12-01,Completed,Web,Faisalabad,BlueLine,Cash on Delivery,
UB-006463,C01534,2024-10-11,Completed,Mobile App,Peshawar,SwiftEx,Card,APP5
UB-006464,C00798,2025-12-06,Completed,Web,Karachi,SwiftEx,Cash on Delivery,FREESHIP
UB-006465,C00224,2025-05-13,Completed,Mobile App,Rawalpindi,BlueLine,Wallet,
UB-006466,C01464,2024-10-26,Completed,Mobile App,Rawalpindi,BlueLine,Cash on Delivery,
UB-006467,C01284,2024-11-13,Completed,Web,Lahore,BlueLine,Card,WELCOME10
UB-006468,C00040,2024-07-31,Completed,Mobile App,Islamabad,SwiftEx,Card,
UB-006469,C00708,2025-02-09,Completed,Web,Rawalpindi,BlueLine,Cash on Delivery,
UB-006470,C00902,2025-08-18,Completed,Web,Islamabad,BlueLine,Bank Transfer,SAVE15
UB-006471,C01474,2025-11-24,Completed,Mobile App,Lahore,RapidGo,Cash on Delivery,
UB-006472,C00647,2024-10-12,Completed,Mobile App,Rawalpindi,Store Pickup,Card,
UB-006473,C01184,2024-03-12,Completed,Mobile App,Karachi,SwiftEx,Wallet,
UB-006474,C00561,2025-10-22,Completed,Mobile App,Peshawar,SwiftEx,Card,
UB-006475,C00782,2025-01-29,Completed,Web,Islamabad,SwiftEx,Cash on Delivery,WELCOME10
UB-006476,C01469,2024-03-17,Completed,Web,Islamabad,Store Pickup,Cash on Delivery,
UB-006477,C00777,2024-05-24,Returned,Web,Rawalpindi,SwiftEx,Cash on Delivery,SAVE15
UB-006478,C00373,2024-04-10,Completed,Mobile App,Karachi,SwiftEx,Cash on Delivery,
UB-006479,C00983,2025-06-22,Returned,Marketplace,Karachi,SwiftEx,Bank Transfer,SAVE15
UB-006480,C00600,2024-09-01,Completed,Web,Rawalpindi,SwiftEx,Cash on Delivery,
UB-006481,C00251,2024-10-02,Completed,Web,Rawalpindi,BlueLine,Card,
UB-006482,C00260,2025-03-17,Completed,Mobile App,Islamabad,RapidGo,Cash on Delivery,
UB-006483,C00138,2025-09-04,Completed,Marketplace,Karachi,RapidGo,Card,
UB-006484,C01384,2025-07-23,Completed,Web,Peshawar,SwiftEx,Bank Transfer,
UB-006485,C01292,2025-02-10,Returned,Web,Lahore,RapidGo,Wallet,WELCOME10
UB-006486,C01508,2024-12-31,Completed,Web,Faisalabad,BlueLine,Cash on Delivery,FREESHIP
UB-006487,C01153,2025-02-22,Completed,Web,Lahore,BlueLine,Cash on Delivery,
UB-006488,C00763,2025-08-04,Returned,Web,Islamabad,SwiftEx,Wallet,
UB-006489,C01250,2025-11-24,Returned,Marketplace,Rawalpindi,SwiftEx,Cash on Delivery,
UB-006490,C00547,2024-10-16,Completed,Web,Lahore,BlueLine,Wallet,
UB-006491,C01166,2025-07-01,Completed,Mobile App,Lahore,BlueLine,Wallet,SAVE15
UB-006492,C00633,2024-03-07,Completed,Mobile App,Rawalpindi,BlueLine,Bank Transfer,
UB-006493,C01430,2024-05-27,Returned,Marketplace,Islamabad,SwiftEx,Card,FREESHIP
UB-006494,C00796,2024-11-09,Completed,Web,Rawalpindi,RapidGo,Card,FREESHIP
UB-006495,C01402,2025-10-10,Completed,Web,Rawalpindi,BlueLine,Card,APP5
UB-006496,C00941,2024-06-19,Completed,Web,Rawalpindi,BlueLine,Card,
UB-006497,C00417,2024-07-18,Completed,Web,Lahore,SwiftEx,Card,
UB-006498,C01085,2024-02-26,Completed,Mobile App,Faisalabad,BlueLine,Cash on Delivery,
UB-006499,C00791,2024-12-17,Completed,Mobile App,Islamabad,RapidGo,Wallet,
UB-006500,C00885,2024-12-21,Completed,Web,Lahore,RapidGo,Card,
UB-006501,C01464,2024-06-28,Returned,Mobile App,Rawalpindi,BlueLine,Wallet,
UB-006502,C00587,2024-04-17,Cancelled,Web,Karachi,BlueLine,Card,SAVE15
UB-006503,C00785,2024-09-08,Completed,Web,Rawalpindi,Store Pickup,Card,
UB-006504,C00808,2025-03-11,Completed,Mobile App,Rawalpindi,SwiftEx,Wallet,WELCOME10
UB-006505,C01342,2024-05-13,Completed,Web,Islamabad,BlueLine,Card,
UB-006506,C01229,2025-11-10,Completed,Mobile App,Lahore,RapidGo,Cash on Delivery,
UB-006507,C00773,2025-05-09,Completed,Mobile App,Lahore,BlueLine,Cash on Delivery,
UB-006508,C00671,2025-12-10,Completed,Mobile App,Rawalpindi,Store Pickup,Bank Transfer,
UB-006509,C00193,2025-12-29,Completed,Mobile App,Rawalpindi,RapidGo,Card,FREESHIP
UB-006510,C00408,2024-07-14,Completed,Web,Islamabad,SwiftEx,Cash on Delivery,
UB-006511,C01090,2025-07-30,Completed,Mobile App,Karachi,BlueLine,Cash on Delivery,
UB-006512,C00611,2025-10-03,Completed,Marketplace,Lahore,SwiftEx,Card,FREESHIP
UB-006513,C00785,2024-06-17,Completed,Web,Rawalpindi,Store Pickup,Cash on Delivery,APP5
UB-006514,C00805,2025-01-13,Completed,Web,Islamabad,BlueLine,Cash on Delivery,
UB-006515,C01035,2025-03-14,Completed,Web,Rawalpindi,BlueLine,Cash on Delivery,
UB-006516,C01453,2024-12-17,Completed,Mobile App,Faisalabad,BlueLine,Cash on Delivery,
UB-006517,C01006,2025-01-05,Completed,Marketplace,Peshawar,BlueLine,Cash on Delivery,
UB-006518,C00796,2024-02-20,Completed,Mobile App,Rawalpindi,BlueLine,Cash on Delivery,
UB-006519,C00106,2024-05-30,Completed,Web,Rawalpindi,SwiftEx,Cash on Delivery,
UB-006520,C00722,2024-10-17,Completed,Mobile App,Rawalpindi,BlueLine,Card,SAVE15
UB-006521,C00339,2025-05-30,Returned,Mobile App,Rawalpindi,RapidGo,Wallet,
UB-006522,C00330,2024-11-07,Completed,Mobile App,Lahore,RapidGo,Card,
UB-006523,C00961,2025-10-15,Completed,Marketplace,Rawalpindi,Store Pickup,Cash on Delivery,
UB-006524,C01271,2025-11-20,Completed,Web,Rawalpindi,Store Pickup,Cash on Delivery,
UB-006525,C00633,2024-02-22,Completed,Web,Rawalpindi,RapidGo,Wallet,FREESHIP
UB-006526,C00644,2024-08-30,Completed,Mobile App,Faisalabad,BlueLine,Card,
UB-006527,C00436,2025-07-02,Completed,Web,Karachi,SwiftEx,Wallet,
UB-006528,C01087,2025-09-06,Completed,Web,Lahore,SwiftEx,Wallet,
UB-006529,C01590,2024-10-24,Completed,Mobile App,Islamabad,SwiftEx,Card,
UB-006530,C01525,2024-06-01,Completed,Marketplace,Lahore,RapidGo,Card,
UB-006531,C00166,2024-08-24,Completed,Marketplace,Lahore,RapidGo,Cash on Delivery,
UB-006532,C01262,2024-01-24,Completed,Web,Islamabad,SwiftEx,Card,
UB-006533,C00997,2025-12-27,Completed,Web,Faisalabad,RapidGo,Cash on Delivery,
UB-006534,C00048,2024-05-29,Completed,Mobile App,Karachi,SwiftEx,Wallet,WELCOME10
UB-006535,C01045,2024-08-07,Completed,Mobile App,Karachi,SwiftEx,Card,
UB-006536,C00353,2025-12-15,Completed,Mobile App,Peshawar,BlueLine,Wallet,WELCOME10
UB-006537,C01584,2025-01-17,Completed,Marketplace,Rawalpindi,RapidGo,Cash on Delivery,
UB-006538,C00597,2025-03-03,Completed,Marketplace,Peshawar,RapidGo,Cash on Delivery,FREESHIP
UB-006539,C00544,2025-03-31,Completed,Web,Islamabad,BlueLine,Cash on Delivery,
UB-006540,C01418,2025-03-19,Completed,Mobile App,Islamabad,Store Pickup,Cash on Delivery,APP5
UB-006541,C01050,2025-08-24,Completed,Mobile App,Peshawar,BlueLine,Card,FREESHIP
UB-006542,C00486,2024-10-09,Completed,Marketplace,Karachi,SwiftEx,Wallet,APP5
UB-006543,C01532,2024-09-25,Completed,Mobile App,Rawalpindi,RapidGo,Card,APP5
UB-006544,C00593,2024-12-29,Completed,Web,Rawalpindi,RapidGo,Wallet,
UB-006545,C00062,2025-08-02,Completed,Mobile App,Peshawar,SwiftEx,Card,
UB-006546,C01324,2024-02-02,Completed,Web,Rawalpindi,RapidGo,Card,
UB-006547,C00753,2024-06-09,Completed,Mobile App,Karachi,RapidGo,Cash on Delivery,WELCOME10
UB-006548,C01332,2024-03-29,Completed,Web,Islamabad,SwiftEx,Card,APP5
UB-006549,C00683,2025-12-09,Completed,Mobile App,Lahore,SwiftEx,Card,SAVE15
UB-006550,C01281,2024-09-10,Completed,Marketplace,Islamabad,RapidGo,Bank Transfer,
UB-006551,C00552,2025-01-08,Completed,Web,Rawalpindi,RapidGo,Wallet,SAVE15
UB-006552,C00882,2024-11-08,Completed,Marketplace,Rawalpindi,Store Pickup,Wallet,
UB-006553,C00318,2024-04-26,Completed,Mobile App,Peshawar,BlueLine,Card,
UB-006554,C01155,2024-05-02,Completed,Web,Faisalabad,BlueLine,Cash on Delivery,
UB-006555,C00434,2025-12-31,Completed,Web,Karachi,BlueLine,Bank Transfer,
UB-006556,C00695,2025-12-17,Completed,Web,Islamabad,BlueLine,Bank Transfer,
UB-006557,C00295,2025-08-06,Completed,Web,Islamabad,BlueLine,Cash on Delivery,
UB-006558,C01065,2024-09-11,Returned,Mobile App,Islamabad,BlueLine,Cash on Delivery,
UB-006559,C01348,2025-03-20,Completed,Mobile App,Rawalpindi,RapidGo,Wallet,APP5
UB-006560,C00831,2024-02-16,Completed,Web,Karachi,BlueLine,Cash on Delivery,APP5
UB-006561,C00328,2025-05-14,Completed,Web,Faisalabad,BlueLine,Cash on Delivery,
UB-006562,C00736,2024-04-23,Returned,Marketplace,Peshawar,SwiftEx,Cash on Delivery,
UB-006563,C00856,2025-06-29,Returned,Mobile App,Islamabad,BlueLine,Bank Transfer,SAVE15
UB-006564,C00204,2025-11-20,Completed,Mobile App,Peshawar,SwiftEx,Bank Transfer,APP5
UB-006565,C01181,2024-03-01,Returned,Marketplace,Islamabad,BlueLine,Card,SAVE15
UB-006566,C01070,2024-02-14,Completed,Mobile App,Rawalpindi,SwiftEx,Bank Transfer,
UB-006567,C00139,2025-09-17,Completed,Web,Karachi,Store Pickup,Card,
UB-006568,C00552,2025-09-21,Returned,Web,Rawalpindi,BlueLine,Cash on Delivery,
UB-006569,C00312,2024-02-04,Completed,Mobile App,Rawalpindi,BlueLine,Wallet,
UB-006570,C00182,2024-07-12,Completed,Mobile App,Islamabad,SwiftEx,Bank Transfer,
UB-006571,C00849,2024-02-01,Completed,Mobile App,Lahore,SwiftEx,Card,
UB-006572,C00946,2025-09-28,Completed,Marketplace,Lahore,SwiftEx,Cash on Delivery,
UB-006573,C00690,2024-01-04,Completed,Web,Karachi,RapidGo,Card,
UB-006574,C01028,2024-08-29,Completed,Mobile App,Faisalabad,RapidGo,Cash on Delivery,
UB-006575,C00031,2025-12-23,Completed,Web,Rawalpindi,BlueLine,Cash on Delivery,
UB-006576,C00917,2025-09-19,Completed,Marketplace,Rawalpindi,Store Pickup,Bank Transfer,
UB-006577,C00712,2024-03-31,Completed,Web,Karachi,BlueLine,Cash on Delivery,FREESHIP
UB-006578,C01237,2024-12-02,Completed,Mobile App,Islamabad,RapidGo,Cash on Delivery,
UB-006579,C00235,2024-07-05,Completed,Mobile App,Peshawar,RapidGo,Wallet,APP5
UB-006580,C01361,2024-01-04,Returned,Web,Islamabad,Store Pickup,Card,
UB-006581,C00168,2024-11-10,Completed,Web,Faisalabad,RapidGo,Bank Transfer,
UB-006582,C01364,2025-03-02,Completed,Mobile App,Lahore,BlueLine,Wallet,WELCOME10
UB-006583,C00398,2025-01-26,Completed,Web,Rawalpindi,Store Pickup,Wallet,APP5
UB-006584,C01203,2024-06-04,Completed,Web,Lahore,RapidGo,Cash on Delivery,WELCOME10
UB-006585,C01476,2025-07-22,Completed,Mobile App,Rawalpindi,BlueLine,Wallet,WELCOME10
UB-006586,C00537,2025-10-30,Completed,Web,Faisalabad,RapidGo,Card,
UB-006587,C00686,2025-05-26,Completed,Mobile App,Peshawar,BlueLine,Card,WELCOME10
UB-006588,C00235,2024-10-10,Completed,Mobile App,Peshawar,RapidGo,Wallet,
UB-006589,C00992,2025-07-30,Completed,Web,Islamabad,SwiftEx,Bank Transfer,
UB-006590,C00711,2025-12-23,Completed,Web,Faisalabad,BlueLine,Wallet,
UB-006591,C01014,2025-10-30,Completed,Web,Karachi,RapidGo,Bank Transfer,
UB-006592,C00528,2024-01-06,Completed,Mobile App,Karachi,RapidGo,Card,WELCOME10
UB-006593,C01306,2024-05-04,Completed,Mobile App,Rawalpindi,SwiftEx,Card,
UB-006594,C01383,2024-11-15,Cancelled,Web,Lahore,BlueLine,Card,
UB-006595,C00414,2025-10-04,Completed,Web,Lahore,BlueLine,Cash on Delivery,
UB-006596,C01345,2024-09-14,Completed,Marketplace,Lahore,SwiftEx,Wallet,
UB-006597,C00516,2024-12-01,Completed,Web,Rawalpindi,BlueLine,Wallet,
UB-006598,C00211,2024-04-17,Completed,Mobile App,Faisalabad,RapidGo,Cash on Delivery,
UB-006599,C01344,2025-02-26,Completed,Web,Rawalpindi,RapidGo,Wallet,APP5
UB-006600,C00699,2025-05-12,Completed,Web,Rawalpindi,RapidGo,Wallet,
UB-006601,C01126,2024-02-06,Completed,Mobile App,Peshawar,BlueLine,Wallet,
UB-006602,C00972,2025-02-20,Completed,Mobile App,Faisalabad,SwiftEx,Cash on Delivery,
UB-006603,C01036,2024-10-31,Completed,Web,Peshawar,SwiftEx,Wallet,
UB-006604,C01174,2025-07-14,Completed,Mobile App,Faisalabad,SwiftEx,Card,
UB-006605,C00900,2025-09-09,Completed,Web,Faisalabad,Store Pickup,Cash on Delivery,FREESHIP
UB-006606,C00129,2024-10-21,Completed,Web,Karachi,RapidGo,Cash on Delivery,WELCOME10
UB-006607,C01131,2024-10-16,Completed,Mobile App,Rawalpindi,SwiftEx,Cash on Delivery,
UB-006608,C01234,2024-12-06,Completed,Mobile App,Rawalpindi,BlueLine,Cash on Delivery,FREESHIP
UB-006609,C01256,2024-12-09,Completed,Web,Karachi,SwiftEx,Wallet,WELCOME10
UB-006610,C01584,2025-11-28,Completed,Web,Rawalpindi,Store Pickup,Card,
UB-006611,C01267,2025-12-10,Completed,Marketplace,Karachi,BlueLine,Cash on Delivery,WELCOME10
UB-006612,C01137,2025-05-19,Completed,Marketplace,Peshawar,SwiftEx,Bank Transfer,
UB-006613,C01596,2025-11-13,Completed,Web,Rawalpindi,Store Pickup,Wallet,
UB-006614,C00074,2024-06-18,Completed,Mobile App,Karachi,SwiftEx,Cash on Delivery,
UB-006615,C01469,2024-02-20,Completed,Mobile App,Islamabad,Store Pickup,Wallet,APP5
UB-006616,C00455,2025-06-24,Completed,Web,Peshawar,SwiftEx,Cash on Delivery,
UB-006617,C00406,2024-09-16,Completed,Web,Karachi,SwiftEx,Wallet,WELCOME10
UB-006618,C00405,2025-12-14,Completed,Web,Islamabad,RapidGo,Cash on Delivery,FREESHIP
UB-006619,C01290,2024-03-28,Completed,Mobile App,Rawalpindi,SwiftEx,Bank Transfer,
UB-006620,C00690,2024-07-30,Completed,Web,Karachi,Store Pickup,Cash on Delivery,
UB-006621,C00447,2024-03-28,Cancelled,Mobile App,Rawalpindi,BlueLine,Cash on Delivery,
UB-006622,C01419,2024-10-26,Completed,Web,Islamabad,SwiftEx,Card,APP5
UB-006623,C00072,2024-04-08,Completed,Marketplace,Faisalabad,SwiftEx,Cash on Delivery,WELCOME10
UB-006624,C00219,2024-06-11,Completed,Mobile App,Rawalpindi,SwiftEx,Card,FREESHIP
UB-006625,C01111,2025-08-14,Completed,Web,Lahore,RapidGo,Card,
UB-006626,C01034,2025-03-18,Completed,Web,Lahore,BlueLine,Cash on Delivery,
UB-006627,C01440,2025-06-04,Completed,Web,Rawalpindi,SwiftEx,Card,SAVE15
UB-006628,C00740,2025-09-11,Completed,Mobile App,Faisalabad,BlueLine,Bank Transfer,APP5
UB-006629,C01167,2024-07-10,Returned,Web,Islamabad,SwiftEx,Wallet,
UB-006630,C00749,2024-11-18,Completed,Mobile App,Rawalpindi,SwiftEx,Cash on Delivery,APP5
UB-006631,C01269,2024-03-31,Completed,Web,Islamabad,RapidGo,Cash on Delivery,SAVE15
UB-006632,C00746,2024-11-17,Completed,Mobile App,Karachi,SwiftEx,Card,APP5
UB-006633,C00791,2024-08-13,Completed,Mobile App,Islamabad,SwiftEx,Cash on Delivery,
UB-006634,C00870,2024-05-08,Completed,Mobile App,Rawalpindi,RapidGo,Card,
UB-006635,C00856,2024-10-20,Completed,Mobile App,Islamabad,RapidGo,Cash on Delivery,
UB-006636,C00334,2024-10-13,Completed,Marketplace,Peshawar,Store Pickup,Card,SAVE15
UB-006637,C00268,2024-08-11,Completed,Web,Faisalabad,RapidGo,Bank Transfer,APP5
UB-006638,C00604,2025-12-30,Completed,Web,Islamabad,SwiftEx,Cash on Delivery,SAVE15
UB-006639,C01570,2024-06-22,Completed,Mobile App,Rawalpindi,RapidGo,Card,
UB-006640,C00228,2025-07-23,Completed,Web,Karachi,BlueLine,Cash on Delivery,
UB-006641,C01561,2025-12-16,Completed,Marketplace,Lahore,SwiftEx,Bank Transfer,
UB-006642,C00390,2024-06-14,Completed,Mobile App,Rawalpindi,BlueLine,Wallet,
UB-006643,C01524,2024-05-22,Completed,Web,Peshawar,SwiftEx,Card,
UB-006644,C00557,2024-06-25,Completed,Marketplace,Peshawar,SwiftEx,Wallet,
UB-006645,C00435,2024-03-07,Completed,Web,Peshawar,BlueLine,Cash on Delivery,
UB-006646,C00201,2025-09-25,Completed,Web,Karachi,SwiftEx,Cash on Delivery,WELCOME10
UB-006647,C00746,2025-06-06,Completed,Mobile App,Karachi,RapidGo,Bank Transfer,
UB-006648,C01029,2024-04-06,Completed,Marketplace,Rawalpindi,RapidGo,Wallet,
UB-006649,C00213,2024-03-29,Completed,Web,Rawalpindi,BlueLine,Cash on Delivery,WELCOME10
UB-006650,C00371,2024-01-19,Completed,Mobile App,Rawalpindi,Store Pickup,Wallet,
UB-006651,C00307,2024-04-10,Completed,Web,Islamabad,RapidGo,Wallet,APP5
UB-006652,C01481,2025-04-10,Completed,Mobile App,Karachi,BlueLine,Cash on Delivery,
UB-006653,C00869,2024-05-15,Completed,Web,Karachi,BlueLine,Wallet,
UB-006654,C00472,2025-08-07,Completed,Mobile App,Rawalpindi,BlueLine,Cash on Delivery,SAVE15
UB-006655,C00815,2025-03-03,Completed,Marketplace,Faisalabad,SwiftEx,Card,APP5
UB-006656,C00338,2025-08-28,Completed,Mobile App,Rawalpindi,SwiftEx,Wallet,WELCOME10
UB-006657,C00076,2024-03-20,Completed,Web,Rawalpindi,BlueLine,Cash on Delivery,
UB-006658,C00314,2025-02-18,Completed,Mobile App,Islamabad,BlueLine,Cash on Delivery,
UB-006659,C01059,2025-01-27,Completed,Web,Rawalpindi,RapidGo,Bank Transfer,
UB-006660,C00828,2025-11-25,Completed,Web,Islamabad,Store Pickup,Card,
UB-006661,C00882,2024-12-12,Completed,Mobile App,Rawalpindi,SwiftEx,Bank Transfer,
UB-006662,C00025,2024-05-22,Completed,Web,Lahore,BlueLine,Cash on Delivery,
UB-006663,C01172,2024-11-13,Completed,Mobile App,Karachi,RapidGo,Wallet,
UB-006664,C01543,2025-05-15,Completed,Mobile App,Islamabad,SwiftEx,Card,FREESHIP
UB-006665,C00678,2024-01-03,Completed,Web,Lahore,RapidGo,Cash on Delivery,
UB-006666,C00104,2025-12-03,Completed,Marketplace,Islamabad,BlueLine,Card,
UB-006667,C00252,2024-11-21,Completed,Mobile App,Peshawar,BlueLine,Card,WELCOME10
UB-006668,C00682,2024-11-11,Completed,Web,Rawalpindi,RapidGo,Cash on Delivery,
UB-006669,C00881,2025-06-07,Completed,Marketplace,Karachi,RapidGo,Cash on Delivery,
UB-006670,C00484,2025-02-17,Completed,Web,Islamabad,BlueLine,Wallet,
UB-006671,C00916,2025-12-09,Cancelled,Web,Lahore,Store Pickup,Wallet,FREESHIP
UB-006672,C00825,2024-05-08,Completed,Web,Faisalabad,SwiftEx,Bank Transfer,
UB-006673,C00769,2024-03-02,Completed,Mobile App,Islamabad,BlueLine,Cash on Delivery,WELCOME10
UB-006674,C00951,2024-12-23,Completed,Web,Karachi,SwiftEx,Card,
UB-006675,C00003,2025-04-09,Completed,Mobile App,Islamabad,SwiftEx,Cash on Delivery,
UB-006676,C00392,2024-05-08,Completed,Mobile App,Rawalpindi,RapidGo,Wallet,
UB-006677,C00129,2025-03-27,Completed,Marketplace,Karachi,Store Pickup,Cash on Delivery,WELCOME10
UB-006678,C00128,2025-12-28,Completed,Mobile App,Rawalpindi,Store Pickup,Wallet,WELCOME10
UB-006679,C00601,2025-11-03,Completed,Mobile App,Islamabad,SwiftEx,Wallet,
UB-006680,C00154,2025-12-16,Completed,Web,Rawalpindi,Store Pickup,Cash on Delivery,
UB-006681,C00003,2025-04-06,Completed,Web,Islamabad,RapidGo,Cash on Delivery,
UB-006682,C00188,2024-09-05,Completed,Mobile App,Islamabad,SwiftEx,Cash on Delivery,
UB-006683,C01281,2025-01-31,Completed,Web,Islamabad,SwiftEx,Card,
UB-006684,C00275,2024-05-15,Completed,Marketplace,Islamabad,Store Pickup,Wallet,
UB-006685,C01597,2024-08-07,Completed,Mobile App,Rawalpindi,BlueLine,Cash on Delivery,
UB-006686,C00658,2025-10-13,Completed,Mobile App,Faisalabad,SwiftEx,Wallet,
UB-006687,C01496,2024-11-09,Completed,Mobile App,Lahore,SwiftEx,Card,
UB-006688,C00124,2024-09-12,Completed,Mobile App,Rawalpindi,SwiftEx,Bank Transfer,
UB-006689,C01263,2025-08-21,Cancelled,Web,Rawalpindi,SwiftEx,Cash on Delivery,FREESHIP
UB-006690,C00705,2025-08-06,Completed,Web,Faisalabad,RapidGo,Cash on Delivery,APP5
UB-006691,C01357,2024-05-13,Completed,Web,Islamabad,BlueLine,Wallet,APP5
UB-006692,C01572,2025-05-03,Completed,Web,Islamabad,BlueLine,Card,
UB-006693,C00024,2025-11-20,Completed,Web,Lahore,RapidGo,Cash on Delivery,
UB-006694,C00232,2025-07-21,Completed,Mobile App,Karachi,SwiftEx,Cash on Delivery,
UB-006695,C00522,2024-12-31,Completed,Mobile App,Rawalpindi,RapidGo,Cash on Delivery,
UB-006696,C00746,2025-06-29,Completed,Web,Karachi,RapidGo,Bank Transfer,
UB-006697,C00733,2024-10-01,Completed,Mobile App,Karachi,SwiftEx,Bank Transfer,APP5
UB-006698,C00986,2025-02-08,Completed,Mobile App,Peshawar,BlueLine,Card,
UB-006699,C00748,2025-12-04,Completed,Mobile App,Lahore,RapidGo,Card,
UB-006700,C00897,2025-07-18,Completed,Web,Karachi,BlueLine,Cash on Delivery,FREESHIP
UB-006701,C00087,2025-08-25,Completed,Mobile App,Lahore,SwiftEx,Cash on Delivery,SAVE15
UB-006702,C00941,2024-06-05,Completed,Marketplace,Rawalpindi,SwiftEx,Wallet,
UB-006703,C01348,2024-03-01,Completed,Web,Rawalpindi,BlueLine,Cash on Delivery,FREESHIP
UB-006704,C00488,2025-06-03,Completed,Web,Lahore,Store Pickup,Wallet,WELCOME10
UB-006705,C01250,2024-12-12,Completed,Mobile App,Rawalpindi,SwiftEx,Cash on Delivery,
UB-006706,C00100,2024-07-06,Completed,Mobile App,Lahore,RapidGo,Card,FREESHIP
UB-006707,C00386,2024-01-07,Cancelled,Marketplace,Lahore,Store Pickup,Cash on Delivery,WELCOME10
UB-006708,C00839,2025-01-23,Completed,Marketplace,Islamabad,Store Pickup,Cash on Delivery,
UB-006709,C00461,2025-11-16,Returned,Web,Rawalpindi,Store Pickup,Card,
UB-006710,C01277,2025-04-05,Completed,Web,Faisalabad,SwiftEx,Wallet,SAVE15
UB-006711,C00511,2024-08-18,Completed,Marketplace,Islamabad,SwiftEx,Bank Transfer,APP5
UB-006712,C01231,2024-09-26,Completed,Mobile App,Peshawar,Store Pickup,Card,
UB-006713,C00203,2025-10-02,Completed,Web,Islamabad,SwiftEx,Bank Transfer,
UB-006714,C01283,2024-01-21,Completed,Web,Karachi,RapidGo,Wallet,FREESHIP
UB-006715,C00057,2025-03-11,Completed,Marketplace,Islamabad,RapidGo,Cash on Delivery,
UB-006716,C01249,2024-04-09,Completed,Mobile App,Faisalabad,SwiftEx,Cash on Delivery,FREESHIP
UB-006717,C00813,2024-12-18,Completed,Web,Islamabad,Store Pickup,Card,APP5
UB-006718,C01561,2025-05-25,Completed,Web,Lahore,SwiftEx,Wallet,SAVE15
UB-006719,C00165,2025-06-17,Completed,Mobile App,Faisalabad,RapidGo,Cash on Delivery,
UB-006720,C00430,2024-01-09,Completed,Mobile App,Peshawar,SwiftEx,Wallet,SAVE15
UB-006721,C01061,2024-03-31,Completed,Mobile App,Islamabad,Store Pickup,Bank Transfer,
UB-006722,C01006,2025-01-21,Completed,Web,Peshawar,BlueLine,Card,
UB-006723,C00043,2025-09-19,Returned,Mobile App,Faisalabad,BlueLine,Cash on Delivery,
UB-006724,C00275,2025-03-02,Completed,Mobile App,Islamabad,SwiftEx,Card,
UB-006725,C00516,2024-09-13,Completed,Marketplace,Rawalpindi,BlueLine,Card,
UB-006726,C01249,2024-06-25,Completed,Web,Faisalabad,SwiftEx,Card,
UB-006727,C00507,2024-12-07,Completed,Web,Lahore,SwiftEx,Cash on Delivery,
UB-006728,C00422,2024-07-20,Returned,Mobile App,Lahore,SwiftEx,Cash on Delivery,WELCOME10
UB-006729,C00023,2025-08-01,Completed,Mobile App,Rawalpindi,SwiftEx,Cash on Delivery,
UB-006730,C00327,2024-10-29,Completed,Marketplace,Islamabad,Store Pickup,Cash on Delivery,SAVE15
UB-006731,C00535,2024-12-06,Returned,Mobile App,Karachi,SwiftEx,Cash on Delivery,
UB-006732,C00123,2024-07-09,Completed,Mobile App,Karachi,BlueLine,Card,
UB-006733,C00928,2025-06-23,Completed,Mobile App,Karachi,RapidGo,Cash on Delivery,
UB-006734,C00734,2025-10-22,Completed,Web,Rawalpindi,RapidGo,Cash on Delivery,APP5
UB-006735,C01018,2025-12-07,Completed,Web,Faisalabad,SwiftEx,Cash on Delivery,
UB-006736,C00813,2024-08-17,Completed,Web,Islamabad,BlueLine,Cash on Delivery,
UB-006737,C01096,2025-01-28,Completed,Web,Rawalpindi,BlueLine,Card,
UB-006738,C01340,2025-08-28,Completed,Web,Karachi,RapidGo,Wallet,
UB-006739,C00967,2024-03-29,Completed,Mobile App,Islamabad,BlueLine,Card,
UB-006740,C01393,2024-12-10,Completed,Web,Rawalpindi,Store Pickup,Card,SAVE15
UB-006741,C00996,2024-07-30,Completed,Web,Islamabad,SwiftEx,Cash on Delivery,
UB-006742,C01201,2025-10-05,Completed,Web,Islamabad,Store Pickup,Card,
UB-006743,C01413,2025-07-02,Cancelled,Marketplace,Islamabad,RapidGo,Wallet,SAVE15
UB-006744,C01266,2024-08-11,Returned,Mobile App,Karachi,SwiftEx,Card,
UB-006745,C01115,2025-04-24,Completed,Marketplace,Faisalabad,SwiftEx,Bank Transfer,
UB-006746,C01116,2025-03-30,Completed,Mobile App,Lahore,Store Pickup,Wallet,SAVE15
UB-006747,C00180,2024-04-06,Completed,Web,Rawalpindi,BlueLine,Cash on Delivery,
UB-006748,C01560,2024-11-25,Cancelled,Web,Islamabad,BlueLine,Card,
UB-006749,C01171,2024-10-31,Completed,Mobile App,Karachi,BlueLine,Bank Transfer,
UB-006750,C00802,2024-03-09,Completed,Mobile App,Karachi,BlueLine,Cash on Delivery,
UB-006751,C01391,2024-08-27,Completed,Web,Lahore,RapidGo,Cash on Delivery,SAVE15
UB-006752,C00989,2024-05-24,Completed,Web,Peshawar,Store Pickup,Cash on Delivery,FREESHIP
UB-006753,C00457,2024-09-24,Completed,Web,Rawalpindi,RapidGo,Wallet,
UB-006754,C01500,2024-12-21,Completed,Mobile App,Lahore,RapidGo,Cash on Delivery,APP5
UB-006755,C00652,2024-10-15,Completed,Web,Karachi,SwiftEx,Cash on Delivery,
UB-006756,C00316,2025-07-14,Completed,Web,Lahore,BlueLine,Wallet,SAVE15
UB-006757,C00574,2025-10-30,Completed,Mobile App,Karachi,RapidGo,Card,WELCOME10
UB-006758,C00445,2025-08-09,Completed,Mobile App,Islamabad,RapidGo,Bank Transfer,
UB-006759,C01236,2024-07-10,Completed,Web,Islamabad,SwiftEx,Cash on Delivery,APP5
UB-006760,C00481,2025-03-06,Completed,Marketplace,Rawalpindi,SwiftEx,Bank Transfer,APP5
UB-006761,C00430,2024-09-15,Completed,Mobile App,Peshawar,BlueLine,Card,
UB-006762,C01077,2025-05-29,Completed,Marketplace,Islamabad,BlueLine,Card,
UB-006763,C00624,2024-05-30,Completed,Web,Islamabad,BlueLine,Cash on Delivery,SAVE15
UB-006764,C00858,2025-07-13,Completed,Mobile App,Karachi,BlueLine,Card,
UB-006765,C00010,2025-01-18,Completed,Marketplace,Lahore,BlueLine,Card,
UB-006766,C01137,2025-11-05,Completed,Mobile App,Peshawar,SwiftEx,Card,
UB-006767,C00070,2025-11-16,Returned,Web,Islamabad,BlueLine,Cash on Delivery,
UB-006768,C01511,2024-12-18,Completed,Web,Rawalpindi,SwiftEx,Card,
UB-006769,C00852,2024-12-05,Completed,Web,Karachi,Store Pickup,Cash on Delivery,
UB-006770,C01149,2024-10-28,Completed,Mobile App,Rawalpindi,SwiftEx,Cash on Delivery,
UB-006771,C00002,2024-02-11,Returned,Web,Islamabad,BlueLine,Wallet,
UB-006772,C00828,2024-12-21,Completed,Web,Islamabad,RapidGo,Cash on Delivery,APP5
UB-006773,C01092,2025-04-08,Completed,Mobile App,Rawalpindi,RapidGo,Cash on Delivery,
UB-006774,C01044,2024-01-28,Completed,Mobile App,Islamabad,BlueLine,Card,
UB-006775,C01566,2024-03-20,Cancelled,Mobile App,Karachi,RapidGo,Card,
UB-006776,C00069,2024-02-13,Completed,Marketplace,Karachi,BlueLine,Card,
UB-006777,C00249,2024-07-27,Completed,Web,Lahore,BlueLine,Card,
UB-006778,C01296,2024-02-21,Completed,Web,Peshawar,SwiftEx,Wallet,
UB-006779,C00177,2024-01-19,Completed,Web,Lahore,BlueLine,Cash on Delivery,WELCOME10
UB-006780,C01144,2024-03-22,Returned,Web,Faisalabad,Store Pickup,Wallet,
UB-006781,C00279,2024-07-20,Completed,Marketplace,Rawalpindi,RapidGo,Bank Transfer,
UB-006782,C00640,2025-03-05,Completed,Web,Peshawar,BlueLine,Bank Transfer,
UB-006783,C01179,2024-02-27,Completed,Mobile App,Lahore,RapidGo,Cash on Delivery,APP5
UB-006784,C01043,2024-07-06,Returned,Mobile App,Rawalpindi,BlueLine,Card,
UB-006785,C00958,2025-11-02,Completed,Marketplace,Rawalpindi,RapidGo,Cash on Delivery,
UB-006786,C01151,2024-11-13,Completed,Web,Karachi,SwiftEx,Cash on Delivery,
UB-006787,C00509,2024-11-09,Completed,Mobile App,Rawalpindi,Store Pickup,Card,SAVE15
UB-006788,C01155,2024-01-07,Completed,Web,Faisalabad,SwiftEx,Card,
UB-006789,C00442,2025-07-09,Completed,Mobile App,Rawalpindi,RapidGo,Card,
UB-006790,C00587,2025-09-12,Cancelled,Mobile App,Karachi,SwiftEx,Wallet,APP5
UB-006791,C00595,2024-11-13,Completed,Mobile App,Lahore,SwiftEx,Cash on Delivery,
UB-006792,C01507,2024-03-04,Completed,Mobile App,Rawalpindi,RapidGo,Card,SAVE15
UB-006793,C00384,2024-12-02,Completed,Web,Karachi,SwiftEx,Bank Transfer,
UB-006794,C01095,2024-07-17,Completed,Mobile App,Islamabad,RapidGo,Cash on Delivery,
UB-006795,C00030,2025-04-02,Completed,Mobile App,Islamabad,BlueLine,Card,
UB-006796,C00699,2024-11-20,Completed,Mobile App,Rawalpindi,SwiftEx,Bank Transfer,SAVE15
UB-006797,C00035,2025-01-12,Completed,Web,Lahore,BlueLine,Cash on Delivery,SAVE15
UB-006798,C00206,2025-05-31,Completed,Web,Faisalabad,RapidGo,Cash on Delivery,
UB-006799,C01133,2024-01-30,Completed,Mobile App,Karachi,RapidGo,Cash on Delivery,
UB-006800,C01202,2025-03-17,Completed,Web,Karachi,BlueLine,Card,
UB-006801,C00041,2025-04-13,Completed,Mobile App,Rawalpindi,SwiftEx,Bank Transfer,WELCOME10
UB-006802,C00860,2024-04-17,Completed,Web,Peshawar,BlueLine,Card,
UB-006803,C01226,2024-03-27,Completed,Web,Peshawar,BlueLine,Wallet,
UB-006804,C00300,2024-07-15,Cancelled,Mobile App,Islamabad,RapidGo,Wallet,
UB-006805,C01220,2024-09-09,Completed,Mobile App,Karachi,RapidGo,Cash on Delivery,
UB-006806,C00266,2025-07-07,Completed,Mobile App,Faisalabad,RapidGo,Card,
UB-006807,C00277,2025-09-26,Completed,Mobile App,Lahore,SwiftEx,Card,
UB-006808,C00089,2024-06-12,Completed,Mobile App,Rawalpindi,BlueLine,Cash on Delivery,
UB-006809,C00894,2024-10-05,Completed,Mobile App,Lahore,SwiftEx,Bank Transfer,
UB-006810,C00088,2025-12-15,Completed,Web,Islamabad,BlueLine,Cash on Delivery,
UB-006811,C01248,2025-10-10,Returned,Mobile App,Peshawar,RapidGo,Cash on Delivery,
UB-006812,C00546,2024-07-06,Completed,Mobile App,Rawalpindi,SwiftEx,Cash on Delivery,SAVE15
UB-006813,C00076,2024-05-16,Completed,Mobile App,Rawalpindi,SwiftEx,Card,
UB-006814,C00427,2025-05-01,Completed,Web,Karachi,SwiftEx,Cash on Delivery,
UB-006815,C01571,2025-07-10,Completed,Web,Islamabad,RapidGo,Card,
UB-006816,C01549,2024-01-03,Completed,Mobile App,Rawalpindi,RapidGo,Cash on Delivery,
UB-006817,C00713,2024-10-31,Completed,Mobile App,Islamabad,SwiftEx,Cash on Delivery,
UB-006818,C01081,2025-12-31,Completed,Web,Faisalabad,RapidGo,Card,
UB-006819,C01000,2025-12-21,Completed,Mobile App,Peshawar,SwiftEx,Wallet,
UB-006820,C01234,2025-03-25,Completed,Web,Rawalpindi,Store Pickup,Card,
UB-006821,C00775,2025-11-27,Completed,Marketplace,Rawalpindi,SwiftEx,Cash on Delivery,WELCOME10
UB-006822,C00743,2024-10-28,Completed,Web,Faisalabad,Store Pickup,Cash on Delivery,
UB-006823,C00866,2024-06-26,Completed,Mobile App,Islamabad,SwiftEx,Cash on Delivery,
UB-006824,C01531,2024-12-17,Completed,Web,Islamabad,BlueLine,Cash on Delivery,
UB-006825,C00263,2024-02-24,Returned,Mobile App,Karachi,SwiftEx,Cash on Delivery,
UB-006826,C01441,2024-08-31,Returned,Web,Rawalpindi,SwiftEx,Cash on Delivery,
UB-006827,C01478,2025-02-17,Completed,Web,Islamabad,SwiftEx,Card,
UB-006828,C00125,2025-10-08,Completed,Mobile App,Karachi,Store Pickup,Card,
UB-006829,C00196,2024-07-06,Completed,Mobile App,Karachi,Store Pickup,Card,
UB-006830,C01096,2025-04-10,Completed,Web,Rawalpindi,BlueLine,Wallet,
UB-006831,C01338,2024-11-16,Completed,Web,Faisalabad,SwiftEx,Cash on Delivery,
UB-006832,C00937,2024-05-15,Returned,Web,Rawalpindi,Store Pickup,Cash on Delivery,APP5
UB-006833,C00219,2025-02-18,Completed,Mobile App,Rawalpindi,BlueLine,Card,
UB-006834,C00400,2025-04-03,Cancelled,Mobile App,Islamabad,BlueLine,Cash on Delivery,
UB-006835,C01562,2024-12-30,Completed,Web,Lahore,BlueLine,Cash on Delivery,
UB-006836,C01520,2024-03-11,Completed,Mobile App,Faisalabad,SwiftEx,Cash on Delivery,
UB-006837,C00552,2024-10-06,Cancelled,Mobile App,Rawalpindi,SwiftEx,Cash on Delivery,SAVE15
UB-006838,C01539,2024-11-13,Completed,Mobile App,Lahore,SwiftEx,Cash on Delivery,
UB-006839,C00733,2024-10-04,Completed,Mobile App,Karachi,Store Pickup,Card,
UB-006840,C01352,2025-01-31,Returned,Web,Islamabad,Store Pickup,Card,
UB-006841,C01218,2024-09-11,Completed,Web,Karachi,BlueLine,Card,SAVE15
UB-006842,C00134,2025-07-17,Returned,Mobile App,Islamabad,Store Pickup,Card,
UB-006843,C01446,2025-10-02,Completed,Web,Lahore,SwiftEx,Wallet,
UB-006844,C00695,2024-06-19,Completed,Mobile App,Islamabad,Store Pickup,Cash on Delivery,
UB-006845,C00341,2025-12-28,Completed,Mobile App,Rawalpindi,RapidGo,Bank Transfer,
UB-006846,C00491,2025-12-28,Completed,Mobile App,Islamabad,BlueLine,Cash on Delivery,SAVE15
UB-006847,C00746,2024-10-11,Cancelled,Web,Karachi,SwiftEx,Wallet,WELCOME10
UB-006848,C00238,2024-07-03,Completed,Marketplace,Karachi,BlueLine,Cash on Delivery,
UB-006849,C00657,2025-04-05,Completed,Marketplace,Rawalpindi,Store Pickup,Cash on Delivery,
UB-006850,C01567,2025-03-15,Completed,Web,Karachi,RapidGo,Cash on Delivery,APP5
UB-006851,C00010,2025-02-06,Completed,Mobile App,Lahore,RapidGo,Card,
UB-006852,C01482,2025-04-03,Completed,Web,Lahore,SwiftEx,Wallet,
UB-006853,C00377,2024-12-12,Completed,Mobile App,Islamabad,SwiftEx,Cash on Delivery,
UB-006854,C00822,2025-06-14,Completed,Mobile App,Islamabad,RapidGo,Card,
UB-006855,C01156,2025-01-12,Completed,Web,Faisalabad,BlueLine,Cash on Delivery,
UB-006856,C01531,2024-04-08,Completed,Mobile App,Islamabad,BlueLine,Wallet,WELCOME10
UB-006857,C00839,2024-07-28,Completed,Mobile App,Islamabad,RapidGo,Wallet,WELCOME10
UB-006858,C00222,2024-04-28,Completed,Mobile App,Karachi,SwiftEx,Cash on Delivery,FREESHIP
UB-006859,C01023,2024-08-11,Completed,Mobile App,Rawalpindi,BlueLine,Cash on Delivery,
UB-006860,C00757,2024-01-06,Completed,Marketplace,Rawalpindi,BlueLine,Bank Transfer,APP5
UB-006861,C00173,2025-02-02,Completed,Web,Faisalabad,RapidGo,Cash on Delivery,
UB-006862,C00544,2025-04-10,Completed,Mobile App,Islamabad,Store Pickup,Wallet,
UB-006863,C00359,2024-04-26,Completed,Web,Islamabad,BlueLine,Cash on Delivery,
UB-006864,C01342,2025-05-09,Completed,Web,Islamabad,RapidGo,Cash on Delivery,SAVE15
UB-006865,C00755,2024-09-02,Completed,Mobile App,Islamabad,RapidGo,Cash on Delivery,
UB-006866,C00253,2024-04-10,Completed,Web,Islamabad,SwiftEx,Bank Transfer,APP5
UB-006867,C00480,2024-07-23,Completed,Web,Peshawar,SwiftEx,Cash on Delivery,
UB-006868,C01364,2025-02-22,Completed,Web,Lahore,SwiftEx,Card,FREESHIP
UB-006869,C01060,2025-03-13,Returned,Web,Islamabad,RapidGo,Card,
UB-006870,C00793,2025-05-22,Completed,Web,Peshawar,SwiftEx,Cash on Delivery,WELCOME10
UB-006871,C01192,2025-04-25,Completed,Web,Islamabad,SwiftEx,Cash on Delivery,
UB-006872,C00628,2025-04-12,Completed,Web,Karachi,BlueLine,Bank Transfer,
UB-006873,C00122,2025-01-01,Completed,Mobile App,Karachi,RapidGo,Card,
UB-006874,C00854,2025-05-13,Completed,Web,Rawalpindi,SwiftEx,Cash on Delivery,
UB-006875,C00887,2025-11-30,Completed,Web,Karachi,Store Pickup,Wallet,
UB-006876,C00600,2025-05-21,Completed,Web,Rawalpindi,Store Pickup,Wallet,FREESHIP
UB-006877,C01248,2024-09-23,Returned,Web,Peshawar,SwiftEx,Cash on Delivery,SAVE15
UB-006878,C00300,2024-08-31,Completed,Mobile App,Islamabad,Store Pickup,Cash on Delivery,
UB-006879,C01008,2025-06-11,Cancelled,Mobile App,Islamabad,Store Pickup,Cash on Delivery,
UB-006880,C01136,2024-07-11,Completed,Mobile App,Rawalpindi,Store Pickup,Wallet,
UB-006881,C00419,2024-06-05,Completed,Web,Rawalpindi,RapidGo,Cash on Delivery,APP5
UB-006882,C00002,2024-02-14,Completed,Mobile App,Islamabad,SwiftEx,Bank Transfer,APP5
UB-006883,C00324,2025-07-28,Completed,Mobile App,Rawalpindi,Store Pickup,Wallet,
UB-006884,C01249,2024-10-04,Completed,Web,Faisalabad,SwiftEx,Card,
UB-006885,C01061,2025-08-12,Completed,Web,Islamabad,SwiftEx,Card,WELCOME10
UB-006886,C00366,2024-05-13,Returned,Mobile App,Karachi,BlueLine,Bank Transfer,APP5
UB-006887,C00677,2024-06-08,Returned,Mobile App,Lahore,RapidGo,Cash on Delivery,
UB-006888,C00018,2024-06-03,Returned,Mobile App,Lahore,RapidGo,Cash on Delivery,
UB-006889,C01337,2025-10-26,Returned,Web,Rawalpindi,BlueLine,Cash on Delivery,
UB-006890,C01445,2024-05-17,Completed,Web,Karachi,RapidGo,Cash on Delivery,
UB-006891,C01342,2025-11-13,Completed,Mobile App,Islamabad,SwiftEx,Wallet,
UB-006892,C00793,2024-12-08,Returned,Mobile App,Peshawar,BlueLine,Card,
UB-006893,C00397,2025-09-10,Returned,Web,Islamabad,RapidGo,Bank Transfer,APP5
UB-006894,C00180,2024-10-20,Completed,Mobile App,Rawalpindi,SwiftEx,Card,
UB-006895,C00289,2024-11-26,Completed,Mobile App,Faisalabad,SwiftEx,Wallet,
UB-006896,C01428,2024-09-12,Cancelled,Mobile App,Faisalabad,SwiftEx,Bank Transfer,
UB-006897,C00177,2024-01-22,Completed,Mobile App,Lahore,BlueLine,Card,
UB-006898,C01307,2024-06-06,Completed,Mobile App,Lahore,SwiftEx,Card,
UB-006899,C00380,2024-10-28,Completed,Web,Islamabad,SwiftEx,Bank Transfer,
UB-006900,C00163,2025-11-21,Completed,Marketplace,Islamabad,BlueLine,Card,
UB-006901,C01421,2025-02-20,Completed,Mobile App,Karachi,SwiftEx,Card,FREESHIP
UB-006902,C01320,2025-12-21,Completed,Mobile App,Rawalpindi,BlueLine,Wallet,
UB-006903,C01205,2024-02-27,Completed,Mobile App,Islamabad,SwiftEx,Card,
UB-006904,C00882,2024-12-22,Returned,Mobile App,Rawalpindi,RapidGo,Cash on Delivery,
UB-006905,C00737,2024-08-02,Completed,Web,Islamabad,SwiftEx,Wallet,SAVE15
UB-006906,C00242,2025-11-08,Completed,Web,Lahore,RapidGo,Card,APP5
UB-006907,C00011,2024-03-23,Completed,Web,Lahore,RapidGo,Cash on Delivery,SAVE15
UB-006908,C00997,2024-04-16,Completed,Mobile App,Faisalabad,BlueLine,Card,
UB-006909,C01296,2024-08-31,Returned,Mobile App,Peshawar,SwiftEx,Cash on Delivery,
UB-006910,C01449,2024-11-18,Completed,Mobile App,Rawalpindi,SwiftEx,Wallet,WELCOME10
UB-006911,C00945,2024-07-30,Completed,Mobile App,Rawalpindi,SwiftEx,Cash on Delivery,
UB-006912,C00265,2025-01-11,Completed,Web,Lahore,RapidGo,Card,
UB-006913,C01111,2024-05-15,Completed,Web,Lahore,BlueLine,Card,FREESHIP
UB-006914,C00850,2025-06-01,Completed,Web,Peshawar,RapidGo,Card,
UB-006915,C01005,2024-01-31,Completed,Mobile App,Karachi,SwiftEx,Card,FREESHIP
UB-006916,C00364,2025-07-26,Completed,Web,Karachi,RapidGo,Wallet,
UB-006917,C00108,2024-09-02,Completed,Mobile App,Rawalpindi,BlueLine,Cash on Delivery,WELCOME10
UB-006918,C00192,2024-03-07,Completed,Web,Rawalpindi,BlueLine,Wallet,APP5
UB-006919,C00975,2024-01-27,Returned,Web,Peshawar,RapidGo,Bank Transfer,
UB-006920,C00850,2025-03-14,Completed,Web,Peshawar,Store Pickup,Wallet,
UB-006921,C00492,2025-12-23,Completed,Web,Karachi,BlueLine,Wallet,
UB-006922,C00361,2024-10-09,Completed,Mobile App,Islamabad,BlueLine,Card,
UB-006923,C01451,2025-11-24,Completed,Mobile App,Rawalpindi,SwiftEx,Cash on Delivery,
UB-006924,C01272,2024-12-10,Completed,Mobile App,Islamabad,SwiftEx,Cash on Delivery,APP5
UB-006925,C01416,2025-04-27,Completed,Mobile App,Rawalpindi,RapidGo,Cash on Delivery,APP5
UB-006926,C00776,2025-07-03,Completed,Web,Lahore,RapidGo,Card,
UB-006927,C00839,2024-07-03,Completed,Marketplace,Islamabad,BlueLine,Bank Transfer,
UB-006928,C00645,2025-06-23,Completed,Web,Rawalpindi,SwiftEx,Wallet,SAVE15
UB-006929,C00319,2025-04-23,Completed,Web,Peshawar,BlueLine,Card,APP5
UB-006930,C00327,2025-01-19,Completed,Mobile App,Islamabad,SwiftEx,Card,
UB-006931,C00167,2025-06-14,Completed,Mobile App,Islamabad,SwiftEx,Card,
UB-006932,C01189,2025-09-21,Completed,Web,Rawalpindi,SwiftEx,Card,
UB-006933,C01250,2025-03-23,Completed,Web,Rawalpindi,Store Pickup,Cash on Delivery,
UB-006934,C00048,2024-12-28,Completed,Mobile App,Karachi,RapidGo,Cash on Delivery,
UB-006935,C01073,2025-07-01,Completed,Mobile App,Rawalpindi,RapidGo,Bank Transfer,APP5
UB-006936,C01214,2025-04-20,Completed,Mobile App,Peshawar,SwiftEx,Wallet,
UB-006937,C01534,2024-10-19,Completed,Mobile App,Peshawar,SwiftEx,Wallet,
UB-006938,C00710,2025-11-21,Completed,Mobile App,Karachi,BlueLine,Bank Transfer,
UB-006939,C01154,2025-05-05,Completed,Mobile App,Lahore,SwiftEx,Wallet,
UB-006940,C00255,2025-10-02,Completed,Mobile App,Karachi,RapidGo,Cash on Delivery,
UB-006941,C01213,2024-12-11,Completed,Mobile App,Islamabad,RapidGo,Cash on Delivery,
UB-006942,C01187,2025-01-08,Completed,Web,Karachi,RapidGo,Cash on Delivery,
UB-006943,C00011,2024-10-21,Returned,Marketplace,Lahore,SwiftEx,Cash on Delivery,
UB-006944,C00520,2025-03-07,Completed,Mobile App,Rawalpindi,RapidGo,Bank Transfer,
UB-006945,C00478,2025-04-29,Completed,Mobile App,Lahore,BlueLine,Card,
UB-006946,C00093,2025-07-07,Completed,Mobile App,Peshawar,SwiftEx,Cash on Delivery,SAVE15
UB-006947,C01170,2024-05-18,Completed,Mobile App,Islamabad,BlueLine,Cash on Delivery,
UB-006948,C01460,2024-05-23,Completed,Mobile App,Karachi,Store Pickup,Cash on Delivery,FREESHIP
UB-006949,C01571,2025-09-19,Completed,Marketplace,Islamabad,RapidGo,Bank Transfer,
UB-006950,C00689,2024-05-19,Completed,Marketplace,Karachi,Store Pickup,Cash on Delivery,APP5
UB-006951,C01529,2025-05-27,Completed,Mobile App,Karachi,RapidGo,Bank Transfer,
UB-006952,C01150,2025-09-18,Completed,Web,Rawalpindi,SwiftEx,Cash on Delivery,
UB-006953,C00166,2024-12-20,Completed,Mobile App,Lahore,BlueLine,Card,APP5
UB-006954,C01544,2025-11-24,Completed,Web,Lahore,BlueLine,Cash on Delivery,
UB-006955,C01584,2024-09-19,Completed,Mobile App,Rawalpindi,BlueLine,Cash on Delivery,SAVE15
UB-006956,C00205,2024-04-13,Completed,Web,Lahore,BlueLine,Cash on Delivery,WELCOME10
UB-006957,C00755,2024-06-03,Completed,Marketplace,Islamabad,RapidGo,Card,
UB-006958,C00621,2024-12-30,Completed,Mobile App,Islamabad,BlueLine,Cash on Delivery,
UB-006959,C00876,2025-12-07,Completed,Marketplace,Rawalpindi,Store Pickup,Wallet,
UB-006960,C01015,2025-12-08,Completed,Mobile App,Rawalpindi,BlueLine,Cash on Delivery,
UB-006961,C01341,2024-11-20,Completed,Mobile App,Rawalpindi,SwiftEx,Card,
UB-006962,C00107,2025-08-19,Completed,Mobile App,Peshawar,SwiftEx,Card,SAVE15
UB-006963,C00298,2024-07-23,Completed,Mobile App,Peshawar,SwiftEx,Cash on Delivery,
UB-006964,C00500,2025-12-31,Completed,Mobile App,Rawalpindi,BlueLine,Card,
UB-006965,C00297,2025-02-21,Completed,Mobile App,Rawalpindi,SwiftEx,Bank Transfer,SAVE15
UB-006966,C01047,2024-11-14,Completed,Mobile App,Lahore,BlueLine,Cash on Delivery,
UB-006967,C01218,2024-12-10,Completed,Mobile App,Karachi,Store Pickup,Cash on Delivery,
UB-006968,C01574,2025-12-04,Completed,Web,Islamabad,SwiftEx,Cash on Delivery,
UB-006969,C01572,2024-02-03,Completed,Web,Islamabad,SwiftEx,Cash on Delivery,
UB-006970,C01102,2024-05-20,Completed,Web,Islamabad,Store Pickup,Cash on Delivery,
UB-006971,C01476,2024-09-16,Completed,Mobile App,Rawalpindi,Store Pickup,Bank Transfer,WELCOME10
UB-006972,C00829,2024-02-18,Completed,Web,Rawalpindi,Store Pickup,Card,APP5
UB-006973,C01163,2025-09-24,Completed,Web,Islamabad,SwiftEx,Bank Transfer,WELCOME10
UB-006974,C00802,2025-05-16,Completed,Marketplace,Karachi,BlueLine,Wallet,APP5
UB-006975,C01016,2025-05-11,Completed,Mobile App,Lahore,RapidGo,Card,
UB-006976,C00305,2025-01-05,Completed,Marketplace,Karachi,BlueLine,Card,APP5
UB-006977,C00597,2025-10-27,Completed,Mobile App,Peshawar,RapidGo,Cash on Delivery,
UB-006978,C00260,2025-03-17,Completed,Web,Islamabad,SwiftEx,Card,
UB-006979,C00431,2025-01-22,Completed,Marketplace,Lahore,RapidGo,Cash on Delivery,WELCOME10
UB-006980,C01429,2025-04-15,Completed,Mobile App,Rawalpindi,SwiftEx,Cash on Delivery,
UB-006981,C00197,2025-03-11,Completed,Web,Rawalpindi,BlueLine,Wallet,
UB-006982,C01018,2025-07-12,Completed,Web,Faisalabad,Store Pickup,Card,
UB-006983,C00724,2024-10-29,Completed,Web,Rawalpindi,SwiftEx,Wallet,APP5
UB-006984,C00648,2025-06-17,Completed,Mobile App,Lahore,SwiftEx,Cash on Delivery,APP5
UB-006985,C00463,2025-08-03,Returned,Web,Islamabad,RapidGo,Bank Transfer,APP5
UB-006986,C00419,2025-01-31,Completed,Web,Rawalpindi,BlueLine,Cash on Delivery,APP5
UB-006987,C01446,2024-12-01,Completed,Marketplace,Lahore,BlueLine,Cash on Delivery,FREESHIP
UB-006988,C01349,2024-04-22,Completed,Mobile App,Islamabad,RapidGo,Cash on Delivery,
UB-006989,C01159,2025-11-16,Completed,Marketplace,Islamabad,BlueLine,Cash on Delivery,APP5
UB-006990,C01230,2025-08-10,Completed,Web,Rawalpindi,SwiftEx,Bank Transfer,
UB-006991,C00558,2025-06-10,Completed,Mobile App,Lahore,SwiftEx,Cash on Delivery,FREESHIP
UB-006992,C00495,2024-09-10,Completed,Web,Karachi,RapidGo,Cash on Delivery,
UB-006993,C00497,2024-08-09,Completed,Mobile App,Islamabad,BlueLine,Cash on Delivery,
UB-006994,C00576,2024-03-27,Completed,Mobile App,Karachi,SwiftEx,Bank Transfer,
UB-006995,C00660,2024-02-29,Completed,Marketplace,Rawalpindi,SwiftEx,Bank Transfer,SAVE15
UB-006996,C00681,2025-06-10,Completed,Mobile App,Rawalpindi,SwiftEx,Cash on Delivery,FREESHIP
UB-006997,C00293,2024-09-02,Completed,Web,Rawalpindi,BlueLine,Cash on Delivery,SAVE15
UB-006998,C01468,2024-03-26,Completed,Marketplace,Rawalpindi,SwiftEx,Card,
UB-006999,C01506,2025-01-29,Completed,Mobile App,Rawalpindi,RapidGo,Cash on Delivery,
UB-007000,C00657,2024-11-27,Completed,Mobile App,Rawalpindi,BlueLine,Card,
UB-007001,C00455,2025-03-30,Returned,Mobile App,Peshawar,BlueLine,Wallet,APP5
UB-007002,C00905,2025-03-02,Completed,Web,Karachi,Store Pickup,Wallet,
UB-007003,C01364,2024-06-07,Completed,Web,Lahore,SwiftEx,Cash on Delivery,FREESHIP
UB-007004,C00015,2025-10-29,Completed,Mobile App,Karachi,SwiftEx,Card,APP5
UB-007005,C01217,2025-09-23,Completed,Web,Rawalpindi,RapidGo,Cash on Delivery,APP5
UB-007006,C00177,2024-06-30,Completed,Web,Lahore,RapidGo,Cash on Delivery,SAVE15
UB-007007,C01389,2024-09-10,Completed,Web,Karachi,RapidGo,Wallet,WELCOME10
UB-007008,C00606,2024-10-11,Completed,Web,Peshawar,SwiftEx,Bank Transfer,APP5
UB-007009,C00491,2025-05-30,Completed,Web,Islamabad,SwiftEx,Cash on Delivery,APP5
UB-007010,C00864,2025-01-07,Completed,Web,Islamabad,RapidGo,Cash on Delivery,
UB-007011,C00743,2024-04-18,Completed,Mobile App,Faisalabad,SwiftEx,Cash on Delivery,
UB-007012,C01519,2024-11-14,Completed,Mobile App,Lahore,Store Pickup,Bank Transfer,SAVE15
UB-007013,C01156,2024-04-23,Completed,Marketplace,Faisalabad,Store Pickup,Wallet,
UB-007014,C00948,2024-02-24,Returned,Web,Rawalpindi,SwiftEx,Cash on Delivery,
UB-007015,C01312,2024-09-12,Completed,Web,Karachi,BlueLine,Cash on Delivery,SAVE15
UB-007016,C00133,2025-08-21,Returned,Web,Rawalpindi,RapidGo,Card,
UB-007017,C00931,2024-05-04,Completed,Mobile App,Faisalabad,RapidGo,Card,FREESHIP
UB-007018,C00086,2025-10-18,Completed,Mobile App,Peshawar,SwiftEx,Wallet,
UB-007019,C00342,2025-10-17,Completed,Web,Lahore,SwiftEx,Wallet,WELCOME10
UB-007020,C01415,2024-04-24,Completed,Mobile App,Lahore,BlueLine,Bank Transfer,
UB-007021,C01129,2025-03-14,Completed,Mobile App,Karachi,SwiftEx,Card,
UB-007022,C01406,2025-08-04,Completed,Web,Rawalpindi,RapidGo,Cash on Delivery,
UB-007023,C01570,2025-12-23,Completed,Mobile App,Rawalpindi,RapidGo,Cash on Delivery,
UB-007024,C01252,2024-01-30,Completed,Mobile App,Karachi,RapidGo,Cash on Delivery,
UB-007025,C00496,2025-06-04,Completed,Mobile App,Rawalpindi,SwiftEx,Cash on Delivery,APP5
UB-007026,C00846,2024-03-16,Completed,Marketplace,Faisalabad,RapidGo,Bank Transfer,
UB-007027,C00104,2024-09-20,Completed,Web,Islamabad,BlueLine,Cash on Delivery,WELCOME10
UB-007028,C00886,2025-09-01,Completed,Mobile App,Lahore,SwiftEx,Wallet,
UB-007029,C00756,2024-12-07,Returned,Mobile App,Peshawar,Store Pickup,Card,
UB-007030,C00034,2025-05-23,Cancelled,Mobile App,Islamabad,RapidGo,Cash on Delivery,
UB-007031,C01271,2025-01-20,Cancelled,Mobile App,Rawalpindi,BlueLine,Cash on Delivery,FREESHIP
UB-007032,C00229,2025-09-29,Completed,Web,Peshawar,SwiftEx,Card,
UB-007033,C01304,2025-12-30,Cancelled,Web,Karachi,Store Pickup,Cash on Delivery,SAVE15
UB-007034,C00470,2024-07-24,Completed,Web,Faisalabad,SwiftEx,Card,WELCOME10
UB-007035,C01588,2025-03-19,Completed,Mobile App,Lahore,SwiftEx,Cash on Delivery,
UB-007036,C01190,2025-04-09,Cancelled,Mobile App,Islamabad,SwiftEx,Cash on Delivery,
UB-007037,C00654,2025-08-01,Completed,Mobile App,Karachi,SwiftEx,Cash on Delivery,WELCOME10
UB-007038,C00795,2024-11-19,Completed,Mobile App,Rawalpindi,BlueLine,Card,WELCOME10
UB-007039,C01561,2024-09-27,Completed,Web,Lahore,SwiftEx,Card,
UB-007040,C01386,2025-12-28,Completed,Web,Karachi,RapidGo,Bank Transfer,
UB-007041,C01351,2025-04-06,Completed,Mobile App,Islamabad,RapidGo,Bank Transfer,APP5
UB-007042,C01318,2024-10-28,Completed,Web,Lahore,RapidGo,Cash on Delivery,SAVE15
UB-007043,C01404,2024-06-20,Completed,Web,Lahore,BlueLine,Cash on Delivery,
UB-007044,C00205,2024-03-06,Completed,Mobile App,Lahore,BlueLine,Wallet,APP5
UB-007045,C00744,2024-10-31,Completed,Web,Islamabad,RapidGo,Cash on Delivery,
UB-007046,C00533,2025-02-21,Completed,Mobile App,Islamabad,SwiftEx,Wallet,FREESHIP
UB-007047,C00539,2024-06-13,Completed,Web,Islamabad,BlueLine,Wallet,SAVE15
UB-007048,C00927,2025-11-06,Completed,Web,Lahore,Store Pickup,Card,
UB-007049,C00874,2024-10-10,Completed,Web,Karachi,RapidGo,Bank Transfer,
UB-007050,C01527,2024-05-16,Completed,Web,Faisalabad,RapidGo,Card,SAVE15
UB-007051,C00022,2024-10-08,Completed,Web,Karachi,BlueLine,Cash on Delivery,APP5
UB-007052,C00647,2025-11-16,Completed,Web,Rawalpindi,BlueLine,Cash on Delivery,
UB-007053,C01023,2024-09-25,Completed,Mobile App,Rawalpindi,SwiftEx,Bank Transfer,
UB-007054,C00956,2025-06-11,Completed,Mobile App,Rawalpindi,SwiftEx,Card,
UB-007055,C00279,2024-01-22,Completed,Web,Rawalpindi,SwiftEx,Card,
UB-007056,C01230,2025-09-22,Completed,Mobile App,Rawalpindi,RapidGo,Bank Transfer,
UB-007057,C00357,2025-02-02,Completed,Marketplace,Rawalpindi,SwiftEx,Cash on Delivery,FREESHIP
UB-007058,C00188,2025-07-13,Completed,Web,Islamabad,RapidGo,Card,
UB-007059,C00620,2025-03-02,Returned,Mobile App,Rawalpindi,RapidGo,Cash on Delivery,SAVE15
UB-007060,C00783,2025-10-19,Completed,Mobile App,Rawalpindi,SwiftEx,Bank Transfer,SAVE15
UB-007061,C00775,2025-07-26,Completed,Web,Rawalpindi,BlueLine,Card,
UB-007062,C01448,2025-05-12,Completed,Mobile App,Lahore,BlueLine,Cash on Delivery,APP5
UB-007063,C01153,2025-02-23,Completed,Web,Lahore,SwiftEx,Cash on Delivery,
UB-007064,C01385,2024-12-18,Completed,Web,Karachi,SwiftEx,Wallet,
UB-007065,C00872,2025-06-22,Returned,Web,Rawalpindi,SwiftEx,Cash on Delivery,
UB-007066,C00751,2024-01-08,Completed,Web,Rawalpindi,BlueLine,Bank Transfer,
UB-007067,C01192,2025-09-09,Completed,Web,Islamabad,SwiftEx,Cash on Delivery,
UB-007068,C00621,2024-01-21,Completed,Mobile App,Islamabad,SwiftEx,Card,
UB-007069,C00728,2024-05-03,Cancelled,Mobile App,Rawalpindi,SwiftEx,Wallet,SAVE15
UB-007070,C01439,2024-04-08,Completed,Web,Islamabad,RapidGo,Cash on Delivery,APP5
UB-007071,C00480,2025-05-29,Completed,Mobile App,Peshawar,BlueLine,Card,
UB-007072,C00515,2024-06-15,Completed,Web,Karachi,RapidGo,Card,SAVE15
UB-007073,C01031,2024-12-27,Cancelled,Marketplace,Lahore,RapidGo,Wallet,
UB-007074,C01485,2024-07-09,Completed,Mobile App,Lahore,RapidGo,Wallet,WELCOME10
UB-007075,C00297,2025-05-17,Completed,Web,Rawalpindi,Store Pickup,Card,
UB-007076,C01205,2024-01-13,Completed,Mobile App,Islamabad,SwiftEx,Cash on Delivery,
UB-007077,C00487,2024-11-06,Cancelled,Web,Rawalpindi,SwiftEx,Cash on Delivery,WELCOME10
UB-007078,C00064,2024-03-07,Completed,Web,Rawalpindi,SwiftEx,Card,SAVE15
UB-007079,C01122,2024-02-24,Completed,Marketplace,Rawalpindi,SwiftEx,Card,
UB-007080,C01544,2024-05-03,Completed,Mobile App,Lahore,SwiftEx,Card,
UB-007081,C00900,2024-10-12,Returned,Mobile App,Faisalabad,Store Pickup,Card,
UB-007082,C01379,2024-10-29,Completed,Mobile App,Lahore,BlueLine,Cash on Delivery,
UB-007083,C00205,2024-08-25,Completed,Mobile App,Lahore,Store Pickup,Card,
UB-007084,C01047,2024-01-18,Completed,Web,Lahore,SwiftEx,Card,
UB-007085,C01149,2024-07-02,Completed,Web,Rawalpindi,RapidGo,Cash on Delivery,
UB-007086,C01546,2024-11-09,Completed,Web,Rawalpindi,Store Pickup,Bank Transfer,
UB-007087,C00956,2024-01-22,Completed,Web,Rawalpindi,SwiftEx,Wallet,
UB-007088,C01511,2025-06-23,Completed,Web,Rawalpindi,RapidGo,Cash on Delivery,
UB-007089,C01590,2024-05-24,Completed,Mobile App,Islamabad,RapidGo,Cash on Delivery,
UB-007090,C01039,2025-04-04,Completed,Mobile App,Peshawar,RapidGo,Bank Transfer,
UB-007091,C00484,2025-12-06,Completed,Marketplace,Islamabad,Store Pickup,Cash on Delivery,
UB-007092,C00132,2024-09-08,Completed,Web,Islamabad,RapidGo,Cash on Delivery,FREESHIP
UB-007093,C00224,2024-04-28,Returned,Web,Rawalpindi,SwiftEx,Bank Transfer,
UB-007094,C00963,2025-08-02,Completed,Web,Peshawar,Store Pickup,Card,
UB-007095,C00770,2024-10-13,Completed,Mobile App,Rawalpindi,BlueLine,Card,FREESHIP
UB-007096,C01153,2024-05-18,Completed,Web,Lahore,SwiftEx,Cash on Delivery,FREESHIP
UB-007097,C00375,2024-09-01,Returned,Mobile App,Lahore,SwiftEx,Card,
UB-007098,C00238,2025-05-19,Cancelled,Mobile App,Karachi,Store Pickup,Wallet,
UB-007099,C01120,2025-01-01,Completed,Web,Peshawar,BlueLine,Cash on Delivery,SAVE15
UB-007100,C00031,2024-10-06,Completed,Mobile App,Rawalpindi,BlueLine,Cash on Delivery,APP5
UB-007101,C01495,2024-12-19,Completed,Mobile App,Rawalpindi,BlueLine,Cash on Delivery,
UB-007102,C00190,2024-03-27,Returned,Web,Rawalpindi,BlueLine,Bank Transfer,
UB-007103,C00768,2024-12-08,Completed,Web,Islamabad,SwiftEx,Cash on Delivery,FREESHIP
UB-007104,C00309,2024-10-06,Completed,Mobile App,Faisalabad,SwiftEx,Wallet,SAVE15
UB-007105,C00159,2024-07-12,Completed,Web,Karachi,SwiftEx,Card,
UB-007106,C01474,2025-11-16,Completed,Mobile App,Lahore,SwiftEx,Wallet,
UB-007107,C01253,2024-01-17,Completed,Web,Lahore,RapidGo,Card,
UB-007108,C00921,2024-05-04,Returned,Mobile App,Rawalpindi,RapidGo,Card,
UB-007109,C01016,2025-05-20,Completed,Mobile App,Lahore,BlueLine,Card,APP5
UB-007110,C00365,2024-02-03,Completed,Mobile App,Karachi,SwiftEx,Cash on Delivery,
UB-007111,C00465,2024-07-04,Returned,Mobile App,Faisalabad,RapidGo,Card,
UB-007112,C01361,2024-06-24,Completed,Marketplace,Islamabad,SwiftEx,Cash on Delivery,FREESHIP
UB-007113,C01010,2025-04-05,Completed,Mobile App,Islamabad,SwiftEx,Card,
UB-007114,C01539,2024-03-08,Completed,Mobile App,Lahore,SwiftEx,Cash on Delivery,FREESHIP
UB-007115,C01304,2024-02-19,Returned,Web,Karachi,SwiftEx,Card,
UB-007116,C01114,2024-01-19,Completed,Mobile App,Karachi,SwiftEx,Cash on Delivery,APP5
UB-007117,C00959,2024-12-02,Completed,Mobile App,Rawalpindi,SwiftEx,Cash on Delivery,
UB-007118,C00155,2025-02-07,Completed,Web,Karachi,Store Pickup,Cash on Delivery,SAVE15
UB-007119,C00232,2024-07-20,Completed,Mobile App,Karachi,Store Pickup,Card,
UB-007120,C00879,2024-06-09,Completed,Web,Islamabad,SwiftEx,Wallet,
UB-007121,C00871,2025-11-27,Completed,Web,Karachi,SwiftEx,Cash on Delivery,
UB-007122,C00181,2025-03-15,Returned,Web,Rawalpindi,SwiftEx,Bank Transfer,
UB-007123,C00095,2025-08-10,Completed,Mobile App,Islamabad,SwiftEx,Cash on Delivery,
UB-007124,C01318,2024-04-30,Completed,Mobile App,Lahore,RapidGo,Card,
UB-007125,C00610,2024-05-05,Completed,Web,Faisalabad,RapidGo,Bank Transfer,
UB-007126,C00598,2024-04-27,Cancelled,Web,Lahore,SwiftEx,Card,
UB-007127,C00897,2025-04-19,Cancelled,Web,Karachi,SwiftEx,Card,WELCOME10
UB-007128,C00059,2024-12-27,Completed,Mobile App,Peshawar,SwiftEx,Cash on Delivery,WELCOME10
UB-007129,C00353,2024-04-17,Completed,Mobile App,Peshawar,BlueLine,Wallet,
UB-007130,C00977,2024-10-12,Completed,Mobile App,Lahore,Store Pickup,Card,APP5
UB-007131,C01074,2024-12-03,Completed,Web,Faisalabad,SwiftEx,Wallet,
UB-007132,C01119,2025-06-08,Completed,Web,Faisalabad,RapidGo,Cash on Delivery,
UB-007133,C01008,2024-06-02,Completed,Web,Islamabad,BlueLine,Wallet,
UB-007134,C01281,2024-08-14,Completed,Marketplace,Islamabad,BlueLine,Cash on Delivery,
UB-007135,C01018,2024-11-20,Completed,Web,Faisalabad,SwiftEx,Wallet,WELCOME10
UB-007136,C01079,2024-06-13,Completed,Web,Islamabad,Store Pickup,Cash on Delivery,
UB-007137,C00387,2024-02-10,Completed,Web,Peshawar,RapidGo,Card,
UB-007138,C00503,2024-10-26,Completed,Mobile App,Lahore,RapidGo,Card,
UB-007139,C00491,2024-03-18,Completed,Marketplace,Islamabad,SwiftEx,Cash on Delivery,
UB-007140,C00820,2025-03-19,Completed,Web,Islamabad,RapidGo,Card,
UB-007141,C01091,2025-03-09,Completed,Mobile App,Lahore,RapidGo,Wallet,
UB-007142,C00843,2025-07-27,Completed,Mobile App,Islamabad,Store Pickup,Card,
UB-007143,C01420,2024-11-04,Completed,Web,Lahore,SwiftEx,Cash on Delivery,
UB-007144,C01123,2025-09-01,Completed,Mobile App,Peshawar,Store Pickup,Card,
UB-007145,C00050,2025-02-02,Completed,Mobile App,Karachi,RapidGo,Cash on Delivery,
UB-007146,C00923,2025-07-27,Completed,Web,Islamabad,RapidGo,Wallet,
UB-007147,C01419,2025-11-08,Completed,Web,Islamabad,Store Pickup,Card,FREESHIP
UB-007148,C01341,2025-09-25,Completed,Web,Rawalpindi,Store Pickup,Cash on Delivery,
UB-007149,C00552,2024-07-21,Completed,Web,Rawalpindi,SwiftEx,Card,
UB-007150,C01521,2024-12-16,Completed,Web,Islamabad,SwiftEx,Cash on Delivery,
UB-007151,C01030,2024-02-25,Completed,Marketplace,Karachi,BlueLine,Card,
UB-007152,C01581,2024-10-21,Returned,Mobile App,Rawalpindi,SwiftEx,Cash on Delivery,
UB-007153,C00246,2024-10-10,Completed,Web,Islamabad,BlueLine,Wallet,APP5
UB-007154,C01138,2024-10-22,Completed,Mobile App,Karachi,RapidGo,Card,
UB-007155,C00239,2024-08-29,Completed,Web,Lahore,RapidGo,Wallet,
UB-007156,C00512,2024-07-10,Completed,Web,Lahore,RapidGo,Wallet,
UB-007157,C00002,2024-11-06,Returned,Mobile App,Islamabad,SwiftEx,Wallet,
UB-007158,C00498,2024-09-03,Completed,Mobile App,Faisalabad,RapidGo,Cash on Delivery,SAVE15
UB-007159,C00126,2024-02-15,Completed,Mobile App,Lahore,RapidGo,Cash on Delivery,
UB-007160,C01003,2024-05-16,Completed,Mobile App,Lahore,RapidGo,Cash on Delivery,WELCOME10
UB-007161,C01517,2025-06-29,Completed,Mobile App,Rawalpindi,Store Pickup,Cash on Delivery,
UB-007162,C00784,2024-07-06,Completed,Marketplace,Karachi,SwiftEx,Card,WELCOME10
UB-007163,C00534,2024-04-23,Completed,Web,Islamabad,SwiftEx,Cash on Delivery,APP5
UB-007164,C00036,2025-07-05,Returned,Web,Karachi,Store Pickup,Cash on Delivery,WELCOME10
UB-007165,C00693,2024-08-16,Completed,Web,Lahore,SwiftEx,Cash on Delivery,
UB-007166,C00170,2025-03-08,Completed,Web,Rawalpindi,SwiftEx,Cash on Delivery,APP5
UB-007167,C01350,2024-03-16,Completed,Mobile App,Lahore,BlueLine,Wallet,
UB-007168,C00930,2024-02-01,Completed,Mobile App,Lahore,RapidGo,Card,FREESHIP
UB-007169,C01006,2025-03-28,Completed,Mobile App,Peshawar,RapidGo,Wallet,SAVE15
UB-007170,C00062,2025-04-03,Completed,Mobile App,Peshawar,RapidGo,Wallet,
UB-007171,C00637,2025-07-29,Returned,Web,Peshawar,RapidGo,Card,
UB-007172,C01494,2025-12-20,Completed,Mobile App,Lahore,RapidGo,Card,
UB-007173,C00774,2025-04-18,Completed,Marketplace,Lahore,BlueLine,Bank Transfer,WELCOME10
UB-007174,C01160,2025-09-13,Completed,Web,Karachi,Store Pickup,Cash on Delivery,
UB-007175,C01092,2024-05-18,Completed,Marketplace,Rawalpindi,RapidGo,Bank Transfer,
UB-007176,C01487,2025-10-28,Completed,Web,Islamabad,SwiftEx,Card,APP5
UB-007177,C01071,2024-02-25,Completed,Web,Lahore,RapidGo,Bank Transfer,
UB-007178,C00017,2024-11-08,Completed,Mobile App,Karachi,SwiftEx,Wallet,
UB-007179,C00209,2024-04-12,Completed,Mobile App,Faisalabad,SwiftEx,Cash on Delivery,
UB-007180,C00732,2025-11-30,Completed,Marketplace,Islamabad,SwiftEx,Cash on Delivery,
UB-007181,C01476,2024-03-01,Completed,Web,Rawalpindi,Store Pickup,Cash on Delivery,
UB-007182,C01449,2025-02-19,Completed,Web,Rawalpindi,SwiftEx,Card,
UB-007183,C01279,2024-05-03,Completed,Mobile App,Islamabad,BlueLine,Bank Transfer,APP5
UB-007184,C00157,2024-05-08,Returned,Mobile App,Islamabad,SwiftEx,Cash on Delivery,
UB-007185,C00457,2025-08-14,Completed,Mobile App,Rawalpindi,RapidGo,Cash on Delivery,
UB-007186,C01245,2024-02-08,Returned,Mobile App,Karachi,RapidGo,Card,
UB-007187,C01401,2024-11-25,Completed,Mobile App,Karachi,SwiftEx,Cash on Delivery,
UB-007188,C01011,2024-08-28,Completed,Marketplace,Islamabad,RapidGo,Card,SAVE15
UB-007189,C00055,2024-02-25,Completed,Web,Karachi,RapidGo,Bank Transfer,FREESHIP
UB-007190,C01491,2024-09-03,Completed,Web,Lahore,SwiftEx,Wallet,APP5
UB-007191,C01096,2024-03-21,Completed,Mobile App,Rawalpindi,SwiftEx,Cash on Delivery,
UB-007192,C01452,2025-08-31,Completed,Marketplace,Islamabad,RapidGo,Bank Transfer,WELCOME10
UB-007193,C00593,2025-01-24,Returned,Web,Rawalpindi,BlueLine,Card,
UB-007194,C01279,2024-01-02,Completed,Web,Islamabad,RapidGo,Cash on Delivery,
UB-007195,C00568,2025-12-15,Completed,Web,Islamabad,BlueLine,Cash on Delivery,
UB-007196,C00370,2025-10-17,Completed,Mobile App,Faisalabad,BlueLine,Cash on Delivery,
UB-007197,C01313,2025-09-25,Completed,Web,Rawalpindi,BlueLine,Wallet,FREESHIP
UB-007198,C00236,2025-12-18,Completed,Web,Karachi,SwiftEx,Card,
UB-007199,C00889,2024-03-22,Completed,Web,Peshawar,Store Pickup,Card,
UB-007200,C01099,2025-03-11,Completed,Web,Rawalpindi,Store Pickup,Card,
UB-007201,C00117,2025-04-26,Completed,Mobile App,Rawalpindi,SwiftEx,Bank Transfer,APP5
UB-007202,C00504,2025-03-22,Completed,Marketplace,Islamabad,BlueLine,Card,
UB-007203,C01540,2025-08-25,Completed,Web,Islamabad,SwiftEx,Wallet,WELCOME10
UB-007204,C01090,2024-03-30,Completed,Mobile App,Karachi,SwiftEx,Cash on Delivery,
UB-007205,C01109,2025-07-12,Returned,Web,Lahore,RapidGo,Wallet,WELCOME10
UB-007206,C00379,2025-02-15,Completed,Web,Lahore,BlueLine,Card,
UB-007207,C00926,2024-07-15,Completed,Mobile App,Lahore,BlueLine,Cash on Delivery,
UB-007208,C01531,2025-01-17,Completed,Mobile App,Islamabad,SwiftEx,Cash on Delivery,
UB-007209,C00502,2025-12-30,Completed,Web,Peshawar,RapidGo,Wallet,
UB-007210,C00485,2024-12-09,Completed,Marketplace,Islamabad,SwiftEx,Cash on Delivery,
UB-007211,C01350,2024-07-19,Completed,Web,Lahore,BlueLine,Cash on Delivery,
UB-007212,C00930,2024-06-13,Completed,Mobile App,Lahore,BlueLine,Card,APP5
UB-007213,C01147,2025-12-05,Completed,Web,Karachi,Store Pickup,Card,
UB-007214,C00966,2025-03-17,Completed,Mobile App,Peshawar,BlueLine,Bank Transfer,
UB-007215,C01140,2024-10-16,Completed,Web,Islamabad,Store Pickup,Cash on Delivery,
UB-007216,C00380,2025-02-08,Cancelled,Web,Islamabad,SwiftEx,Card,
UB-007217,C00812,2024-10-15,Completed,Mobile App,Lahore,Store Pickup,Cash on Delivery,
UB-007218,C00035,2024-05-02,Completed,Mobile App,Lahore,SwiftEx,Card,
UB-007219,C00920,2025-06-18,Completed,Mobile App,Rawalpindi,SwiftEx,Cash on Delivery,
UB-007220,C00069,2024-11-08,Completed,Mobile App,Karachi,RapidGo,Wallet,
UB-007221,C00716,2025-05-02,Completed,Web,Islamabad,RapidGo,Wallet,APP5
UB-007222,C00706,2025-03-30,Completed,Web,Peshawar,BlueLine,Wallet,
UB-007223,C00773,2025-10-07,Returned,Mobile App,Lahore,BlueLine,Wallet,FREESHIP
UB-007224,C00545,2024-09-06,Cancelled,Web,Faisalabad,SwiftEx,Card,
UB-007225,C01489,2025-11-08,Returned,Marketplace,Lahore,BlueLine,Cash on Delivery,
UB-007226,C00863,2024-08-18,Completed,Marketplace,Karachi,Store Pickup,Cash on Delivery,
UB-007227,C01447,2024-08-05,Completed,Marketplace,Rawalpindi,RapidGo,Card,
UB-007228,C00590,2024-07-25,Completed,Mobile App,Islamabad,SwiftEx,Cash on Delivery,
UB-007229,C00434,2024-07-09,Completed,Mobile App,Karachi,BlueLine,Wallet,SAVE15
UB-007230,C01542,2025-10-31,Completed,Mobile App,Islamabad,BlueLine,Cash on Delivery,
UB-007231,C01376,2025-09-01,Completed,Web,Lahore,BlueLine,Card,
UB-007232,C01291,2025-07-25,Completed,Web,Karachi,BlueLine,Bank Transfer,SAVE15
UB-007233,C01430,2024-05-18,Completed,Marketplace,Islamabad,BlueLine,Cash on Delivery,SAVE15
UB-007234,C00188,2024-10-03,Completed,Mobile App,Islamabad,SwiftEx,Wallet,APP5
UB-007235,C01397,2024-08-07,Completed,Mobile App,Islamabad,BlueLine,Cash on Delivery,
UB-007236,C00279,2024-06-29,Completed,Web,Rawalpindi,BlueLine,Cash on Delivery,
UB-007237,C00370,2025-08-10,Completed,Web,Faisalabad,BlueLine,Cash on Delivery,
UB-007238,C00701,2024-10-15,Completed,Web,Rawalpindi,BlueLine,Cash on Delivery,
UB-007239,C01473,2025-10-04,Completed,Mobile App,Lahore,Store Pickup,Cash on Delivery,SAVE15
UB-007240,C01069,2024-12-10,Completed,Web,Rawalpindi,SwiftEx,Cash on Delivery,APP5
UB-007241,C00129,2024-06-09,Completed,Marketplace,Karachi,Store Pickup,Cash on Delivery,
UB-007242,C00514,2024-09-12,Completed,Web,Islamabad,SwiftEx,Cash on Delivery,
UB-007243,C00758,2025-08-09,Completed,Mobile App,Islamabad,BlueLine,Wallet,
UB-007244,C01308,2024-03-13,Returned,Mobile App,Rawalpindi,SwiftEx,Cash on Delivery,APP5
UB-007245,C01053,2025-02-08,Completed,Marketplace,Lahore,SwiftEx,Wallet,WELCOME10
UB-007246,C00834,2024-09-09,Completed,Mobile App,Rawalpindi,Store Pickup,Wallet,
UB-007247,C00369,2025-08-27,Completed,Web,Peshawar,Store Pickup,Cash on Delivery,
UB-007248,C01265,2025-08-16,Completed,Mobile App,Islamabad,BlueLine,Card,APP5
UB-007249,C01193,2024-04-27,Completed,Mobile App,Lahore,BlueLine,Card,
UB-007250,C00431,2025-11-29,Completed,Web,Lahore,SwiftEx,Cash on Delivery,
UB-007251,C00502,2024-03-17,Completed,Marketplace,Peshawar,BlueLine,Card,WELCOME10
UB-007252,C00143,2024-11-25,Completed,Mobile App,Faisalabad,RapidGo,Wallet,
UB-007253,C00013,2025-09-05,Completed,Mobile App,Peshawar,RapidGo,Cash on Delivery,
UB-007254,C00995,2025-01-25,Returned,Mobile App,Lahore,BlueLine,Card,
UB-007255,C01017,2024-11-14,Returned,Mobile App,Karachi,SwiftEx,Cash on Delivery,SAVE15
UB-007256,C01153,2024-10-17,Completed,Mobile App,Lahore,Store Pickup,Card,
UB-007257,C00003,2024-04-17,Completed,Web,Islamabad,RapidGo,Cash on Delivery,
UB-007258,C00730,2024-11-08,Completed,Marketplace,Peshawar,BlueLine,Bank Transfer,
UB-007259,C01039,2025-07-21,Completed,Marketplace,Peshawar,Store Pickup,Cash on Delivery,WELCOME10
UB-007260,C00401,2024-01-28,Completed,Mobile App,Islamabad,RapidGo,Cash on Delivery,
UB-007261,C00317,2025-10-13,Completed,Web,Faisalabad,RapidGo,Cash on Delivery,
UB-007262,C01536,2025-12-14,Completed,Mobile App,Karachi,SwiftEx,Cash on Delivery,
UB-007263,C01541,2025-07-16,Completed,Marketplace,Faisalabad,BlueLine,Cash on Delivery,WELCOME10
UB-007264,C00975,2025-09-04,Returned,Mobile App,Peshawar,BlueLine,Wallet,SAVE15
UB-007265,C01140,2024-03-01,Completed,Marketplace,Islamabad,BlueLine,Bank Transfer,APP5
UB-007266,C01548,2025-09-13,Cancelled,Web,Rawalpindi,SwiftEx,Card,
UB-007267,C01038,2025-02-14,Completed,Web,Karachi,SwiftEx,Wallet,
UB-007268,C00205,2025-11-01,Completed,Web,Lahore,RapidGo,Wallet,
UB-007269,C00029,2025-05-31,Completed,Web,Karachi,RapidGo,Card,
UB-007270,C01215,2024-01-13,Completed,Web,Peshawar,SwiftEx,Cash on Delivery,
UB-007271,C00621,2024-03-29,Completed,Web,Islamabad,RapidGo,Cash on Delivery,WELCOME10
UB-007272,C01315,2024-09-16,Completed,Mobile App,Faisalabad,BlueLine,Wallet,
UB-007273,C00574,2025-11-27,Completed,Mobile App,Karachi,SwiftEx,Wallet,
UB-007274,C00641,2025-01-12,Completed,Web,Karachi,BlueLine,Bank Transfer,
UB-007275,C01558,2024-06-08,Completed,Mobile App,Islamabad,SwiftEx,Wallet,
UB-007276,C00810,2024-06-26,Completed,Mobile App,Karachi,BlueLine,Cash on Delivery,
UB-007277,C01465,2025-04-29,Completed,Marketplace,Lahore,SwiftEx,Bank Transfer,
UB-007278,C00406,2025-01-08,Completed,Web,Karachi,BlueLine,Cash on Delivery,FREESHIP
UB-007279,C00225,2024-09-16,Completed,Mobile App,Lahore,SwiftEx,Bank Transfer,APP5
UB-007280,C00182,2025-01-17,Completed,Web,Islamabad,BlueLine,Wallet,APP5
UB-007281,C00964,2025-12-03,Completed,Web,Peshawar,SwiftEx,Cash on Delivery,
UB-007282,C00624,2025-06-24,Completed,Web,Islamabad,SwiftEx,Bank Transfer,
UB-007283,C01541,2025-01-06,Completed,Web,Faisalabad,SwiftEx,Bank Transfer,
UB-007284,C01125,2025-10-26,Completed,Web,Karachi,SwiftEx,Wallet,
UB-007285,C00526,2025-08-20,Completed,Mobile App,Lahore,RapidGo,Cash on Delivery,
UB-007286,C01114,2025-09-25,Completed,Mobile App,Karachi,RapidGo,Wallet,
UB-007287,C01438,2024-01-17,Completed,Marketplace,Lahore,SwiftEx,Card,FREESHIP
UB-007288,C00332,2025-06-01,Completed,Web,Rawalpindi,SwiftEx,Cash on Delivery,
UB-007289,C00020,2025-03-01,Completed,Web,Rawalpindi,SwiftEx,Wallet,APP5
UB-007290,C00237,2024-08-01,Completed,Web,Islamabad,Store Pickup,Card,
UB-007291,C00374,2024-08-16,Completed,Mobile App,Islamabad,RapidGo,Bank Transfer,
UB-007292,C00459,2024-01-24,Completed,Web,Faisalabad,SwiftEx,Cash on Delivery,
UB-007293,C00806,2025-04-07,Completed,Web,Lahore,SwiftEx,Card,
UB-007294,C00886,2024-10-09,Completed,Mobile App,Lahore,Store Pickup,Card,
UB-007295,C00066,2024-10-12,Completed,Mobile App,Lahore,BlueLine,Cash on Delivery,
UB-007296,C00627,2024-07-29,Completed,Mobile App,Lahore,BlueLine,Cash on Delivery,FREESHIP
UB-007297,C00017,2024-10-02,Completed,Mobile App,Karachi,BlueLine,Card,
UB-007298,C01276,2025-11-08,Returned,Marketplace,Karachi,RapidGo,Card,
UB-007299,C01447,2024-12-04,Returned,Web,Rawalpindi,RapidGo,Cash on Delivery,SAVE15
UB-007300,C00922,2025-11-17,Completed,Mobile App,Islamabad,SwiftEx,Cash on Delivery,
UB-007301,C00958,2024-12-12,Completed,Mobile App,Rawalpindi,SwiftEx,Cash on Delivery,
UB-007302,C00440,2025-01-31,Completed,Web,Lahore,RapidGo,Card,
UB-007303,C00119,2025-07-01,Completed,Mobile App,Islamabad,SwiftEx,Cash on Delivery,
UB-007304,C01365,2024-09-07,Completed,Web,Faisalabad,SwiftEx,Card,
UB-007305,C00246,2025-07-14,Completed,Web,Islamabad,BlueLine,Bank Transfer,APP5
UB-007306,C00820,2024-08-30,Completed,Mobile App,Islamabad,BlueLine,Bank Transfer,
UB-007307,C00551,2024-06-20,Completed,Web,Islamabad,Store Pickup,Wallet,
UB-007308,C01486,2025-09-09,Completed,Web,Rawalpindi,SwiftEx,Card,
UB-007309,C00398,2025-10-30,Completed,Mobile App,Rawalpindi,SwiftEx,Cash on Delivery,
UB-007310,C00355,2024-03-30,Completed,Web,Islamabad,RapidGo,Card,
UB-007311,C00292,2025-11-14,Completed,Web,Karachi,Store Pickup,Cash on Delivery,
UB-007312,C01439,2025-01-12,Completed,Mobile App,Islamabad,SwiftEx,Bank Transfer,FREESHIP
UB-007313,C00279,2025-04-21,Completed,Mobile App,Rawalpindi,Store Pickup,Card,
UB-007314,C00814,2024-03-20,Completed,Mobile App,Karachi,SwiftEx,Cash on Delivery,FREESHIP
UB-007315,C00869,2025-12-28,Completed,Web,Karachi,SwiftEx,Card,WELCOME10
UB-007316,C01207,2024-03-21,Completed,Mobile App,Islamabad,SwiftEx,Card,
UB-007317,C00428,2024-05-22,Completed,Web,Rawalpindi,RapidGo,Cash on Delivery,
UB-007318,C00045,2025-05-29,Completed,Web,Rawalpindi,Store Pickup,Cash on Delivery,
UB-007319,C00934,2025-12-04,Completed,Web,Lahore,RapidGo,Card,
UB-007320,C00090,2024-03-12,Completed,Web,Karachi,SwiftEx,Card,
UB-007321,C00564,2024-11-03,Returned,Web,Lahore,RapidGo,Cash on Delivery,SAVE15
UB-007322,C00049,2025-12-26,Returned,Mobile App,Rawalpindi,SwiftEx,Bank Transfer,SAVE15
UB-007323,C00247,2024-03-31,Completed,Mobile App,Rawalpindi,BlueLine,Cash on Delivery,SAVE15
UB-007324,C00392,2025-04-04,Completed,Mobile App,Rawalpindi,RapidGo,Wallet,SAVE15
UB-007325,C01397,2024-11-14,Completed,Web,Islamabad,SwiftEx,Cash on Delivery,
UB-007326,C01274,2024-03-31,Completed,Web,Lahore,SwiftEx,Cash on Delivery,
UB-007327,C00815,2025-08-04,Completed,Web,Faisalabad,SwiftEx,Wallet,
UB-007328,C01015,2025-05-13,Returned,Mobile App,Rawalpindi,RapidGo,Card,
UB-007329,C01544,2025-03-09,Completed,Marketplace,Lahore,BlueLine,Cash on Delivery,
UB-007330,C00344,2024-09-03,Cancelled,Marketplace,Peshawar,BlueLine,Card,WELCOME10
UB-007331,C00213,2025-12-19,Completed,Web,Rawalpindi,Store Pickup,Cash on Delivery,
UB-007332,C00115,2025-01-20,Completed,Mobile App,Faisalabad,RapidGo,Card,
UB-007333,C01026,2025-02-26,Completed,Web,Lahore,RapidGo,Wallet,
UB-007334,C00843,2024-08-30,Returned,Mobile App,Islamabad,Store Pickup,Card,
UB-007335,C01083,2025-05-26,Completed,Web,Rawalpindi,RapidGo,Cash on Delivery,
UB-007336,C00229,2024-05-10,Cancelled,Web,Peshawar,RapidGo,Card,
UB-007337,C01356,2025-08-19,Completed,Web,Lahore,SwiftEx,Cash on Delivery,SAVE15
UB-007338,C01575,2025-10-08,Completed,Mobile App,Peshawar,Store Pickup,Cash on Delivery,
UB-007339,C00680,2025-05-10,Completed,Mobile App,Rawalpindi,BlueLine,Cash on Delivery,
UB-007340,C00757,2025-12-31,Completed,Mobile App,Rawalpindi,SwiftEx,Card,
UB-007341,C00527,2024-07-17,Completed,Web,Peshawar,SwiftEx,Bank Transfer,WELCOME10
UB-007342,C00191,2025-12-23,Completed,Mobile App,Rawalpindi,BlueLine,Cash on Delivery,SAVE15
UB-007343,C01185,2025-03-06,Completed,Mobile App,Faisalabad,SwiftEx,Card,APP5
UB-007344,C00271,2025-04-28,Completed,Mobile App,Islamabad,SwiftEx,Wallet,FREESHIP
UB-007345,C00461,2025-11-10,Completed,Web,Rawalpindi,RapidGo,Cash on Delivery,
UB-007346,C01052,2024-07-18,Completed,Mobile App,Islamabad,RapidGo,Cash on Delivery,
UB-007347,C00636,2024-09-13,Completed,Mobile App,Karachi,BlueLine,Wallet,WELCOME10
UB-007348,C01458,2024-08-08,Completed,Mobile App,Lahore,BlueLine,Card,WELCOME10
UB-007349,C00458,2024-07-17,Completed,Web,Karachi,SwiftEx,Wallet,APP5
UB-007350,C01251,2025-10-06,Completed,Web,Rawalpindi,RapidGo,Card,SAVE15
UB-007351,C00990,2024-01-22,Completed,Mobile App,Rawalpindi,SwiftEx,Wallet,
UB-007352,C01335,2024-09-07,Completed,Marketplace,Rawalpindi,SwiftEx,Bank Transfer,
UB-007353,C01235,2024-02-28,Completed,Mobile App,Karachi,SwiftEx,Card,WELCOME10
UB-007354,C00318,2025-08-05,Completed,Web,Peshawar,SwiftEx,Bank Transfer,
UB-007355,C00956,2024-05-22,Cancelled,Mobile App,Rawalpindi,RapidGo,Card,FREESHIP
UB-007356,C00871,2024-02-11,Completed,Mobile App,Karachi,BlueLine,Cash on Delivery,
UB-007357,C00396,2024-02-07,Completed,Mobile App,Islamabad,BlueLine,Wallet,SAVE15
UB-007358,C01107,2024-01-05,Completed,Mobile App,Peshawar,RapidGo,Card,
UB-007359,C01206,2025-01-04,Completed,Marketplace,Faisalabad,SwiftEx,Wallet,APP5
UB-007360,C00188,2024-03-28,Completed,Mobile App,Islamabad,BlueLine,Cash on Delivery,APP5
UB-007361,C01271,2025-05-09,Completed,Mobile App,Rawalpindi,Store Pickup,Wallet,
UB-007362,C00437,2024-11-17,Completed,Mobile App,Karachi,BlueLine,Cash on Delivery,
UB-007363,C00840,2024-10-12,Completed,Web,Peshawar,SwiftEx,Card,
UB-007364,C00109,2024-04-07,Completed,Web,Peshawar,RapidGo,Wallet,APP5
UB-007365,C01166,2025-06-03,Completed,Mobile App,Lahore,SwiftEx,Cash on Delivery,
UB-007366,C00253,2025-04-19,Completed,Web,Islamabad,RapidGo,Wallet,
UB-007367,C00968,2025-08-01,Completed,Marketplace,Karachi,SwiftEx,Card,
UB-007368,C01003,2025-10-08,Completed,Web,Lahore,Store Pickup,Cash on Delivery,
UB-007369,C01037,2024-04-21,Completed,Web,Islamabad,RapidGo,Cash on Delivery,
UB-007370,C00319,2024-07-25,Completed,Marketplace,Peshawar,BlueLine,Cash on Delivery,SAVE15
UB-007371,C00770,2025-05-01,Completed,Mobile App,Rawalpindi,SwiftEx,Wallet,SAVE15
UB-007372,C00421,2024-09-24,Returned,Marketplace,Karachi,BlueLine,Cash on Delivery,
UB-007373,C01424,2024-03-14,Completed,Mobile App,Karachi,BlueLine,Wallet,WELCOME10
UB-007374,C00428,2025-02-15,Completed,Mobile App,Rawalpindi,SwiftEx,Card,WELCOME10
UB-007375,C00043,2024-10-12,Completed,Web,Faisalabad,RapidGo,Cash on Delivery,
UB-007376,C01443,2024-04-09,Completed,Web,Lahore,Store Pickup,Cash on Delivery,
UB-007377,C00561,2025-07-19,Completed,Mobile App,Peshawar,SwiftEx,Card,
UB-007378,C01479,2024-03-22,Completed,Web,Lahore,Store Pickup,Cash on Delivery,
UB-007379,C01356,2024-09-13,Completed,Web,Lahore,RapidGo,Bank Transfer,FREESHIP
UB-007380,C00023,2025-01-29,Completed,Web,Rawalpindi,RapidGo,Cash on Delivery,
UB-007381,C00158,2024-08-30,Completed,Mobile App,Peshawar,RapidGo,Cash on Delivery,
UB-007382,C00777,2024-09-30,Completed,Web,Rawalpindi,RapidGo,Cash on Delivery,
UB-007383,C00360,2024-09-29,Completed,Web,Rawalpindi,BlueLine,Card,
UB-007384,C00966,2025-09-25,Completed,Mobile App,Peshawar,RapidGo,Card,
UB-007385,C00363,2025-11-13,Completed,Web,Peshawar,RapidGo,Card,
UB-007386,C00499,2024-04-20,Cancelled,Mobile App,Rawalpindi,RapidGo,Cash on Delivery,
UB-007387,C00233,2025-04-26,Completed,Mobile App,Islamabad,BlueLine,Card,FREESHIP
UB-007388,C00014,2025-09-10,Completed,Web,Rawalpindi,BlueLine,Bank Transfer,APP5
UB-007389,C00257,2025-05-03,Completed,Mobile App,Lahore,SwiftEx,Cash on Delivery,
UB-007390,C01212,2025-06-20,Returned,Mobile App,Rawalpindi,BlueLine,Card,
UB-007391,C00431,2025-08-06,Completed,Web,Lahore,RapidGo,Cash on Delivery,
UB-007392,C01211,2024-06-15,Completed,Web,Lahore,BlueLine,Card,
UB-007393,C01377,2025-06-18,Completed,Mobile App,Rawalpindi,SwiftEx,Wallet,
UB-007394,C00499,2025-09-14,Completed,Web,Rawalpindi,Store Pickup,Bank Transfer,
UB-007395,C00275,2025-05-26,Completed,Web,Islamabad,BlueLine,Cash on Delivery,
UB-007396,C00631,2024-05-09,Completed,Web,Lahore,SwiftEx,Cash on Delivery,SAVE15
UB-007397,C00792,2025-03-21,Completed,Mobile App,Faisalabad,SwiftEx,Bank Transfer,
UB-007398,C00585,2025-07-24,Completed,Marketplace,Islamabad,SwiftEx,Card,FREESHIP
UB-007399,C00166,2024-06-16,Completed,Web,Lahore,BlueLine,Cash on Delivery,APP5
UB-007400,C00053,2025-01-31,Completed,Mobile App,Lahore,RapidGo,Cash on Delivery,
UB-007401,C00733,2025-09-10,Completed,Mobile App,Karachi,RapidGo,Wallet,APP5
UB-007402,C00825,2024-12-31,Completed,Web,Faisalabad,BlueLine,Cash on Delivery,
UB-007403,C00601,2024-03-29,Completed,Mobile App,Islamabad,RapidGo,Bank Transfer,
UB-007404,C00422,2025-01-10,Completed,Web,Lahore,BlueLine,Cash on Delivery,SAVE15
UB-007405,C00611,2025-08-03,Completed,Web,Lahore,BlueLine,Card,
UB-007406,C00648,2024-07-11,Completed,Mobile App,Lahore,RapidGo,Cash on Delivery,SAVE15
UB-007407,C00555,2024-04-11,Returned,Mobile App,Lahore,SwiftEx,Wallet,
UB-007408,C01134,2024-06-01,Completed,Mobile App,Rawalpindi,Store Pickup,Card,
UB-007409,C00135,2024-12-05,Returned,Mobile App,Lahore,SwiftEx,Cash on Delivery,
UB-007410,C00778,2024-03-06,Completed,Web,Islamabad,BlueLine,Bank Transfer,
UB-007411,C01228,2024-04-18,Completed,Web,Rawalpindi,RapidGo,Wallet,
UB-007412,C01076,2024-08-28,Completed,Mobile App,Islamabad,SwiftEx,Card,APP5
UB-007413,C01171,2025-07-09,Completed,Mobile App,Karachi,SwiftEx,Card,
UB-007414,C01088,2024-06-20,Completed,Mobile App,Karachi,BlueLine,Wallet,
UB-007415,C00400,2025-04-21,Completed,Web,Islamabad,BlueLine,Cash on Delivery,
UB-007416,C01090,2025-08-30,Completed,Mobile App,Karachi,SwiftEx,Cash on Delivery,SAVE15
UB-007417,C00390,2025-10-25,Completed,Web,Rawalpindi,RapidGo,Wallet,
UB-007418,C01234,2024-01-17,Completed,Web,Rawalpindi,Store Pickup,Bank Transfer,
UB-007419,C00899,2024-08-03,Completed,Marketplace,Lahore,RapidGo,Card,
UB-007420,C00818,2025-02-17,Cancelled,Mobile App,Peshawar,BlueLine,Card,
UB-007421,C01560,2025-02-22,Completed,Mobile App,Islamabad,SwiftEx,Cash on Delivery,FREESHIP
UB-007422,C00309,2025-03-15,Completed,Mobile App,Faisalabad,SwiftEx,Card,
UB-007423,C00024,2024-06-23,Completed,Marketplace,Lahore,SwiftEx,Cash on Delivery,
UB-007424,C00470,2025-03-25,Completed,Web,Faisalabad,BlueLine,Wallet,
UB-007425,C00528,2024-11-16,Completed,Web,Karachi,RapidGo,Bank Transfer,
UB-007426,C01359,2024-10-13,Completed,Mobile App,Rawalpindi,SwiftEx,Cash on Delivery,WELCOME10
UB-007427,C00586,2025-02-15,Cancelled,Mobile App,Karachi,SwiftEx,Cash on Delivery,FREESHIP
UB-007428,C00312,2025-03-15,Returned,Mobile App,Rawalpindi,BlueLine,Wallet,APP5
UB-007429,C01221,2025-12-03,Completed,Marketplace,Faisalabad,BlueLine,Cash on Delivery,
UB-007430,C01203,2024-04-07,Completed,Marketplace,Lahore,BlueLine,Card,
UB-007431,C00182,2024-03-05,Completed,Mobile App,Islamabad,BlueLine,Bank Transfer,
UB-007432,C00515,2025-07-06,Completed,Web,Karachi,BlueLine,Card,APP5
UB-007433,C00655,2024-08-31,Completed,Web,Rawalpindi,SwiftEx,Bank Transfer,
UB-007434,C01238,2024-11-08,Completed,Web,Lahore,RapidGo,Card,SAVE15
UB-007435,C01537,2024-04-03,Completed,Web,Lahore,SwiftEx,Card,SAVE15
UB-007436,C01252,2024-03-03,Completed,Marketplace,Karachi,BlueLine,Cash on Delivery,
UB-007437,C00129,2024-09-05,Cancelled,Marketplace,Karachi,SwiftEx,Bank Transfer,WELCOME10
UB-007438,C01376,2025-06-23,Completed,Marketplace,Lahore,Store Pickup,Card,
UB-007439,C01126,2024-01-07,Completed,Web,Peshawar,BlueLine,Cash on Delivery,
UB-007440,C00312,2025-08-23,Completed,Web,Rawalpindi,BlueLine,Bank Transfer,APP5
UB-007441,C00381,2024-04-22,Completed,Mobile App,Rawalpindi,BlueLine,Cash on Delivery,WELCOME10
UB-007442,C00138,2024-12-30,Completed,Mobile App,Karachi,Store Pickup,Wallet,APP5
UB-007443,C01317,2025-12-19,Completed,Marketplace,Rawalpindi,RapidGo,Bank Transfer,WELCOME10
UB-007444,C01331,2025-09-02,Completed,Mobile App,Faisalabad,BlueLine,Cash on Delivery,
UB-007445,C00018,2024-03-29,Completed,Mobile App,Lahore,BlueLine,Cash on Delivery,
UB-007446,C01419,2025-03-11,Completed,Web,Islamabad,RapidGo,Card,FREESHIP
UB-007447,C01129,2024-01-19,Completed,Web,Karachi,Store Pickup,Wallet,FREESHIP
UB-007448,C00912,2025-01-04,Completed,Mobile App,Islamabad,RapidGo,Wallet,
UB-007449,C00019,2024-12-18,Completed,Mobile App,Islamabad,SwiftEx,Card,
UB-007450,C01220,2024-10-15,Completed,Web,Karachi,Store Pickup,Cash on Delivery,
UB-007451,C00462,2025-10-13,Completed,Web,Rawalpindi,RapidGo,Bank Transfer,
UB-007452,C01417,2025-12-24,Completed,Mobile App,Rawalpindi,RapidGo,Cash on Delivery,
UB-007453,C01039,2024-11-19,Completed,Mobile App,Peshawar,SwiftEx,Cash on Delivery,APP5
UB-007454,C00341,2025-12-28,Returned,Web,Rawalpindi,BlueLine,Cash on Delivery,
UB-007455,C00105,2025-10-13,Completed,Mobile App,Islamabad,SwiftEx,Wallet,WELCOME10
UB-007456,C00047,2024-01-08,Completed,Web,Islamabad,BlueLine,Wallet,
UB-007457,C00922,2025-01-20,Completed,Web,Islamabad,BlueLine,Cash on Delivery,
UB-007458,C00756,2024-01-03,Cancelled,Web,Peshawar,SwiftEx,Cash on Delivery,APP5
UB-007459,C00025,2024-08-27,Completed,Web,Lahore,RapidGo,Cash on Delivery,
UB-007460,C00730,2024-02-28,Completed,Mobile App,Peshawar,RapidGo,Card,SAVE15
UB-007461,C01557,2025-08-13,Completed,Marketplace,Faisalabad,RapidGo,Cash on Delivery,
UB-007462,C00656,2025-06-17,Completed,Mobile App,Peshawar,SwiftEx,Cash on Delivery,
UB-007463,C01368,2024-08-24,Returned,Web,Islamabad,SwiftEx,Wallet,WELCOME10
UB-007464,C01335,2024-05-14,Completed,Web,Rawalpindi,SwiftEx,Wallet,
UB-007465,C00077,2024-01-26,Completed,Mobile App,Lahore,Store Pickup,Card,
UB-007466,C00021,2024-07-25,Completed,Web,Islamabad,SwiftEx,Card,APP5
UB-007467,C00328,2024-10-15,Completed,Web,Faisalabad,SwiftEx,Bank Transfer,WELCOME10
UB-007468,C01376,2024-03-15,Completed,Web,Lahore,SwiftEx,Cash on Delivery,WELCOME10
UB-007469,C01106,2024-06-13,Completed,Web,Rawalpindi,Store Pickup,Cash on Delivery,FREESHIP
UB-007470,C00587,2024-10-15,Completed,Mobile App,Karachi,Store Pickup,Wallet,
UB-007471,C00968,2024-03-05,Completed,Web,Karachi,RapidGo,Card,
UB-007472,C00346,2025-03-10,Completed,Marketplace,Islamabad,RapidGo,Card,
UB-007473,C00485,2024-06-03,Completed,Web,Islamabad,SwiftEx,Cash on Delivery,
UB-007474,C01230,2025-03-21,Completed,Marketplace,Rawalpindi,SwiftEx,Cash on Delivery,
UB-007475,C00193,2024-03-02,Completed,Marketplace,Rawalpindi,BlueLine,Card,SAVE15
UB-007476,C00868,2024-08-13,Completed,Web,Peshawar,Store Pickup,Bank Transfer,APP5
UB-007477,C00878,2024-07-11,Completed,Web,Karachi,BlueLine,Cash on Delivery,SAVE15
UB-007478,C01282,2025-03-27,Completed,Marketplace,Karachi,Store Pickup,Card,WELCOME10
UB-007479,C01577,2025-02-03,Completed,Web,Islamabad,SwiftEx,Cash on Delivery,APP5
UB-007480,C00555,2025-05-24,Completed,Mobile App,Lahore,SwiftEx,Cash on Delivery,
UB-007481,C00125,2025-04-22,Completed,Web,Karachi,RapidGo,Wallet,
UB-007482,C00691,2024-03-24,Completed,Mobile App,Karachi,SwiftEx,Cash on Delivery,APP5
UB-007483,C00467,2025-10-25,Completed,Web,Islamabad,BlueLine,Bank Transfer,
UB-007484,C00667,2024-08-05,Cancelled,Marketplace,Lahore,BlueLine,Cash on Delivery,
UB-007485,C00254,2024-03-17,Returned,Web,Lahore,BlueLine,Card,
UB-007486,C01448,2025-12-14,Completed,Mobile App,Lahore,Store Pickup,Cash on Delivery,SAVE15
UB-007487,C00790,2024-07-01,Completed,Web,Karachi,Store Pickup,Wallet,
UB-007488,C01211,2025-04-01,Completed,Web,Lahore,RapidGo,Card,
UB-007489,C00456,2024-10-29,Completed,Mobile App,Karachi,SwiftEx,Cash on Delivery,
UB-007490,C01081,2024-02-05,Completed,Web,Faisalabad,RapidGo,Cash on Delivery,
UB-007491,C01050,2025-11-12,Completed,Mobile App,Peshawar,BlueLine,Bank Transfer,
UB-007492,C00621,2024-05-26,Completed,Mobile App,Islamabad,Store Pickup,Cash on Delivery,
UB-007493,C01518,2024-07-15,Completed,Marketplace,Islamabad,SwiftEx,Card,APP5
UB-007494,C01259,2024-09-05,Completed,Mobile App,Karachi,SwiftEx,Card,
UB-007495,C01218,2024-12-18,Completed,Marketplace,Karachi,SwiftEx,Card,
UB-007496,C01462,2024-04-13,Completed,Web,Islamabad,SwiftEx,Cash on Delivery,APP5
UB-007497,C00059,2024-06-08,Completed,Mobile App,Peshawar,SwiftEx,Cash on Delivery,
UB-007498,C00679,2024-01-25,Completed,Marketplace,Lahore,SwiftEx,Bank Transfer,
UB-007499,C00446,2025-12-11,Completed,Mobile App,Karachi,BlueLine,Wallet,SAVE15
UB-007500,C00907,2025-02-24,Completed,Mobile App,Islamabad,BlueLine,Card,WELCOME10
UB-007501,C00457,2025-04-23,Completed,Mobile App,Rawalpindi,Store Pickup,Wallet,
UB-007502,C00818,2025-08-08,Completed,Web,Peshawar,RapidGo,Cash on Delivery,SAVE15
UB-007503,C01141,2025-01-01,Completed,Marketplace,Islamabad,BlueLine,Cash on Delivery,WELCOME10
UB-007504,C00974,2024-09-05,Completed,Web,Rawalpindi,Store Pickup,Card,
UB-007505,C00309,2024-10-22,Completed,Web,Faisalabad,BlueLine,Card,SAVE15
UB-007506,C01407,2025-05-26,Completed,Web,Lahore,SwiftEx,Cash on Delivery,
UB-007507,C00711,2025-10-11,Completed,Mobile App,Faisalabad,SwiftEx,Card,
UB-007508,C00918,2024-03-03,Cancelled,Mobile App,Lahore,SwiftEx,Cash on Delivery,
UB-007509,C00177,2025-12-28,Returned,Web,Lahore,Store Pickup,Cash on Delivery,
UB-007510,C00438,2024-11-16,Completed,Mobile App,Islamabad,SwiftEx,Card,APP5
UB-007511,C00072,2025-06-16,Completed,Mobile App,Faisalabad,SwiftEx,Wallet,
UB-007512,C01156,2025-08-22,Completed,Mobile App,Faisalabad,BlueLine,Card,
UB-007513,C00710,2025-03-04,Completed,Mobile App,Karachi,BlueLine,Cash on Delivery,FREESHIP
UB-007514,C00256,2024-02-27,Completed,Web,Islamabad,RapidGo,Cash on Delivery,
UB-007515,C00776,2025-11-24,Completed,Web,Lahore,BlueLine,Cash on Delivery,FREESHIP
UB-007516,C00523,2025-01-24,Returned,Mobile App,Faisalabad,RapidGo,Cash on Delivery,
UB-007517,C00433,2025-12-14,Completed,Mobile App,Islamabad,RapidGo,Cash on Delivery,
UB-007518,C01569,2024-03-09,Returned,Web,Islamabad,BlueLine,Card,WELCOME10
UB-007519,C00155,2024-03-31,Cancelled,Marketplace,Karachi,RapidGo,Wallet,
UB-007520,C00729,2024-03-11,Completed,Web,Islamabad,RapidGo,Bank Transfer,
UB-007521,C00785,2025-09-29,Completed,Marketplace,Rawalpindi,BlueLine,Cash on Delivery,
UB-007522,C00842,2024-01-23,Completed,Marketplace,Faisalabad,BlueLine,Cash on Delivery,
UB-007523,C00288,2025-06-25,Completed,Web,Lahore,RapidGo,Cash on Delivery,APP5
UB-007524,C00653,2024-12-12,Completed,Web,Faisalabad,RapidGo,Card,
UB-007525,C00722,2025-07-31,Completed,Web,Rawalpindi,Store Pickup,Cash on Delivery,
UB-007526,C00877,2024-08-16,Completed,Mobile App,Rawalpindi,SwiftEx,Cash on Delivery,
UB-007527,C00085,2025-02-08,Returned,Web,Faisalabad,RapidGo,Bank Transfer,
UB-007528,C01296,2024-06-21,Completed,Mobile App,Peshawar,SwiftEx,Card,WELCOME10
UB-007529,C00956,2025-12-03,Completed,Mobile App,Rawalpindi,BlueLine,Cash on Delivery,
UB-007530,C01210,2024-03-26,Returned,Mobile App,Rawalpindi,SwiftEx,Cash on Delivery,
UB-007531,C01336,2025-04-14,Completed,Mobile App,Peshawar,RapidGo,Card,
UB-007532,C00328,2024-09-10,Completed,Mobile App,Faisalabad,BlueLine,Card,APP5
UB-007533,C00535,2025-02-11,Completed,Mobile App,Karachi,RapidGo,Cash on Delivery,
UB-007534,C00363,2025-05-05,Completed,Mobile App,Peshawar,BlueLine,Card,
UB-007535,C00467,2025-08-20,Completed,Mobile App,Islamabad,SwiftEx,Cash on Delivery,
UB-007536,C01531,2025-05-23,Completed,Web,Islamabad,SwiftEx,Wallet,
UB-007537,C00795,2024-02-09,Returned,Marketplace,Rawalpindi,RapidGo,Card,
UB-007538,C01203,2024-05-04,Completed,Mobile App,Lahore,RapidGo,Cash on Delivery,
UB-007539,C00942,2024-10-06,Completed,Mobile App,Lahore,SwiftEx,Card,APP5
UB-007540,C00965,2025-01-18,Returned,Mobile App,Lahore,RapidGo,Cash on Delivery,
UB-007541,C00067,2025-07-09,Completed,Web,Karachi,BlueLine,Bank Transfer,
UB-007542,C00466,2024-07-28,Completed,Web,Lahore,Store Pickup,Cash on Delivery,APP5
UB-007543,C00512,2024-02-04,Completed,Mobile App,Lahore,RapidGo,Cash on Delivery,
UB-007544,C00211,2024-07-10,Completed,Mobile App,Faisalabad,SwiftEx,Cash on Delivery,
UB-007545,C00891,2024-07-22,Completed,Marketplace,Islamabad,SwiftEx,Cash on Delivery,
UB-007546,C00390,2024-02-16,Completed,Mobile App,Rawalpindi,BlueLine,Bank Transfer,FREESHIP
UB-007547,C01227,2024-12-26,Completed,Marketplace,Rawalpindi,BlueLine,Cash on Delivery,APP5
UB-007548,C01090,2024-10-14,Completed,Marketplace,Karachi,BlueLine,Card,FREESHIP
UB-007549,C00502,2025-07-20,Completed,Mobile App,Peshawar,SwiftEx,Card,SAVE15
UB-007550,C01326,2024-06-16,Completed,Mobile App,Rawalpindi,RapidGo,Bank Transfer,APP5
UB-007551,C00099,2025-05-07,Completed,Mobile App,Rawalpindi,SwiftEx,Cash on Delivery,
UB-007552,C00654,2025-10-01,Completed,Mobile App,Karachi,SwiftEx,Card,SAVE15
UB-007553,C01429,2025-08-06,Completed,Web,Rawalpindi,SwiftEx,Bank Transfer,
UB-007554,C00257,2024-07-20,Completed,Mobile App,Lahore,SwiftEx,Cash on Delivery,
UB-007555,C01338,2025-12-21,Completed,Web,Faisalabad,SwiftEx,Cash on Delivery,FREESHIP
UB-007556,C00103,2024-01-17,Completed,Mobile App,Rawalpindi,RapidGo,Bank Transfer,
UB-007557,C01541,2025-03-27,Completed,Web,Faisalabad,RapidGo,Bank Transfer,
UB-007558,C01339,2025-01-17,Completed,Mobile App,Rawalpindi,BlueLine,Cash on Delivery,
UB-007559,C00705,2025-04-21,Completed,Web,Faisalabad,RapidGo,Wallet,
UB-007560,C00812,2024-02-27,Completed,Web,Lahore,Store Pickup,Cash on Delivery,
UB-007561,C00737,2024-07-06,Completed,Mobile App,Islamabad,BlueLine,Cash on Delivery,WELCOME10
UB-007562,C00259,2025-01-26,Completed,Web,Peshawar,RapidGo,Card,
UB-007563,C00405,2025-09-20,Completed,Web,Islamabad,BlueLine,Cash on Delivery,
UB-007564,C00502,2024-10-06,Completed,Marketplace,Peshawar,RapidGo,Cash on Delivery,SAVE15
UB-007565,C00711,2024-01-06,Completed,Mobile App,Faisalabad,BlueLine,Wallet,
UB-007566,C01584,2024-02-03,Completed,Marketplace,Rawalpindi,RapidGo,Card,
UB-007567,C01580,2025-05-06,Completed,Web,Lahore,SwiftEx,Bank Transfer,
UB-007568,C00329,2024-01-01,Completed,Web,Lahore,RapidGo,Cash on Delivery,
UB-007569,C00772,2024-02-14,Completed,Mobile App,Rawalpindi,BlueLine,Cash on Delivery,
UB-007570,C00024,2024-07-07,Completed,Mobile App,Lahore,RapidGo,Cash on Delivery,
UB-007571,C00592,2025-03-01,Completed,Mobile App,Faisalabad,RapidGo,Card,APP5
UB-007572,C01500,2025-03-31,Completed,Web,Lahore,SwiftEx,Bank Transfer,FREESHIP
UB-007573,C01501,2025-08-18,Completed,Mobile App,Karachi,RapidGo,Card,
UB-007574,C00074,2024-11-29,Completed,Web,Karachi,SwiftEx,Card,APP5
UB-007575,C00903,2025-11-27,Completed,Marketplace,Peshawar,BlueLine,Cash on Delivery,SAVE15
UB-007576,C01384,2024-09-24,Completed,Mobile App,Peshawar,SwiftEx,Card,
UB-007577,C00530,2024-08-21,Completed,Marketplace,Islamabad,RapidGo,Cash on Delivery,
UB-007578,C00615,2024-11-13,Completed,Web,Lahore,Store Pickup,Card,
UB-007579,C01436,2025-07-02,Completed,Mobile App,Rawalpindi,Store Pickup,Wallet,
UB-007580,C00212,2025-06-26,Completed,Web,Karachi,BlueLine,Bank Transfer,
UB-007581,C00711,2024-02-09,Completed,Web,Faisalabad,BlueLine,Cash on Delivery,
UB-007582,C01107,2025-05-08,Completed,Mobile App,Peshawar,BlueLine,Cash on Delivery,
UB-007583,C00365,2025-09-09,Completed,Mobile App,Karachi,BlueLine,Cash on Delivery,
UB-007584,C00971,2025-06-21,Completed,Mobile App,Faisalabad,SwiftEx,Card,
UB-007585,C00007,2025-11-23,Completed,Web,Rawalpindi,BlueLine,Card,
UB-007586,C00156,2025-06-30,Completed,Marketplace,Peshawar,SwiftEx,Wallet,
UB-007587,C00069,2025-10-10,Completed,Web,Karachi,SwiftEx,Cash on Delivery,APP5
UB-007588,C00035,2024-03-19,Completed,Mobile App,Lahore,SwiftEx,Card,APP5
UB-007589,C00004,2025-05-13,Returned,Mobile App,Islamabad,SwiftEx,Wallet,APP5
UB-007590,C01232,2024-02-03,Completed,Web,Lahore,Store Pickup,Cash on Delivery,WELCOME10
UB-007591,C00360,2025-01-16,Completed,Web,Rawalpindi,Store Pickup,Cash on Delivery,
UB-007592,C00962,2025-07-30,Completed,Mobile App,Rawalpindi,BlueLine,Card,APP5
UB-007593,C00278,2024-08-01,Completed,Mobile App,Islamabad,SwiftEx,Wallet,WELCOME10
UB-007594,C01273,2024-10-22,Completed,Web,Islamabad,SwiftEx,Cash on Delivery,
UB-007595,C00382,2024-07-13,Completed,Web,Rawalpindi,SwiftEx,Cash on Delivery,
UB-007596,C00583,2024-11-08,Returned,Web,Karachi,Store Pickup,Cash on Delivery,
UB-007597,C00769,2024-06-17,Completed,Mobile App,Islamabad,SwiftEx,Card,APP5
UB-007598,C01029,2025-08-07,Completed,Web,Rawalpindi,BlueLine,Cash on Delivery,APP5
UB-007599,C01088,2024-07-24,Completed,Mobile App,Karachi,RapidGo,Card,
UB-007600,C00449,2025-03-02,Completed,Marketplace,Islamabad,BlueLine,Bank Transfer,
UB-007601,C00368,2024-12-12,Completed,Mobile App,Karachi,BlueLine,Cash on Delivery,
UB-007602,C00094,2024-01-15,Completed,Mobile App,Karachi,SwiftEx,Cash on Delivery,SAVE15
UB-007603,C00096,2025-07-05,Completed,Mobile App,Peshawar,SwiftEx,Cash on Delivery,
UB-007604,C01096,2024-03-07,Completed,Mobile App,Rawalpindi,RapidGo,Bank Transfer,
UB-007605,C00637,2025-06-21,Completed,Marketplace,Peshawar,RapidGo,Cash on Delivery,
UB-007606,C00474,2025-09-10,Completed,Mobile App,Islamabad,RapidGo,Cash on Delivery,
UB-007607,C00298,2025-08-09,Completed,Mobile App,Peshawar,SwiftEx,Cash on Delivery,
UB-007608,C00708,2024-02-15,Completed,Mobile App,Rawalpindi,BlueLine,Cash on Delivery,APP5
UB-007609,C00108,2025-05-08,Completed,Web,Rawalpindi,SwiftEx,Cash on Delivery,
UB-007610,C00549,2025-11-30,Completed,Web,Lahore,Store Pickup,Cash on Delivery,
UB-007611,C00372,2025-07-08,Completed,Mobile App,Peshawar,RapidGo,Card,
UB-007612,C01409,2024-06-18,Completed,Marketplace,Karachi,Store Pickup,Card,
UB-007613,C01297,2025-03-11,Completed,Mobile App,Islamabad,RapidGo,Card,
UB-007614,C01380,2024-05-17,Completed,Mobile App,Peshawar,Store Pickup,Wallet,
UB-007615,C00484,2024-07-31,Completed,Web,Islamabad,Store Pickup,Wallet,
UB-007616,C00563,2024-01-24,Completed,Mobile App,Karachi,SwiftEx,Card,SAVE15
UB-007617,C00078,2025-05-28,Completed,Marketplace,Islamabad,SwiftEx,Cash on Delivery,FREESHIP
UB-007618,C00098,2024-10-22,Completed,Web,Rawalpindi,RapidGo,Cash on Delivery,FREESHIP
UB-007619,C00558,2025-12-20,Completed,Mobile App,Lahore,SwiftEx,Bank Transfer,
UB-007620,C00149,2024-12-12,Completed,Web,Faisalabad,Store Pickup,Cash on Delivery,FREESHIP
UB-007621,C01533,2025-09-21,Completed,Mobile App,Islamabad,BlueLine,Bank Transfer,
UB-007622,C00642,2025-07-21,Completed,Web,Islamabad,Store Pickup,Wallet,
UB-007623,C01477,2024-07-31,Completed,Web,Peshawar,BlueLine,Bank Transfer,
UB-007624,C01272,2024-11-01,Completed,Web,Islamabad,Store Pickup,Cash on Delivery,
UB-007625,C01308,2025-04-13,Completed,Web,Rawalpindi,BlueLine,Bank Transfer,
UB-007626,C00924,2025-08-08,Completed,Web,Islamabad,RapidGo,Card,
UB-007627,C01559,2024-06-19,Completed,Mobile App,Islamabad,SwiftEx,Cash on Delivery,
UB-007628,C01480,2024-11-27,Cancelled,Web,Faisalabad,SwiftEx,Wallet,APP5
UB-007629,C01333,2024-08-31,Completed,Mobile App,Rawalpindi,SwiftEx,Wallet,WELCOME10
UB-007630,C01036,2025-02-27,Completed,Web,Peshawar,BlueLine,Wallet,
UB-007631,C01160,2025-02-14,Completed,Mobile App,Karachi,SwiftEx,Card,
UB-007632,C00904,2025-10-02,Completed,Mobile App,Karachi,RapidGo,Wallet,SAVE15
UB-007633,C01545,2025-12-28,Completed,Mobile App,Islamabad,BlueLine,Bank Transfer,APP5
UB-007634,C01385,2024-07-26,Completed,Mobile App,Karachi,RapidGo,Cash on Delivery,
UB-007635,C01271,2025-11-24,Completed,Web,Rawalpindi,SwiftEx,Card,
UB-007636,C01552,2024-09-16,Completed,Web,Rawalpindi,RapidGo,Wallet,APP5
UB-007637,C00176,2024-01-09,Completed,Web,Lahore,SwiftEx,Wallet,
UB-007638,C00037,2024-11-12,Completed,Marketplace,Rawalpindi,BlueLine,Wallet,
UB-007639,C00028,2025-10-03,Completed,Web,Karachi,SwiftEx,Card,
UB-007640,C01514,2025-07-14,Completed,Web,Lahore,RapidGo,Card,
UB-007641,C00548,2025-11-28,Completed,Web,Rawalpindi,BlueLine,Card,SAVE15
UB-007642,C00670,2024-05-09,Completed,Web,Islamabad,RapidGo,Cash on Delivery,
UB-007643,C00221,2025-08-12,Completed,Web,Rawalpindi,BlueLine,Cash on Delivery,
UB-007644,C00585,2025-03-06,Completed,Web,Islamabad,RapidGo,Bank Transfer,FREESHIP
UB-007645,C01003,2024-07-17,Completed,Mobile App,Lahore,SwiftEx,Cash on Delivery,
UB-007646,C01411,2025-05-07,Completed,Mobile App,Faisalabad,RapidGo,Bank Transfer,
UB-007647,C00995,2025-03-15,Returned,Web,Lahore,RapidGo,Bank Transfer,
UB-007648,C00383,2024-07-25,Completed,Web,Rawalpindi,BlueLine,Bank Transfer,
UB-007649,C01541,2025-04-01,Returned,Web,Faisalabad,Store Pickup,Card,
UB-007650,C00077,2024-02-09,Completed,Web,Lahore,SwiftEx,Wallet,
UB-007651,C00655,2025-03-02,Completed,Mobile App,Rawalpindi,SwiftEx,Wallet,WELCOME10
UB-007652,C00972,2025-10-30,Returned,Mobile App,Faisalabad,BlueLine,Cash on Delivery,
UB-007653,C00040,2024-06-02,Completed,Marketplace,Islamabad,BlueLine,Cash on Delivery,FREESHIP
UB-007654,C00567,2025-02-16,Completed,Mobile App,Lahore,BlueLine,Wallet,
UB-007655,C01009,2024-09-08,Completed,Web,Rawalpindi,RapidGo,Wallet,
UB-007656,C00780,2024-10-24,Completed,Web,Karachi,RapidGo,Bank Transfer,
UB-007657,C00767,2025-08-20,Completed,Marketplace,Lahore,SwiftEx,Card,
UB-007658,C00239,2025-09-11,Completed,Web,Lahore,BlueLine,Bank Transfer,
UB-007659,C00467,2024-07-26,Returned,Mobile App,Islamabad,SwiftEx,Cash on Delivery,
UB-007660,C00685,2025-06-24,Completed,Mobile App,Karachi,BlueLine,Card,
UB-007661,C00265,2024-05-21,Completed,Marketplace,Lahore,SwiftEx,Cash on Delivery,FREESHIP
UB-007662,C01089,2025-03-31,Completed,Mobile App,Islamabad,Store Pickup,Bank Transfer,WELCOME10
UB-007663,C00308,2024-05-28,Completed,Mobile App,Islamabad,RapidGo,Card,
UB-007664,C00902,2024-05-22,Completed,Web,Islamabad,SwiftEx,Cash on Delivery,FREESHIP
UB-007665,C00162,2025-06-09,Completed,Mobile App,Faisalabad,BlueLine,Cash on Delivery,
UB-007666,C00405,2025-05-21,Completed,Mobile App,Islamabad,BlueLine,Cash on Delivery,WELCOME10
UB-007667,C00936,2025-12-05,Completed,Web,Faisalabad,SwiftEx,Cash on Delivery,SAVE15
UB-007668,C00402,2025-12-20,Completed,Mobile App,Karachi,SwiftEx,Cash on Delivery,
UB-007669,C00769,2024-05-30,Completed,Web,Islamabad,RapidGo,Card,WELCOME10
UB-007670,C00954,2025-01-02,Completed,Mobile App,Islamabad,SwiftEx,Wallet,FREESHIP
UB-007671,C00005,2024-11-24,Completed,Web,Islamabad,RapidGo,Cash on Delivery,APP5
UB-007672,C00764,2024-02-14,Completed,Web,Islamabad,SwiftEx,Wallet,FREESHIP
UB-007673,C01310,2024-08-02,Returned,Mobile App,Karachi,BlueLine,Cash on Delivery,SAVE15
UB-007674,C01090,2025-09-12,Completed,Marketplace,Karachi,RapidGo,Bank Transfer,FREESHIP
UB-007675,C01474,2024-07-05,Completed,Web,Lahore,RapidGo,Card,
UB-007676,C01493,2024-02-13,Completed,Mobile App,Lahore,BlueLine,Card,
UB-007677,C00714,2024-01-06,Completed,Mobile App,Peshawar,BlueLine,Wallet,
UB-007678,C00922,2024-08-28,Completed,Mobile App,Islamabad,Store Pickup,Wallet,
UB-007679,C01527,2025-10-12,Completed,Web,Faisalabad,SwiftEx,Cash on Delivery,SAVE15
UB-007680,C00817,2024-07-20,Completed,Mobile App,Faisalabad,SwiftEx,Cash on Delivery,
UB-007681,C00628,2024-08-08,Completed,Web,Karachi,SwiftEx,Cash on Delivery,SAVE15
UB-007682,C01261,2024-12-11,Completed,Mobile App,Lahore,Store Pickup,Card,
UB-007683,C00180,2025-06-03,Completed,Mobile App,Rawalpindi,RapidGo,Cash on Delivery,
UB-007684,C00199,2024-05-20,Returned,Web,Karachi,SwiftEx,Wallet,
UB-007685,C00555,2025-10-30,Completed,Web,Lahore,SwiftEx,Card,WELCOME10
UB-007686,C00273,2025-08-26,Completed,Web,Karachi,Store Pickup,Card,
UB-007687,C01062,2024-11-24,Completed,Mobile App,Islamabad,RapidGo,Card,APP5
UB-007688,C00952,2024-03-13,Completed,Web,Lahore,SwiftEx,Cash on Delivery,SAVE15
UB-007689,C00277,2024-02-25,Completed,Mobile App,Lahore,BlueLine,Cash on Delivery,WELCOME10
UB-007690,C00219,2024-09-02,Completed,Web,Rawalpindi,RapidGo,Cash on Delivery,APP5
UB-007691,C00150,2025-11-25,Completed,Mobile App,Rawalpindi,RapidGo,Cash on Delivery,APP5
UB-007692,C01202,2025-04-18,Completed,Web,Karachi,SwiftEx,Wallet,
UB-007693,C00747,2025-10-26,Returned,Web,Rawalpindi,SwiftEx,Cash on Delivery,
UB-007694,C01544,2025-09-01,Completed,Mobile App,Lahore,BlueLine,Wallet,APP5
UB-007695,C00409,2024-03-21,Completed,Web,Karachi,BlueLine,Card,
UB-007696,C00310,2025-07-23,Completed,Web,Rawalpindi,BlueLine,Bank Transfer,FREESHIP
UB-007697,C00156,2024-09-27,Completed,Web,Peshawar,RapidGo,Cash on Delivery,
UB-007698,C00135,2025-04-21,Completed,Marketplace,Lahore,BlueLine,Bank Transfer,
UB-007699,C00148,2025-08-24,Returned,Mobile App,Islamabad,SwiftEx,Bank Transfer,
UB-007700,C01476,2025-01-15,Completed,Web,Rawalpindi,RapidGo,Card,
UB-007701,C00598,2024-04-24,Completed,Mobile App,Lahore,Store Pickup,Cash on Delivery,APP5
UB-007702,C00428,2025-06-03,Completed,Web,Rawalpindi,BlueLine,Cash on Delivery,
UB-007703,C00667,2024-12-29,Completed,Mobile App,Lahore,SwiftEx,Card,
UB-007704,C00277,2024-08-07,Cancelled,Web,Lahore,RapidGo,Wallet,FREESHIP
UB-007705,C00580,2025-02-24,Completed,Web,Rawalpindi,RapidGo,Card,
UB-007706,C00889,2024-07-19,Completed,Mobile App,Peshawar,SwiftEx,Wallet,SAVE15
UB-007707,C01163,2024-08-19,Completed,Web,Islamabad,SwiftEx,Card,
UB-007708,C00009,2025-04-18,Completed,Mobile App,Islamabad,RapidGo,Wallet,WELCOME10
UB-007709,C00984,2025-09-02,Completed,Web,Karachi,SwiftEx,Cash on Delivery,APP5
UB-007710,C00429,2024-08-31,Completed,Web,Rawalpindi,RapidGo,Cash on Delivery,
UB-007711,C01113,2025-02-21,Completed,Web,Islamabad,BlueLine,Cash on Delivery,WELCOME10
UB-007712,C00500,2025-09-04,Completed,Mobile App,Rawalpindi,SwiftEx,Bank Transfer,
UB-007713,C01324,2025-09-13,Completed,Mobile App,Rawalpindi,BlueLine,Cash on Delivery,SAVE15
UB-007714,C01574,2025-07-10,Completed,Mobile App,Islamabad,BlueLine,Cash on Delivery,SAVE15
UB-007715,C01452,2025-05-28,Completed,Mobile App,Islamabad,BlueLine,Bank Transfer,
UB-007716,C00798,2025-09-19,Completed,Mobile App,Karachi,BlueLine,Cash on Delivery,
UB-007717,C00734,2024-11-02,Completed,Web,Rawalpindi,RapidGo,Card,WELCOME10
UB-007718,C00733,2024-11-02,Completed,Web,Karachi,BlueLine,Card,
UB-007719,C00672,2024-04-25,Completed,Mobile App,Karachi,BlueLine,Card,APP5
UB-007720,C00111,2024-04-22,Completed,Mobile App,Lahore,RapidGo,Cash on Delivery,FREESHIP
UB-007721,C01056,2025-04-22,Completed,Web,Islamabad,BlueLine,Cash on Delivery,
UB-007722,C01416,2024-08-13,Completed,Web,Rawalpindi,BlueLine,Cash on Delivery,
UB-007723,C00967,2024-09-19,Completed,Mobile App,Islamabad,Store Pickup,Cash on Delivery,
UB-007724,C00118,2024-11-25,Returned,Web,Rawalpindi,RapidGo,Card,
UB-007725,C00647,2024-12-16,Completed,Marketplace,Rawalpindi,BlueLine,Card,
UB-007726,C00532,2024-04-07,Completed,Web,Rawalpindi,RapidGo,Bank Transfer,WELCOME10
UB-007727,C01525,2024-04-02,Completed,Web,Lahore,Store Pickup,Cash on Delivery,SAVE15
UB-007728,C00017,2024-02-13,Completed,Web,Karachi,RapidGo,Card,
UB-007729,C01163,2025-07-24,Completed,Web,Islamabad,BlueLine,Cash on Delivery,
UB-007730,C01320,2024-01-24,Completed,Web,Rawalpindi,Store Pickup,Wallet,APP5
UB-007731,C00806,2025-08-26,Completed,Web,Lahore,RapidGo,Wallet,APP5
UB-007732,C00650,2025-09-04,Completed,Web,Islamabad,RapidGo,Wallet,SAVE15
UB-007733,C00558,2025-12-14,Completed,Web,Lahore,BlueLine,Card,
UB-007734,C00859,2024-08-05,Completed,Mobile App,Karachi,SwiftEx,Card,
UB-007735,C01176,2025-03-20,Completed,Mobile App,Lahore,Store Pickup,Cash on Delivery,FREESHIP
UB-007736,C00803,2024-03-22,Returned,Web,Islamabad,SwiftEx,Wallet,
UB-007737,C01241,2024-06-10,Completed,Mobile App,Lahore,SwiftEx,Wallet,
UB-007738,C00292,2024-02-18,Completed,Mobile App,Karachi,SwiftEx,Card,
UB-007739,C00410,2025-10-25,Completed,Web,Islamabad,RapidGo,Bank Transfer,
UB-007740,C00792,2024-07-10,Completed,Marketplace,Faisalabad,BlueLine,Card,
UB-007741,C01384,2024-01-10,Completed,Web,Peshawar,RapidGo,Wallet,
UB-007742,C01557,2024-10-31,Completed,Web,Faisalabad,SwiftEx,Wallet,
UB-007743,C01358,2024-10-30,Completed,Web,Faisalabad,BlueLine,Cash on Delivery,FREESHIP
UB-007744,C01197,2025-10-28,Completed,Web,Lahore,SwiftEx,Cash on Delivery,WELCOME10
UB-007745,C01587,2024-10-08,Completed,Web,Karachi,BlueLine,Card,WELCOME10
UB-007746,C00063,2025-04-07,Completed,Web,Karachi,Store Pickup,Cash on Delivery,
UB-007747,C00036,2025-02-11,Completed,Mobile App,Karachi,RapidGo,Cash on Delivery,
UB-007748,C00311,2025-05-24,Completed,Web,Lahore,BlueLine,Cash on Delivery,
UB-007749,C00587,2024-09-08,Completed,Mobile App,Karachi,SwiftEx,Cash on Delivery,
UB-007750,C01156,2024-01-23,Completed,Mobile App,Faisalabad,BlueLine,Cash on Delivery,
UB-007751,C00052,2024-11-27,Completed,Web,Faisalabad,BlueLine,Cash on Delivery,APP5
UB-007752,C00262,2024-11-17,Completed,Mobile App,Lahore,BlueLine,Cash on Delivery,
UB-007753,C01257,2025-05-07,Completed,Marketplace,Rawalpindi,RapidGo,Bank Transfer,
UB-007754,C00573,2025-08-23,Completed,Web,Rawalpindi,SwiftEx,Cash on Delivery,WELCOME10
UB-007755,C00848,2025-01-29,Completed,Web,Karachi,Store Pickup,Wallet,WELCOME10
UB-007756,C00300,2024-09-22,Completed,Web,Islamabad,BlueLine,Bank Transfer,WELCOME10
UB-007757,C00732,2024-01-10,Completed,Mobile App,Islamabad,Store Pickup,Cash on Delivery,WELCOME10
UB-007758,C01017,2024-12-20,Returned,Mobile App,Karachi,RapidGo,Cash on Delivery,APP5
UB-007759,C00298,2024-04-25,Completed,Mobile App,Peshawar,SwiftEx,Cash on Delivery,APP5
UB-007760,C01317,2024-03-24,Completed,Mobile App,Rawalpindi,SwiftEx,Wallet,
UB-007761,C00731,2024-01-20,Completed,Mobile App,Karachi,SwiftEx,Wallet,
UB-007762,C01287,2025-07-28,Completed,Mobile App,Karachi,Store Pickup,Cash on Delivery,
UB-007763,C00334,2025-12-01,Completed,Marketplace,Peshawar,SwiftEx,Bank Transfer,
UB-007764,C00458,2024-12-29,Returned,Mobile App,Karachi,BlueLine,Cash on Delivery,SAVE15
UB-007765,C00057,2024-08-04,Completed,Mobile App,Islamabad,BlueLine,Cash on Delivery,
UB-007766,C00475,2025-02-25,Completed,Mobile App,Islamabad,Store Pickup,Wallet,FREESHIP
UB-007767,C00270,2025-09-27,Completed,Web,Peshawar,SwiftEx,Cash on Delivery,
UB-007768,C00954,2025-09-28,Completed,Web,Islamabad,RapidGo,Cash on Delivery,
UB-007769,C01190,2025-01-29,Completed,Web,Islamabad,Store Pickup,Card,APP5
UB-007770,C00248,2024-07-02,Completed,Mobile App,Rawalpindi,BlueLine,Bank Transfer,SAVE15
UB-007771,C00454,2025-02-13,Completed,Web,Faisalabad,BlueLine,Card,
UB-007772,C00127,2025-01-04,Completed,Mobile App,Karachi,SwiftEx,Cash on Delivery,
UB-007773,C01499,2024-05-20,Completed,Mobile App,Faisalabad,Store Pickup,Cash on Delivery,
UB-007774,C01325,2024-01-12,Completed,Marketplace,Rawalpindi,RapidGo,Cash on Delivery,APP5
UB-007775,C01437,2024-03-03,Completed,Web,Rawalpindi,RapidGo,Wallet,APP5
UB-007776,C01040,2025-08-15,Completed,Web,Peshawar,BlueLine,Cash on Delivery,
UB-007777,C00673,2025-01-08,Completed,Web,Lahore,SwiftEx,Bank Transfer,
UB-007778,C00868,2025-03-30,Completed,Mobile App,Peshawar,RapidGo,Cash on Delivery,
UB-007779,C01122,2024-06-16,Completed,Mobile App,Rawalpindi,BlueLine,Wallet,APP5
UB-007780,C00227,2025-05-27,Completed,Marketplace,Rawalpindi,SwiftEx,Card,
UB-007781,C01257,2025-12-11,Completed,Web,Rawalpindi,BlueLine,Cash on Delivery,
UB-007782,C00390,2024-12-18,Completed,Web,Rawalpindi,SwiftEx,Cash on Delivery,WELCOME10
UB-007783,C01139,2025-07-02,Completed,Web,Peshawar,BlueLine,Wallet,SAVE15
UB-007784,C00467,2025-09-17,Completed,Web,Islamabad,BlueLine,Wallet,
UB-007785,C00499,2024-03-14,Completed,Web,Rawalpindi,BlueLine,Wallet,
UB-007786,C01455,2024-09-24,Returned,Web,Islamabad,RapidGo,Cash on Delivery,
UB-007787,C00940,2024-08-31,Completed,Web,Islamabad,BlueLine,Bank Transfer,APP5
UB-007788,C00810,2025-10-07,Completed,Web,Karachi,BlueLine,Card,APP5
UB-007789,C00445,2025-05-30,Completed,Mobile App,Islamabad,BlueLine,Wallet,SAVE15
UB-007790,C01159,2025-02-20,Completed,Web,Islamabad,BlueLine,Wallet,APP5
UB-007791,C01463,2025-05-17,Completed,Web,Rawalpindi,SwiftEx,Cash on Delivery,
UB-007792,C01032,2024-09-01,Completed,Mobile App,Faisalabad,SwiftEx,Card,WELCOME10
UB-007793,C00428,2025-03-26,Completed,Marketplace,Rawalpindi,BlueLine,Card,
UB-007794,C00250,2024-02-18,Completed,Web,Rawalpindi,BlueLine,Card,
UB-007795,C00947,2025-11-24,Completed,Marketplace,Karachi,SwiftEx,Card,
UB-007796,C01366,2024-04-26,Returned,Mobile App,Rawalpindi,RapidGo,Card,
UB-007797,C01114,2024-02-11,Completed,Mobile App,Karachi,BlueLine,Card,FREESHIP
UB-007798,C00185,2025-04-19,Completed,Mobile App,Karachi,SwiftEx,Cash on Delivery,WELCOME10
UB-007799,C00397,2025-10-05,Completed,Mobile App,Islamabad,SwiftEx,Wallet,
UB-007800,C01360,2024-08-29,Completed,Mobile App,Karachi,SwiftEx,Card,FREESHIP
UB-007801,C00932,2025-03-04,Returned,Web,Lahore,SwiftEx,Cash on Delivery,
UB-007802,C00377,2024-11-19,Completed,Web,Islamabad,SwiftEx,Card,
UB-007803,C00173,2025-08-19,Completed,Web,Faisalabad,RapidGo,Cash on Delivery,FREESHIP
UB-007804,C01494,2024-01-23,Completed,Mobile App,Lahore,SwiftEx,Wallet,
UB-007805,C01320,2024-02-28,Completed,Marketplace,Rawalpindi,BlueLine,Cash on Delivery,SAVE15
UB-007806,C00551,2025-04-11,Completed,Marketplace,Islamabad,SwiftEx,Card,
UB-007807,C00328,2024-03-25,Completed,Mobile App,Faisalabad,SwiftEx,Wallet,APP5
UB-007808,C00337,2025-01-21,Cancelled,Mobile App,Islamabad,BlueLine,Wallet,
UB-007809,C00367,2025-08-15,Completed,Mobile App,Rawalpindi,RapidGo,Card,
UB-007810,C00910,2025-03-31,Completed,Mobile App,Rawalpindi,RapidGo,Wallet,FREESHIP
UB-007811,C00924,2025-06-01,Completed,Mobile App,Islamabad,RapidGo,Cash on Delivery,APP5
UB-007812,C00740,2025-07-21,Completed,Mobile App,Faisalabad,BlueLine,Cash on Delivery,
UB-007813,C01228,2024-08-02,Completed,Web,Rawalpindi,Store Pickup,Card,
UB-007814,C00727,2024-04-22,Completed,Web,Lahore,BlueLine,Cash on Delivery,FREESHIP
UB-007815,C00555,2024-10-26,Completed,Web,Lahore,RapidGo,Wallet,
UB-007816,C00228,2024-10-22,Completed,Mobile App,Karachi,BlueLine,Cash on Delivery,
UB-007817,C00496,2025-07-18,Completed,Web,Rawalpindi,BlueLine,Card,
UB-007818,C01506,2025-05-16,Completed,Mobile App,Rawalpindi,RapidGo,Cash on Delivery,
UB-007819,C00754,2025-07-01,Completed,Mobile App,Peshawar,SwiftEx,Wallet,
UB-007820,C00919,2025-08-15,Completed,Web,Faisalabad,SwiftEx,Wallet,APP5
UB-007821,C00529,2025-06-21,Completed,Mobile App,Rawalpindi,SwiftEx,Card,
UB-007822,C00548,2025-08-25,Returned,Web,Rawalpindi,RapidGo,Cash on Delivery,
UB-007823,C00659,2025-12-03,Completed,Mobile App,Rawalpindi,BlueLine,Card,
UB-007824,C00677,2025-11-15,Completed,Mobile App,Lahore,RapidGo,Bank Transfer,FREESHIP
UB-007825,C01495,2025-09-26,Completed,Mobile App,Rawalpindi,BlueLine,Cash on Delivery,WELCOME10
UB-007826,C00998,2024-11-29,Completed,Mobile App,Faisalabad,RapidGo,Card,
UB-007827,C00300,2025-03-11,Completed,Web,Islamabad,RapidGo,Cash on Delivery,APP5
UB-007828,C00795,2024-02-18,Completed,Web,Rawalpindi,BlueLine,Wallet,
UB-007829,C01520,2025-08-24,Completed,Mobile App,Faisalabad,SwiftEx,Wallet,
UB-007830,C01038,2024-09-13,Completed,Mobile App,Karachi,SwiftEx,Cash on Delivery,FREESHIP
UB-007831,C01066,2025-07-06,Completed,Marketplace,Faisalabad,BlueLine,Card,WELCOME10
UB-007832,C00036,2025-01-19,Completed,Mobile App,Karachi,RapidGo,Wallet,WELCOME10
UB-007833,C00120,2025-02-27,Completed,Mobile App,Karachi,BlueLine,Cash on Delivery,WELCOME10
UB-007834,C00715,2024-02-12,Completed,Mobile App,Lahore,RapidGo,Wallet,APP5
UB-007835,C00443,2024-05-10,Completed,Web,Islamabad,BlueLine,Cash on Delivery,FREESHIP
UB-007836,C00170,2025-10-23,Completed,Web,Rawalpindi,SwiftEx,Cash on Delivery,APP5
UB-007837,C00863,2025-04-13,Completed,Mobile App,Karachi,Store Pickup,Wallet,
UB-007838,C01357,2024-09-18,Completed,Web,Islamabad,RapidGo,Cash on Delivery,WELCOME10
UB-007839,C00440,2025-03-28,Completed,Marketplace,Lahore,SwiftEx,Cash on Delivery,
UB-007840,C01547,2024-06-21,Completed,Marketplace,Peshawar,BlueLine,Card,
UB-007841,C00227,2024-05-13,Completed,Mobile App,Rawalpindi,BlueLine,Bank Transfer,WELCOME10
UB-007842,C01487,2025-05-24,Completed,Web,Islamabad,BlueLine,Bank Transfer,APP5
UB-007843,C01583,2025-07-30,Completed,Mobile App,Karachi,SwiftEx,Card,
UB-007844,C00358,2025-08-24,Completed,Mobile App,Rawalpindi,BlueLine,Cash on Delivery,
UB-007845,C00551,2025-07-30,Completed,Web,Islamabad,SwiftEx,Wallet,
UB-007846,C00795,2024-12-05,Completed,Marketplace,Rawalpindi,Store Pickup,Cash on Delivery,
UB-007847,C01328,2025-08-28,Completed,Web,Islamabad,SwiftEx,Cash on Delivery,SAVE15
UB-007848,C00917,2024-01-25,Completed,Marketplace,Rawalpindi,Store Pickup,Bank Transfer,
UB-007849,C00103,2025-03-08,Completed,Mobile App,Rawalpindi,BlueLine,Cash on Delivery,
UB-007850,C00332,2025-04-24,Completed,Web,Rawalpindi,BlueLine,Cash on Delivery,
UB-007851,C00133,2025-11-27,Completed,Mobile App,Rawalpindi,RapidGo,Card,
UB-007852,C00703,2024-03-13,Completed,Web,Lahore,BlueLine,Cash on Delivery,
UB-007853,C01259,2024-05-15,Completed,Mobile App,Karachi,SwiftEx,Card,FREESHIP
UB-007854,C00582,2024-08-27,Completed,Marketplace,Karachi,Store Pickup,Wallet,
UB-007855,C00464,2025-11-03,Completed,Mobile App,Rawalpindi,SwiftEx,Card,WELCOME10
UB-007856,C01562,2024-01-28,Completed,Marketplace,Lahore,SwiftEx,Cash on Delivery,SAVE15
UB-007857,C00759,2024-06-03,Completed,Web,Rawalpindi,RapidGo,Card,
UB-007858,C01496,2025-06-25,Completed,Mobile App,Lahore,RapidGo,Cash on Delivery,APP5
UB-007859,C01343,2024-09-23,Completed,Web,Islamabad,BlueLine,Bank Transfer,
UB-007860,C00907,2025-04-27,Completed,Mobile App,Islamabad,RapidGo,Cash on Delivery,FREESHIP
UB-007861,C01595,2024-03-05,Completed,Web,Rawalpindi,Store Pickup,Cash on Delivery,SAVE15
UB-007862,C01330,2025-12-06,Completed,Mobile App,Islamabad,SwiftEx,Wallet,WELCOME10
UB-007863,C00817,2024-08-13,Completed,Mobile App,Faisalabad,BlueLine,Cash on Delivery,
UB-007864,C00540,2024-03-16,Completed,Web,Karachi,RapidGo,Bank Transfer,WELCOME10
UB-007865,C01133,2024-02-02,Completed,Web,Karachi,RapidGo,Wallet,
UB-007866,C00635,2024-09-04,Completed,Mobile App,Faisalabad,RapidGo,Card,APP5
UB-007867,C00980,2025-02-02,Completed,Mobile App,Islamabad,BlueLine,Card,WELCOME10
UB-007868,C00001,2025-05-22,Cancelled,Mobile App,Rawalpindi,RapidGo,Wallet,APP5
UB-007869,C01215,2024-11-24,Completed,Web,Peshawar,SwiftEx,Cash on Delivery,
UB-007870,C00598,2024-07-28,Completed,Mobile App,Lahore,Store Pickup,Cash on Delivery,
UB-007871,C01183,2025-03-08,Completed,Mobile App,Islamabad,SwiftEx,Wallet,SAVE15
UB-007872,C00264,2025-02-03,Completed,Mobile App,Peshawar,SwiftEx,Card,
UB-007873,C01249,2025-07-14,Completed,Mobile App,Faisalabad,BlueLine,Cash on Delivery,
UB-007874,C00655,2024-09-07,Completed,Mobile App,Rawalpindi,BlueLine,Cash on Delivery,
UB-007875,C00038,2024-05-04,Completed,Mobile App,Rawalpindi,RapidGo,Cash on Delivery,SAVE15
UB-007876,C01530,2024-09-18,Completed,Web,Rawalpindi,BlueLine,Cash on Delivery,
UB-007877,C00733,2025-10-27,Completed,Marketplace,Karachi,BlueLine,Bank Transfer,APP5
UB-007878,C00143,2025-09-28,Completed,Mobile App,Faisalabad,BlueLine,Bank Transfer,
UB-007879,C01223,2024-07-04,Completed,Web,Lahore,RapidGo,Card,
UB-007880,C00766,2024-11-13,Completed,Mobile App,Lahore,SwiftEx,Cash on Delivery,
UB-007881,C00182,2025-02-09,Completed,Web,Islamabad,BlueLine,Cash on Delivery,
UB-007882,C00361,2025-10-03,Completed,Mobile App,Islamabad,RapidGo,Cash on Delivery,
UB-007883,C01249,2025-12-02,Completed,Web,Faisalabad,Store Pickup,Wallet,
UB-007884,C01202,2025-05-19,Completed,Mobile App,Karachi,SwiftEx,Wallet,
UB-007885,C00503,2024-07-19,Completed,Web,Lahore,SwiftEx,Cash on Delivery,
UB-007886,C00883,2024-08-12,Completed,Web,Rawalpindi,SwiftEx,Cash on Delivery,SAVE15
UB-007887,C00954,2025-09-15,Completed,Mobile App,Islamabad,Store Pickup,Wallet,
UB-007888,C00986,2024-06-04,Completed,Web,Peshawar,RapidGo,Card,
UB-007889,C01283,2025-12-08,Completed,Mobile App,Karachi,RapidGo,Cash on Delivery,
UB-007890,C00438,2025-06-30,Completed,Marketplace,Islamabad,SwiftEx,Card,
UB-007891,C01403,2025-07-24,Completed,Mobile App,Karachi,SwiftEx,Wallet,FREESHIP
UB-007892,C01515,2025-10-20,Completed,Mobile App,Rawalpindi,Store Pickup,Cash on Delivery,
UB-007893,C00782,2025-11-10,Completed,Mobile App,Islamabad,BlueLine,Cash on Delivery,WELCOME10
UB-007894,C01096,2024-02-24,Completed,Marketplace,Rawalpindi,BlueLine,Cash on Delivery,
UB-007895,C00300,2025-12-18,Completed,Mobile App,Islamabad,SwiftEx,Card,
UB-007896,C00398,2024-09-06,Completed,Mobile App,Rawalpindi,SwiftEx,Card,
UB-007897,C00265,2024-05-31,Completed,Mobile App,Lahore,RapidGo,Cash on Delivery,WELCOME10
UB-007898,C01217,2025-05-13,Completed,Web,Rawalpindi,BlueLine,Cash on Delivery,
UB-007899,C00268,2025-08-29,Completed,Mobile App,Faisalabad,BlueLine,Wallet,WELCOME10
UB-007900,C01043,2025-06-19,Completed,Web,Rawalpindi,SwiftEx,Cash on Delivery,APP5
UB-007901,C00430,2024-02-14,Completed,Mobile App,Peshawar,SwiftEx,Cash on Delivery,
UB-007902,C00012,2025-08-04,Completed,Web,Karachi,Store Pickup,Bank Transfer,APP5
UB-007903,C00331,2024-06-28,Completed,Marketplace,Karachi,SwiftEx,Card,APP5
UB-007904,C01533,2025-08-13,Completed,Web,Islamabad,RapidGo,Cash on Delivery,
UB-007905,C01306,2024-03-04,Completed,Mobile App,Rawalpindi,SwiftEx,Cash on Delivery,FREESHIP
UB-007906,C01116,2024-01-30,Completed,Mobile App,Lahore,SwiftEx,Card,FREESHIP
UB-007907,C00858,2025-08-06,Cancelled,Mobile App,Karachi,SwiftEx,Cash on Delivery,APP5
UB-007908,C00946,2024-07-18,Completed,Web,Lahore,BlueLine,Bank Transfer,
UB-007909,C00397,2024-06-21,Completed,Mobile App,Islamabad,BlueLine,Cash on Delivery,
UB-007910,C00266,2024-08-20,Completed,Web,Faisalabad,SwiftEx,Bank Transfer,
UB-007911,C00534,2024-10-07,Cancelled,Mobile App,Islamabad,BlueLine,Bank Transfer,
UB-007912,C00789,2025-08-25,Completed,Mobile App,Peshawar,SwiftEx,Wallet,
UB-007913,C00495,2024-01-05,Completed,Web,Karachi,SwiftEx,Cash on Delivery,APP5
UB-007914,C00049,2024-06-06,Completed,Web,Rawalpindi,RapidGo,Wallet,
UB-007915,C00760,2025-04-14,Completed,Marketplace,Rawalpindi,Store Pickup,Bank Transfer,
UB-007916,C00611,2025-05-30,Returned,Mobile App,Lahore,SwiftEx,Card,
UB-007917,C00955,2025-03-12,Cancelled,Mobile App,Peshawar,Store Pickup,Bank Transfer,WELCOME10
UB-007918,C00512,2025-12-09,Completed,Marketplace,Lahore,SwiftEx,Cash on Delivery,
UB-007919,C01432,2025-05-28,Completed,Web,Rawalpindi,SwiftEx,Cash on Delivery,
UB-007920,C01299,2024-07-17,Completed,Web,Rawalpindi,SwiftEx,Card,
UB-007921,C00890,2025-06-11,Completed,Web,Peshawar,BlueLine,Cash on Delivery,
UB-007922,C00728,2025-01-15,Completed,Web,Rawalpindi,SwiftEx,Card,
UB-007923,C00321,2024-02-17,Completed,Mobile App,Lahore,BlueLine,Cash on Delivery,
UB-007924,C01462,2024-08-04,Completed,Web,Islamabad,RapidGo,Wallet,
UB-007925,C00664,2025-01-23,Completed,Mobile App,Rawalpindi,BlueLine,Cash on Delivery,
UB-007926,C01017,2025-11-09,Returned,Mobile App,Karachi,BlueLine,Cash on Delivery,
UB-007927,C00321,2025-07-28,Cancelled,Mobile App,Lahore,Store Pickup,Cash on Delivery,APP5
UB-007928,C01469,2024-07-02,Returned,Marketplace,Islamabad,SwiftEx,Bank Transfer,
UB-007929,C01566,2025-07-27,Completed,Marketplace,Karachi,RapidGo,Cash on Delivery,
UB-007930,C00059,2024-04-15,Completed,Mobile App,Peshawar,SwiftEx,Card,
UB-007931,C01349,2025-06-01,Returned,Marketplace,Islamabad,BlueLine,Card,WELCOME10
UB-007932,C01250,2025-10-08,Cancelled,Mobile App,Rawalpindi,SwiftEx,Cash on Delivery,WELCOME10
UB-007933,C01191,2025-12-01,Completed,Mobile App,Rawalpindi,RapidGo,Wallet,
UB-007934,C00340,2024-10-04,Completed,Mobile App,Karachi,SwiftEx,Card,
UB-007935,C01184,2025-04-16,Completed,Web,Karachi,BlueLine,Card,SAVE15
UB-007936,C00189,2025-04-07,Completed,Web,Rawalpindi,SwiftEx,Bank Transfer,
UB-007937,C01388,2025-08-13,Completed,Mobile App,Rawalpindi,SwiftEx,Cash on Delivery,APP5
UB-007938,C00674,2025-01-10,Completed,Mobile App,Islamabad,Store Pickup,Card,
UB-007939,C01288,2024-11-27,Completed,Web,Islamabad,RapidGo,Cash on Delivery,
UB-007940,C00413,2024-03-13,Completed,Web,Islamabad,BlueLine,Wallet,
UB-007941,C00203,2025-01-17,Completed,Web,Islamabad,RapidGo,Card,
UB-007942,C01036,2024-07-10,Completed,Mobile App,Peshawar,RapidGo,Cash on Delivery,
UB-007943,C01281,2024-01-25,Completed,Mobile App,Islamabad,RapidGo,Wallet,
UB-007944,C00329,2024-09-16,Completed,Web,Lahore,SwiftEx,Cash on Delivery,FREESHIP
UB-007945,C01530,2024-12-08,Completed,Web,Rawalpindi,BlueLine,Cash on Delivery,APP5
UB-007946,C00475,2024-04-27,Completed,Web,Islamabad,RapidGo,Wallet,
UB-007947,C01160,2024-03-26,Completed,Web,Karachi,SwiftEx,Card,
UB-007948,C00943,2025-09-09,Completed,Mobile App,Islamabad,Store Pickup,Bank Transfer,SAVE15
UB-007949,C00728,2025-01-01,Completed,Mobile App,Rawalpindi,BlueLine,Cash on Delivery,WELCOME10
UB-007950,C00212,2024-01-07,Completed,Web,Karachi,SwiftEx,Cash on Delivery,WELCOME10
UB-007951,C00677,2024-06-08,Completed,Web,Lahore,SwiftEx,Bank Transfer,
UB-007952,C01138,2025-03-26,Completed,Mobile App,Karachi,SwiftEx,Cash on Delivery,
UB-007953,C00705,2024-01-07,Completed,Mobile App,Faisalabad,Store Pickup,Cash on Delivery,
UB-007954,C00985,2024-07-07,Cancelled,Web,Peshawar,RapidGo,Cash on Delivery,
UB-007955,C00169,2025-01-25,Completed,Web,Lahore,SwiftEx,Bank Transfer,
UB-007956,C01294,2025-06-14,Completed,Web,Lahore,Store Pickup,Card,
UB-007957,C00952,2025-03-09,Completed,Web,Lahore,RapidGo,Card,
UB-007958,C00666,2024-11-23,Returned,Mobile App,Lahore,SwiftEx,Wallet,
UB-007959,C01499,2025-12-31,Completed,Mobile App,Faisalabad,BlueLine,Card,FREESHIP
UB-007960,C01028,2025-02-10,Completed,Mobile App,Faisalabad,BlueLine,Cash on Delivery,
UB-007961,C00625,2025-12-04,Completed,Web,Islamabad,RapidGo,Card,APP5
UB-007962,C01447,2025-02-14,Completed,Web,Rawalpindi,BlueLine,Cash on Delivery,
UB-007963,C01251,2025-03-04,Completed,Web,Rawalpindi,Store Pickup,Cash on Delivery,
UB-007964,C00034,2025-05-15,Completed,Web,Islamabad,RapidGo,Cash on Delivery,
UB-007965,C01299,2025-04-22,Returned,Mobile App,Rawalpindi,RapidGo,Cash on Delivery,APP5
UB-007966,C00749,2025-10-21,Cancelled,Mobile App,Rawalpindi,BlueLine,Cash on Delivery,APP5
UB-007967,C01416,2025-08-23,Completed,Marketplace,Rawalpindi,SwiftEx,Cash on Delivery,
UB-007968,C01296,2024-06-26,Completed,Mobile App,Peshawar,RapidGo,Wallet,
UB-007969,C00569,2025-05-02,Completed,Mobile App,Rawalpindi,SwiftEx,Card,APP5
UB-007970,C00821,2024-01-24,Completed,Web,Faisalabad,SwiftEx,Wallet,WELCOME10
UB-007971,C00736,2024-01-03,Completed,Web,Peshawar,SwiftEx,Card,FREESHIP
UB-007972,C00584,2025-05-24,Completed,Mobile App,Peshawar,BlueLine,Card,
UB-007973,C01043,2024-12-18,Completed,Web,Rawalpindi,SwiftEx,Card,
UB-007974,C00634,2024-02-13,Completed,Web,Peshawar,SwiftEx,Wallet,
UB-007975,C00114,2025-05-22,Completed,Web,Rawalpindi,BlueLine,Wallet,
UB-007976,C01214,2024-07-29,Completed,Marketplace,Peshawar,RapidGo,Cash on Delivery,
UB-007977,C01238,2024-12-20,Completed,Web,Lahore,BlueLine,Wallet,
UB-007978,C00898,2024-10-21,Completed,Mobile App,Islamabad,RapidGo,Card,
UB-007979,C00310,2025-03-02,Completed,Web,Rawalpindi,BlueLine,Wallet,
UB-007980,C00031,2025-06-17,Completed,Mobile App,Rawalpindi,SwiftEx,Card,
UB-007981,C00926,2025-12-22,Completed,Web,Lahore,SwiftEx,Cash on Delivery,
UB-007982,C00584,2024-11-01,Cancelled,Marketplace,Peshawar,RapidGo,Cash on Delivery,
UB-007983,C00292,2024-09-09,Returned,Mobile App,Karachi,BlueLine,Cash on Delivery,
UB-007984,C01242,2024-11-23,Completed,Mobile App,Faisalabad,RapidGo,Bank Transfer,
UB-007985,C00622,2024-03-21,Completed,Mobile App,Rawalpindi,Store Pickup,Card,
UB-007986,C00263,2025-05-20,Completed,Web,Karachi,RapidGo,Cash on Delivery,
UB-007987,C01412,2024-09-11,Completed,Web,Lahore,SwiftEx,Bank Transfer,
UB-007988,C00587,2024-07-18,Completed,Mobile App,Karachi,RapidGo,Wallet,
UB-007989,C01169,2024-03-31,Completed,Marketplace,Islamabad,SwiftEx,Cash on Delivery,
UB-007990,C00299,2024-02-26,Completed,Web,Rawalpindi,SwiftEx,Cash on Delivery,
UB-007991,C00136,2024-04-23,Completed,Web,Karachi,RapidGo,Cash on Delivery,WELCOME10
UB-007992,C01337,2024-05-24,Completed,Web,Rawalpindi,SwiftEx,Wallet,APP5
UB-007993,C00831,2025-07-15,Completed,Mobile App,Karachi,Store Pickup,Bank Transfer,
UB-007994,C01230,2025-03-22,Completed,Mobile App,Rawalpindi,BlueLine,Cash on Delivery,
UB-007995,C00327,2025-05-26,Completed,Mobile App,Islamabad,BlueLine,Wallet,
UB-007996,C00895,2025-07-16,Returned,Mobile App,Rawalpindi,RapidGo,Cash on Delivery,SAVE15
UB-007997,C00199,2024-09-08,Completed,Mobile App,Karachi,RapidGo,Card,
UB-007998,C00949,2025-11-28,Completed,Web,Faisalabad,BlueLine,Cash on Delivery,APP5
UB-007999,C01222,2025-06-18,Completed,Web,Peshawar,SwiftEx,Wallet,
UB-008000,C01528,2024-10-23,Completed,Web,Karachi,RapidGo,Cash on Delivery,APP5
UB-008001,C00186,2025-12-25,Completed,Marketplace,Lahore,RapidGo,Cash on Delivery,
UB-008002,C00262,2024-07-12,Completed,Mobile App,Lahore,BlueLine,Cash on Delivery,
UB-008003,C00762,2025-12-02,Completed,Mobile App,Lahore,SwiftEx,Cash on Delivery,
UB-008004,C00873,2024-06-04,Completed,Web,Lahore,BlueLine,Card,
UB-008005,C01560,2025-02-11,Completed,Marketplace,Islamabad,RapidGo,Cash on Delivery,
UB-008006,C00745,2024-09-05,Returned,Mobile App,Lahore,Store Pickup,Card,
UB-008007,C00741,2024-11-25,Completed,Mobile App,Karachi,RapidGo,Wallet,FREESHIP
UB-008008,C01314,2025-07-03,Completed,Mobile App,Peshawar,SwiftEx,Card,
UB-008009,C00203,2025-02-24,Completed,Mobile App,Islamabad,BlueLine,Cash on Delivery,FREESHIP
UB-008010,C00005,2024-08-27,Completed,Web,Islamabad,Store Pickup,Cash on Delivery,APP5
UB-008011,C00291,2025-02-03,Returned,Marketplace,Rawalpindi,BlueLine,Wallet,APP5
UB-008012,C00828,2024-11-06,Completed,Web,Islamabad,BlueLine,Cash on Delivery,
UB-008013,C00201,2024-07-15,Returned,Mobile App,Karachi,BlueLine,Wallet,APP5
UB-008014,C00294,2025-04-06,Completed,Mobile App,Islamabad,SwiftEx,Bank Transfer,FREESHIP
UB-008015,C00910,2025-07-19,Completed,Web,Rawalpindi,RapidGo,Bank Transfer,
UB-008016,C01426,2025-02-27,Completed,Mobile App,Rawalpindi,RapidGo,Cash on Delivery,SAVE15
UB-008017,C00912,2025-08-05,Completed,Mobile App,Islamabad,SwiftEx,Wallet,
UB-008018,C01446,2024-09-08,Completed,Mobile App,Lahore,BlueLine,Cash on Delivery,
UB-008019,C00592,2025-03-04,Completed,Marketplace,Faisalabad,Store Pickup,Card,
UB-008020,C00249,2025-03-15,Completed,Mobile App,Lahore,SwiftEx,Bank Transfer,SAVE15
UB-008021,C00850,2025-02-20,Completed,Web,Peshawar,SwiftEx,Cash on Delivery,
UB-008022,C00827,2025-09-04,Completed,Mobile App,Faisalabad,Store Pickup,Card,
UB-008023,C00184,2025-09-18,Completed,Mobile App,Rawalpindi,SwiftEx,Cash on Delivery,
UB-008024,C01262,2025-12-27,Completed,Mobile App,Islamabad,Store Pickup,Cash on Delivery,APP5
UB-008025,C01260,2024-03-30,Completed,Mobile App,Rawalpindi,SwiftEx,Cash on Delivery,
UB-008026,C00648,2024-08-17,Completed,Web,Lahore,SwiftEx,Cash on Delivery,FREESHIP
UB-008027,C00638,2024-04-28,Completed,Web,Lahore,SwiftEx,Card,
UB-008028,C01002,2024-12-01,Completed,Mobile App,Rawalpindi,SwiftEx,Wallet,
UB-008029,C01254,2024-12-10,Completed,Marketplace,Islamabad,BlueLine,Cash on Delivery,APP5
UB-008030,C00229,2024-08-17,Returned,Marketplace,Peshawar,SwiftEx,Card,
UB-008031,C01552,2025-05-03,Completed,Mobile App,Rawalpindi,SwiftEx,Wallet,FREESHIP
UB-008032,C01027,2025-06-27,Completed,Mobile App,Karachi,SwiftEx,Cash on Delivery,FREESHIP
UB-008033,C00414,2025-11-14,Completed,Marketplace,Lahore,RapidGo,Wallet,
UB-008034,C00889,2025-03-10,Completed,Marketplace,Peshawar,RapidGo,Cash on Delivery,APP5
UB-008035,C00262,2025-05-18,Completed,Mobile App,Lahore,RapidGo,Card,
UB-008036,C00553,2025-01-25,Completed,Web,Lahore,SwiftEx,Cash on Delivery,
UB-008037,C01276,2024-10-18,Completed,Web,Karachi,SwiftEx,Cash on Delivery,WELCOME10
UB-008038,C00329,2025-12-11,Returned,Mobile App,Lahore,BlueLine,Card,APP5
UB-008039,C00546,2024-03-20,Completed,Mobile App,Rawalpindi,RapidGo,Bank Transfer,
UB-008040,C00041,2024-01-23,Completed,Web,Rawalpindi,BlueLine,Cash on Delivery,FREESHIP
UB-008041,C00917,2024-06-18,Cancelled,Web,Rawalpindi,RapidGo,Card,
UB-008042,C01562,2025-10-18,Completed,Mobile App,Lahore,BlueLine,Bank Transfer,
UB-008043,C00646,2024-08-20,Completed,Mobile App,Rawalpindi,BlueLine,Card,
UB-008044,C00432,2024-03-17,Completed,Mobile App,Rawalpindi,SwiftEx,Card,APP5
UB-008045,C00345,2025-12-08,Completed,Mobile App,Peshawar,BlueLine,Wallet,
UB-008046,C01118,2025-07-04,Completed,Mobile App,Faisalabad,SwiftEx,Cash on Delivery,
UB-008047,C01133,2025-11-07,Completed,Web,Karachi,RapidGo,Card,WELCOME10
UB-008048,C01178,2024-01-21,Completed,Marketplace,Islamabad,SwiftEx,Wallet,
UB-008049,C00099,2025-05-06,Completed,Mobile App,Rawalpindi,SwiftEx,Cash on Delivery,
UB-008050,C00380,2025-08-15,Completed,Mobile App,Islamabad,Store Pickup,Card,SAVE15
UB-008051,C00490,2025-10-05,Completed,Web,Faisalabad,SwiftEx,Card,APP5
UB-008052,C01439,2025-10-22,Completed,Marketplace,Islamabad,RapidGo,Card,
UB-008053,C01274,2025-11-27,Cancelled,Marketplace,Lahore,BlueLine,Cash on Delivery,
UB-008054,C01009,2025-12-15,Returned,Web,Rawalpindi,BlueLine,Wallet,APP5
UB-008055,C00854,2025-08-04,Completed,Web,Rawalpindi,BlueLine,Wallet,
UB-008056,C00504,2025-04-22,Completed,Web,Islamabad,RapidGo,Cash on Delivery,
UB-008057,C00880,2025-02-08,Completed,Web,Lahore,BlueLine,Wallet,
UB-008058,C00001,2025-03-09,Completed,Mobile App,Rawalpindi,BlueLine,Wallet,APP5
UB-008059,C01079,2025-10-17,Completed,Mobile App,Islamabad,RapidGo,Cash on Delivery,
UB-008060,C00442,2024-12-05,Completed,Web,Rawalpindi,SwiftEx,Card,APP5
UB-008061,C00333,2025-01-25,Completed,Mobile App,Peshawar,RapidGo,Cash on Delivery,
UB-008062,C00583,2024-06-24,Completed,Marketplace,Karachi,SwiftEx,Bank Transfer,
UB-008063,C01071,2024-01-21,Completed,Mobile App,Lahore,BlueLine,Cash on Delivery,
UB-008064,C01489,2025-02-08,Completed,Marketplace,Lahore,SwiftEx,Wallet,
UB-008065,C01526,2024-12-29,Completed,Mobile App,Karachi,Store Pickup,Card,
UB-008066,C00042,2024-01-05,Completed,Mobile App,Lahore,RapidGo,Cash on Delivery,
UB-008067,C01509,2025-07-24,Completed,Web,Lahore,Store Pickup,Wallet,SAVE15
UB-008068,C00684,2025-02-13,Completed,Web,Islamabad,RapidGo,Cash on Delivery,SAVE15
UB-008069,C00599,2025-03-02,Completed,Mobile App,Islamabad,SwiftEx,Cash on Delivery,
UB-008070,C00734,2025-02-04,Cancelled,Web,Rawalpindi,SwiftEx,Card,
UB-008071,C00981,2025-06-05,Completed,Web,Rawalpindi,RapidGo,Cash on Delivery,
UB-008072,C00528,2024-10-30,Completed,Mobile App,Karachi,SwiftEx,Cash on Delivery,
UB-008073,C00971,2025-10-11,Returned,Mobile App,Faisalabad,SwiftEx,Wallet,APP5
UB-008074,C01265,2025-12-27,Completed,Web,Islamabad,RapidGo,Bank Transfer,
UB-008075,C00066,2024-02-28,Completed,Mobile App,Lahore,BlueLine,Card,
UB-008076,C00188,2025-09-25,Returned,Web,Islamabad,BlueLine,Card,
UB-008077,C00950,2024-02-18,Completed,Web,Karachi,Store Pickup,Cash on Delivery,
UB-008078,C01268,2025-06-23,Completed,Marketplace,Karachi,SwiftEx,Cash on Delivery,
UB-008079,C00071,2025-02-20,Completed,Marketplace,Lahore,RapidGo,Card,
UB-008080,C00426,2024-08-27,Completed,Mobile App,Islamabad,Store Pickup,Card,
UB-008081,C00080,2024-11-01,Completed,Web,Lahore,RapidGo,Wallet,
UB-008082,C00040,2024-10-06,Cancelled,Mobile App,Islamabad,SwiftEx,Card,
UB-008083,C01564,2024-10-06,Completed,Web,Islamabad,BlueLine,Cash on Delivery,FREESHIP
UB-008084,C00119,2025-03-24,Completed,Mobile App,Islamabad,BlueLine,Cash on Delivery,
UB-008085,C01380,2024-07-06,Completed,Web,Peshawar,RapidGo,Cash on Delivery,WELCOME10
UB-008086,C01203,2025-07-22,Completed,Web,Lahore,BlueLine,Wallet,WELCOME10
UB-008087,C01470,2025-10-05,Completed,Mobile App,Rawalpindi,SwiftEx,Card,
UB-008088,C01533,2025-04-06,Completed,Web,Islamabad,SwiftEx,Wallet,
UB-008089,C01358,2025-12-01,Completed,Mobile App,Faisalabad,SwiftEx,Cash on Delivery,APP5
UB-008090,C00905,2025-08-04,Completed,Mobile App,Karachi,RapidGo,Card,
UB-008091,C00966,2024-11-16,Completed,Mobile App,Peshawar,RapidGo,Wallet,FREESHIP
UB-008092,C00558,2025-08-10,Completed,Web,Lahore,SwiftEx,Bank Transfer,
UB-008093,C00333,2024-12-25,Completed,Mobile App,Peshawar,RapidGo,Cash on Delivery,
UB-008094,C00763,2025-10-02,Completed,Mobile App,Islamabad,SwiftEx,Bank Transfer,
UB-008095,C00951,2024-10-02,Completed,Web,Karachi,SwiftEx,Cash on Delivery,APP5
UB-008096,C01281,2025-09-24,Completed,Web,Islamabad,BlueLine,Card,
UB-008097,C01341,2024-03-31,Returned,Mobile App,Rawalpindi,BlueLine,Wallet,
UB-008098,C00320,2025-01-07,Completed,Web,Islamabad,Store Pickup,Card,
UB-008099,C01527,2025-03-12,Completed,Mobile App,Faisalabad,SwiftEx,Wallet,WELCOME10
UB-008100,C00337,2024-03-06,Completed,Web,Islamabad,BlueLine,Bank Transfer,
UB-008101,C00612,2024-10-30,Completed,Web,Islamabad,SwiftEx,Cash on Delivery,SAVE15
UB-008102,C01024,2025-05-14,Completed,Web,Islamabad,SwiftEx,Cash on Delivery,
UB-008103,C00049,2025-10-01,Completed,Marketplace,Rawalpindi,SwiftEx,Cash on Delivery,
UB-008104,C00102,2024-03-22,Completed,Web,Karachi,SwiftEx,Wallet,
UB-008105,C01071,2024-03-02,Completed,Mobile App,Lahore,BlueLine,Wallet,
UB-008106,C01558,2024-05-30,Completed,Web,Islamabad,SwiftEx,Cash on Delivery,
UB-008107,C00915,2025-04-25,Cancelled,Web,Peshawar,SwiftEx,Cash on Delivery,
UB-008108,C00041,2025-03-14,Completed,Mobile App,Rawalpindi,SwiftEx,Wallet,
UB-008109,C00035,2024-02-16,Completed,Web,Lahore,BlueLine,Cash on Delivery,
UB-008110,C00396,2024-02-02,Completed,Web,Islamabad,SwiftEx,Card,
UB-008111,C00578,2025-03-21,Completed,Mobile App,Rawalpindi,BlueLine,Card,WELCOME10
UB-008112,C01025,2025-08-24,Completed,Web,Rawalpindi,SwiftEx,Cash on Delivery,
UB-008113,C01313,2025-04-29,Completed,Web,Rawalpindi,RapidGo,Cash on Delivery,
UB-008114,C00177,2025-06-29,Completed,Mobile App,Lahore,RapidGo,Cash on Delivery,
UB-008115,C01561,2024-07-18,Completed,Web,Lahore,RapidGo,Bank Transfer,
UB-008116,C01087,2024-03-20,Completed,Web,Lahore,RapidGo,Wallet,WELCOME10
UB-008117,C00975,2024-04-23,Completed,Web,Peshawar,RapidGo,Bank Transfer,APP5
UB-008118,C00965,2025-05-04,Completed,Mobile App,Lahore,SwiftEx,Bank Transfer,
UB-008119,C00727,2024-08-16,Completed,Web,Lahore,BlueLine,Card,
UB-008120,C00126,2024-06-11,Completed,Web,Lahore,SwiftEx,Card,
UB-008121,C01115,2024-09-17,Completed,Mobile App,Faisalabad,RapidGo,Cash on Delivery,
UB-008122,C00445,2024-10-08,Completed,Web,Islamabad,RapidGo,Cash on Delivery,
UB-008123,C00515,2025-09-15,Cancelled,Marketplace,Karachi,BlueLine,Cash on Delivery,FREESHIP
UB-008124,C00814,2025-10-21,Completed,Web,Karachi,RapidGo,Card,
UB-008125,C00557,2024-06-18,Completed,Web,Peshawar,BlueLine,Bank Transfer,SAVE15
UB-008126,C01180,2025-06-29,Completed,Mobile App,Rawalpindi,BlueLine,Cash on Delivery,
UB-008127,C01600,2024-12-25,Completed,Web,Rawalpindi,BlueLine,Cash on Delivery,
UB-008128,C00414,2025-10-15,Completed,Marketplace,Lahore,RapidGo,Cash on Delivery,SAVE15
UB-008129,C00004,2025-11-28,Completed,Marketplace,Islamabad,RapidGo,Bank Transfer,
UB-008130,C00817,2024-02-10,Completed,Web,Faisalabad,BlueLine,Cash on Delivery,FREESHIP
UB-008131,C01342,2025-04-23,Completed,Web,Islamabad,RapidGo,Wallet,
UB-008132,C00510,2025-02-12,Completed,Marketplace,Rawalpindi,BlueLine,Card,
UB-008133,C01089,2025-07-25,Returned,Mobile App,Islamabad,SwiftEx,Card,FREESHIP
UB-008134,C00763,2025-09-09,Completed,Mobile App,Islamabad,Store Pickup,Card,
UB-008135,C00936,2024-01-05,Completed,Mobile App,Faisalabad,RapidGo,Wallet,
UB-008136,C01306,2025-11-25,Completed,Web,Rawalpindi,SwiftEx,Bank Transfer,APP5
UB-008137,C00808,2024-10-29,Completed,Web,Rawalpindi,SwiftEx,Card,
UB-008138,C00086,2025-09-02,Completed,Mobile App,Peshawar,Store Pickup,Wallet,
UB-008139,C01003,2024-02-06,Completed,Web,Lahore,BlueLine,Bank Transfer,
UB-008140,C00878,2024-12-01,Completed,Mobile App,Karachi,Store Pickup,Wallet,WELCOME10
UB-008141,C00057,2025-05-19,Returned,Mobile App,Islamabad,RapidGo,Cash on Delivery,APP5
UB-008142,C01420,2025-12-23,Completed,Mobile App,Lahore,BlueLine,Cash on Delivery,
UB-008143,C01598,2025-12-13,Completed,Web,Islamabad,BlueLine,Cash on Delivery,APP5
UB-008144,C00353,2025-11-19,Completed,Web,Peshawar,Store Pickup,Card,
UB-008145,C01073,2024-02-08,Returned,Web,Rawalpindi,Store Pickup,Bank Transfer,
UB-008146,C00130,2025-05-27,Returned,Marketplace,Rawalpindi,BlueLine,Cash on Delivery,SAVE15
UB-008147,C00057,2025-04-30,Completed,Mobile App,Islamabad,RapidGo,Cash on Delivery,
UB-008148,C01107,2024-09-30,Completed,Web,Peshawar,SwiftEx,Card,SAVE15
UB-008149,C00236,2025-03-25,Completed,Mobile App,Karachi,RapidGo,Card,
UB-008150,C00948,2024-03-05,Completed,Mobile App,Rawalpindi,RapidGo,Cash on Delivery,WELCOME10
UB-008151,C01041,2024-05-08,Completed,Mobile App,Islamabad,BlueLine,Cash on Delivery,
UB-008152,C00251,2025-05-23,Returned,Web,Rawalpindi,SwiftEx,Cash on Delivery,
UB-008153,C00166,2025-11-06,Completed,Mobile App,Lahore,BlueLine,Cash on Delivery,
UB-008154,C00182,2024-08-18,Completed,Mobile App,Islamabad,SwiftEx,Cash on Delivery,
UB-008155,C00691,2025-11-12,Completed,Mobile App,Karachi,BlueLine,Card,APP5
UB-008156,C01581,2024-04-16,Completed,Web,Rawalpindi,SwiftEx,Cash on Delivery,
UB-008157,C01215,2024-05-16,Completed,Mobile App,Peshawar,BlueLine,Wallet,
UB-008158,C01055,2025-12-12,Completed,Web,Islamabad,BlueLine,Cash on Delivery,SAVE15
UB-008159,C00564,2024-11-01,Completed,Mobile App,Lahore,RapidGo,Cash on Delivery,APP5
UB-008160,C00480,2024-10-20,Completed,Mobile App,Peshawar,BlueLine,Card,APP5
UB-008161,C00247,2025-03-12,Completed,Web,Rawalpindi,BlueLine,Cash on Delivery,FREESHIP
UB-008162,C01422,2024-11-11,Completed,Web,Islamabad,RapidGo,Cash on Delivery,
UB-008163,C00013,2025-10-17,Completed,Web,Peshawar,BlueLine,Cash on Delivery,WELCOME10
UB-008164,C01506,2024-06-09,Completed,Mobile App,Rawalpindi,SwiftEx,Bank Transfer,
UB-008165,C00376,2025-03-16,Completed,Web,Rawalpindi,RapidGo,Wallet,FREESHIP
UB-008166,C00269,2025-04-21,Completed,Web,Peshawar,BlueLine,Wallet,
UB-008167,C00091,2024-02-07,Completed,Mobile App,Lahore,Store Pickup,Card,SAVE15
UB-008168,C00788,2025-10-14,Completed,Mobile App,Islamabad,RapidGo,Cash on Delivery,
UB-008169,C00355,2024-01-05,Completed,Mobile App,Islamabad,SwiftEx,Card,FREESHIP
UB-008170,C00862,2025-11-16,Completed,Mobile App,Rawalpindi,BlueLine,Cash on Delivery,WELCOME10
UB-008171,C01505,2025-11-17,Completed,Mobile App,Lahore,BlueLine,Cash on Delivery,
UB-008172,C00645,2024-12-05,Completed,Mobile App,Rawalpindi,SwiftEx,Bank Transfer,APP5
UB-008173,C00649,2025-12-23,Completed,Mobile App,Rawalpindi,SwiftEx,Wallet,
UB-008174,C01294,2024-02-13,Completed,Mobile App,Lahore,Store Pickup,Card,APP5
UB-008175,C00970,2025-08-04,Completed,Web,Islamabad,SwiftEx,Card,
UB-008176,C01141,2025-12-20,Completed,Mobile App,Islamabad,BlueLine,Cash on Delivery,FREESHIP
UB-008177,C00536,2025-03-14,Completed,Mobile App,Rawalpindi,SwiftEx,Card,SAVE15
UB-008178,C00744,2025-11-12,Completed,Web,Islamabad,RapidGo,Bank Transfer,
UB-008179,C00435,2024-09-13,Completed,Mobile App,Peshawar,RapidGo,Card,
UB-008180,C00915,2024-09-09,Completed,Mobile App,Peshawar,SwiftEx,Bank Transfer,
UB-008181,C00356,2024-01-12,Completed,Web,Rawalpindi,RapidGo,Card,APP5
UB-008182,C00312,2025-10-08,Cancelled,Mobile App,Rawalpindi,SwiftEx,Bank Transfer,
UB-008183,C01338,2024-10-24,Completed,Mobile App,Faisalabad,BlueLine,Cash on Delivery,WELCOME10
UB-008184,C01280,2024-06-02,Completed,Mobile App,Rawalpindi,RapidGo,Card,
UB-008185,C01256,2025-04-27,Completed,Mobile App,Karachi,RapidGo,Card,SAVE15
UB-008186,C00236,2025-08-26,Completed,Web,Karachi,RapidGo,Cash on Delivery,
UB-008187,C00846,2024-07-25,Completed,Web,Faisalabad,Store Pickup,Cash on Delivery,
UB-008188,C01347,2024-01-02,Completed,Marketplace,Lahore,RapidGo,Wallet,
UB-008189,C01383,2025-02-26,Completed,Marketplace,Lahore,SwiftEx,Cash on Delivery,
UB-008190,C00279,2025-04-26,Completed,Mobile App,Rawalpindi,SwiftEx,Card,
UB-008191,C01199,2024-01-11,Completed,Mobile App,Karachi,RapidGo,Card,
UB-008192,C01407,2024-05-14,Completed,Web,Lahore,RapidGo,Wallet,
UB-008193,C01290,2024-02-04,Completed,Mobile App,Rawalpindi,SwiftEx,Cash on Delivery,SAVE15
UB-008194,C00393,2024-03-03,Completed,Mobile App,Rawalpindi,RapidGo,Cash on Delivery,
UB-008195,C00811,2024-02-14,Completed,Web,Karachi,BlueLine,Card,
UB-008196,C00517,2025-01-22,Completed,Mobile App,Karachi,BlueLine,Cash on Delivery,
UB-008197,C00666,2025-04-27,Completed,Web,Lahore,SwiftEx,Card,
UB-008198,C00051,2024-08-11,Completed,Web,Faisalabad,BlueLine,Cash on Delivery,
UB-008199,C01224,2025-01-25,Completed,Mobile App,Karachi,BlueLine,Cash on Delivery,FREESHIP
UB-008200,C00482,2024-09-01,Completed,Mobile App,Islamabad,BlueLine,Cash on Delivery,
UB-008201,C00326,2024-04-26,Completed,Mobile App,Rawalpindi,RapidGo,Card,
UB-008202,C01047,2024-12-19,Completed,Web,Lahore,RapidGo,Bank Transfer,
UB-008203,C00249,2025-09-08,Completed,Web,Lahore,RapidGo,Cash on Delivery,
UB-008204,C00782,2024-06-11,Completed,Mobile App,Islamabad,Store Pickup,Cash on Delivery,
UB-008205,C00227,2025-06-01,Returned,Mobile App,Rawalpindi,SwiftEx,Wallet,
UB-008206,C01023,2024-03-16,Completed,Web,Rawalpindi,BlueLine,Cash on Delivery,
UB-008207,C01037,2024-05-24,Completed,Mobile App,Islamabad,Store Pickup,Card,
UB-008208,C01466,2025-07-07,Completed,Web,Rawalpindi,RapidGo,Card,FREESHIP
UB-008209,C00714,2024-07-09,Completed,Web,Peshawar,SwiftEx,Cash on Delivery,
UB-008210,C00448,2025-09-06,Completed,Mobile App,Peshawar,RapidGo,Card,
UB-008211,C00732,2025-08-29,Completed,Mobile App,Islamabad,BlueLine,Card,
UB-008212,C01026,2024-08-22,Completed,Mobile App,Lahore,BlueLine,Card,FREESHIP
UB-008213,C01023,2024-04-25,Completed,Web,Rawalpindi,SwiftEx,Card,SAVE15
UB-008214,C00647,2025-03-14,Completed,Marketplace,Rawalpindi,BlueLine,Cash on Delivery,
UB-008215,C00767,2024-01-25,Completed,Mobile App,Lahore,RapidGo,Wallet,
UB-008216,C01450,2025-06-04,Completed,Marketplace,Lahore,Store Pickup,Bank Transfer,
UB-008217,C01353,2024-08-10,Completed,Mobile App,Karachi,BlueLine,Card,FREESHIP
UB-008218,C00440,2024-01-09,Completed,Mobile App,Lahore,Store Pickup,Cash on Delivery,
UB-008219,C01566,2024-03-29,Completed,Web,Karachi,SwiftEx,Card,APP5
UB-008220,C01191,2024-01-03,Completed,Web,Rawalpindi,BlueLine,Cash on Delivery,FREESHIP
UB-008221,C00583,2025-04-15,Completed,Mobile App,Karachi,RapidGo,Cash on Delivery,
UB-008222,C00702,2025-04-02,Completed,Mobile App,Lahore,RapidGo,Cash on Delivery,APP5
UB-008223,C01309,2024-08-19,Completed,Marketplace,Rawalpindi,SwiftEx,Wallet,SAVE15
UB-008224,C00266,2024-09-16,Completed,Web,Faisalabad,Store Pickup,Cash on Delivery,
UB-008225,C01363,2025-03-13,Completed,Web,Islamabad,BlueLine,Cash on Delivery,
UB-008226,C00650,2024-10-23,Completed,Mobile App,Islamabad,RapidGo,Card,
UB-008227,C00708,2025-07-16,Completed,Mobile App,Rawalpindi,RapidGo,Cash on Delivery,
UB-008228,C01528,2025-10-01,Completed,Web,Karachi,SwiftEx,Card,FREESHIP
UB-008229,C00645,2024-08-24,Completed,Web,Rawalpindi,BlueLine,Cash on Delivery,
UB-008230,C00752,2025-06-30,Completed,Marketplace,Islamabad,Store Pickup,Card,
UB-008231,C00337,2025-11-06,Completed,Web,Islamabad,SwiftEx,Cash on Delivery,
UB-008232,C01568,2025-07-05,Completed,Mobile App,Rawalpindi,SwiftEx,Bank Transfer,APP5
UB-008233,C01581,2025-12-18,Completed,Mobile App,Rawalpindi,BlueLine,Card,WELCOME10
UB-008234,C01117,2024-05-31,Completed,Marketplace,Rawalpindi,BlueLine,Cash on Delivery,
UB-008235,C01195,2025-02-28,Completed,Mobile App,Karachi,RapidGo,Card,
UB-008236,C01123,2025-07-20,Returned,Web,Peshawar,RapidGo,Card,SAVE15
UB-008237,C00349,2024-12-31,Returned,Web,Karachi,BlueLine,Card,APP5
UB-008238,C01095,2024-09-16,Completed,Web,Islamabad,SwiftEx,Card,
UB-008239,C00538,2024-02-27,Completed,Mobile App,Lahore,BlueLine,Card,WELCOME10
UB-008240,C01401,2025-07-14,Completed,Web,Karachi,BlueLine,Card,WELCOME10
UB-008241,C00978,2025-04-23,Completed,Web,Islamabad,RapidGo,Card,APP5
UB-008242,C00656,2025-07-02,Completed,Mobile App,Peshawar,Store Pickup,Card,SAVE15
UB-008243,C01581,2025-12-31,Completed,Mobile App,Rawalpindi,BlueLine,Cash on Delivery,
UB-008244,C01546,2025-06-01,Returned,Mobile App,Rawalpindi,RapidGo,Cash on Delivery,
UB-008245,C00918,2025-02-04,Completed,Marketplace,Lahore,SwiftEx,Card,
UB-008246,C01012,2025-07-16,Cancelled,Mobile App,Karachi,RapidGo,Bank Transfer,
UB-008247,C00632,2024-07-03,Completed,Mobile App,Rawalpindi,BlueLine,Cash on Delivery,
UB-008248,C01442,2024-09-23,Completed,Mobile App,Karachi,RapidGo,Cash on Delivery,
UB-008249,C00834,2024-04-22,Completed,Mobile App,Rawalpindi,Store Pickup,Cash on Delivery,
UB-008250,C00145,2024-02-23,Completed,Web,Faisalabad,RapidGo,Bank Transfer,
UB-008251,C01049,2025-03-02,Completed,Mobile App,Rawalpindi,RapidGo,Wallet,
UB-008252,C01277,2024-05-22,Completed,Marketplace,Faisalabad,RapidGo,Cash on Delivery,WELCOME10
UB-008253,C01375,2024-01-03,Completed,Marketplace,Lahore,RapidGo,Wallet,APP5
UB-008254,C00565,2024-11-30,Completed,Web,Islamabad,BlueLine,Bank Transfer,WELCOME10
UB-008255,C00404,2024-04-26,Completed,Mobile App,Karachi,SwiftEx,Cash on Delivery,SAVE15
UB-008256,C00303,2024-01-11,Completed,Mobile App,Karachi,SwiftEx,Cash on Delivery,
UB-008257,C00342,2024-04-17,Completed,Web,Lahore,SwiftEx,Cash on Delivery,WELCOME10
UB-008258,C01576,2024-11-01,Completed,Mobile App,Islamabad,Store Pickup,Card,
UB-008259,C01139,2025-10-31,Completed,Mobile App,Peshawar,BlueLine,Card,FREESHIP
UB-008260,C01431,2025-07-24,Completed,Mobile App,Islamabad,SwiftEx,Cash on Delivery,APP5
UB-008261,C01332,2025-06-06,Completed,Web,Islamabad,RapidGo,Wallet,
UB-008262,C01115,2024-03-24,Returned,Web,Faisalabad,BlueLine,Bank Transfer,
UB-008263,C00706,2025-07-21,Completed,Mobile App,Peshawar,SwiftEx,Card,
UB-008264,C01498,2025-07-04,Completed,Mobile App,Karachi,SwiftEx,Cash on Delivery,
UB-008265,C01350,2025-01-01,Completed,Mobile App,Lahore,RapidGo,Card,
UB-008266,C00750,2024-06-23,Completed,Mobile App,Islamabad,SwiftEx,Cash on Delivery,
UB-008267,C00545,2025-06-03,Completed,Marketplace,Faisalabad,SwiftEx,Bank Transfer,
UB-008268,C00693,2025-08-11,Completed,Marketplace,Lahore,SwiftEx,Bank Transfer,
UB-008269,C00740,2025-01-01,Completed,Marketplace,Faisalabad,Store Pickup,Cash on Delivery,
UB-008270,C01147,2025-06-18,Completed,Mobile App,Karachi,BlueLine,Cash on Delivery,
UB-008271,C00855,2024-10-19,Completed,Web,Rawalpindi,RapidGo,Card,
UB-008272,C00703,2025-05-11,Completed,Marketplace,Lahore,Store Pickup,Bank Transfer,
UB-008273,C00272,2024-04-15,Returned,Mobile App,Peshawar,RapidGo,Cash on Delivery,
UB-008274,C00925,2024-08-16,Completed,Web,Lahore,Store Pickup,Cash on Delivery,FREESHIP
UB-008275,C00275,2025-03-21,Returned,Mobile App,Islamabad,SwiftEx,Card,WELCOME10
UB-008276,C00096,2024-02-22,Completed,Web,Peshawar,SwiftEx,Card,
UB-008277,C01363,2024-12-10,Completed,Mobile App,Islamabad,BlueLine,Card,
UB-008278,C00239,2024-12-12,Completed,Web,Lahore,SwiftEx,Card,
UB-008279,C00913,2024-12-24,Completed,Mobile App,Islamabad,SwiftEx,Card,
UB-008280,C00623,2024-09-26,Completed,Web,Lahore,SwiftEx,Cash on Delivery,WELCOME10
UB-008281,C00720,2025-10-25,Completed,Web,Karachi,RapidGo,Cash on Delivery,
UB-008282,C00200,2025-01-15,Completed,Web,Karachi,RapidGo,Bank Transfer,
UB-008283,C00055,2025-11-01,Completed,Mobile App,Karachi,Store Pickup,Card,WELCOME10
UB-008284,C00261,2025-12-06,Completed,Marketplace,Islamabad,RapidGo,Wallet,
UB-008285,C00913,2024-10-21,Completed,Mobile App,Islamabad,BlueLine,Bank Transfer,
UB-008286,C01003,2024-12-04,Completed,Mobile App,Lahore,RapidGo,Bank Transfer,WELCOME10
UB-008287,C00931,2024-09-29,Returned,Web,Faisalabad,SwiftEx,Cash on Delivery,
UB-008288,C00363,2024-10-01,Completed,Mobile App,Peshawar,SwiftEx,Card,
UB-008289,C00465,2024-12-17,Completed,Web,Faisalabad,BlueLine,Wallet,
UB-008290,C01500,2025-06-05,Completed,Web,Lahore,BlueLine,Bank Transfer,
UB-008291,C00979,2024-09-24,Completed,Mobile App,Lahore,RapidGo,Bank Transfer,
UB-008292,C00938,2024-11-11,Completed,Marketplace,Islamabad,RapidGo,Card,
UB-008293,C00020,2024-11-16,Completed,Mobile App,Rawalpindi,SwiftEx,Bank Transfer,
UB-008294,C00991,2024-06-15,Cancelled,Web,Lahore,BlueLine,Cash on Delivery,
UB-008295,C01174,2024-03-28,Completed,Marketplace,Faisalabad,SwiftEx,Wallet,APP5
UB-008296,C00199,2024-01-29,Returned,Marketplace,Karachi,RapidGo,Card,WELCOME10
UB-008297,C00693,2024-01-12,Completed,Web,Lahore,RapidGo,Cash on Delivery,APP5
UB-008298,C01126,2025-05-01,Completed,Web,Peshawar,SwiftEx,Cash on Delivery,SAVE15
UB-008299,C01037,2025-05-01,Completed,Mobile App,Islamabad,RapidGo,Cash on Delivery,
UB-008300,C01328,2024-09-14,Completed,Mobile App,Islamabad,BlueLine,Cash on Delivery,FREESHIP
UB-008301,C00654,2024-12-25,Completed,Web,Karachi,SwiftEx,Cash on Delivery,
UB-008302,C00337,2024-01-14,Completed,Mobile App,Islamabad,RapidGo,Cash on Delivery,FREESHIP
UB-008303,C00195,2024-11-22,Completed,Mobile App,Rawalpindi,BlueLine,Wallet,
UB-008304,C01447,2025-11-04,Completed,Web,Rawalpindi,SwiftEx,Cash on Delivery,
UB-008305,C00420,2025-03-29,Completed,Web,Rawalpindi,RapidGo,Cash on Delivery,
UB-008306,C00718,2024-07-15,Completed,Mobile App,Faisalabad,SwiftEx,Cash on Delivery,
UB-008307,C00521,2024-04-17,Completed,Web,Peshawar,BlueLine,Wallet,
UB-008308,C01573,2024-08-05,Completed,Web,Peshawar,RapidGo,Cash on Delivery,
UB-008309,C01465,2025-10-04,Cancelled,Mobile App,Lahore,BlueLine,Card,
UB-008310,C01539,2024-11-19,Completed,Mobile App,Lahore,SwiftEx,Card,SAVE15
UB-008311,C01511,2024-02-21,Cancelled,Web,Rawalpindi,SwiftEx,Card,
UB-008312,C01507,2024-02-22,Completed,Marketplace,Rawalpindi,SwiftEx,Card,
UB-008313,C01023,2025-03-31,Completed,Mobile App,Rawalpindi,SwiftEx,Bank Transfer,
UB-008314,C01593,2025-09-17,Completed,Web,Karachi,Store Pickup,Card,
UB-008315,C00419,2024-04-17,Returned,Mobile App,Rawalpindi,Store Pickup,Wallet,APP5
UB-008316,C01343,2024-03-31,Completed,Marketplace,Islamabad,BlueLine,Bank Transfer,
UB-008317,C00914,2025-10-02,Completed,Marketplace,Islamabad,SwiftEx,Cash on Delivery,
UB-008318,C01165,2025-12-19,Completed,Web,Rawalpindi,RapidGo,Wallet,
UB-008319,C00376,2025-12-11,Completed,Web,Rawalpindi,SwiftEx,Card,
UB-008320,C00272,2025-02-28,Completed,Marketplace,Peshawar,SwiftEx,Cash on Delivery,
UB-008321,C01431,2024-09-25,Completed,Mobile App,Islamabad,SwiftEx,Card,
UB-008322,C00262,2025-05-15,Completed,Web,Lahore,RapidGo,Wallet,
UB-008323,C00325,2024-07-13,Completed,Marketplace,Rawalpindi,BlueLine,Cash on Delivery,
UB-008324,C01297,2025-04-17,Completed,Marketplace,Islamabad,BlueLine,Bank Transfer,
UB-008325,C00535,2025-10-28,Completed,Mobile App,Karachi,Store Pickup,Card,FREESHIP
UB-008326,C00549,2025-10-13,Cancelled,Mobile App,Lahore,SwiftEx,Card,
UB-008327,C00218,2025-12-21,Returned,Web,Karachi,RapidGo,Wallet,SAVE15
UB-008328,C00501,2025-07-12,Completed,Web,Lahore,SwiftEx,Card,SAVE15
UB-008329,C00175,2025-07-30,Completed,Mobile App,Islamabad,Store Pickup,Cash on Delivery,
UB-008330,C00707,2024-10-08,Completed,Web,Peshawar,BlueLine,Cash on Delivery,
UB-008331,C01589,2024-09-09,Completed,Mobile App,Lahore,BlueLine,Card,FREESHIP
UB-008332,C00351,2024-12-06,Completed,Mobile App,Islamabad,BlueLine,Wallet,
UB-008333,C00335,2024-06-02,Returned,Web,Islamabad,SwiftEx,Cash on Delivery,
UB-008334,C00342,2025-07-25,Cancelled,Web,Lahore,RapidGo,Card,APP5
UB-008335,C00752,2025-06-18,Completed,Web,Islamabad,SwiftEx,Card,
UB-008336,C00037,2024-04-27,Completed,Mobile App,Rawalpindi,BlueLine,Cash on Delivery,APP5
UB-008337,C01024,2025-07-05,Completed,Web,Islamabad,BlueLine,Bank Transfer,FREESHIP
UB-008338,C01088,2024-01-08,Returned,Mobile App,Karachi,SwiftEx,Card,
UB-008339,C01184,2024-03-10,Completed,Web,Karachi,RapidGo,Wallet,SAVE15
UB-008340,C00643,2024-02-08,Completed,Web,Faisalabad,SwiftEx,Card,SAVE15
UB-008341,C00141,2025-02-09,Completed,Mobile App,Peshawar,SwiftEx,Cash on Delivery,
UB-008342,C00175,2025-07-13,Completed,Marketplace,Islamabad,SwiftEx,Card,
UB-008343,C01238,2024-12-07,Completed,Web,Lahore,SwiftEx,Card,WELCOME10
UB-008344,C01208,2025-01-21,Completed,Mobile App,Islamabad,RapidGo,Card,
UB-008345,C00177,2025-01-05,Completed,Mobile App,Lahore,SwiftEx,Card,
UB-008346,C00592,2024-05-10,Completed,Mobile App,Faisalabad,RapidGo,Cash on Delivery,FREESHIP
UB-008347,C01298,2025-02-13,Completed,Marketplace,Rawalpindi,SwiftEx,Bank Transfer,
UB-008348,C01153,2024-01-17,Completed,Mobile App,Lahore,SwiftEx,Cash on Delivery,APP5
UB-008349,C00030,2025-02-08,Completed,Mobile App,Islamabad,Store Pickup,Card,APP5
UB-008350,C00246,2024-11-25,Completed,Mobile App,Islamabad,BlueLine,Wallet,
UB-008351,C00570,2025-02-11,Completed,Web,Karachi,RapidGo,Card,
UB-008352,C00008,2024-03-24,Completed,Web,Faisalabad,SwiftEx,Bank Transfer,
UB-008353,C01035,2025-03-08,Completed,Web,Rawalpindi,BlueLine,Wallet,
UB-008354,C00852,2024-11-15,Completed,Mobile App,Karachi,RapidGo,Cash on Delivery,
UB-008355,C01524,2024-03-27,Returned,Web,Peshawar,BlueLine,Wallet,
UB-008356,C00744,2025-07-03,Completed,Web,Islamabad,SwiftEx,Cash on Delivery,
UB-008357,C00653,2024-12-07,Completed,Mobile App,Faisalabad,BlueLine,Cash on Delivery,WELCOME10
UB-008358,C01586,2025-08-25,Completed,Mobile App,Islamabad,Store Pickup,Wallet,APP5
UB-008359,C01414,2025-05-16,Returned,Marketplace,Islamabad,RapidGo,Cash on Delivery,WELCOME10
UB-008360,C00376,2025-02-23,Completed,Mobile App,Rawalpindi,SwiftEx,Cash on Delivery,FREESHIP
UB-008361,C00984,2025-04-16,Completed,Mobile App,Karachi,SwiftEx,Card,
UB-008362,C00879,2024-03-03,Completed,Web,Islamabad,Store Pickup,Wallet,WELCOME10
UB-008363,C00899,2025-08-28,Returned,Mobile App,Lahore,Store Pickup,Wallet,
UB-008364,C01025,2025-04-05,Completed,Mobile App,Rawalpindi,SwiftEx,Cash on Delivery,
UB-008365,C01554,2024-10-24,Completed,Mobile App,Rawalpindi,SwiftEx,Card,
UB-008366,C01015,2024-08-05,Completed,Web,Rawalpindi,BlueLine,Wallet,WELCOME10
UB-008367,C01140,2025-02-05,Returned,Marketplace,Islamabad,Store Pickup,Card,APP5
UB-008368,C00521,2024-08-09,Completed,Marketplace,Peshawar,SwiftEx,Cash on Delivery,
UB-008369,C00289,2024-02-15,Completed,Mobile App,Faisalabad,SwiftEx,Cash on Delivery,
UB-008370,C00221,2024-04-06,Completed,Mobile App,Rawalpindi,Store Pickup,Wallet,
UB-008371,C01197,2024-09-20,Completed,Mobile App,Lahore,SwiftEx,Card,APP5
UB-008372,C00143,2025-09-02,Completed,Web,Faisalabad,Store Pickup,Cash on Delivery,
UB-008373,C00860,2025-04-02,Completed,Mobile App,Peshawar,BlueLine,Card,
UB-008374,C00448,2024-03-07,Completed,Mobile App,Peshawar,SwiftEx,Card,FREESHIP
UB-008375,C00880,2025-08-23,Completed,Mobile App,Lahore,Store Pickup,Wallet,
UB-008376,C01360,2025-02-03,Completed,Mobile App,Karachi,RapidGo,Wallet,
UB-008377,C01493,2024-10-15,Completed,Mobile App,Lahore,Store Pickup,Card,
UB-008378,C01229,2024-08-07,Completed,Web,Lahore,RapidGo,Cash on Delivery,
UB-008379,C00716,2024-12-26,Completed,Web,Islamabad,SwiftEx,Wallet,APP5
UB-008380,C00806,2025-03-23,Completed,Mobile App,Lahore,RapidGo,Wallet,
UB-008381,C01151,2024-03-20,Completed,Web,Karachi,RapidGo,Wallet,
UB-008382,C00792,2025-11-09,Completed,Mobile App,Faisalabad,BlueLine,Wallet,
UB-008383,C00465,2024-02-16,Completed,Web,Faisalabad,BlueLine,Card,
UB-008384,C01488,2024-12-27,Completed,Marketplace,Rawalpindi,SwiftEx,Bank Transfer,SAVE15
UB-008385,C00297,2024-02-21,Completed,Web,Rawalpindi,RapidGo,Card,APP5
UB-008386,C01527,2024-09-24,Completed,Mobile App,Faisalabad,SwiftEx,Bank Transfer,
UB-008387,C00715,2024-06-11,Completed,Web,Lahore,Store Pickup,Card,
UB-008388,C00568,2025-07-12,Completed,Mobile App,Islamabad,SwiftEx,Cash on Delivery,
UB-008389,C00712,2024-03-01,Completed,Mobile App,Karachi,Store Pickup,Card,
UB-008390,C01587,2024-01-10,Completed,Marketplace,Karachi,SwiftEx,Bank Transfer,
UB-008391,C00027,2024-11-03,Completed,Web,Faisalabad,SwiftEx,Cash on Delivery,WELCOME10
UB-008392,C01597,2025-07-15,Completed,Marketplace,Rawalpindi,RapidGo,Bank Transfer,WELCOME10
UB-008393,C01213,2024-06-21,Completed,Mobile App,Islamabad,RapidGo,Cash on Delivery,WELCOME10
UB-008394,C00119,2024-04-27,Completed,Marketplace,Islamabad,SwiftEx,Card,WELCOME10
UB-008395,C01183,2024-03-19,Cancelled,Web,Islamabad,RapidGo,Cash on Delivery,
UB-008396,C00035,2025-07-24,Completed,Mobile App,Lahore,BlueLine,Card,
UB-008397,C00439,2024-08-04,Completed,Mobile App,Rawalpindi,RapidGo,Bank Transfer,
UB-008398,C01004,2025-05-22,Completed,Web,Islamabad,SwiftEx,Wallet,
UB-008399,C01091,2025-01-14,Completed,Mobile App,Lahore,Store Pickup,Card,
UB-008400,C01442,2024-07-19,Completed,Marketplace,Karachi,Store Pickup,Card,
UB-008401,C00503,2024-10-31,Completed,Mobile App,Lahore,BlueLine,Wallet,
UB-008402,C00134,2024-05-20,Completed,Web,Islamabad,BlueLine,Card,
UB-008403,C00977,2025-08-31,Completed,Web,Lahore,Store Pickup,Wallet,
UB-008404,C01505,2025-03-25,Completed,Marketplace,Lahore,SwiftEx,Cash on Delivery,
UB-008405,C00554,2024-05-26,Completed,Mobile App,Islamabad,SwiftEx,Cash on Delivery,
UB-008406,C00556,2025-03-14,Completed,Web,Faisalabad,RapidGo,Card,APP5
UB-008407,C01596,2024-01-22,Completed,Marketplace,Rawalpindi,BlueLine,Cash on Delivery,WELCOME10
UB-008408,C00097,2024-06-05,Completed,Web,Lahore,RapidGo,Card,
UB-008409,C00015,2025-04-08,Returned,Mobile App,Karachi,SwiftEx,Wallet,FREESHIP
UB-008410,C00068,2025-04-26,Completed,Mobile App,Islamabad,BlueLine,Wallet,
UB-008411,C01068,2025-10-08,Completed,Mobile App,Rawalpindi,Store Pickup,Bank Transfer,
UB-008412,C01128,2024-05-23,Completed,Mobile App,Rawalpindi,SwiftEx,Bank Transfer,
UB-008413,C00571,2024-08-04,Completed,Web,Islamabad,Store Pickup,Card,APP5
UB-008414,C00940,2024-09-23,Returned,Web,Islamabad,RapidGo,Cash on Delivery,SAVE15
UB-008415,C00659,2024-08-17,Completed,Mobile App,Rawalpindi,SwiftEx,Cash on Delivery,FREESHIP
UB-008416,C00037,2025-08-24,Completed,Marketplace,Rawalpindi,Store Pickup,Wallet,
UB-008417,C00028,2025-03-03,Completed,Mobile App,Karachi,Store Pickup,Card,FREESHIP
UB-008418,C00283,2025-06-04,Completed,Web,Islamabad,BlueLine,Cash on Delivery,
UB-008419,C01384,2024-02-20,Completed,Mobile App,Peshawar,RapidGo,Cash on Delivery,
UB-008420,C00062,2024-03-29,Completed,Web,Peshawar,SwiftEx,Bank Transfer,
UB-008421,C01419,2025-02-23,Completed,Web,Islamabad,BlueLine,Cash on Delivery,
UB-008422,C01367,2025-11-05,Completed,Mobile App,Karachi,SwiftEx,Card,
UB-008423,C01486,2025-11-14,Completed,Mobile App,Rawalpindi,RapidGo,Wallet,
UB-008424,C00869,2025-10-06,Completed,Mobile App,Karachi,RapidGo,Cash on Delivery,
UB-008425,C00708,2025-05-02,Completed,Mobile App,Rawalpindi,RapidGo,Cash on Delivery,
UB-008426,C00355,2024-01-01,Completed,Mobile App,Islamabad,Store Pickup,Card,
UB-008427,C01263,2024-09-11,Completed,Marketplace,Rawalpindi,SwiftEx,Cash on Delivery,
UB-008428,C00036,2025-07-04,Completed,Mobile App,Karachi,RapidGo,Wallet,SAVE15
UB-008429,C00479,2024-05-19,Completed,Mobile App,Rawalpindi,BlueLine,Wallet,
UB-008430,C01216,2025-08-18,Cancelled,Mobile App,Rawalpindi,SwiftEx,Cash on Delivery,APP5
UB-008431,C00528,2024-12-10,Completed,Web,Karachi,SwiftEx,Card,SAVE15
UB-008432,C01029,2025-09-17,Completed,Web,Rawalpindi,SwiftEx,Wallet,
UB-008433,C00852,2025-04-05,Completed,Web,Karachi,SwiftEx,Bank Transfer,APP5
UB-008434,C01095,2024-10-01,Returned,Mobile App,Islamabad,RapidGo,Card,
UB-008435,C01148,2024-01-06,Completed,Web,Islamabad,RapidGo,Cash on Delivery,
UB-008436,C00750,2025-07-03,Completed,Marketplace,Islamabad,RapidGo,Cash on Delivery,
UB-008437,C01400,2025-05-16,Cancelled,Mobile App,Lahore,SwiftEx,Cash on Delivery,WELCOME10
UB-008438,C00367,2024-12-05,Completed,Mobile App,Rawalpindi,SwiftEx,Bank Transfer,FREESHIP
UB-008439,C01203,2024-08-10,Completed,Mobile App,Lahore,RapidGo,Wallet,
UB-008440,C00488,2025-02-08,Returned,Mobile App,Lahore,RapidGo,Cash on Delivery,
UB-008441,C00908,2024-03-10,Completed,Web,Karachi,RapidGo,Cash on Delivery,
UB-008442,C00710,2024-10-21,Completed,Web,Karachi,SwiftEx,Cash on Delivery,
UB-008443,C01458,2025-09-21,Completed,Web,Lahore,SwiftEx,Cash on Delivery,
UB-008444,C00999,2025-01-29,Cancelled,Web,Rawalpindi,RapidGo,Wallet,
UB-008445,C00208,2024-08-13,Completed,Mobile App,Islamabad,RapidGo,Wallet,SAVE15
UB-008446,C00427,2024-08-23,Completed,Mobile App,Karachi,RapidGo,Cash on Delivery,
UB-008447,C00373,2025-01-13,Completed,Mobile App,Karachi,RapidGo,Cash on Delivery,SAVE15
UB-008448,C00588,2025-07-12,Completed,Web,Karachi,Store Pickup,Card,
UB-008449,C00093,2024-10-06,Completed,Mobile App,Peshawar,Store Pickup,Cash on Delivery,
UB-008450,C01321,2025-11-25,Completed,Web,Lahore,BlueLine,Cash on Delivery,FREESHIP
UB-008451,C01056,2025-12-18,Completed,Marketplace,Islamabad,RapidGo,Wallet,
UB-008452,C00357,2025-02-10,Completed,Web,Rawalpindi,BlueLine,Wallet,
UB-008453,C00649,2025-06-27,Completed,Mobile App,Rawalpindi,Store Pickup,Bank Transfer,
UB-008454,C00481,2024-03-14,Completed,Web,Rawalpindi,SwiftEx,Wallet,APP5
UB-008455,C00351,2024-05-19,Completed,Mobile App,Islamabad,SwiftEx,Cash on Delivery,
UB-008456,C00001,2024-03-12,Completed,Mobile App,Rawalpindi,BlueLine,Card,
UB-008457,C01341,2024-02-15,Cancelled,Web,Rawalpindi,BlueLine,Card,
UB-008458,C00624,2024-07-08,Completed,Web,Islamabad,Store Pickup,Wallet,
UB-008459,C00659,2025-02-21,Completed,Mobile App,Rawalpindi,Store Pickup,Wallet,FREESHIP
UB-008460,C00961,2024-05-19,Completed,Marketplace,Rawalpindi,BlueLine,Bank Transfer,
UB-008461,C00324,2025-04-08,Completed,Web,Rawalpindi,SwiftEx,Wallet,
UB-008462,C00820,2024-01-09,Completed,Mobile App,Islamabad,Store Pickup,Card,
UB-008463,C00914,2025-06-29,Completed,Web,Islamabad,Store Pickup,Card,FREESHIP
UB-008464,C01501,2024-12-26,Completed,Mobile App,Karachi,Store Pickup,Bank Transfer,
UB-008465,C00407,2025-03-10,Completed,Web,Rawalpindi,RapidGo,Wallet,SAVE15
UB-008466,C01568,2025-03-15,Completed,Web,Rawalpindi,SwiftEx,Wallet,
UB-008467,C00311,2025-04-02,Completed,Mobile App,Lahore,RapidGo,Cash on Delivery,FREESHIP
UB-008468,C01170,2024-10-02,Completed,Mobile App,Islamabad,SwiftEx,Cash on Delivery,
UB-008469,C01109,2025-07-22,Completed,Web,Lahore,SwiftEx,Cash on Delivery,APP5
UB-008470,C00667,2024-12-25,Completed,Marketplace,Lahore,SwiftEx,Card,
UB-008471,C01587,2024-03-16,Completed,Mobile App,Karachi,RapidGo,Card,
UB-008472,C00760,2024-08-10,Completed,Web,Rawalpindi,BlueLine,Cash on Delivery,WELCOME10
UB-008473,C00662,2024-02-05,Completed,Web,Rawalpindi,BlueLine,Bank Transfer,
UB-008474,C00991,2024-05-03,Completed,Web,Lahore,BlueLine,Bank Transfer,
UB-008475,C00255,2025-11-23,Completed,Mobile App,Karachi,RapidGo,Card,
UB-008476,C00180,2025-02-09,Completed,Web,Rawalpindi,RapidGo,Wallet,
UB-008477,C00005,2025-07-06,Completed,Web,Islamabad,SwiftEx,Card,FREESHIP
UB-008478,C00398,2025-06-16,Completed,Marketplace,Rawalpindi,SwiftEx,Card,
UB-008479,C01215,2024-03-30,Completed,Mobile App,Peshawar,BlueLine,Card,
UB-008480,C00185,2025-04-26,Returned,Web,Karachi,RapidGo,Cash on Delivery,
UB-008481,C01586,2025-06-09,Completed,Mobile App,Islamabad,BlueLine,Cash on Delivery,
UB-008482,C01068,2024-11-10,Completed,Web,Rawalpindi,BlueLine,Wallet,
UB-008483,C00556,2024-05-11,Returned,Mobile App,Faisalabad,BlueLine,Cash on Delivery,APP5
UB-008484,C01189,2024-01-10,Completed,Marketplace,Rawalpindi,BlueLine,Cash on Delivery,
UB-008485,C00301,2024-01-17,Completed,Marketplace,Lahore,Store Pickup,Card,SAVE15
UB-008486,C00827,2024-10-05,Completed,Mobile App,Faisalabad,BlueLine,Cash on Delivery,APP5
UB-008487,C00130,2024-12-08,Completed,Web,Rawalpindi,Store Pickup,Card,
UB-008488,C01016,2024-08-15,Cancelled,Mobile App,Lahore,SwiftEx,Cash on Delivery,FREESHIP
UB-008489,C00636,2024-07-28,Completed,Mobile App,Karachi,BlueLine,Cash on Delivery,
UB-008490,C00435,2025-03-01,Completed,Mobile App,Peshawar,RapidGo,Cash on Delivery,APP5
UB-008491,C00605,2025-11-25,Completed,Web,Rawalpindi,BlueLine,Cash on Delivery,
UB-008492,C01487,2025-11-13,Completed,Mobile App,Islamabad,RapidGo,Wallet,WELCOME10
UB-008493,C00793,2024-01-15,Completed,Mobile App,Peshawar,SwiftEx,Cash on Delivery,
UB-008494,C00696,2024-05-28,Completed,Web,Karachi,Store Pickup,Cash on Delivery,
UB-008495,C00419,2024-10-10,Completed,Mobile App,Rawalpindi,Store Pickup,Card,FREESHIP
UB-008496,C00754,2024-06-28,Completed,Web,Peshawar,BlueLine,Card,WELCOME10
UB-008497,C01125,2024-03-02,Completed,Mobile App,Karachi,SwiftEx,Cash on Delivery,
UB-008498,C00393,2025-04-23,Completed,Web,Rawalpindi,SwiftEx,Cash on Delivery,
UB-008499,C00301,2024-06-18,Completed,Mobile App,Lahore,SwiftEx,Wallet,
UB-008500,C00031,2025-03-16,Completed,Mobile App,Rawalpindi,Store Pickup,Cash on Delivery,
UB-008501,C01058,2024-01-28,Completed,Mobile App,Karachi,BlueLine,Card,
UB-008502,C00936,2024-09-09,Completed,Web,Faisalabad,Store Pickup,Cash on Delivery,
UB-008503,C00130,2024-03-23,Cancelled,Web,Rawalpindi,RapidGo,Bank Transfer,APP5
UB-008504,C01599,2025-02-24,Cancelled,Web,Rawalpindi,RapidGo,Wallet,
UB-008505,C00062,2025-10-22,Returned,Web,Peshawar,BlueLine,Cash on Delivery,FREESHIP
UB-008506,C00829,2025-04-20,Completed,Mobile App,Rawalpindi,Store Pickup,Cash on Delivery,
UB-008507,C00059,2024-07-29,Completed,Marketplace,Peshawar,SwiftEx,Cash on Delivery,FREESHIP
UB-008508,C00242,2024-06-10,Completed,Marketplace,Lahore,BlueLine,Cash on Delivery,
UB-008509,C00689,2025-10-21,Completed,Web,Karachi,SwiftEx,Card,SAVE15
UB-008510,C01453,2025-05-24,Completed,Mobile App,Faisalabad,SwiftEx,Cash on Delivery,APP5
UB-008511,C00619,2024-08-09,Completed,Mobile App,Lahore,SwiftEx,Card,FREESHIP
UB-008512,C00701,2025-07-01,Completed,Mobile App,Rawalpindi,SwiftEx,Cash on Delivery,WELCOME10
UB-008513,C01197,2025-01-04,Completed,Web,Lahore,SwiftEx,Cash on Delivery,
UB-008514,C01557,2024-01-07,Completed,Mobile App,Faisalabad,BlueLine,Cash on Delivery,
UB-008515,C00141,2024-08-03,Completed,Marketplace,Peshawar,SwiftEx,Bank Transfer,
UB-008516,C00434,2025-06-24,Completed,Web,Karachi,SwiftEx,Card,
UB-008517,C01456,2025-11-01,Returned,Web,Islamabad,RapidGo,Card,SAVE15
UB-008518,C01383,2024-12-27,Completed,Mobile App,Lahore,RapidGo,Bank Transfer,FREESHIP
UB-008519,C00792,2025-12-18,Cancelled,Web,Faisalabad,BlueLine,Card,APP5
UB-008520,C00023,2025-12-31,Completed,Web,Rawalpindi,RapidGo,Cash on Delivery,
UB-008521,C01075,2024-03-12,Completed,Marketplace,Islamabad,Store Pickup,Cash on Delivery,
UB-008522,C00150,2025-02-21,Completed,Mobile App,Rawalpindi,BlueLine,Card,
UB-008523,C00151,2025-10-11,Completed,Mobile App,Peshawar,RapidGo,Card,
UB-008524,C00617,2024-05-30,Completed,Web,Lahore,BlueLine,Card,
UB-008525,C01036,2024-10-24,Completed,Web,Peshawar,RapidGo,Wallet,
UB-008526,C00722,2025-02-08,Completed,Web,Rawalpindi,SwiftEx,Cash on Delivery,APP5
UB-008527,C00606,2024-06-29,Completed,Mobile App,Peshawar,BlueLine,Cash on Delivery,
UB-008528,C00709,2024-04-18,Completed,Marketplace,Rawalpindi,BlueLine,Wallet,
UB-008529,C00808,2025-01-25,Completed,Mobile App,Rawalpindi,RapidGo,Card,
UB-008530,C01426,2025-08-24,Completed,Mobile App,Rawalpindi,RapidGo,Card,
UB-008531,C00727,2024-06-22,Completed,Mobile App,Lahore,Store Pickup,Card,SAVE15
UB-008532,C01344,2025-04-06,Completed,Mobile App,Rawalpindi,SwiftEx,Cash on Delivery,WELCOME10
UB-008533,C01448,2024-03-21,Completed,Web,Lahore,SwiftEx,Cash on Delivery,
UB-008534,C01154,2025-11-28,Completed,Web,Lahore,SwiftEx,Wallet,
UB-008535,C00382,2024-03-20,Completed,Mobile App,Rawalpindi,RapidGo,Cash on Delivery,
UB-008536,C01323,2025-02-13,Returned,Mobile App,Lahore,SwiftEx,Cash on Delivery,
UB-008537,C01245,2024-03-28,Completed,Mobile App,Karachi,BlueLine,Cash on Delivery,FREESHIP
UB-008538,C01369,2025-03-31,Completed,Mobile App,Rawalpindi,SwiftEx,Cash on Delivery,
UB-008539,C00239,2024-04-23,Returned,Mobile App,Lahore,BlueLine,Wallet,
UB-008540,C00794,2024-12-01,Completed,Web,Lahore,RapidGo,Card,APP5
UB-008541,C00181,2025-05-26,Completed,Web,Rawalpindi,RapidGo,Cash on Delivery,WELCOME10
UB-008542,C00418,2024-04-23,Completed,Web,Islamabad,BlueLine,Card,
UB-008543,C00010,2024-01-31,Completed,Web,Lahore,RapidGo,Card,FREESHIP
UB-008544,C01048,2024-09-21,Completed,Mobile App,Rawalpindi,BlueLine,Wallet,APP5
UB-008545,C00621,2025-05-10,Completed,Web,Islamabad,BlueLine,Card,
UB-008546,C01169,2025-07-08,Cancelled,Web,Islamabad,BlueLine,Wallet,
UB-008547,C00181,2024-03-04,Completed,Mobile App,Rawalpindi,SwiftEx,Wallet,
UB-008548,C01311,2025-10-18,Completed,Marketplace,Rawalpindi,RapidGo,Wallet,
UB-008549,C01444,2024-08-09,Completed,Web,Peshawar,BlueLine,Cash on Delivery,
UB-008550,C00218,2025-08-12,Completed,Marketplace,Karachi,SwiftEx,Cash on Delivery,
UB-008551,C01460,2024-10-29,Returned,Mobile App,Karachi,RapidGo,Cash on Delivery,
UB-008552,C01484,2025-02-13,Completed,Marketplace,Islamabad,RapidGo,Cash on Delivery,
UB-008553,C01148,2025-10-22,Completed,Mobile App,Islamabad,Store Pickup,Card,WELCOME10
UB-008554,C00109,2024-08-06,Completed,Web,Peshawar,BlueLine,Wallet,FREESHIP
UB-008555,C00682,2024-06-09,Completed,Web,Rawalpindi,BlueLine,Cash on Delivery,APP5
UB-008556,C01443,2024-01-08,Completed,Mobile App,Lahore,BlueLine,Card,
UB-008557,C00400,2025-11-08,Completed,Web,Islamabad,Store Pickup,Bank Transfer,
UB-008558,C00361,2025-02-12,Completed,Marketplace,Islamabad,BlueLine,Card,APP5
UB-008559,C01501,2025-09-08,Completed,Mobile App,Karachi,SwiftEx,Cash on Delivery,
UB-008560,C00258,2025-01-14,Completed,Mobile App,Rawalpindi,Store Pickup,Cash on Delivery,
UB-008561,C00280,2024-12-06,Completed,Marketplace,Islamabad,SwiftEx,Cash on Delivery,
UB-008562,C00620,2025-06-11,Completed,Mobile App,Rawalpindi,Store Pickup,Cash on Delivery,
UB-008563,C01504,2024-12-23,Completed,Mobile App,Islamabad,BlueLine,Cash on Delivery,
UB-008564,C01575,2024-09-13,Completed,Web,Peshawar,RapidGo,Cash on Delivery,
UB-008565,C01445,2024-08-05,Completed,Web,Karachi,RapidGo,Wallet,WELCOME10
UB-008566,C00281,2025-02-23,Completed,Mobile App,Islamabad,SwiftEx,Card,SAVE15
UB-008567,C00778,2024-07-10,Completed,Mobile App,Islamabad,BlueLine,Bank Transfer,
UB-008568,C00905,2025-11-06,Completed,Web,Karachi,SwiftEx,Wallet,
UB-008569,C01578,2024-02-27,Completed,Web,Islamabad,BlueLine,Wallet,
UB-008570,C00499,2024-08-06,Completed,Mobile App,Rawalpindi,BlueLine,Bank Transfer,
UB-008571,C01032,2024-01-26,Completed,Web,Faisalabad,SwiftEx,Bank Transfer,
UB-008572,C01344,2024-08-16,Completed,Mobile App,Rawalpindi,BlueLine,Bank Transfer,
UB-008573,C00041,2024-09-19,Cancelled,Web,Rawalpindi,SwiftEx,Card,
UB-008574,C01525,2024-06-22,Completed,Web,Lahore,SwiftEx,Cash on Delivery,
UB-008575,C00405,2025-09-10,Completed,Mobile App,Islamabad,SwiftEx,Card,WELCOME10
UB-008576,C00613,2024-07-21,Cancelled,Mobile App,Islamabad,Store Pickup,Wallet,SAVE15
UB-008577,C01058,2024-05-30,Returned,Mobile App,Karachi,Store Pickup,Card,
UB-008578,C01264,2024-08-01,Completed,Mobile App,Peshawar,SwiftEx,Wallet,
UB-008579,C01102,2025-07-07,Completed,Marketplace,Islamabad,BlueLine,Cash on Delivery,APP5
UB-008580,C01468,2025-03-02,Completed,Marketplace,Rawalpindi,RapidGo,Cash on Delivery,
UB-008581,C00902,2024-02-01,Completed,Mobile App,Islamabad,BlueLine,Cash on Delivery,
UB-008582,C01505,2025-01-27,Completed,Mobile App,Lahore,BlueLine,Bank Transfer,
UB-008583,C00459,2025-02-10,Completed,Marketplace,Faisalabad,SwiftEx,Wallet,
UB-008584,C00696,2024-03-19,Completed,Mobile App,Karachi,BlueLine,Cash on Delivery,SAVE15
UB-008585,C01356,2025-03-15,Completed,Web,Lahore,SwiftEx,Cash on Delivery,
UB-008586,C01233,2025-02-01,Completed,Web,Faisalabad,RapidGo,Card,
UB-008587,C00153,2025-04-22,Completed,Mobile App,Lahore,BlueLine,Wallet,
UB-008588,C00641,2025-09-03,Completed,Web,Karachi,BlueLine,Bank Transfer,FREESHIP
UB-008589,C00069,2024-09-28,Completed,Web,Karachi,SwiftEx,Card,APP5
UB-008590,C01084,2024-02-22,Completed,Web,Faisalabad,SwiftEx,Wallet,WELCOME10
UB-008591,C01438,2025-03-29,Completed,Marketplace,Lahore,SwiftEx,Card,
UB-008592,C01544,2025-03-18,Completed,Web,Lahore,Store Pickup,Card,WELCOME10
UB-008593,C01552,2024-07-04,Completed,Marketplace,Rawalpindi,BlueLine,Cash on Delivery,SAVE15
UB-008594,C00604,2024-12-15,Completed,Web,Islamabad,BlueLine,Cash on Delivery,
UB-008595,C00874,2025-06-06,Completed,Web,Karachi,SwiftEx,Card,FREESHIP
UB-008596,C00218,2024-12-30,Completed,Web,Karachi,Store Pickup,Card,
UB-008597,C00581,2025-02-17,Completed,Mobile App,Faisalabad,SwiftEx,Bank Transfer,
UB-008598,C00533,2025-03-06,Returned,Mobile App,Islamabad,RapidGo,Cash on Delivery,SAVE15
UB-008599,C00145,2024-11-08,Returned,Mobile App,Faisalabad,SwiftEx,Wallet,APP5
UB-008600,C01199,2025-04-13,Completed,Web,Karachi,SwiftEx,Cash on Delivery,FREESHIP
UB-008601,C00449,2024-12-25,Completed,Mobile App,Islamabad,SwiftEx,Cash on Delivery,
UB-008602,C01375,2025-09-01,Completed,Marketplace,Lahore,SwiftEx,Bank Transfer,WELCOME10
UB-008603,C01250,2025-11-01,Completed,Web,Rawalpindi,SwiftEx,Cash on Delivery,
UB-008604,C01151,2024-04-24,Completed,Mobile App,Karachi,SwiftEx,Cash on Delivery,APP5
UB-008605,C01036,2024-08-27,Completed,Web,Peshawar,RapidGo,Cash on Delivery,SAVE15
UB-008606,C00327,2025-10-29,Completed,Mobile App,Islamabad,RapidGo,Wallet,
UB-008607,C01540,2024-09-04,Completed,Mobile App,Islamabad,BlueLine,Bank Transfer,
UB-008608,C01096,2025-04-15,Completed,Web,Rawalpindi,SwiftEx,Cash on Delivery,
UB-008609,C01078,2024-08-25,Completed,Mobile App,Islamabad,SwiftEx,Cash on Delivery,SAVE15
UB-008610,C00220,2024-03-31,Completed,Marketplace,Islamabad,BlueLine,Wallet,
UB-008611,C00182,2024-01-28,Completed,Web,Islamabad,SwiftEx,Wallet,
UB-008612,C00028,2025-04-27,Completed,Mobile App,Karachi,BlueLine,Cash on Delivery,
UB-008613,C00111,2024-02-15,Completed,Mobile App,Lahore,RapidGo,Cash on Delivery,SAVE15
UB-008614,C00319,2025-06-10,Completed,Web,Peshawar,BlueLine,Cash on Delivery,FREESHIP
UB-008615,C01587,2024-01-20,Completed,Web,Karachi,BlueLine,Bank Transfer,
UB-008616,C01118,2025-03-11,Completed,Mobile App,Faisalabad,Store Pickup,Bank Transfer,FREESHIP
UB-008617,C01269,2025-04-08,Cancelled,Mobile App,Islamabad,RapidGo,Wallet,
UB-008618,C00657,2025-08-14,Completed,Mobile App,Rawalpindi,RapidGo,Cash on Delivery,
UB-008619,C00362,2024-07-26,Completed,Marketplace,Karachi,RapidGo,Cash on Delivery,
UB-008620,C01290,2024-04-06,Completed,Mobile App,Rawalpindi,RapidGo,Wallet,
UB-008621,C01033,2024-11-16,Completed,Web,Faisalabad,RapidGo,Wallet,
UB-008622,C00425,2025-02-27,Returned,Marketplace,Faisalabad,SwiftEx,Card,FREESHIP
UB-008623,C00069,2025-09-30,Completed,Mobile App,Karachi,BlueLine,Wallet,
UB-008624,C00447,2024-02-17,Completed,Web,Rawalpindi,RapidGo,Card,
UB-008625,C01561,2024-10-24,Completed,Web,Lahore,SwiftEx,Bank Transfer,
UB-008626,C01233,2024-06-06,Completed,Web,Faisalabad,SwiftEx,Wallet,
UB-008627,C00191,2025-08-10,Completed,Marketplace,Rawalpindi,RapidGo,Bank Transfer,
UB-008628,C00059,2025-02-28,Completed,Mobile App,Peshawar,BlueLine,Wallet,
UB-008629,C00401,2024-12-08,Completed,Mobile App,Islamabad,SwiftEx,Cash on Delivery,
UB-008630,C01294,2025-09-28,Completed,Marketplace,Lahore,RapidGo,Bank Transfer,
UB-008631,C00707,2024-10-30,Completed,Web,Peshawar,BlueLine,Wallet,
UB-008632,C00096,2024-05-29,Completed,Web,Peshawar,Store Pickup,Card,
UB-008633,C01171,2024-07-27,Completed,Web,Karachi,Store Pickup,Bank Transfer,
UB-008634,C01153,2025-08-17,Completed,Marketplace,Lahore,Store Pickup,Cash on Delivery,APP5
UB-008635,C01593,2025-08-25,Completed,Mobile App,Karachi,RapidGo,Card,
UB-008636,C01520,2024-10-19,Completed,Mobile App,Faisalabad,BlueLine,Card,
UB-008637,C00392,2024-10-03,Completed,Mobile App,Rawalpindi,SwiftEx,Cash on Delivery,
UB-008638,C00810,2025-04-12,Completed,Mobile App,Karachi,Store Pickup,Wallet,FREESHIP
UB-008639,C00382,2025-06-09,Completed,Web,Rawalpindi,Store Pickup,Cash on Delivery,SAVE15
UB-008640,C00860,2024-04-30,Returned,Web,Peshawar,SwiftEx,Card,
UB-008641,C00812,2024-03-04,Completed,Marketplace,Lahore,BlueLine,Cash on Delivery,
UB-008642,C00536,2024-12-05,Completed,Mobile App,Rawalpindi,Store Pickup,Card,SAVE15
UB-008643,C01019,2024-05-27,Completed,Web,Lahore,SwiftEx,Wallet,WELCOME10
UB-008644,C01572,2024-08-05,Returned,Web,Islamabad,SwiftEx,Cash on Delivery,
UB-008645,C01141,2025-11-12,Completed,Mobile App,Islamabad,SwiftEx,Bank Transfer,
UB-008646,C01117,2024-12-08,Completed,Web,Rawalpindi,SwiftEx,Cash on Delivery,WELCOME10
UB-008647,C01506,2025-12-30,Returned,Marketplace,Rawalpindi,SwiftEx,Wallet,SAVE15
UB-008648,C00459,2024-08-06,Completed,Mobile App,Faisalabad,RapidGo,Cash on Delivery,
UB-008649,C00687,2024-11-19,Returned,Mobile App,Rawalpindi,SwiftEx,Card,SAVE15
UB-008650,C00267,2025-04-26,Completed,Web,Karachi,SwiftEx,Bank Transfer,WELCOME10
UB-008651,C00546,2025-11-02,Completed,Marketplace,Rawalpindi,SwiftEx,Card,
UB-008652,C01158,2025-07-02,Completed,Web,Lahore,RapidGo,Wallet,
UB-008653,C00230,2025-03-05,Completed,Mobile App,Karachi,RapidGo,Cash on Delivery,WELCOME10
UB-008654,C00942,2025-09-12,Completed,Marketplace,Lahore,SwiftEx,Wallet,
UB-008655,C00375,2025-10-27,Completed,Mobile App,Lahore,Store Pickup,Card,
UB-008656,C00599,2024-06-29,Completed,Mobile App,Islamabad,RapidGo,Card,
UB-008657,C00208,2025-08-27,Completed,Web,Islamabad,SwiftEx,Card,APP5
UB-008658,C01097,2025-02-15,Returned,Mobile App,Islamabad,RapidGo,Bank Transfer,
UB-008659,C00201,2025-12-14,Completed,Web,Karachi,RapidGo,Card,SAVE15
UB-008660,C00889,2024-12-31,Completed,Web,Peshawar,Store Pickup,Bank Transfer,
UB-008661,C01115,2025-01-29,Completed,Web,Faisalabad,BlueLine,Cash on Delivery,APP5
UB-008662,C00934,2024-03-20,Completed,Marketplace,Lahore,RapidGo,Card,
UB-008663,C00121,2025-11-19,Completed,Web,Faisalabad,BlueLine,Card,
UB-008664,C00360,2024-06-30,Completed,Marketplace,Rawalpindi,RapidGo,Card,WELCOME10
UB-008665,C01248,2024-08-23,Completed,Mobile App,Peshawar,RapidGo,Bank Transfer,FREESHIP
UB-008666,C01178,2025-07-09,Completed,Mobile App,Islamabad,Store Pickup,Wallet,FREESHIP
UB-008667,C01517,2025-09-12,Completed,Marketplace,Rawalpindi,BlueLine,Wallet,
UB-008668,C00817,2025-03-09,Cancelled,Mobile App,Faisalabad,SwiftEx,Wallet,FREESHIP
UB-008669,C00515,2025-02-26,Completed,Web,Karachi,BlueLine,Cash on Delivery,
UB-008670,C00094,2024-02-06,Completed,Web,Karachi,SwiftEx,Wallet,
UB-008671,C01015,2025-09-16,Returned,Web,Rawalpindi,BlueLine,Cash on Delivery,
UB-008672,C01084,2024-10-06,Completed,Web,Faisalabad,SwiftEx,Cash on Delivery,
UB-008673,C00033,2025-05-06,Completed,Mobile App,Karachi,RapidGo,Cash on Delivery,APP5
UB-008674,C00096,2025-08-16,Completed,Web,Peshawar,SwiftEx,Cash on Delivery,
UB-008675,C01492,2024-08-05,Completed,Web,Lahore,RapidGo,Card,WELCOME10
UB-008676,C01001,2025-03-11,Completed,Mobile App,Lahore,BlueLine,Wallet,
UB-008677,C00415,2025-06-21,Returned,Mobile App,Karachi,BlueLine,Cash on Delivery,
UB-008678,C00921,2025-01-10,Completed,Web,Rawalpindi,BlueLine,Card,
UB-008679,C00792,2024-11-19,Completed,Web,Faisalabad,SwiftEx,Wallet,
UB-008680,C00148,2024-04-05,Completed,Mobile App,Islamabad,RapidGo,Card,
UB-008681,C00985,2024-01-01,Completed,Mobile App,Peshawar,Store Pickup,Card,
UB-008682,C00314,2025-10-26,Completed,Web,Islamabad,SwiftEx,Wallet,
UB-008683,C00920,2025-12-01,Completed,Web,Rawalpindi,RapidGo,Wallet,
UB-008684,C00206,2025-09-09,Completed,Mobile App,Faisalabad,Store Pickup,Card,APP5
UB-008685,C00149,2025-12-09,Completed,Web,Faisalabad,RapidGo,Wallet,
UB-008686,C00721,2024-10-24,Completed,Mobile App,Rawalpindi,BlueLine,Wallet,
UB-008687,C00445,2024-01-29,Completed,Web,Islamabad,SwiftEx,Cash on Delivery,FREESHIP
UB-008688,C00878,2024-11-16,Completed,Mobile App,Karachi,BlueLine,Bank Transfer,
UB-008689,C01380,2024-01-27,Completed,Mobile App,Peshawar,BlueLine,Cash on Delivery,WELCOME10
UB-008690,C01595,2025-02-25,Completed,Web,Rawalpindi,Store Pickup,Cash on Delivery,
UB-008691,C01374,2024-04-12,Completed,Marketplace,Lahore,RapidGo,Cash on Delivery,
UB-008692,C00395,2025-08-01,Completed,Web,Lahore,BlueLine,Card,
UB-008693,C01183,2025-04-22,Completed,Mobile App,Islamabad,SwiftEx,Bank Transfer,APP5
UB-008694,C01494,2025-03-08,Cancelled,Marketplace,Lahore,BlueLine,Card,SAVE15
UB-008695,C01212,2024-09-14,Completed,Mobile App,Rawalpindi,RapidGo,Cash on Delivery,SAVE15
UB-008696,C00948,2025-04-13,Completed,Web,Rawalpindi,BlueLine,Cash on Delivery,
UB-008697,C01410,2024-12-05,Completed,Mobile App,Faisalabad,RapidGo,Cash on Delivery,
UB-008698,C01132,2025-10-22,Completed,Mobile App,Rawalpindi,SwiftEx,Cash on Delivery,
UB-008699,C00016,2024-03-26,Completed,Web,Islamabad,BlueLine,Card,APP5
UB-008700,C01250,2025-07-20,Completed,Mobile App,Rawalpindi,RapidGo,Cash on Delivery,FREESHIP
UB-008701,C01394,2024-08-09,Completed,Mobile App,Rawalpindi,BlueLine,Bank Transfer,
UB-008702,C01244,2024-08-13,Completed,Web,Peshawar,Store Pickup,Bank Transfer,
UB-008703,C00426,2025-12-15,Completed,Mobile App,Islamabad,RapidGo,Card,
UB-008704,C00935,2025-11-09,Completed,Web,Islamabad,SwiftEx,Cash on Delivery,
UB-008705,C01485,2024-11-17,Returned,Mobile App,Lahore,RapidGo,Cash on Delivery,SAVE15
UB-008706,C00897,2025-07-24,Returned,Mobile App,Karachi,RapidGo,Cash on Delivery,
UB-008707,C01159,2025-07-09,Completed,Mobile App,Islamabad,Store Pickup,Wallet,
UB-008708,C00151,2025-11-15,Completed,Mobile App,Peshawar,RapidGo,Cash on Delivery,
UB-008709,C01305,2025-03-23,Completed,Web,Rawalpindi,BlueLine,Cash on Delivery,SAVE15
UB-008710,C00622,2025-06-21,Completed,Marketplace,Rawalpindi,Store Pickup,Cash on Delivery,
UB-008711,C00244,2025-11-22,Completed,Web,Islamabad,BlueLine,Cash on Delivery,
UB-008712,C00532,2024-01-19,Completed,Mobile App,Rawalpindi,BlueLine,Card,
UB-008713,C01274,2024-03-13,Completed,Mobile App,Lahore,SwiftEx,Wallet,
UB-008714,C01080,2024-04-11,Completed,Mobile App,Faisalabad,BlueLine,Cash on Delivery,SAVE15
UB-008715,C00294,2024-02-17,Completed,Web,Islamabad,SwiftEx,Cash on Delivery,
UB-008716,C00484,2024-10-09,Completed,Mobile App,Islamabad,BlueLine,Cash on Delivery,WELCOME10
UB-008717,C00088,2025-08-03,Completed,Marketplace,Islamabad,RapidGo,Bank Transfer,
UB-008718,C00291,2025-09-10,Completed,Mobile App,Rawalpindi,RapidGo,Card,
UB-008719,C00557,2024-05-14,Completed,Web,Peshawar,BlueLine,Cash on Delivery,
UB-008720,C01200,2025-02-27,Completed,Marketplace,Lahore,SwiftEx,Wallet,
UB-008721,C00287,2024-04-15,Completed,Mobile App,Faisalabad,SwiftEx,Cash on Delivery,
UB-008722,C01536,2025-12-06,Completed,Web,Karachi,SwiftEx,Card,
UB-008723,C00138,2024-12-14,Completed,Mobile App,Karachi,Store Pickup,Cash on Delivery,
UB-008724,C00705,2025-06-04,Completed,Mobile App,Faisalabad,RapidGo,Wallet,
UB-008725,C01182,2025-01-04,Completed,Web,Lahore,RapidGo,Wallet,
UB-008726,C00400,2025-09-15,Completed,Mobile App,Islamabad,SwiftEx,Card,
UB-008727,C00199,2024-07-29,Completed,Mobile App,Karachi,BlueLine,Cash on Delivery,
UB-008728,C00632,2025-01-29,Completed,Web,Rawalpindi,BlueLine,Cash on Delivery,FREESHIP
UB-008729,C01239,2025-04-30,Completed,Web,Faisalabad,SwiftEx,Cash on Delivery,
UB-008730,C00468,2025-09-20,Completed,Web,Lahore,SwiftEx,Cash on Delivery,
UB-008731,C00426,2025-08-02,Completed,Mobile App,Islamabad,SwiftEx,Wallet,
UB-008732,C00461,2024-10-18,Completed,Mobile App,Rawalpindi,Store Pickup,Bank Transfer,WELCOME10
UB-008733,C01057,2024-02-05,Completed,Marketplace,Karachi,BlueLine,Wallet,
UB-008734,C00890,2025-09-21,Completed,Mobile App,Peshawar,SwiftEx,Wallet,
UB-008735,C00422,2025-08-21,Returned,Mobile App,Lahore,RapidGo,Card,SAVE15
UB-008736,C01462,2024-10-05,Cancelled,Mobile App,Islamabad,SwiftEx,Card,
UB-008737,C01425,2025-09-03,Completed,Web,Rawalpindi,SwiftEx,Wallet,
UB-008738,C00984,2025-02-12,Completed,Mobile App,Karachi,RapidGo,Card,
UB-008739,C00464,2025-05-18,Returned,Web,Rawalpindi,BlueLine,Wallet,APP5
UB-008740,C00236,2024-12-20,Completed,Mobile App,Karachi,RapidGo,Cash on Delivery,
UB-008741,C00228,2025-05-23,Completed,Mobile App,Karachi,RapidGo,Card,
UB-008742,C00888,2025-06-07,Completed,Marketplace,Lahore,BlueLine,Cash on Delivery,SAVE15
UB-008743,C01197,2024-05-12,Completed,Marketplace,Lahore,SwiftEx,Cash on Delivery,
UB-008744,C00792,2024-05-29,Completed,Mobile App,Faisalabad,RapidGo,Wallet,
UB-008745,C00805,2025-12-06,Completed,Marketplace,Islamabad,BlueLine,Card,
UB-008746,C01315,2025-05-23,Cancelled,Web,Faisalabad,Store Pickup,Wallet,APP5
UB-008747,C01440,2025-12-12,Completed,Mobile App,Rawalpindi,BlueLine,Card,
UB-008748,C00456,2025-11-02,Completed,Marketplace,Karachi,SwiftEx,Cash on Delivery,SAVE15
UB-008749,C00943,2024-10-29,Completed,Web,Islamabad,SwiftEx,Wallet,WELCOME10
UB-008750,C01166,2024-01-18,Completed,Mobile App,Lahore,BlueLine,Wallet,WELCOME10
UB-008751,C00596,2025-01-31,Completed,Web,Rawalpindi,RapidGo,Cash on Delivery,
UB-008752,C00284,2024-06-18,Completed,Web,Faisalabad,SwiftEx,Card,
UB-008753,C00032,2025-08-02,Completed,Marketplace,Rawalpindi,BlueLine,Card,
UB-008754,C00781,2025-07-30,Cancelled,Web,Rawalpindi,SwiftEx,Card,FREESHIP
UB-008755,C00779,2025-07-26,Completed,Web,Karachi,Store Pickup,Card,APP5
UB-008756,C01274,2024-07-16,Completed,Mobile App,Lahore,RapidGo,Card,
UB-008757,C01385,2025-05-15,Completed,Marketplace,Karachi,BlueLine,Cash on Delivery,
UB-008758,C00490,2025-03-27,Completed,Mobile App,Faisalabad,Store Pickup,Cash on Delivery,
UB-008759,C01235,2024-07-07,Completed,Mobile App,Karachi,BlueLine,Wallet,APP5
UB-008760,C00313,2024-11-26,Completed,Web,Islamabad,RapidGo,Wallet,
UB-008761,C01147,2024-01-11,Completed,Web,Karachi,Store Pickup,Cash on Delivery,APP5
UB-008762,C01209,2025-05-06,Completed,Mobile App,Karachi,Store Pickup,Bank Transfer,APP5
UB-008763,C00874,2025-10-19,Completed,Web,Karachi,RapidGo,Cash on Delivery,
UB-008764,C01430,2024-03-08,Completed,Mobile App,Islamabad,Store Pickup,Cash on Delivery,FREESHIP
UB-008765,C00858,2024-07-21,Completed,Web,Karachi,BlueLine,Cash on Delivery,
UB-008766,C01307,2024-03-25,Completed,Mobile App,Lahore,BlueLine,Cash on Delivery,FREESHIP
UB-008767,C00424,2024-06-16,Completed,Mobile App,Peshawar,Store Pickup,Bank Transfer,
UB-008768,C00036,2025-02-05,Cancelled,Mobile App,Karachi,RapidGo,Cash on Delivery,APP5
UB-008769,C00598,2024-12-14,Completed,Web,Lahore,BlueLine,Wallet,
UB-008770,C01124,2025-01-14,Completed,Mobile App,Rawalpindi,BlueLine,Card,
UB-008771,C00835,2024-12-09,Completed,Web,Rawalpindi,BlueLine,Wallet,
UB-008772,C00868,2025-03-15,Completed,Mobile App,Peshawar,Store Pickup,Cash on Delivery,
UB-008773,C01140,2025-07-20,Completed,Mobile App,Islamabad,BlueLine,Cash on Delivery,APP5
UB-008774,C00682,2025-09-16,Completed,Marketplace,Rawalpindi,Store Pickup,Cash on Delivery,
UB-008775,C00704,2024-05-21,Completed,Marketplace,Islamabad,RapidGo,Card,
UB-008776,C00772,2025-09-03,Completed,Web,Rawalpindi,RapidGo,Card,
UB-008777,C00877,2025-08-16,Completed,Web,Rawalpindi,RapidGo,Cash on Delivery,SAVE15
UB-008778,C01085,2025-08-06,Completed,Web,Faisalabad,BlueLine,Cash on Delivery,FREESHIP
UB-008779,C00949,2025-08-10,Completed,Mobile App,Faisalabad,BlueLine,Bank Transfer,WELCOME10
UB-008780,C00141,2024-09-27,Completed,Web,Peshawar,SwiftEx,Wallet,
UB-008781,C01516,2024-07-06,Completed,Mobile App,Faisalabad,RapidGo,Wallet,
UB-008782,C00519,2024-10-04,Returned,Web,Islamabad,BlueLine,Card,
UB-008783,C00369,2025-01-10,Completed,Web,Peshawar,SwiftEx,Cash on Delivery,FREESHIP
UB-008784,C00289,2025-10-15,Completed,Mobile App,Faisalabad,BlueLine,Card,
UB-008785,C00851,2025-10-14,Completed,Web,Rawalpindi,SwiftEx,Wallet,APP5
UB-008786,C00200,2024-02-17,Completed,Mobile App,Karachi,BlueLine,Cash on Delivery,
UB-008787,C01491,2024-12-10,Completed,Web,Lahore,SwiftEx,Cash on Delivery,APP5
UB-008788,C00734,2025-03-25,Completed,Web,Rawalpindi,Store Pickup,Wallet,WELCOME10
UB-008789,C00546,2024-08-17,Completed,Web,Rawalpindi,SwiftEx,Cash on Delivery,
UB-008790,C00476,2025-07-30,Completed,Mobile App,Rawalpindi,RapidGo,Wallet,WELCOME10
UB-008791,C00595,2024-12-25,Completed,Mobile App,Lahore,RapidGo,Bank Transfer,
UB-008792,C00440,2025-12-03,Completed,Web,Lahore,Store Pickup,Card,
UB-008793,C00649,2025-09-09,Completed,Mobile App,Rawalpindi,SwiftEx,Cash on Delivery,
UB-008794,C01348,2024-04-25,Completed,Marketplace,Rawalpindi,SwiftEx,Wallet,
UB-008795,C00853,2024-05-23,Completed,Mobile App,Islamabad,SwiftEx,Cash on Delivery,WELCOME10
UB-008796,C01586,2024-03-02,Cancelled,Marketplace,Islamabad,Store Pickup,Cash on Delivery,
UB-008797,C01279,2025-03-11,Completed,Marketplace,Islamabad,SwiftEx,Wallet,
UB-008798,C00278,2025-05-24,Completed,Mobile App,Islamabad,SwiftEx,Card,APP5
UB-008799,C01295,2025-07-30,Completed,Mobile App,Rawalpindi,BlueLine,Cash on Delivery,WELCOME10
UB-008800,C00139,2025-01-19,Completed,Marketplace,Karachi,RapidGo,Card,
UB-008801,C00218,2025-06-04,Completed,Mobile App,Karachi,RapidGo,Cash on Delivery,
UB-008802,C01412,2025-03-08,Completed,Mobile App,Lahore,BlueLine,Bank Transfer,
UB-008803,C01440,2024-01-14,Cancelled,Mobile App,Rawalpindi,BlueLine,Bank Transfer,
UB-008804,C00660,2024-03-28,Cancelled,Web,Rawalpindi,Store Pickup,Card,
UB-008805,C00361,2024-05-16,Returned,Mobile App,Islamabad,BlueLine,Cash on Delivery,
UB-008806,C00501,2024-02-13,Completed,Web,Lahore,Store Pickup,Card,
UB-008807,C01584,2025-02-10,Completed,Web,Rawalpindi,BlueLine,Wallet,APP5
UB-008808,C01335,2025-07-12,Completed,Mobile App,Rawalpindi,RapidGo,Card,
UB-008809,C01405,2025-02-03,Completed,Mobile App,Rawalpindi,BlueLine,Bank Transfer,APP5
UB-008810,C01429,2025-09-30,Completed,Web,Rawalpindi,RapidGo,Wallet,
UB-008811,C01312,2024-01-05,Completed,Web,Karachi,SwiftEx,Cash on Delivery,
UB-008812,C00794,2025-04-07,Completed,Web,Lahore,SwiftEx,Card,WELCOME10
UB-008813,C00952,2025-01-13,Completed,Mobile App,Lahore,Store Pickup,Card,
UB-008814,C00561,2024-09-27,Completed,Marketplace,Peshawar,BlueLine,Cash on Delivery,SAVE15
UB-008815,C01393,2024-08-27,Completed,Mobile App,Rawalpindi,SwiftEx,Cash on Delivery,
UB-008816,C00804,2024-04-16,Completed,Mobile App,Rawalpindi,BlueLine,Bank Transfer,
UB-008817,C00309,2024-07-18,Returned,Web,Faisalabad,RapidGo,Cash on Delivery,
UB-008818,C00714,2025-07-21,Completed,Mobile App,Peshawar,Store Pickup,Wallet,
UB-008819,C01456,2024-01-10,Completed,Mobile App,Islamabad,SwiftEx,Bank Transfer,WELCOME10
UB-008820,C00846,2025-07-20,Completed,Web,Faisalabad,SwiftEx,Cash on Delivery,APP5
UB-008821,C01523,2025-03-16,Completed,Marketplace,Islamabad,RapidGo,Bank Transfer,
UB-008822,C00742,2025-02-07,Completed,Marketplace,Karachi,SwiftEx,Card,
UB-008823,C00613,2024-02-29,Completed,Web,Islamabad,SwiftEx,Cash on Delivery,
UB-008824,C01430,2025-12-31,Completed,Mobile App,Islamabad,RapidGo,Cash on Delivery,
UB-008825,C01103,2025-06-26,Completed,Web,Karachi,RapidGo,Card,
UB-008826,C01082,2025-10-11,Completed,Mobile App,Faisalabad,RapidGo,Card,
UB-008827,C00221,2024-03-15,Completed,Web,Rawalpindi,RapidGo,Cash on Delivery,SAVE15
UB-008828,C00371,2025-03-19,Completed,Web,Rawalpindi,BlueLine,Wallet,
UB-008829,C01249,2024-03-23,Completed,Mobile App,Faisalabad,BlueLine,Cash on Delivery,
UB-008830,C01180,2024-07-06,Completed,Web,Rawalpindi,RapidGo,Wallet,
UB-008831,C00400,2025-10-29,Completed,Mobile App,Islamabad,BlueLine,Bank Transfer,FREESHIP
UB-008832,C01555,2024-10-03,Completed,Web,Lahore,RapidGo,Wallet,
UB-008833,C01565,2025-04-20,Completed,Web,Lahore,BlueLine,Wallet,
UB-008834,C00415,2025-01-03,Completed,Mobile App,Karachi,BlueLine,Cash on Delivery,
UB-008835,C00494,2025-01-04,Completed,Mobile App,Faisalabad,RapidGo,Wallet,SAVE15
UB-008836,C00484,2024-01-04,Completed,Web,Islamabad,SwiftEx,Bank Transfer,
UB-008837,C01006,2025-02-13,Completed,Mobile App,Peshawar,BlueLine,Card,APP5
UB-008838,C00751,2025-05-19,Completed,Web,Rawalpindi,Store Pickup,Cash on Delivery,
UB-008839,C00850,2024-08-15,Completed,Web,Peshawar,BlueLine,Cash on Delivery,
UB-008840,C00346,2024-01-07,Completed,Web,Islamabad,SwiftEx,Cash on Delivery,FREESHIP
UB-008841,C00950,2024-10-04,Completed,Mobile App,Karachi,Store Pickup,Wallet,
UB-008842,C00216,2024-06-01,Completed,Web,Peshawar,RapidGo,Wallet,APP5
UB-008843,C01128,2025-06-12,Completed,Web,Rawalpindi,SwiftEx,Card,
UB-008844,C01349,2024-09-18,Completed,Marketplace,Islamabad,RapidGo,Card,
UB-008845,C00626,2024-09-14,Returned,Web,Lahore,BlueLine,Cash on Delivery,APP5
UB-008846,C00347,2025-04-12,Completed,Web,Karachi,BlueLine,Cash on Delivery,
UB-008847,C01318,2025-03-03,Completed,Mobile App,Lahore,Store Pickup,Cash on Delivery,
UB-008848,C00467,2024-06-12,Completed,Marketplace,Islamabad,SwiftEx,Wallet,
UB-008849,C00226,2025-05-18,Completed,Web,Peshawar,SwiftEx,Wallet,FREESHIP
UB-008850,C01512,2024-12-06,Completed,Mobile App,Karachi,SwiftEx,Cash on Delivery,
UB-008851,C00395,2024-09-05,Returned,Marketplace,Lahore,RapidGo,Wallet,SAVE15
UB-008852,C00741,2024-10-15,Completed,Web,Karachi,SwiftEx,Card,
UB-008853,C01004,2025-04-09,Completed,Mobile App,Islamabad,SwiftEx,Cash on Delivery,
UB-008854,C01484,2024-05-31,Completed,Web,Islamabad,BlueLine,Cash on Delivery,APP5
UB-008855,C00632,2024-09-16,Completed,Mobile App,Rawalpindi,Store Pickup,Bank Transfer,
UB-008856,C00043,2025-03-07,Completed,Mobile App,Faisalabad,BlueLine,Cash on Delivery,
UB-008857,C00890,2024-01-07,Completed,Web,Peshawar,RapidGo,Cash on Delivery,WELCOME10
UB-008858,C01548,2025-08-15,Completed,Web,Rawalpindi,SwiftEx,Wallet,
UB-008859,C00275,2024-05-10,Completed,Mobile App,Islamabad,SwiftEx,Cash on Delivery,
UB-008860,C01059,2024-06-24,Completed,Web,Rawalpindi,RapidGo,Card,
UB-008861,C01146,2025-10-24,Completed,Mobile App,Islamabad,SwiftEx,Cash on Delivery,APP5
UB-008862,C01479,2025-11-06,Completed,Web,Lahore,Store Pickup,Card,WELCOME10
UB-008863,C01556,2024-09-09,Completed,Web,Faisalabad,SwiftEx,Cash on Delivery,
UB-008864,C00123,2024-06-27,Completed,Web,Karachi,RapidGo,Card,
UB-008865,C00010,2025-01-16,Completed,Web,Lahore,RapidGo,Cash on Delivery,APP5
UB-008866,C01333,2024-09-02,Completed,Mobile App,Rawalpindi,RapidGo,Cash on Delivery,
UB-008867,C00426,2025-08-14,Completed,Web,Islamabad,BlueLine,Cash on Delivery,APP5
UB-008868,C01549,2024-10-16,Completed,Marketplace,Rawalpindi,Store Pickup,Cash on Delivery,
UB-008869,C00612,2025-08-02,Completed,Mobile App,Islamabad,Store Pickup,Card,APP5
UB-008870,C00114,2025-02-07,Completed,Mobile App,Rawalpindi,RapidGo,Bank Transfer,
UB-008871,C00468,2025-07-21,Completed,Web,Lahore,SwiftEx,Cash on Delivery,
UB-008872,C00866,2025-10-11,Completed,Mobile App,Islamabad,SwiftEx,Bank Transfer,FREESHIP
UB-008873,C01199,2024-08-08,Completed,Web,Karachi,BlueLine,Card,
UB-008874,C00590,2024-12-10,Returned,Mobile App,Islamabad,RapidGo,Card,
UB-008875,C01280,2025-03-31,Completed,Web,Rawalpindi,RapidGo,Wallet,SAVE15
UB-008876,C00831,2024-02-23,Completed,Mobile App,Karachi,BlueLine,Wallet,
UB-008877,C00465,2025-07-04,Cancelled,Web,Faisalabad,Store Pickup,Bank Transfer,
UB-008878,C00769,2024-10-30,Completed,Mobile App,Islamabad,SwiftEx,Wallet,SAVE15
UB-008879,C01253,2025-03-19,Completed,Mobile App,Lahore,RapidGo,Cash on Delivery,APP5
UB-008880,C01575,2024-12-30,Completed,Mobile App,Peshawar,BlueLine,Cash on Delivery,FREESHIP
UB-008881,C01325,2024-10-02,Completed,Mobile App,Rawalpindi,SwiftEx,Cash on Delivery,
UB-008882,C00156,2024-04-13,Completed,Web,Peshawar,Store Pickup,Card,
UB-008883,C01068,2025-05-07,Completed,Web,Rawalpindi,SwiftEx,Bank Transfer,APP5
UB-008884,C01313,2024-01-07,Completed,Mobile App,Rawalpindi,SwiftEx,Cash on Delivery,
UB-008885,C01489,2024-08-03,Completed,Web,Lahore,SwiftEx,Cash on Delivery,
UB-008886,C00579,2024-04-24,Completed,Mobile App,Islamabad,RapidGo,Cash on Delivery,
UB-008887,C00354,2025-03-03,Completed,Mobile App,Islamabad,RapidGo,Cash on Delivery,
UB-008888,C00250,2025-04-13,Completed,Marketplace,Rawalpindi,RapidGo,Cash on Delivery,
UB-008889,C00314,2025-06-07,Completed,Marketplace,Islamabad,SwiftEx,Wallet,
UB-008890,C00308,2024-11-25,Completed,Web,Islamabad,SwiftEx,Card,
UB-008891,C01165,2025-01-22,Completed,Web,Rawalpindi,BlueLine,Cash on Delivery,
UB-008892,C00992,2025-05-23,Completed,Web,Islamabad,BlueLine,Wallet,
UB-008893,C00001,2025-07-29,Completed,Web,Rawalpindi,BlueLine,Bank Transfer,APP5
UB-008894,C00582,2024-12-07,Completed,Mobile App,Karachi,RapidGo,Card,SAVE15
UB-008895,C01224,2024-10-07,Completed,Mobile App,Karachi,SwiftEx,Cash on Delivery,
UB-008896,C01015,2025-04-10,Completed,Mobile App,Rawalpindi,BlueLine,Cash on Delivery,
UB-008897,C01535,2025-02-23,Completed,Web,Karachi,BlueLine,Card,
UB-008898,C00118,2025-03-04,Completed,Mobile App,Rawalpindi,RapidGo,Wallet,
UB-008899,C00074,2024-11-03,Completed,Web,Karachi,SwiftEx,Bank Transfer,
UB-008900,C00982,2024-01-30,Completed,Web,Rawalpindi,SwiftEx,Card,
UB-008901,C00688,2025-12-04,Completed,Web,Islamabad,SwiftEx,Cash on Delivery,SAVE15
UB-008902,C00335,2024-05-04,Completed,Mobile App,Islamabad,RapidGo,Cash on Delivery,
UB-008903,C01165,2024-05-20,Cancelled,Web,Rawalpindi,RapidGo,Wallet,FREESHIP
UB-008904,C01463,2025-06-03,Completed,Mobile App,Rawalpindi,RapidGo,Cash on Delivery,
UB-008905,C00780,2024-10-10,Returned,Web,Karachi,RapidGo,Cash on Delivery,
UB-008906,C01075,2025-12-10,Completed,Mobile App,Islamabad,RapidGo,Bank Transfer,
UB-008907,C00966,2025-05-26,Completed,Web,Peshawar,BlueLine,Bank Transfer,
UB-008908,C00801,2024-02-03,Completed,Mobile App,Faisalabad,RapidGo,Card,
UB-008909,C00163,2025-08-27,Completed,Web,Islamabad,RapidGo,Card,
UB-008910,C01382,2025-03-21,Completed,Mobile App,Karachi,RapidGo,Cash on Delivery,
UB-008911,C00190,2025-08-22,Returned,Web,Rawalpindi,SwiftEx,Cash on Delivery,APP5
UB-008912,C00798,2025-10-07,Completed,Mobile App,Karachi,SwiftEx,Cash on Delivery,SAVE15
UB-008913,C00597,2024-06-25,Completed,Marketplace,Peshawar,SwiftEx,Card,
UB-008914,C01447,2024-02-14,Completed,Marketplace,Rawalpindi,SwiftEx,Card,FREESHIP
UB-008915,C00489,2025-05-24,Completed,Marketplace,Rawalpindi,RapidGo,Bank Transfer,
UB-008916,C01279,2025-04-23,Completed,Mobile App,Islamabad,BlueLine,Cash on Delivery,
UB-008917,C00588,2024-01-25,Completed,Marketplace,Karachi,SwiftEx,Card,WELCOME10
UB-008918,C00008,2024-05-11,Completed,Web,Faisalabad,SwiftEx,Cash on Delivery,APP5
UB-008919,C00237,2025-05-27,Completed,Mobile App,Islamabad,Store Pickup,Cash on Delivery,
UB-008920,C01357,2024-09-19,Completed,Marketplace,Islamabad,RapidGo,Cash on Delivery,APP5
UB-008921,C00007,2024-12-12,Completed,Mobile App,Rawalpindi,SwiftEx,Cash on Delivery,SAVE15
UB-008922,C00745,2025-02-20,Completed,Web,Lahore,BlueLine,Card,FREESHIP
UB-008923,C00509,2025-07-10,Completed,Web,Rawalpindi,BlueLine,Cash on Delivery,WELCOME10
UB-008924,C00921,2024-03-07,Completed,Marketplace,Rawalpindi,BlueLine,Wallet,WELCOME10
UB-008925,C01226,2024-04-04,Completed,Mobile App,Peshawar,BlueLine,Card,
UB-008926,C01322,2025-10-12,Completed,Mobile App,Islamabad,BlueLine,Card,
UB-008927,C01245,2024-09-29,Completed,Web,Karachi,BlueLine,Wallet,
UB-008928,C00025,2025-12-26,Completed,Web,Lahore,SwiftEx,Wallet,
UB-008929,C01480,2025-07-13,Completed,Mobile App,Faisalabad,RapidGo,Cash on Delivery,
UB-008930,C01141,2024-07-07,Completed,Web,Islamabad,BlueLine,Card,FREESHIP
UB-008931,C00790,2024-02-27,Completed,Web,Karachi,RapidGo,Wallet,
UB-008932,C00686,2025-01-23,Completed,Web,Peshawar,BlueLine,Wallet,
UB-008933,C00343,2025-08-02,Completed,Marketplace,Lahore,Store Pickup,Cash on Delivery,
UB-008934,C01008,2024-01-09,Completed,Marketplace,Islamabad,BlueLine,Cash on Delivery,
UB-008935,C01544,2024-07-03,Completed,Web,Lahore,BlueLine,Bank Transfer,
UB-008936,C01399,2025-04-26,Completed,Mobile App,Karachi,Store Pickup,Cash on Delivery,FREESHIP
UB-008937,C01239,2025-12-28,Completed,Mobile App,Faisalabad,BlueLine,Cash on Delivery,
UB-008938,C01261,2025-09-21,Completed,Marketplace,Lahore,Store Pickup,Bank Transfer,
UB-008939,C00520,2025-08-08,Completed,Mobile App,Rawalpindi,BlueLine,Bank Transfer,
UB-008940,C01218,2024-01-12,Completed,Mobile App,Karachi,SwiftEx,Cash on Delivery,
UB-008941,C00191,2025-07-10,Completed,Web,Rawalpindi,BlueLine,Cash on Delivery,APP5
UB-008942,C00804,2025-08-09,Completed,Web,Rawalpindi,BlueLine,Card,
UB-008943,C00685,2024-02-16,Returned,Web,Karachi,RapidGo,Wallet,FREESHIP
UB-008944,C00369,2024-03-25,Completed,Web,Peshawar,Store Pickup,Card,
UB-008945,C01230,2024-09-03,Completed,Web,Rawalpindi,SwiftEx,Cash on Delivery,
UB-008946,C00703,2024-04-16,Completed,Mobile App,Lahore,RapidGo,Cash on Delivery,
UB-008947,C00182,2025-06-03,Returned,Mobile App,Islamabad,RapidGo,Cash on Delivery,APP5
UB-008948,C00220,2025-06-24,Completed,Mobile App,Islamabad,BlueLine,Cash on Delivery,FREESHIP
UB-008949,C00461,2024-05-06,Completed,Mobile App,Rawalpindi,RapidGo,Cash on Delivery,
UB-008950,C01499,2025-04-10,Completed,Mobile App,Faisalabad,BlueLine,Wallet,
UB-008951,C01286,2025-10-08,Returned,Mobile App,Lahore,BlueLine,Bank Transfer,
UB-008952,C01422,2025-09-30,Completed,Marketplace,Islamabad,RapidGo,Card,SAVE15
UB-008953,C00709,2025-11-28,Completed,Web,Rawalpindi,SwiftEx,Card,WELCOME10
UB-008954,C00177,2025-05-22,Completed,Web,Lahore,SwiftEx,Card,
UB-008955,C01204,2024-02-18,Completed,Mobile App,Faisalabad,BlueLine,Wallet,
UB-008956,C01299,2025-05-26,Completed,Mobile App,Rawalpindi,RapidGo,Bank Transfer,
UB-008957,C01122,2025-05-06,Completed,Web,Rawalpindi,SwiftEx,Cash on Delivery,
UB-008958,C00415,2025-03-15,Completed,Mobile App,Karachi,RapidGo,Cash on Delivery,
UB-008959,C01152,2025-11-11,Completed,Mobile App,Lahore,BlueLine,Cash on Delivery,
UB-008960,C00232,2025-09-15,Completed,Mobile App,Karachi,BlueLine,Bank Transfer,
UB-008961,C00308,2024-05-11,Completed,Mobile App,Islamabad,BlueLine,Bank Transfer,
UB-008962,C01274,2025-10-12,Completed,Mobile App,Lahore,RapidGo,Card,WELCOME10
UB-008963,C00686,2024-08-23,Completed,Mobile App,Peshawar,RapidGo,Cash on Delivery,SAVE15
UB-008964,C00263,2024-05-20,Completed,Web,Karachi,Store Pickup,Bank Transfer,
UB-008965,C01302,2025-04-16,Completed,Mobile App,Islamabad,RapidGo,Card,APP5
UB-008966,C01414,2024-10-03,Completed,Mobile App,Islamabad,SwiftEx,Cash on Delivery,
UB-008967,C00081,2025-06-01,Returned,Web,Karachi,SwiftEx,Wallet,APP5
UB-008968,C01079,2025-02-11,Completed,Mobile App,Islamabad,BlueLine,Cash on Delivery,
UB-008969,C00684,2025-07-02,Cancelled,Marketplace,Islamabad,RapidGo,Cash on Delivery,
UB-008970,C00741,2025-06-10,Completed,Web,Karachi,BlueLine,Bank Transfer,
UB-008971,C00199,2024-10-30,Completed,Mobile App,Karachi,BlueLine,Wallet,SAVE15
UB-008972,C00741,2024-03-02,Completed,Mobile App,Karachi,RapidGo,Bank Transfer,
UB-008973,C01144,2024-08-03,Cancelled,Web,Faisalabad,BlueLine,Bank Transfer,
UB-008974,C00716,2025-07-22,Completed,Mobile App,Islamabad,SwiftEx,Cash on Delivery,
UB-008975,C00523,2025-12-11,Completed,Mobile App,Faisalabad,RapidGo,Cash on Delivery,
UB-008976,C00932,2025-03-05,Completed,Mobile App,Lahore,RapidGo,Card,SAVE15
UB-008977,C01117,2024-03-26,Completed,Web,Rawalpindi,SwiftEx,Cash on Delivery,
UB-008978,C01380,2024-08-21,Completed,Mobile App,Peshawar,BlueLine,Wallet,SAVE15
UB-008979,C00911,2025-01-13,Cancelled,Mobile App,Islamabad,RapidGo,Cash on Delivery,APP5
UB-008980,C00226,2024-03-10,Completed,Mobile App,Peshawar,RapidGo,Cash on Delivery,
UB-008981,C00822,2025-03-01,Cancelled,Mobile App,Islamabad,RapidGo,Cash on Delivery,
UB-008982,C00840,2025-07-07,Completed,Mobile App,Peshawar,SwiftEx,Cash on Delivery,SAVE15
UB-008983,C00178,2025-05-01,Completed,Mobile App,Lahore,BlueLine,Cash on Delivery,FREESHIP
UB-008984,C00035,2025-10-26,Completed,Mobile App,Lahore,RapidGo,Cash on Delivery,SAVE15
UB-008985,C00332,2025-12-25,Returned,Mobile App,Rawalpindi,SwiftEx,Bank Transfer,
UB-008986,C01046,2025-12-17,Completed,Mobile App,Rawalpindi,Store Pickup,Cash on Delivery,
UB-008987,C01228,2025-05-07,Completed,Web,Rawalpindi,SwiftEx,Bank Transfer,
UB-008988,C01319,2025-11-04,Completed,Web,Karachi,BlueLine,Card,WELCOME10
UB-008989,C00674,2025-10-04,Completed,Web,Islamabad,SwiftEx,Bank Transfer,
UB-008990,C01168,2024-01-31,Completed,Marketplace,Faisalabad,BlueLine,Card,
UB-008991,C01308,2025-04-15,Completed,Marketplace,Rawalpindi,RapidGo,Cash on Delivery,
UB-008992,C01444,2025-12-22,Completed,Web,Peshawar,BlueLine,Cash on Delivery,
UB-008993,C01014,2024-07-05,Completed,Mobile App,Karachi,BlueLine,Wallet,
UB-008994,C01033,2024-07-04,Completed,Web,Faisalabad,Store Pickup,Bank Transfer,WELCOME10
UB-008995,C01399,2024-06-11,Completed,Mobile App,Karachi,Store Pickup,Bank Transfer,WELCOME10
UB-008996,C00575,2024-07-29,Completed,Web,Rawalpindi,SwiftEx,Bank Transfer,
UB-008997,C00429,2025-12-10,Completed,Web,Rawalpindi,SwiftEx,Bank Transfer,
UB-008998,C00661,2025-01-25,Completed,Web,Karachi,BlueLine,Cash on Delivery,FREESHIP
UB-008999,C00845,2025-04-24,Completed,Web,Islamabad,RapidGo,Wallet,
UB-009000,C00346,2025-10-29,Completed,Mobile App,Islamabad,SwiftEx,Card,
