order_item_id,order_id,product_id,quantity,unit_price,discount_pct,line_revenue,line_cost
1,UB-000001,128,1,177.95,0.0,177.95,141.91
2,UB-000001,88,1,702.06,15.0,596.75,553.89
3,UB-000002,82,5,1020.26,0.0,5101.3,3426.65
4,UB-000003,138,1,926.86,20.0,741.49,604.6
5,UB-000003,30,1,1368.42,0.0,1368.42,865.11
6,UB-000003,110,2,951.69,0.0,1903.38,1358.68
7,UB-000004,82,1,1047.31,0.0,1047.31,685.33
8,UB-000005,49,2,979.72,10.0,1763.5,1228.08
9,UB-000006,130,1,905.6,0.0,905.6,653.53
10,UB-000007,47,2,107.92,0.0,215.84,174.96
11,UB-000008,95,2,473.28,0.0,946.56,739.6
12,UB-000008,129,2,1178.21,0.0,2356.42,1533.7
13,UB-000008,39,3,868.85,20.0,2085.24,1842.21
14,UB-000008,88,1,685.53,0.0,685.53,553.89
15,UB-000009,63,1,249.68,5.0,237.2,167.23
16,UB-000009,103,2,893.32,0.0,1786.64,1363.04
17,UB-000010,62,2,395.51,10.0,711.92,521.1
18,UB-000011,84,3,1268.73,0.0,3806.19,2436.36
19,UB-000011,46,1,215.09,0.0,215.09,167.81
20,UB-000012,42,1,622.48,0.0,622.48,398.38
21,UB-000012,59,1,290.84,0.0,290.84,241.88
22,UB-000013,95,2,485.93,0.0,971.86,739.6
23,UB-000013,11,1,462.81,15.0,393.39,366.75
24,UB-000013,4,1,789.98,10.0,710.98,608.34
25,UB-000014,75,2,866.52,0.0,1733.04,1175.56
26,UB-000015,9,3,675.98,5.0,1926.54,1505.07
27,UB-000015,85,1,337.77,5.0,320.88,232.68
28,UB-000015,58,4,578.18,5.0,2197.08,1426.24
29,UB-000016,102,2,1237.75,0.0,2475.5,1658.76
30,UB-000016,136,1,1341.81,10.0,1207.63,866.98
31,UB-000016,73,3,974.48,5.0,2777.27,1988.94
32,UB-000017,85,1,325.05,5.0,308.8,232.68
33,UB-000018,56,2,518.87,15.0,882.08,697.56
34,UB-000018,23,5,880.49,0.0,4402.45,3137.7
35,UB-000019,80,4,402.52,0.0,1610.08,1210.32
36,UB-000020,126,2,1238.27,0.0,2476.54,1607.0
37,UB-000021,41,1,919.25,0.0,919.25,743.96
38,UB-000021,52,1,670.33,15.0,569.78,457.32
39,UB-000022,37,4,1074.51,0.0,4298.04,3325.8
40,UB-000022,71,1,186.96,0.0,186.96,122.07
41,UB-000023,47,5,108.92,10.0,490.14,437.4
42,UB-000023,139,1,694.86,10.0,625.37,504.16
43,UB-000023,1,1,306.36,5.0,291.04,210.31
44,UB-000024,26,2,219.98,10.0,395.96,276.98
45,UB-000024,16,2,1082.67,0.0,2165.34,1632.76
46,UB-000025,72,2,997.77,5.0,1895.76,1483.2
47,UB-000025,50,2,428.82,0.0,857.64,655.38
48,UB-000025,78,4,773.4,0.0,3093.6,2179.0
49,UB-000026,123,1,466.09,0.0,466.09,328.9
50,UB-000026,105,4,1234.83,0.0,4939.32,3555.8
51,UB-000026,96,1,496.95,15.0,422.41,367.22
52,UB-000026,103,2,916.7,5.0,1741.73,1363.04
53,UB-000027,129,1,1155.81,0.0,1155.81,766.85
54,UB-000027,11,1,461.5,0.0,461.5,366.75
55,UB-000028,72,5,980.08,0.0,4900.4,3708.0
56,UB-000028,132,1,1213.59,0.0,1213.59,810.08
57,UB-000029,89,1,578.51,10.0,520.66,419.15
58,UB-000029,27,2,1082.78,10.0,1949.0,1782.76
59,UB-000030,42,1,610.11,5.0,579.6,398.38
60,UB-000030,138,2,914.3,20.0,1462.88,1209.2
61,UB-000030,123,1,456.4,0.0,456.4,328.9
62,UB-000030,25,2,638.44,0.0,1276.88,992.56
63,UB-000030,30,3,1396.61,0.0,4189.83,2595.33
64,UB-000031,128,3,177.51,20.0,426.02,425.73
65,UB-000031,21,1,780.18,15.0,663.15,582.06
66,UB-000032,35,2,813.23,0.0,1626.46,1135.26
67,UB-000032,139,1,698.51,0.0,698.51,504.16
68,UB-000032,64,2,325.74,0.0,651.48,428.54
69,UB-000033,85,1,340.53,0.0,340.53,232.68
70,UB-000033,18,3,851.57,0.0,2554.71,1946.13
71,UB-000033,26,2,223.05,0.0,446.1,276.98
72,UB-000033,58,5,556.92,0.0,2784.6,1782.8
73,UB-000034,15,2,1214.93,20.0,1943.89,1710.66
74,UB-000035,1,2,307.3,5.0,583.87,420.62
75,UB-000036,101,1,1094.88,0.0,1094.88,893.27
76,UB-000037,82,1,1022.46,0.0,1022.46,685.33
77,UB-000038,143,2,791.39,0.0,1582.78,1229.42
78,UB-000039,124,1,528.54,15.0,449.26,445.56
79,UB-000039,118,2,625.76,0.0,1251.52,843.58
80,UB-000040,25,1,652.72,10.0,587.45,496.28
81,UB-000040,90,2,689.11,0.0,1378.22,1014.52
82,UB-000040,118,2,623.09,20.0,996.94,843.58
83,UB-000041,136,1,1397.06,5.0,1327.21,866.98
84,UB-000042,71,1,188.76,0.0,188.76,122.07
85,UB-000043,1,3,310.14,5.0,883.9,630.93
86,UB-000043,82,1,1045.02,0.0,1045.02,685.33
87,UB-000043,111,1,642.57,10.0,578.31,556.79
88,UB-000043,101,3,1095.73,20.0,2629.75,2679.81
89,UB-000043,61,1,1082.68,0.0,1082.68,828.14
90,UB-000044,124,2,522.89,0.0,1045.78,891.12
91,UB-000044,123,4,466.68,0.0,1866.72,1315.6
92,UB-000044,76,1,797.73,5.0,757.84,616.89
93,UB-000044,118,3,625.69,10.0,1689.36,1265.37
94,UB-000044,15,3,1227.79,0.0,3683.37,2565.99
95,UB-000045,11,1,464.43,5.0,441.21,366.75
96,UB-000045,22,2,669.14,5.0,1271.37,951.32
97,UB-000045,142,1,488.03,0.0,488.03,406.29
98,UB-000045,28,1,912.8,0.0,912.8,673.25
99,UB-000046,96,1,514.71,20.0,411.77,367.22
100,UB-000046,42,2,613.09,20.0,980.94,796.76
101,UB-000047,141,2,286.15,10.0,515.07,371.34
102,UB-000048,46,2,220.75,15.0,375.27,335.62
103,UB-000048,60,2,188.2,0.0,376.4,289.64
104,UB-000049,103,1,892.66,0.0,892.66,681.52
105,UB-000050,45,2,801.36,10.0,1442.45,1221.74
106,UB-000050,86,1,490.78,10.0,441.7,409.68
107,UB-000051,143,2,811.09,10.0,1459.96,1229.42
108,UB-000051,121,1,916.38,0.0,916.38,683.69
109,UB-000052,95,1,471.78,0.0,471.78,369.8
110,UB-000052,86,1,501.25,10.0,451.12,409.68
111,UB-000053,112,1,465.73,0.0,465.73,338.04
112,UB-000053,9,2,667.11,5.0,1267.51,1003.38
113,UB-000053,89,2,572.11,0.0,1144.22,838.3
114,UB-000054,53,1,1285.14,5.0,1220.88,865.12
115,UB-000055,79,5,754.87,10.0,3396.91,2394.4
116,UB-000056,87,1,383.56,0.0,383.56,296.68
117,UB-000056,8,2,369.82,0.0,739.64,586.88
118,UB-000056,31,1,719.9,0.0,719.9,581.59
119,UB-000056,40,2,375.54,10.0,675.97,511.88
120,UB-000057,76,1,825.42,10.0,742.88,616.89
121,UB-000057,82,3,1028.72,20.0,2468.93,2055.99
122,UB-000058,95,1,497.11,0.0,497.11,369.8
123,UB-000058,42,3,608.5,0.0,1825.5,1195.14
124,UB-000058,26,1,213.74,0.0,213.74,138.49
125,UB-000059,30,1,1369.88,0.0,1369.88,865.11
126,UB-000060,23,1,918.69,5.0,872.76,627.54
127,UB-000060,67,3,155.44,5.0,443.0,288.6
128,UB-000060,133,2,513.45,10.0,924.21,640.74
129,UB-000061,74,1,1121.88,0.0,1121.88,882.89
130,UB-000061,33,1,439.06,0.0,439.06,296.56
131,UB-000061,96,4,494.72,10.0,1780.99,1468.88
132,UB-000062,56,3,507.08,5.0,1445.18,1046.34
133,UB-000062,34,1,161.7,0.0,161.7,138.03
134,UB-000062,101,2,1141.76,5.0,2169.34,1786.54
135,UB-000062,119,1,603.19,0.0,603.19,477.5
136,UB-000063,15,1,1214.94,0.0,1214.94,855.33
137,UB-000063,61,1,1109.24,0.0,1109.24,828.14
138,UB-000063,9,1,666.51,15.0,566.53,501.69
139,UB-000064,130,1,937.56,10.0,843.8,653.53
140,UB-000064,111,5,674.43,0.0,3372.15,2783.95
141,UB-000064,23,2,925.38,10.0,1665.68,1255.08
142,UB-000065,10,1,96.05,0.0,96.05,70.79
143,UB-000066,55,1,879.49,0.0,879.49,606.14
144,UB-000066,30,2,1327.67,0.0,2655.34,1730.22
145,UB-000066,22,2,657.78,0.0,1315.56,951.32
146,UB-000066,92,1,824.52,0.0,824.52,524.51
147,UB-000067,17,2,836.67,0.0,1673.34,1289.28
148,UB-000067,91,3,459.1,0.0,1377.3,963.21
149,UB-000067,94,2,773.12,0.0,1546.24,1076.72
150,UB-000068,106,3,1058.1,15.0,2698.15,2159.28
151,UB-000069,98,3,566.61,5.0,1614.84,1401.99
152,UB-000069,143,2,800.39,10.0,1440.7,1229.42
153,UB-000070,120,1,722.0,0.0,722.0,488.5
154,UB-000070,80,1,395.87,10.0,356.28,302.58
155,UB-000070,85,2,338.45,0.0,676.9,465.36
156,UB-000071,8,2,368.91,0.0,737.82,586.88
157,UB-000071,56,1,521.54,20.0,417.23,348.78
158,UB-000072,103,2,886.45,10.0,1595.61,1363.04
159,UB-000072,54,1,1030.39,0.0,1030.39,807.18
160,UB-000073,124,3,546.32,20.0,1311.17,1336.68
161,UB-000074,140,2,291.39,0.0,582.78,390.12
162,UB-000074,127,2,295.12,0.0,590.24,444.52
163,UB-000074,92,1,846.8,0.0,846.8,524.51
164,UB-000075,20,4,982.88,15.0,3341.79,2696.96
165,UB-000075,44,1,773.22,0.0,773.22,587.81
166,UB-000076,92,1,844.47,5.0,802.25,524.51
167,UB-000076,22,1,673.24,15.0,572.25,475.66
168,UB-000077,126,1,1277.13,10.0,1149.42,803.5
169,UB-000078,106,1,1022.18,0.0,1022.18,719.76
170,UB-000079,38,1,1077.49,0.0,1077.49,721.69
171,UB-000079,16,1,1075.35,10.0,967.81,816.38
172,UB-000080,13,1,376.94,0.0,376.94,235.91
173,UB-000080,121,1,930.27,10.0,837.24,683.69
174,UB-000080,142,1,476.69,0.0,476.69,406.29
175,UB-000081,24,2,95.49,0.0,190.98,123.02
176,UB-000081,67,2,158.27,0.0,316.54,192.4
177,UB-000081,17,4,840.13,0.0,3360.52,2578.56
178,UB-000081,53,2,1305.41,0.0,2610.82,1730.24
179,UB-000082,24,4,94.97,20.0,303.9,246.04
180,UB-000082,51,2,228.77,0.0,457.54,317.98
181,UB-000083,80,2,404.71,5.0,768.95,605.16
182,UB-000083,1,1,301.5,0.0,301.5,210.31
183,UB-000083,22,2,649.85,10.0,1169.73,951.32
184,UB-000084,49,3,966.96,0.0,2900.88,1842.12
185,UB-000085,142,3,492.8,10.0,1330.56,1218.87
186,UB-000085,15,1,1242.12,10.0,1117.91,855.33
187,UB-000086,86,3,499.86,5.0,1424.6,1229.04
188,UB-000086,17,2,860.58,15.0,1462.99,1289.28
189,UB-000086,50,2,437.16,0.0,874.32,655.38
190,UB-000087,10,2,96.1,0.0,192.2,141.58
191,UB-000088,7,2,1063.5,15.0,1807.95,1507.5
192,UB-000088,100,1,201.57,0.0,201.57,158.88
193,UB-000089,142,2,496.39,15.0,843.86,812.58
194,UB-000089,121,1,934.53,5.0,887.8,683.69
195,UB-000089,10,1,96.13,5.0,91.32,70.79
196,UB-000089,8,1,375.54,0.0,375.54,293.44
197,UB-000090,8,1,382.57,0.0,382.57,293.44
198,UB-000090,38,4,1081.86,15.0,3678.32,2886.76
199,UB-000090,128,3,168.58,0.0,505.74,425.73
200,UB-000091,129,2,1174.55,0.0,2349.1,1533.7
201,UB-000092,91,1,459.84,5.0,436.85,321.07
202,UB-000093,141,2,275.33,0.0,550.66,371.34
203,UB-000093,39,1,897.49,0.0,897.49,614.07
204,UB-000094,59,2,305.86,20.0,489.38,483.76
205,UB-000095,59,1,301.73,0.0,301.73,241.88
206,UB-000095,41,5,906.5,5.0,4305.88,3719.8
207,UB-000095,8,3,385.97,20.0,926.33,880.32
208,UB-000095,27,1,1106.63,20.0,885.3,891.38
209,UB-000096,85,2,333.56,0.0,667.12,465.36
210,UB-000096,64,2,325.98,10.0,586.76,428.54
211,UB-000096,112,1,460.74,0.0,460.74,338.04
212,UB-000096,11,1,457.79,0.0,457.79,366.75
213,UB-000096,107,2,313.19,0.0,626.38,456.9
214,UB-000097,133,1,498.08,10.0,448.27,320.37
215,UB-000097,35,1,787.15,20.0,629.72,567.63
216,UB-000097,75,2,858.94,0.0,1717.88,1175.56
217,UB-000098,97,3,1109.74,15.0,2829.84,2137.65
218,UB-000098,85,2,325.21,0.0,650.42,465.36
219,UB-000098,30,1,1381.29,0.0,1381.29,865.11
220,UB-000099,66,1,963.77,0.0,963.77,716.35
221,UB-000100,88,1,690.96,0.0,690.96,553.89
222,UB-000101,101,2,1149.23,0.0,2298.46,1786.54
223,UB-000101,43,1,169.56,5.0,161.08,116.88
224,UB-000101,12,2,553.02,0.0,1106.04,851.32
225,UB-000102,41,1,924.42,0.0,924.42,743.96
226,UB-000102,75,1,882.48,5.0,838.36,587.78
227,UB-000102,119,2,586.78,0.0,1173.56,955.0
228,UB-000102,77,1,271.23,5.0,257.67,195.63
229,UB-000103,137,2,1277.83,0.0,2555.66,1632.44
230,UB-000103,3,3,1158.44,0.0,3475.32,2172.12
231,UB-000104,144,1,412.78,0.0,412.78,300.62
232,UB-000104,44,2,794.72,0.0,1589.44,1175.62
233,UB-000104,45,1,818.61,0.0,818.61,610.87
234,UB-000104,57,1,786.03,10.0,707.43,567.7
235,UB-000104,137,3,1287.89,15.0,3284.12,2448.66
236,UB-000105,81,1,1059.32,5.0,1006.35,710.48
237,UB-000105,101,1,1096.79,0.0,1096.79,893.27
238,UB-000105,35,3,769.23,0.0,2307.69,1702.89
239,UB-000106,15,1,1250.13,5.0,1187.62,855.33
240,UB-000107,89,1,586.61,5.0,557.28,419.15
241,UB-000107,108,2,1109.4,5.0,2107.86,1591.1
242,UB-000107,69,1,308.09,0.0,308.09,234.6
243,UB-000107,106,1,1024.03,0.0,1024.03,719.76
244,UB-000107,6,2,983.49,0.0,1966.98,1384.58
245,UB-000108,119,2,597.68,20.0,956.29,955.0
246,UB-000108,6,2,992.8,10.0,1787.04,1384.58
247,UB-000109,8,3,368.99,0.0,1106.97,880.32
248,UB-000109,117,2,546.17,5.0,1037.72,820.86
249,UB-000110,14,1,776.66,5.0,737.83,569.64
250,UB-000111,68,1,223.3,0.0,223.3,161.19
251,UB-000112,39,3,864.09,0.0,2592.27,1842.21
252,UB-000113,82,1,1024.87,0.0,1024.87,685.33
253,UB-000113,54,1,1039.77,0.0,1039.77,807.18
254,UB-000114,49,3,951.04,0.0,2853.12,1842.12
255,UB-000115,58,1,581.34,0.0,581.34,356.56
256,UB-000115,124,2,532.01,0.0,1064.02,891.12
257,UB-000116,141,4,285.65,5.0,1085.47,742.68
258,UB-000117,136,1,1389.13,20.0,1111.3,866.98
259,UB-000117,19,2,692.07,5.0,1314.93,948.42
260,UB-000117,53,1,1269.23,0.0,1269.23,865.12
261,UB-000118,19,1,674.27,0.0,674.27,474.21
262,UB-000119,58,1,573.73,0.0,573.73,356.56
263,UB-000120,61,1,1065.9,0.0,1065.9,828.14
264,UB-000120,74,2,1115.54,5.0,2119.53,1765.78
265,UB-000121,66,1,935.14,5.0,888.38,716.35
266,UB-000122,39,1,865.46,0.0,865.46,614.07
267,UB-000122,82,1,1022.48,0.0,1022.48,685.33
268,UB-000123,13,1,373.56,0.0,373.56,235.91
269,UB-000123,100,1,205.02,0.0,205.02,158.88
270,UB-000123,54,1,1037.17,0.0,1037.17,807.18
271,UB-000124,136,1,1357.31,10.0,1221.58,866.98
272,UB-000124,28,1,890.59,0.0,890.59,673.25
273,UB-000124,85,1,322.97,0.0,322.97,232.68
274,UB-000125,84,2,1274.04,0.0,2548.08,1624.24
275,UB-000125,16,4,1072.56,5.0,4075.73,3265.52
276,UB-000125,28,1,880.14,0.0,880.14,673.25
277,UB-000125,138,1,921.09,15.0,782.93,604.6
278,UB-000126,66,1,977.34,15.0,830.74,716.35
279,UB-000126,129,3,1217.08,0.0,3651.24,2300.55
280,UB-000126,54,1,1053.94,5.0,1001.24,807.18
281,UB-000126,119,4,576.81,0.0,2307.24,1910.0
282,UB-000127,116,3,750.62,0.0,2251.86,1495.68
283,UB-000127,122,2,640.14,15.0,1088.24,1016.04
284,UB-000128,96,1,515.97,0.0,515.97,367.22
285,UB-000128,110,2,940.9,0.0,1881.8,1358.68
286,UB-000129,20,1,971.25,5.0,922.69,674.24
287,UB-000129,118,1,630.09,20.0,504.07,421.79
288,UB-000129,45,1,818.03,0.0,818.03,610.87
289,UB-000130,27,3,1091.43,5.0,3110.58,2674.14
290,UB-000130,131,1,902.15,10.0,811.93,688.03
291,UB-000130,74,1,1153.55,5.0,1095.87,882.89
292,UB-000130,44,1,768.01,0.0,768.01,587.81
293,UB-000131,107,2,325.8,5.0,619.02,456.9
294,UB-000131,56,2,523.85,0.0,1047.7,697.56
295,UB-000132,8,1,366.2,0.0,366.2,293.44
296,UB-000133,27,2,1099.6,10.0,1979.28,1782.76
297,UB-000133,112,2,467.79,10.0,842.02,676.08
298,UB-000133,79,2,765.6,0.0,1531.2,957.76
299,UB-000133,45,1,826.11,0.0,826.11,610.87
300,UB-000134,67,3,154.0,15.0,392.7,288.6
301,UB-000134,32,1,105.26,0.0,105.26,79.85
302,UB-000134,43,1,173.01,5.0,164.36,116.88
303,UB-000134,20,3,935.96,0.0,2807.88,2022.72
304,UB-000135,126,1,1213.7,0.0,1213.7,803.5
305,UB-000135,41,1,924.15,0.0,924.15,743.96
306,UB-000135,79,1,771.08,0.0,771.08,478.88
307,UB-000135,6,2,971.03,0.0,1942.06,1384.58
308,UB-000136,67,2,149.79,0.0,299.58,192.4
309,UB-000137,84,1,1264.43,0.0,1264.43,812.12
310,UB-000138,88,3,713.88,0.0,2141.64,1661.67
311,UB-000138,57,2,793.0,10.0,1427.4,1135.4
312,UB-000139,106,1,1080.71,0.0,1080.71,719.76
313,UB-000139,32,2,102.15,5.0,194.09,159.7
314,UB-000140,105,1,1240.48,10.0,1116.43,888.95
315,UB-000141,109,1,158.01,10.0,142.21,98.8
316,UB-000142,14,1,772.65,0.0,772.65,569.64
317,UB-000142,32,1,107.01,0.0,107.01,79.85
318,UB-000143,3,1,1157.34,0.0,1157.34,724.04
319,UB-000144,116,1,743.63,10.0,669.27,498.56
320,UB-000144,45,1,814.83,5.0,774.09,610.87
321,UB-000145,140,1,300.96,10.0,270.86,195.06
322,UB-000145,42,1,588.73,0.0,588.73,398.38
323,UB-000145,66,1,979.0,0.0,979.0,716.35
324,UB-000145,108,1,1134.03,0.0,1134.03,795.55
325,UB-000146,59,1,305.17,0.0,305.17,241.88
326,UB-000146,106,3,1063.38,5.0,3030.63,2159.28
327,UB-000147,33,2,443.83,5.0,843.28,593.12
328,UB-000147,128,1,173.76,0.0,173.76,141.91
329,UB-000148,58,2,585.71,0.0,1171.42,713.12
330,UB-000148,131,2,907.49,15.0,1542.73,1376.06
331,UB-000149,47,3,107.52,0.0,322.56,262.44
332,UB-000150,135,1,611.43,0.0,611.43,397.42
333,UB-000150,81,1,1044.55,0.0,1044.55,710.48
334,UB-000150,141,2,283.75,0.0,567.5,371.34
335,UB-000151,103,1,905.99,15.0,770.09,681.52
336,UB-000152,100,1,198.75,0.0,198.75,158.88
337,UB-000152,12,1,560.74,0.0,560.74,425.66
338,UB-000152,67,1,152.46,20.0,121.97,96.2
339,UB-000152,9,1,679.2,10.0,611.28,501.69
340,UB-000152,110,3,918.04,10.0,2478.71,2038.02
341,UB-000153,36,1,825.43,0.0,825.43,533.78
342,UB-000154,1,2,301.63,0.0,603.26,420.62
343,UB-000155,41,1,937.24,15.0,796.65,743.96
344,UB-000155,135,4,610.8,10.0,2198.88,1589.68
345,UB-000155,116,1,775.04,15.0,658.78,498.56
346,UB-000155,54,2,1031.22,10.0,1856.2,1614.36
347,UB-000156,17,2,838.34,5.0,1592.85,1289.28
348,UB-000156,13,1,360.98,15.0,306.83,235.91
349,UB-000157,132,1,1256.43,0.0,1256.43,810.08
350,UB-000158,46,1,214.61,15.0,182.42,167.81
351,UB-000158,42,2,589.44,10.0,1060.99,796.76
352,UB-000159,103,2,918.61,5.0,1745.36,1363.04
353,UB-000160,89,1,569.53,0.0,569.53,419.15
354,UB-000160,93,2,90.79,5.0,172.5,145.66
355,UB-000160,123,2,468.29,10.0,842.92,657.8
356,UB-000161,75,1,902.1,0.0,902.1,587.78
357,UB-000161,101,1,1122.52,10.0,1010.27,893.27
358,UB-000162,59,1,306.16,10.0,275.54,241.88
359,UB-000162,53,2,1316.03,0.0,2632.06,1730.24
360,UB-000162,32,1,104.25,10.0,93.83,79.85
361,UB-000163,15,1,1215.32,0.0,1215.32,855.33
362,UB-000164,82,1,1051.84,0.0,1051.84,685.33
363,UB-000165,106,1,1037.58,0.0,1037.58,719.76
364,UB-000166,75,4,909.45,20.0,2910.24,2351.12
365,UB-000166,25,3,639.85,0.0,1919.55,1488.84
366,UB-000166,63,1,250.4,5.0,237.88,167.23
367,UB-000167,73,1,1017.64,5.0,966.76,662.98
368,UB-000167,26,1,218.14,5.0,207.23,138.49
369,UB-000168,97,4,1157.86,5.0,4399.87,2850.2
370,UB-000169,136,1,1375.69,0.0,1375.69,866.98
371,UB-000169,26,2,223.54,5.0,424.73,276.98
372,UB-000169,133,2,511.28,0.0,1022.56,640.74
373,UB-000170,78,1,775.38,0.0,775.38,544.75
374,UB-000171,86,1,480.68,0.0,480.68,409.68
375,UB-000171,60,1,192.15,15.0,163.33,144.82
376,UB-000171,121,2,914.57,10.0,1646.23,1367.38
377,UB-000172,39,1,856.43,0.0,856.43,614.07
378,UB-000172,65,1,741.66,10.0,667.49,525.6
379,UB-000173,60,1,185.08,5.0,175.83,144.82
380,UB-000173,93,2,91.45,0.0,182.9,145.66
381,UB-000173,4,1,790.16,10.0,711.14,608.34
382,UB-000174,54,5,1009.62,5.0,4795.69,4035.9
383,UB-000174,68,3,217.97,0.0,653.91,483.57
384,UB-000175,9,3,674.22,5.0,1921.53,1505.07
385,UB-000176,29,1,728.89,20.0,583.11,536.32
386,UB-000176,111,2,656.71,15.0,1116.41,1113.58
387,UB-000177,76,3,803.48,0.0,2410.44,1850.67
388,UB-000177,139,1,701.87,5.0,666.78,504.16
389,UB-000178,33,1,427.57,5.0,406.19,296.56
390,UB-000178,110,2,902.92,0.0,1805.84,1358.68
391,UB-000178,23,3,882.13,0.0,2646.39,1882.62
392,UB-000179,98,2,583.89,5.0,1109.39,934.66
393,UB-000180,108,1,1106.88,10.0,996.19,795.55
394,UB-000180,94,2,752.51,0.0,1505.02,1076.72
395,UB-000181,113,1,862.13,0.0,862.13,695.0
396,UB-000182,117,1,549.08,5.0,521.63,410.43
397,UB-000182,129,1,1189.1,0.0,1189.1,766.85
398,UB-000182,62,1,390.98,5.0,371.43,260.55
399,UB-000182,35,2,790.78,0.0,1581.56,1135.26
400,UB-000183,103,1,885.13,5.0,840.87,681.52
401,UB-000183,121,3,926.01,0.0,2778.03,2051.07
402,UB-000183,76,2,811.35,0.0,1622.7,1233.78
403,UB-000183,10,2,95.79,0.0,191.58,141.58
404,UB-000183,117,2,538.54,0.0,1077.08,820.86
405,UB-000184,127,1,305.28,20.0,244.22,222.26
406,UB-000184,4,1,821.27,0.0,821.27,608.34
407,UB-000185,120,2,745.77,0.0,1491.54,977.0
408,UB-000185,81,5,1068.55,0.0,5342.75,3552.4
409,UB-000186,136,1,1357.45,10.0,1221.71,866.98
410,UB-000186,51,1,237.58,0.0,237.58,158.99
411,UB-000187,48,2,367.8,10.0,662.04,509.26
412,UB-000187,122,3,625.68,0.0,1877.04,1524.06
413,UB-000188,73,2,988.86,10.0,1779.95,1325.96
414,UB-000188,21,3,799.65,0.0,2398.95,1746.18
415,UB-000189,116,3,778.31,10.0,2101.44,1495.68
416,UB-000190,56,1,527.42,10.0,474.68,348.78
417,UB-000190,47,2,108.58,0.0,217.16,174.96
418,UB-000190,20,1,933.92,0.0,933.92,674.24
419,UB-000190,74,4,1179.81,5.0,4483.28,3531.56
420,UB-000191,76,1,830.71,5.0,789.17,616.89
421,UB-000191,30,1,1335.95,20.0,1068.76,865.11
422,UB-000191,18,2,834.38,0.0,1668.76,1297.42
423,UB-000191,112,1,461.33,0.0,461.33,338.04
424,UB-000192,38,5,1042.54,15.0,4430.8,3608.45
425,UB-000192,26,2,214.73,0.0,429.46,276.98
426,UB-000192,24,1,95.58,20.0,76.46,61.51
427,UB-000192,7,1,1028.99,0.0,1028.99,753.75
428,UB-000193,113,1,883.96,10.0,795.56,695.0
429,UB-000194,83,3,882.65,0.0,2647.95,2121.0
430,UB-000195,44,5,775.16,0.0,3875.8,2939.05
431,UB-000195,78,3,777.33,10.0,2098.79,1634.25
432,UB-000195,130,1,925.7,5.0,879.41,653.53
433,UB-000195,51,1,229.17,0.0,229.17,158.99
434,UB-000196,96,4,506.15,0.0,2024.6,1468.88
435,UB-000197,73,1,979.61,0.0,979.61,662.98
436,UB-000197,130,1,904.42,0.0,904.42,653.53
437,UB-000197,87,4,387.49,10.0,1394.96,1186.72
438,UB-000198,144,2,413.43,5.0,785.52,601.24
439,UB-000198,22,2,654.31,0.0,1308.62,951.32
440,UB-000198,117,1,552.51,20.0,442.01,410.43
441,UB-000198,111,1,679.11,0.0,679.11,556.79
442,UB-000199,118,1,643.25,10.0,578.93,421.79
443,UB-000199,25,1,675.33,0.0,675.33,496.28
444,UB-000199,101,4,1138.79,0.0,4555.16,3573.08
445,UB-000200,117,2,544.96,15.0,926.43,820.86
446,UB-000200,32,2,104.25,0.0,208.5,159.7
447,UB-000200,112,1,450.99,0.0,450.99,338.04
448,UB-000200,48,1,366.98,5.0,348.63,254.63
449,UB-000200,113,1,881.08,0.0,881.08,695.0
450,UB-000201,58,2,561.37,10.0,1010.47,713.12
451,UB-000201,92,1,839.01,0.0,839.01,524.51
452,UB-000201,53,5,1264.93,10.0,5692.19,4325.6
453,UB-000201,72,2,943.29,0.0,1886.58,1483.2
454,UB-000202,67,2,157.24,10.0,283.03,192.4
455,UB-000202,61,1,1066.49,0.0,1066.49,828.14
456,UB-000203,66,4,982.44,15.0,3340.3,2865.4
457,UB-000203,89,1,592.11,0.0,592.11,419.15
458,UB-000203,4,2,800.88,20.0,1281.41,1216.68
459,UB-000204,56,3,524.19,0.0,1572.57,1046.34
460,UB-000204,54,1,1001.04,0.0,1001.04,807.18
461,UB-000204,95,1,470.27,20.0,376.22,369.8
462,UB-000205,119,2,588.65,20.0,941.84,955.0
463,UB-000205,28,2,887.77,5.0,1686.76,1346.5
464,UB-000205,78,2,782.32,0.0,1564.64,1089.5
465,UB-000205,131,2,926.75,0.0,1853.5,1376.06
466,UB-000206,27,4,1047.69,20.0,3352.61,3565.52
467,UB-000206,34,1,163.8,10.0,147.42,138.03
468,UB-000206,78,1,804.06,0.0,804.06,544.75
469,UB-000206,49,1,969.53,0.0,969.53,614.04
470,UB-000207,103,1,928.56,0.0,928.56,681.52
471,UB-000207,74,3,1160.17,15.0,2958.43,2648.67
472,UB-000207,51,1,233.49,5.0,221.82,158.99
473,UB-000208,114,2,1017.01,10.0,1830.62,1291.74
474,UB-000208,101,1,1128.25,0.0,1128.25,893.27
475,UB-000208,4,2,811.79,0.0,1623.58,1216.68
476,UB-000209,74,1,1181.9,10.0,1063.71,882.89
477,UB-000209,73,1,1011.76,0.0,1011.76,662.98
478,UB-000210,117,2,559.71,0.0,1119.42,820.86
479,UB-000211,96,2,511.73,20.0,818.77,734.44
480,UB-000212,53,1,1283.68,0.0,1283.68,865.12
481,UB-000212,32,1,107.75,10.0,96.98,79.85
482,UB-000213,141,3,272.29,20.0,653.5,557.01
483,UB-000213,30,2,1369.62,0.0,2739.24,1730.22
484,UB-000213,139,1,702.32,0.0,702.32,504.16
485,UB-000214,12,1,554.03,5.0,526.33,425.66
486,UB-000214,123,2,474.96,10.0,854.93,657.8
487,UB-000215,44,1,753.86,5.0,716.17,587.81
488,UB-000216,124,1,550.17,0.0,550.17,445.56
489,UB-000216,16,1,1098.78,0.0,1098.78,816.38
490,UB-000216,73,3,1016.58,0.0,3049.74,1988.94
491,UB-000216,9,2,667.62,0.0,1335.24,1003.38
492,UB-000216,78,1,795.92,0.0,795.92,544.75
493,UB-000217,11,1,460.11,0.0,460.11,366.75
494,UB-000218,30,1,1397.61,0.0,1397.61,865.11
495,UB-000218,12,2,555.05,0.0,1110.1,851.32
496,UB-000219,94,1,740.47,0.0,740.47,538.36
497,UB-000219,74,4,1129.01,10.0,4064.44,3531.56
498,UB-000220,27,1,1098.55,10.0,988.69,891.38
499,UB-000221,115,3,1219.17,15.0,3108.88,2396.76
500,UB-000221,18,1,853.38,0.0,853.38,648.71
501,UB-000221,138,4,924.13,0.0,3696.52,2418.4
502,UB-000222,5,4,1377.74,15.0,4684.32,3489.0
503,UB-000222,110,4,909.13,0.0,3636.52,2717.36
504,UB-000222,108,2,1097.87,0.0,2195.74,1591.1
505,UB-000223,70,2,1343.56,0.0,2687.12,1729.18
506,UB-000223,114,3,1022.96,15.0,2608.55,1937.61
507,UB-000224,115,3,1206.53,5.0,3438.61,2396.76
508,UB-000224,134,1,934.42,0.0,934.42,633.2
509,UB-000225,71,1,194.16,10.0,174.74,122.07
510,UB-000225,124,1,539.63,20.0,431.7,445.56
511,UB-000226,36,1,838.23,0.0,838.23,533.78
512,UB-000227,59,4,304.2,0.0,1216.8,967.52
513,UB-000227,127,2,301.72,10.0,543.1,444.52
514,UB-000227,39,3,869.78,0.0,2609.34,1842.21
515,UB-000228,60,1,185.53,0.0,185.53,144.82
516,UB-000228,30,1,1342.87,0.0,1342.87,865.11
517,UB-000229,19,1,697.64,0.0,697.64,474.21
518,UB-000229,77,2,279.68,15.0,475.46,391.26
519,UB-000230,79,1,741.2,0.0,741.2,478.88
520,UB-000230,1,5,300.85,0.0,1504.25,1051.55
521,UB-000231,79,1,760.91,0.0,760.91,478.88
522,UB-000232,53,1,1324.57,0.0,1324.57,865.12
523,UB-000232,117,1,536.12,20.0,428.9,410.43
524,UB-000232,105,2,1251.6,5.0,2378.04,1777.9
525,UB-000232,85,2,337.89,0.0,675.78,465.36
526,UB-000233,63,2,253.23,0.0,506.46,334.46
527,UB-000233,138,1,914.92,0.0,914.92,604.6
528,UB-000233,69,2,310.13,10.0,558.23,469.2
529,UB-000233,75,1,882.6,0.0,882.6,587.78
530,UB-000234,115,1,1192.01,0.0,1192.01,798.92
531,UB-000234,141,1,272.11,0.0,272.11,185.67
532,UB-000234,14,1,739.68,0.0,739.68,569.64
533,UB-000235,35,4,788.71,0.0,3154.84,2270.52
534,UB-000235,22,1,658.15,0.0,658.15,475.66
535,UB-000235,119,1,602.59,15.0,512.2,477.5
536,UB-000235,47,1,106.53,0.0,106.53,87.48
537,UB-000236,142,2,473.06,0.0,946.12,812.58
538,UB-000236,104,1,1229.7,0.0,1229.7,879.92
539,UB-000237,33,1,426.56,10.0,383.9,296.56
540,UB-000237,94,2,764.28,5.0,1452.13,1076.72
541,UB-000237,98,3,590.89,5.0,1684.04,1401.99
542,UB-000237,7,2,1030.63,0.0,2061.26,1507.5
543,UB-000237,58,2,555.66,0.0,1111.32,713.12
544,UB-000238,12,1,572.25,15.0,486.41,425.66
545,UB-000239,134,3,969.96,10.0,2618.89,1899.6
546,UB-000239,126,1,1272.21,0.0,1272.21,803.5
547,UB-000239,2,2,485.99,0.0,971.98,742.44
548,UB-000240,54,2,1037.19,0.0,2074.38,1614.36
549,UB-000240,141,1,276.11,0.0,276.11,185.67
550,UB-000240,108,2,1134.22,0.0,2268.44,1591.1
551,UB-000240,34,3,163.7,0.0,491.1,414.09
552,UB-000241,9,1,674.77,0.0,674.77,501.69
553,UB-000241,111,3,640.16,15.0,1632.41,1670.37
554,UB-000242,98,1,589.97,0.0,589.97,467.33
555,UB-000243,55,1,884.04,0.0,884.04,606.14
556,UB-000244,17,1,858.09,5.0,815.19,644.64
557,UB-000244,48,1,352.44,0.0,352.44,254.63
558,UB-000244,103,1,913.49,0.0,913.49,681.52
559,UB-000244,1,2,316.07,15.0,537.32,420.62
560,UB-000244,93,1,92.47,0.0,92.47,72.83
561,UB-000245,92,1,843.57,20.0,674.86,524.51
562,UB-000246,25,4,672.73,15.0,2287.28,1985.12
563,UB-000247,35,2,803.72,0.0,1607.44,1135.26
564,UB-000247,135,1,610.56,0.0,610.56,397.42
565,UB-000248,6,1,990.2,0.0,990.2,692.29
566,UB-000249,57,3,752.73,20.0,1806.55,1703.1
567,UB-000249,87,3,380.04,10.0,1026.11,890.04
568,UB-000249,140,2,303.44,0.0,606.88,390.12
569,UB-000249,66,1,936.84,5.0,890.0,716.35
570,UB-000249,141,4,284.91,20.0,911.71,742.68
571,UB-000250,37,1,1042.73,10.0,938.46,831.45
572,UB-000251,35,1,803.04,15.0,682.58,567.63
573,UB-000251,40,1,364.87,0.0,364.87,255.94
574,UB-000252,52,1,633.35,0.0,633.35,457.32
575,UB-000253,15,1,1247.61,0.0,1247.61,855.33
576,UB-000254,34,1,162.06,5.0,153.96,138.03
577,UB-000254,83,1,874.25,0.0,874.25,707.0
578,UB-000255,26,1,220.04,0.0,220.04,138.49
579,UB-000255,40,4,362.85,0.0,1451.4,1023.76
580,UB-000255,75,1,869.8,0.0,869.8,587.78
581,UB-000255,54,1,1016.12,0.0,1016.12,807.18
582,UB-000255,14,2,746.02,0.0,1492.04,1139.28
583,UB-000256,19,1,670.27,5.0,636.76,474.21
584,UB-000256,37,2,1063.08,10.0,1913.54,1662.9
585,UB-000257,144,1,430.02,0.0,430.02,300.62
586,UB-000258,121,1,928.3,5.0,881.88,683.69
587,UB-000258,135,1,595.62,0.0,595.62,397.42
588,UB-000258,79,2,771.68,0.0,1543.36,957.76
589,UB-000259,22,4,641.23,0.0,2564.92,1902.64
590,UB-000259,19,2,673.66,5.0,1279.95,948.42
591,UB-000259,10,1,98.21,5.0,93.3,70.79
592,UB-000260,30,2,1337.04,0.0,2674.08,1730.22
593,UB-000260,15,1,1206.22,10.0,1085.6,855.33
594,UB-000261,131,4,880.52,10.0,3169.87,2752.12
595,UB-000262,30,1,1397.26,0.0,1397.26,865.11
596,UB-000263,30,4,1368.2,0.0,5472.8,3460.44
597,UB-000264,8,1,378.22,0.0,378.22,293.44
598,UB-000264,14,1,743.52,10.0,669.17,569.64
599,UB-000265,39,2,868.78,10.0,1563.8,1228.14
600,UB-000266,17,2,831.59,0.0,1663.18,1289.28
601,UB-000266,74,1,1131.91,5.0,1075.31,882.89
602,UB-000267,13,1,360.84,5.0,342.8,235.91
603,UB-000268,81,1,1030.3,10.0,927.27,710.48
604,UB-000268,59,1,302.43,0.0,302.43,241.88
605,UB-000268,108,1,1108.21,0.0,1108.21,795.55
606,UB-000268,79,5,750.32,0.0,3751.6,2394.4
607,UB-000269,102,1,1236.28,0.0,1236.28,829.38
608,UB-000270,63,1,252.63,0.0,252.63,167.23
609,UB-000271,124,2,524.08,0.0,1048.16,891.12
610,UB-000272,68,2,218.77,5.0,415.66,322.38
611,UB-000272,75,1,874.7,0.0,874.7,587.78
612,UB-000272,117,1,561.77,15.0,477.5,410.43
613,UB-000273,28,1,865.03,10.0,778.53,673.25
614,UB-000273,37,1,1078.76,0.0,1078.76,831.45
615,UB-000274,90,1,690.86,5.0,656.32,507.26
616,UB-000274,100,2,198.26,15.0,337.04,317.76
617,UB-000274,120,1,726.26,5.0,689.95,488.5
618,UB-000275,84,3,1276.19,0.0,3828.57,2436.36
619,UB-000275,118,1,627.41,20.0,501.93,421.79
620,UB-000276,81,3,1045.55,10.0,2822.98,2131.44
621,UB-000276,126,3,1253.33,5.0,3571.99,2410.5
622,UB-000277,101,2,1122.02,0.0,2244.04,1786.54
623,UB-000277,79,2,740.42,0.0,1480.84,957.76
624,UB-000278,47,1,106.53,5.0,101.2,87.48
625,UB-000279,138,2,895.76,0.0,1791.52,1209.2
626,UB-000280,124,1,536.72,0.0,536.72,445.56
627,UB-000280,103,1,934.84,5.0,888.1,681.52
628,UB-000281,2,4,481.94,0.0,1927.76,1484.88
629,UB-000282,108,1,1118.83,0.0,1118.83,795.55
630,UB-000283,96,1,498.9,0.0,498.9,367.22
631,UB-000283,75,1,907.28,0.0,907.28,587.78
632,UB-000283,81,1,1055.1,0.0,1055.1,710.48
633,UB-000283,59,2,293.54,0.0,587.08,483.76
634,UB-000284,83,1,865.49,0.0,865.49,707.0
635,UB-000285,19,3,677.22,5.0,1930.08,1422.63
636,UB-000285,54,4,1018.04,0.0,4072.16,3228.72
637,UB-000286,142,1,493.63,5.0,468.95,406.29
638,UB-000286,126,5,1243.96,0.0,6219.8,4017.5
639,UB-000286,26,4,224.21,10.0,807.16,553.96
640,UB-000286,34,1,161.64,0.0,161.64,138.03
641,UB-000287,50,3,432.25,15.0,1102.24,983.07
642,UB-000287,23,5,900.76,0.0,4503.8,3137.7
643,UB-000288,76,1,794.09,10.0,714.68,616.89
644,UB-000289,86,1,485.49,0.0,485.49,409.68
645,UB-000290,52,1,661.98,0.0,661.98,457.32
646,UB-000290,19,2,693.1,0.0,1386.2,948.42
647,UB-000290,35,1,795.94,5.0,756.14,567.63
648,UB-000290,17,3,831.42,0.0,2494.26,1933.92
649,UB-000291,28,1,877.17,0.0,877.17,673.25
650,UB-000291,120,1,728.1,0.0,728.1,488.5
651,UB-000291,34,4,160.4,0.0,641.6,552.12
652,UB-000292,62,1,386.29,0.0,386.29,260.55
653,UB-000292,116,1,740.71,10.0,666.64,498.56
654,UB-000293,84,1,1257.75,10.0,1131.98,812.12
655,UB-000294,131,1,890.47,15.0,756.9,688.03
656,UB-000294,50,1,419.8,0.0,419.8,327.69
657,UB-000294,112,2,467.61,0.0,935.22,676.08
658,UB-000295,2,1,481.38,5.0,457.31,371.22
659,UB-000295,8,3,369.68,0.0,1109.04,880.32
660,UB-000296,34,4,160.38,5.0,609.44,552.12
661,UB-000297,135,1,614.14,10.0,552.73,397.42
662,UB-000297,91,1,451.32,5.0,428.75,321.07
663,UB-000298,97,1,1125.05,0.0,1125.05,712.55
664,UB-000298,8,2,367.25,20.0,587.6,586.88
665,UB-000298,120,1,739.67,5.0,702.69,488.5
666,UB-000298,32,1,101.57,0.0,101.57,79.85
667,UB-000299,92,2,815.56,5.0,1549.56,1049.02
668,UB-000299,54,4,1016.02,0.0,4064.08,3228.72
669,UB-000299,91,4,447.97,5.0,1702.29,1284.28
670,UB-000300,45,1,791.09,15.0,672.43,610.87
671,UB-000300,27,1,1090.46,0.0,1090.46,891.38
672,UB-000301,77,2,279.99,15.0,475.98,391.26
673,UB-000301,31,2,711.54,10.0,1280.77,1163.18
674,UB-000302,3,2,1119.4,0.0,2238.8,1448.08
675,UB-000302,63,1,255.39,10.0,229.85,167.23
676,UB-000302,136,2,1391.46,20.0,2226.34,1733.96
677,UB-000302,131,1,915.02,5.0,869.27,688.03
678,UB-000302,126,3,1257.26,0.0,3771.78,2410.5
679,UB-000303,49,2,982.65,0.0,1965.3,1228.08
680,UB-000303,85,1,332.15,15.0,282.33,232.68
681,UB-000303,77,2,278.95,0.0,557.9,391.26
682,UB-000304,58,1,568.38,20.0,454.7,356.56
683,UB-000304,98,3,586.81,0.0,1760.43,1401.99
684,UB-000304,114,1,1000.18,0.0,1000.18,645.87
685,UB-000305,75,1,891.06,0.0,891.06,587.78
686,UB-000306,16,1,1069.28,0.0,1069.28,816.38
687,UB-000306,134,1,957.02,15.0,813.47,633.2
688,UB-000306,142,3,496.31,0.0,1488.93,1218.87
689,UB-000306,114,1,993.61,0.0,993.61,645.87
690,UB-000307,47,1,106.6,0.0,106.6,87.48
691,UB-000307,17,3,869.4,10.0,2347.38,1933.92
692,UB-000307,71,1,187.98,10.0,169.18,122.07
693,UB-000307,99,1,110.88,0.0,110.88,80.94
694,UB-000308,110,1,936.71,0.0,936.71,679.34
695,UB-000308,60,2,184.38,10.0,331.88,289.64
696,UB-000309,110,2,951.51,5.0,1807.87,1358.68
697,UB-000309,19,1,664.73,20.0,531.78,474.21
698,UB-000309,123,1,457.27,15.0,388.68,328.9
699,UB-000310,56,1,517.52,5.0,491.64,348.78
700,UB-000310,21,1,802.49,0.0,802.49,582.06
701,UB-000310,69,2,314.69,0.0,629.38,469.2
702,UB-000310,40,1,365.46,0.0,365.46,255.94
703,UB-000311,38,2,1046.54,0.0,2093.08,1443.38
704,UB-000312,104,2,1235.26,0.0,2470.52,1759.84
705,UB-000313,124,2,547.72,10.0,985.9,891.12
706,UB-000314,4,1,781.73,0.0,781.73,608.34
707,UB-000315,1,2,298.62,10.0,537.52,420.62
708,UB-000316,111,2,659.52,5.0,1253.09,1113.58
709,UB-000316,105,1,1278.91,0.0,1278.91,888.95
710,UB-000317,141,2,274.43,0.0,548.86,371.34
711,UB-000317,28,1,907.99,0.0,907.99,673.25
712,UB-000318,93,4,90.54,15.0,307.84,291.32
713,UB-000318,97,2,1171.5,15.0,1991.55,1425.1
714,UB-000319,10,3,95.11,0.0,285.33,212.37
715,UB-000319,116,1,752.89,0.0,752.89,498.56
716,UB-000319,17,1,856.95,0.0,856.95,644.64
717,UB-000320,73,2,980.09,5.0,1862.17,1325.96
718,UB-000320,115,1,1171.04,0.0,1171.04,798.92
719,UB-000321,65,2,740.36,0.0,1480.72,1051.2
720,UB-000321,108,1,1100.76,0.0,1100.76,795.55
721,UB-000321,29,1,749.1,0.0,749.1,536.32
722,UB-000321,110,1,935.8,0.0,935.8,679.34
723,UB-000322,10,2,97.97,0.0,195.94,141.58
724,UB-000322,49,1,946.98,0.0,946.98,614.04
725,UB-000323,54,3,1054.02,10.0,2845.85,2421.54
726,UB-000323,68,4,226.99,10.0,817.16,644.76
727,UB-000324,21,1,805.43,15.0,684.62,582.06
728,UB-000325,82,1,1043.4,0.0,1043.4,685.33
729,UB-000325,39,1,894.89,5.0,850.15,614.07
730,UB-000326,17,2,829.01,5.0,1575.12,1289.28
731,UB-000326,40,2,372.1,10.0,669.78,511.88
732,UB-000327,97,4,1138.65,10.0,4099.14,2850.2
733,UB-000327,103,4,930.88,0.0,3723.52,2726.08
734,UB-000328,10,2,95.41,0.0,190.82,141.58
735,UB-000328,35,3,790.73,5.0,2253.58,1702.89
736,UB-000328,19,4,693.61,20.0,2219.55,1896.84
737,UB-000329,108,2,1103.73,15.0,1876.34,1591.1
738,UB-000329,12,1,572.62,0.0,572.62,425.66
739,UB-000329,94,1,740.4,0.0,740.4,538.36
740,UB-000329,121,3,897.52,0.0,2692.56,2051.07
741,UB-000329,26,4,213.04,0.0,852.16,553.96
742,UB-000330,65,1,729.56,10.0,656.6,525.6
743,UB-000331,41,1,927.06,5.0,880.71,743.96
744,UB-000332,15,2,1193.52,0.0,2387.04,1710.66
745,UB-000333,24,1,96.68,5.0,91.85,61.51
746,UB-000333,99,1,110.16,5.0,104.65,80.94
747,UB-000334,82,1,1049.66,0.0,1049.66,685.33
748,UB-000335,59,1,291.21,15.0,247.53,241.88
749,UB-000336,33,1,449.3,0.0,449.3,296.56
750,UB-000336,129,1,1191.05,0.0,1191.05,766.85
751,UB-000337,138,1,883.68,5.0,839.5,604.6
752,UB-000337,96,1,516.96,5.0,491.11,367.22
753,UB-000338,52,2,664.34,0.0,1328.68,914.64
754,UB-000338,128,1,173.04,5.0,164.39,141.91
755,UB-000338,121,3,928.54,0.0,2785.62,2051.07
756,UB-000338,106,4,1030.24,10.0,3708.86,2879.04
757,UB-000338,86,3,490.82,20.0,1177.97,1229.04
758,UB-000339,45,1,828.81,10.0,745.93,610.87
759,UB-000339,100,1,200.16,0.0,200.16,158.88
760,UB-000339,10,1,98.5,0.0,98.5,70.79
761,UB-000340,61,1,1117.98,0.0,1117.98,828.14
762,UB-000341,84,1,1309.74,0.0,1309.74,812.12
763,UB-000341,125,2,333.41,20.0,533.46,427.46
764,UB-000341,137,2,1268.52,0.0,2537.04,1632.44
765,UB-000342,19,1,693.4,0.0,693.4,474.21
766,UB-000343,110,1,908.07,0.0,908.07,679.34
767,UB-000343,67,4,152.68,0.0,610.72,384.8
768,UB-000344,104,1,1274.98,5.0,1211.23,879.92
769,UB-000344,44,3,785.76,5.0,2239.42,1763.43
770,UB-000345,126,1,1221.15,0.0,1221.15,803.5
771,UB-000346,38,1,1085.05,0.0,1085.05,721.69
772,UB-000346,94,1,751.13,20.0,600.9,538.36
773,UB-000346,30,1,1384.4,0.0,1384.4,865.11
774,UB-000347,29,1,709.9,15.0,603.41,536.32
775,UB-000347,42,2,593.3,15.0,1008.61,796.76
776,UB-000348,40,2,379.28,10.0,682.7,511.88
777,UB-000349,23,2,894.07,0.0,1788.14,1255.08
778,UB-000349,137,1,1287.95,0.0,1287.95,816.22
779,UB-000349,80,3,415.92,20.0,998.21,907.74
780,UB-000349,143,2,808.37,0.0,1616.74,1229.42
781,UB-000350,70,1,1391.22,0.0,1391.22,864.59
782,UB-000351,2,3,495.24,15.0,1262.86,1113.66
783,UB-000351,86,4,472.62,5.0,1795.96,1638.72
784,UB-000352,128,1,175.48,0.0,175.48,141.91
785,UB-000352,32,1,105.28,5.0,100.02,79.85
786,UB-000352,140,1,305.69,0.0,305.69,195.06
787,UB-000353,66,3,938.12,0.0,2814.36,2149.05
788,UB-000353,127,3,307.11,0.0,921.33,666.78
789,UB-000354,34,1,163.94,15.0,139.35,138.03
790,UB-000354,24,1,94.16,0.0,94.16,61.51
791,UB-000354,122,1,626.08,0.0,626.08,508.02
792,UB-000355,21,1,791.7,15.0,672.95,582.06
793,UB-000355,64,2,317.77,5.0,603.76,428.54
794,UB-000356,95,3,475.02,10.0,1282.55,1109.4
795,UB-000356,65,1,725.06,20.0,580.05,525.6
796,UB-000357,99,1,114.31,0.0,114.31,80.94
797,UB-000357,83,2,863.41,0.0,1726.82,1414.0
798,UB-000358,106,2,1060.42,10.0,1908.76,1439.52
799,UB-000359,102,2,1183.6,0.0,2367.2,1658.76
800,UB-000360,79,1,766.47,0.0,766.47,478.88
801,UB-000360,4,1,799.57,5.0,759.59,608.34
802,UB-000360,91,1,472.99,0.0,472.99,321.07
803,UB-000360,18,1,821.31,15.0,698.11,648.71
804,UB-000361,29,2,725.81,5.0,1379.04,1072.64
805,UB-000362,42,3,602.63,0.0,1807.89,1195.14
806,UB-000363,95,3,477.68,10.0,1289.74,1109.4
807,UB-000363,36,3,860.27,15.0,2193.69,1601.34
808,UB-000363,10,3,97.48,0.0,292.44,212.37
809,UB-000363,107,2,315.03,0.0,630.06,456.9
810,UB-000364,23,5,912.78,0.0,4563.9,3137.7
811,UB-000364,74,4,1149.23,0.0,4596.92,3531.56
812,UB-000364,59,1,288.63,0.0,288.63,241.88
813,UB-000365,83,1,872.26,0.0,872.26,707.0
814,UB-000365,134,1,930.52,5.0,883.99,633.2
815,UB-000365,142,2,477.13,0.0,954.26,812.58
816,UB-000365,28,1,895.67,0.0,895.67,673.25
817,UB-000366,126,1,1240.04,0.0,1240.04,803.5
818,UB-000367,55,1,931.6,5.0,885.02,606.14
819,UB-000367,79,1,745.77,0.0,745.77,478.88
820,UB-000367,51,1,229.06,0.0,229.06,158.99
821,UB-000367,101,1,1112.14,5.0,1056.53,893.27
822,UB-000368,94,4,747.46,0.0,2989.84,2153.44
823,UB-000368,28,1,870.25,0.0,870.25,673.25
824,UB-000369,41,1,897.17,5.0,852.31,743.96
825,UB-000369,101,1,1120.25,5.0,1064.24,893.27
826,UB-000369,58,2,565.46,5.0,1074.37,713.12
827,UB-000370,47,1,108.94,0.0,108.94,87.48
828,UB-000370,37,4,1078.5,0.0,4314.0,3325.8
829,UB-000371,127,1,305.89,5.0,290.6,222.26
830,UB-000371,19,1,689.37,10.0,620.43,474.21
831,UB-000371,137,3,1324.08,0.0,3972.24,2448.66
832,UB-000372,42,1,613.76,0.0,613.76,398.38
833,UB-000372,67,2,154.39,0.0,308.78,192.4
834,UB-000373,13,1,364.37,10.0,327.93,235.91
835,UB-000373,73,1,1014.51,0.0,1014.51,662.98
836,UB-000373,61,2,1083.67,10.0,1950.61,1656.28
837,UB-000374,79,1,760.96,0.0,760.96,478.88
838,UB-000375,68,1,224.24,10.0,201.82,161.19
839,UB-000376,114,1,984.91,10.0,886.42,645.87
840,UB-000376,12,1,560.38,0.0,560.38,425.66
841,UB-000376,144,2,431.24,10.0,776.23,601.24
842,UB-000376,109,1,159.67,0.0,159.67,98.8
843,UB-000376,34,2,160.05,0.0,320.1,276.06
844,UB-000377,1,2,305.62,5.0,580.68,420.62
845,UB-000377,66,5,979.7,15.0,4163.72,3581.75
846,UB-000378,83,1,839.44,0.0,839.44,707.0
847,UB-000378,65,2,713.01,5.0,1354.72,1051.2
848,UB-000378,88,1,701.41,0.0,701.41,553.89
849,UB-000378,75,1,893.49,0.0,893.49,587.78
850,UB-000378,47,1,104.07,0.0,104.07,87.48
851,UB-000379,60,2,185.83,0.0,371.66,289.64
852,UB-000379,103,3,918.11,0.0,2754.33,2044.56
853,UB-000380,131,1,899.28,0.0,899.28,688.03
854,UB-000381,65,1,700.35,0.0,700.35,525.6
855,UB-000381,11,1,450.43,0.0,450.43,366.75
856,UB-000381,12,2,557.37,5.0,1059.0,851.32
857,UB-000381,86,2,489.08,15.0,831.44,819.36
858,UB-000382,13,2,365.27,0.0,730.54,471.82
859,UB-000382,49,4,960.89,0.0,3843.56,2456.16
860,UB-000382,102,3,1207.81,0.0,3623.43,2488.14
861,UB-000382,74,2,1131.03,0.0,2262.06,1765.78
862,UB-000383,130,2,895.97,0.0,1791.94,1307.06
863,UB-000383,136,1,1345.86,0.0,1345.86,866.98
864,UB-000383,14,4,740.0,0.0,2960.0,2278.56
865,UB-000384,57,1,787.44,10.0,708.7,567.7
866,UB-000384,98,1,567.19,0.0,567.19,467.33
867,UB-000384,71,1,190.79,0.0,190.79,122.07
868,UB-000385,134,2,960.78,10.0,1729.4,1266.4
869,UB-000385,57,1,752.46,0.0,752.46,567.7
870,UB-000385,67,3,153.24,0.0,459.72,288.6
871,UB-000385,141,3,286.19,0.0,858.57,557.01
872,UB-000385,27,1,1096.47,10.0,986.82,891.38
873,UB-000386,139,1,711.03,15.0,604.38,504.16
874,UB-000386,49,4,945.61,0.0,3782.44,2456.16
875,UB-000386,11,3,454.49,0.0,1363.47,1100.25
876,UB-000387,128,1,173.27,10.0,155.94,141.91
877,UB-000387,106,1,1036.22,0.0,1036.22,719.76
878,UB-000388,55,1,904.2,0.0,904.2,606.14
879,UB-000389,118,1,624.12,0.0,624.12,421.79
880,UB-000389,53,1,1286.92,15.0,1093.88,865.12
881,UB-000389,74,1,1178.74,0.0,1178.74,882.89
882,UB-000389,130,1,936.67,15.0,796.17,653.53
883,UB-000390,133,2,509.34,10.0,916.81,640.74
884,UB-000391,37,2,1059.1,0.0,2118.2,1662.9
885,UB-000391,36,2,849.12,0.0,1698.24,1067.56
886,UB-000391,110,3,913.38,0.0,2740.14,2038.02
887,UB-000392,93,4,93.98,15.0,319.53,291.32
888,UB-000392,80,4,395.81,5.0,1504.08,1210.32
889,UB-000392,110,5,926.66,10.0,4169.97,3396.7
890,UB-000393,1,5,312.3,5.0,1483.42,1051.55
891,UB-000394,111,3,677.97,0.0,2033.91,1670.37
892,UB-000395,66,2,972.88,5.0,1848.47,1432.7
893,UB-000395,14,3,770.15,0.0,2310.45,1708.92
894,UB-000395,110,2,904.68,5.0,1718.89,1358.68
895,UB-000395,96,4,493.14,5.0,1873.93,1468.88
896,UB-000395,103,2,915.89,0.0,1831.78,1363.04
897,UB-000396,4,1,813.74,0.0,813.74,608.34
898,UB-000396,134,1,943.47,5.0,896.3,633.2
899,UB-000396,15,3,1221.83,0.0,3665.49,2565.99
900,UB-000396,111,1,654.01,0.0,654.01,556.79
901,UB-000396,103,4,902.73,5.0,3430.37,2726.08
902,UB-000397,80,2,405.26,10.0,729.47,605.16
903,UB-000397,60,1,190.49,0.0,190.49,144.82
904,UB-000397,54,5,1032.45,10.0,4646.03,4035.9
905,UB-000397,43,1,169.43,0.0,169.43,116.88
906,UB-000398,9,1,684.77,0.0,684.77,501.69
907,UB-000398,52,2,646.34,0.0,1292.68,914.64
908,UB-000398,20,3,968.65,5.0,2760.65,2022.72
909,UB-000399,132,2,1214.28,0.0,2428.56,1620.16
910,UB-000400,81,3,1060.98,10.0,2864.65,2131.44
911,UB-000400,47,2,105.24,10.0,189.43,174.96
912,UB-000401,2,1,501.51,5.0,476.43,371.22
913,UB-000402,99,2,112.77,20.0,180.43,161.88
914,UB-000402,81,3,1023.15,10.0,2762.51,2131.44
915,UB-000402,133,2,498.19,10.0,896.74,640.74
916,UB-000402,53,3,1313.1,0.0,3939.3,2595.36
917,UB-000403,113,1,884.36,0.0,884.36,695.0
918,UB-000403,128,5,173.17,5.0,822.56,709.55
919,UB-000404,78,3,818.9,15.0,2088.19,1634.25
920,UB-000404,84,1,1242.55,5.0,1180.42,812.12
921,UB-000404,102,1,1203.85,0.0,1203.85,829.38
922,UB-000404,103,1,907.97,10.0,817.17,681.52
923,UB-000404,19,3,682.31,5.0,1944.58,1422.63
924,UB-000405,144,1,425.14,0.0,425.14,300.62
925,UB-000406,3,2,1167.36,0.0,2334.72,1448.08
926,UB-000407,39,1,887.85,5.0,843.46,614.07
927,UB-000407,103,1,904.64,15.0,768.94,681.52
928,UB-000407,27,1,1043.24,5.0,991.08,891.38
929,UB-000407,4,1,811.71,5.0,771.12,608.34
930,UB-000408,131,3,908.2,10.0,2452.14,2064.09
931,UB-000408,104,1,1269.59,5.0,1206.11,879.92
932,UB-000409,137,1,1275.55,5.0,1211.77,816.22
933,UB-000409,29,2,733.1,0.0,1466.2,1072.64
934,UB-000410,23,1,909.95,0.0,909.95,627.54
935,UB-000410,63,1,258.13,5.0,245.22,167.23
936,UB-000410,36,1,855.93,0.0,855.93,533.78
937,UB-000411,50,1,421.37,10.0,379.23,327.69
938,UB-000412,119,1,602.38,0.0,602.38,477.5
939,UB-000412,48,1,362.48,10.0,326.23,254.63
940,UB-000412,33,1,444.49,0.0,444.49,296.56
941,UB-000412,69,1,303.97,20.0,243.18,234.6
942,UB-000413,68,2,218.04,15.0,370.67,322.38
943,UB-000413,136,1,1394.98,0.0,1394.98,866.98
944,UB-000413,13,1,361.53,10.0,325.38,235.91
945,UB-000414,21,2,787.93,0.0,1575.86,1164.12
946,UB-000414,63,1,251.33,0.0,251.33,167.23
947,UB-000414,103,1,908.39,5.0,862.97,681.52
948,UB-000415,87,1,384.74,0.0,384.74,296.68
949,UB-000415,37,2,1037.63,0.0,2075.26,1662.9
950,UB-000415,10,2,98.71,0.0,197.42,141.58
951,UB-000415,85,2,326.11,5.0,619.61,465.36
952,UB-000416,5,1,1393.01,0.0,1393.01,872.25
953,UB-000416,135,1,608.2,0.0,608.2,397.42
954,UB-000416,52,2,669.92,0.0,1339.84,914.64
955,UB-000416,93,2,95.09,10.0,171.16,145.66
956,UB-000417,20,1,980.27,10.0,882.24,674.24
957,UB-000417,102,2,1234.57,0.0,2469.14,1658.76
958,UB-000417,77,1,285.84,10.0,257.26,195.63
959,UB-000417,105,1,1241.19,0.0,1241.19,888.95
960,UB-000418,114,1,1031.54,0.0,1031.54,645.87
961,UB-000418,56,1,527.16,20.0,421.73,348.78
962,UB-000418,27,1,1063.73,0.0,1063.73,891.38
963,UB-000419,73,1,1009.95,0.0,1009.95,662.98
964,UB-000419,113,1,885.7,0.0,885.7,695.0
965,UB-000420,100,1,203.55,0.0,203.55,158.88
966,UB-000420,16,3,1079.63,0.0,3238.89,2449.14
967,UB-000421,131,5,914.97,0.0,4574.85,3440.15
968,UB-000422,54,1,1042.4,5.0,990.28,807.18
969,UB-000423,44,1,779.8,5.0,740.81,587.81
970,UB-000423,26,1,217.99,5.0,207.09,138.49
971,UB-000424,64,1,321.46,0.0,321.46,214.27
972,UB-000424,30,1,1368.98,5.0,1300.53,865.11
973,UB-000425,133,3,516.17,0.0,1548.51,961.11
974,UB-000426,114,2,1006.77,0.0,2013.54,1291.74
975,UB-000426,100,3,200.64,15.0,511.63,476.64
976,UB-000427,34,4,163.54,0.0,654.16,552.12
977,UB-000428,57,1,776.51,20.0,621.21,567.7
978,UB-000428,74,3,1175.82,15.0,2998.34,2648.67
979,UB-000428,89,1,595.53,0.0,595.53,419.15
980,UB-000429,128,3,174.24,0.0,522.72,425.73
981,UB-000430,131,1,922.45,10.0,830.21,688.03
982,UB-000430,78,1,798.83,20.0,639.06,544.75
983,UB-000430,74,1,1153.92,5.0,1096.22,882.89
984,UB-000430,137,4,1263.19,0.0,5052.76,3264.88
985,UB-000431,40,2,372.1,5.0,706.99,511.88
986,UB-000431,16,1,1095.44,0.0,1095.44,816.38
987,UB-000432,126,1,1244.11,15.0,1057.49,803.5
988,UB-000433,104,4,1275.05,0.0,5100.2,3519.68
989,UB-000433,88,3,708.45,0.0,2125.35,1661.67
990,UB-000434,123,2,476.95,10.0,858.51,657.8
991,UB-000435,143,5,822.82,0.0,4114.1,3073.55
992,UB-000435,90,2,677.57,20.0,1084.11,1014.52
993,UB-000436,37,3,1042.48,10.0,2814.7,2494.35
994,UB-000436,103,2,895.33,20.0,1432.53,1363.04
995,UB-000437,25,1,674.88,15.0,573.65,496.28
996,UB-000437,57,2,780.56,0.0,1561.12,1135.4
997,UB-000438,70,3,1416.84,0.0,4250.52,2593.77
998,UB-000439,61,3,1072.86,0.0,3218.58,2484.42
999,UB-000439,127,1,309.23,10.0,278.31,222.26
1000,UB-000439,29,5,750.24,0.0,3751.2,2681.6
1001,UB-000440,42,1,606.66,5.0,576.33,398.38
1002,UB-000440,33,2,432.42,0.0,864.84,593.12
1003,UB-000440,80,3,400.15,10.0,1080.4,907.74
1004,UB-000440,89,4,576.03,0.0,2304.12,1676.6
1005,UB-000440,11,1,473.46,0.0,473.46,366.75
1006,UB-000441,27,2,1104.31,0.0,2208.62,1782.76
1007,UB-000441,77,1,275.86,15.0,234.48,195.63
1008,UB-000441,136,1,1403.56,5.0,1333.38,866.98
1009,UB-000441,102,1,1184.1,0.0,1184.1,829.38
1010,UB-000441,7,1,1046.54,15.0,889.56,753.75
1011,UB-000442,103,2,912.68,20.0,1460.29,1363.04
1012,UB-000442,83,1,858.38,0.0,858.38,707.0
1013,UB-000443,58,3,574.62,15.0,1465.28,1069.68
1014,UB-000443,42,1,615.62,0.0,615.62,398.38
1015,UB-000443,113,3,873.95,0.0,2621.85,2085.0
1016,UB-000444,91,3,457.86,0.0,1373.58,963.21
1017,UB-000445,54,5,1004.15,0.0,5020.75,4035.9
1018,UB-000445,38,1,1046.18,0.0,1046.18,721.69
1019,UB-000446,65,1,713.33,0.0,713.33,525.6
1020,UB-000447,89,1,603.02,0.0,603.02,419.15
1021,UB-000447,135,1,608.74,0.0,608.74,397.42
1022,UB-000447,139,2,711.63,0.0,1423.26,1008.32
1023,UB-000448,104,2,1279.62,0.0,2559.24,1759.84
1024,UB-000449,112,3,446.33,15.0,1138.14,1014.12
1025,UB-000450,99,1,115.11,5.0,109.35,80.94
1026,UB-000450,34,1,165.18,0.0,165.18,138.03
1027,UB-000451,81,1,1033.99,0.0,1033.99,710.48
1028,UB-000452,53,2,1267.98,0.0,2535.96,1730.24
1029,UB-000452,56,2,514.46,20.0,823.14,697.56
1030,UB-000452,30,1,1336.46,0.0,1336.46,865.11
1031,UB-000452,6,1,957.36,0.0,957.36,692.29
1032,UB-000452,136,3,1358.23,5.0,3870.96,2600.94
1033,UB-000453,50,2,431.13,0.0,862.26,655.38
1034,UB-000454,50,3,443.53,10.0,1197.53,983.07
1035,UB-000454,78,2,817.04,5.0,1552.38,1089.5
1036,UB-000455,8,1,368.46,10.0,331.61,293.44
1037,UB-000455,135,3,623.91,0.0,1871.73,1192.26
1038,UB-000456,114,3,995.09,5.0,2836.01,1937.61
1039,UB-000456,58,1,561.36,0.0,561.36,356.56
1040,UB-000456,40,1,377.46,15.0,320.84,255.94
1041,UB-000457,110,1,957.65,15.0,814.0,679.34
1042,UB-000457,125,2,335.43,0.0,670.86,427.46
1043,UB-000458,87,2,385.94,0.0,771.88,593.36
1044,UB-000459,91,4,454.05,0.0,1816.2,1284.28
1045,UB-000459,124,2,542.27,0.0,1084.54,891.12
1046,UB-000459,113,2,890.02,15.0,1513.03,1390.0
1047,UB-000459,51,1,235.78,10.0,212.2,158.99
1048,UB-000460,105,1,1239.68,5.0,1177.7,888.95
1049,UB-000460,127,1,299.02,0.0,299.02,222.26
1050,UB-000461,67,1,154.06,0.0,154.06,96.2
1051,UB-000461,124,2,529.01,0.0,1058.02,891.12
1052,UB-000462,16,1,1098.14,10.0,988.33,816.38
1053,UB-000463,135,1,610.01,15.0,518.51,397.42
1054,UB-000464,72,2,986.62,10.0,1775.92,1483.2
1055,UB-000464,45,1,811.91,0.0,811.91,610.87
1056,UB-000464,49,3,946.87,10.0,2556.55,1842.12
1057,UB-000464,129,3,1186.51,0.0,3559.53,2300.55
1058,UB-000464,105,1,1262.04,0.0,1262.04,888.95
1059,UB-000465,102,3,1191.16,10.0,3216.13,2488.14
1060,UB-000465,64,1,317.48,10.0,285.73,214.27
1061,UB-000465,97,1,1139.01,0.0,1139.01,712.55
1062,UB-000466,101,1,1128.31,5.0,1071.89,893.27
1063,UB-000466,54,2,1005.84,0.0,2011.68,1614.36
1064,UB-000467,107,5,322.03,10.0,1449.13,1142.25
1065,UB-000468,20,4,930.23,0.0,3720.92,2696.96
1066,UB-000468,87,5,382.84,0.0,1914.2,1483.4
1067,UB-000469,88,1,708.14,0.0,708.14,553.89
1068,UB-000469,103,2,935.77,0.0,1871.54,1363.04
1069,UB-000470,53,3,1272.28,0.0,3816.84,2595.36
1070,UB-000470,134,1,924.75,10.0,832.27,633.2
1071,UB-000471,22,3,667.01,10.0,1800.93,1426.98
1072,UB-000471,31,2,709.19,5.0,1347.46,1163.18
1073,UB-000472,71,2,188.94,10.0,340.09,244.14
1074,UB-000473,76,1,819.11,0.0,819.11,616.89
1075,UB-000474,108,2,1132.48,0.0,2264.96,1591.1
1076,UB-000474,44,1,760.66,5.0,722.63,587.81
1077,UB-000474,31,1,725.93,0.0,725.93,581.59
1078,UB-000475,2,2,500.16,5.0,950.3,742.44
1079,UB-000476,18,1,834.85,10.0,751.37,648.71
1080,UB-000477,11,1,464.07,20.0,371.26,366.75
1081,UB-000477,10,1,97.08,0.0,97.08,70.79
1082,UB-000477,119,2,570.35,0.0,1140.7,955.0
1083,UB-000478,59,5,291.35,0.0,1456.75,1209.4
1084,UB-000479,78,2,808.82,0.0,1617.64,1089.5
1085,UB-000479,129,1,1161.91,0.0,1161.91,766.85
1086,UB-000480,48,2,355.5,20.0,568.8,509.26
1087,UB-000480,83,1,868.69,0.0,868.69,707.0
1088,UB-000480,108,1,1103.66,15.0,938.11,795.55
1089,UB-000481,122,2,653.93,0.0,1307.86,1016.04
1090,UB-000482,55,1,892.08,10.0,802.87,606.14
1091,UB-000482,29,3,711.71,0.0,2135.13,1608.96
1092,UB-000482,90,2,681.55,5.0,1294.94,1014.52
1093,UB-000482,79,1,755.4,0.0,755.4,478.88
1094,UB-000482,78,1,800.59,0.0,800.59,544.75
1095,UB-000483,23,1,895.23,0.0,895.23,627.54
1096,UB-000483,141,3,271.02,5.0,772.41,557.01
1097,UB-000483,8,1,382.99,0.0,382.99,293.44
1098,UB-000483,39,1,891.49,20.0,713.19,614.07
1099,UB-000484,17,3,874.92,5.0,2493.52,1933.92
1100,UB-000485,57,1,787.65,0.0,787.65,567.7
1101,UB-000485,19,1,667.11,15.0,567.04,474.21
1102,UB-000486,73,1,969.93,15.0,824.44,662.98
1103,UB-000486,108,3,1110.54,0.0,3331.62,2386.65
1104,UB-000486,116,1,774.29,10.0,696.86,498.56
1105,UB-000486,26,3,223.54,0.0,670.62,415.47
1106,UB-000486,22,3,671.77,0.0,2015.31,1426.98
1107,UB-000487,42,3,586.4,0.0,1759.2,1195.14
1108,UB-000487,20,1,982.18,5.0,933.07,674.24
1109,UB-000488,66,3,977.01,0.0,2931.03,2149.05
1110,UB-000488,62,1,394.93,15.0,335.69,260.55
1111,UB-000488,126,1,1283.39,5.0,1219.22,803.5
1112,UB-000489,64,1,318.54,5.0,302.61,214.27
1113,UB-000489,102,4,1170.71,5.0,4448.7,3317.52
1114,UB-000489,17,2,857.18,0.0,1714.36,1289.28
1115,UB-000490,70,1,1402.82,0.0,1402.82,864.59
1116,UB-000490,142,1,480.58,5.0,456.55,406.29
1117,UB-000491,42,2,595.27,0.0,1190.54,796.76
1118,UB-000492,137,3,1288.66,5.0,3672.68,2448.66
1119,UB-000492,10,2,98.03,0.0,196.06,141.58
1120,UB-000492,93,1,92.78,0.0,92.78,72.83
1121,UB-000493,8,4,385.54,0.0,1542.16,1173.76
1122,UB-000493,53,2,1317.47,15.0,2239.7,1730.24
1123,UB-000494,136,2,1358.2,5.0,2580.58,1733.96
1124,UB-000494,54,2,1007.63,5.0,1914.5,1614.36
1125,UB-000494,42,1,607.31,5.0,576.94,398.38
1126,UB-000495,20,2,944.63,0.0,1889.26,1348.48
1127,UB-000496,10,1,96.2,0.0,96.2,70.79
1128,UB-000496,92,2,813.7,15.0,1383.29,1049.02
1129,UB-000496,130,1,943.5,0.0,943.5,653.53
1130,UB-000497,14,1,771.44,0.0,771.44,569.64
1131,UB-000497,74,1,1173.63,0.0,1173.63,882.89
1132,UB-000498,143,1,820.97,10.0,738.87,614.71
1133,UB-000498,120,2,740.58,0.0,1481.16,977.0
1134,UB-000499,89,1,585.09,0.0,585.09,419.15
1135,UB-000500,80,1,403.32,0.0,403.32,302.58
1136,UB-000500,101,2,1102.32,0.0,2204.64,1786.54
1137,UB-000500,116,1,759.15,0.0,759.15,498.56
1138,UB-000500,81,3,1054.21,0.0,3162.63,2131.44
1139,UB-000501,60,2,190.06,0.0,380.12,289.64
1140,UB-000502,45,1,808.96,5.0,768.51,610.87
1141,UB-000502,67,1,150.41,0.0,150.41,96.2
1142,UB-000502,71,2,191.2,0.0,382.4,244.14
1143,UB-000503,86,3,476.6,0.0,1429.8,1229.04
1144,UB-000504,25,2,646.18,15.0,1098.51,992.56
1145,UB-000505,95,3,471.24,0.0,1413.72,1109.4
1146,UB-000505,105,3,1264.5,5.0,3603.82,2666.85
1147,UB-000505,103,1,915.69,10.0,824.12,681.52
1148,UB-000505,64,1,314.77,0.0,314.77,214.27
1149,UB-000506,103,2,915.09,0.0,1830.18,1363.04
1150,UB-000506,72,4,949.25,0.0,3797.0,2966.4
1151,UB-000507,42,1,617.45,0.0,617.45,398.38
1152,UB-000508,5,1,1399.92,15.0,1189.93,872.25
1153,UB-000509,113,1,865.32,10.0,778.79,695.0
1154,UB-000510,99,2,116.12,0.0,232.24,161.88
1155,UB-000510,111,1,663.85,5.0,630.66,556.79
1156,UB-000511,52,2,655.46,0.0,1310.92,914.64
1157,UB-000511,36,1,825.89,0.0,825.89,533.78
1158,UB-000512,71,3,195.53,0.0,586.59,366.21
1159,UB-000512,31,2,706.77,10.0,1272.19,1163.18
1160,UB-000513,123,2,461.95,10.0,831.51,657.8
1161,UB-000514,59,1,302.41,20.0,241.93,241.88
1162,UB-000514,100,1,199.07,10.0,179.16,158.88
1163,UB-000515,46,4,219.74,10.0,791.06,671.24
1164,UB-000515,29,3,711.96,5.0,2029.09,1608.96
1165,UB-000515,3,1,1153.16,0.0,1153.16,724.04
1166,UB-000515,60,1,192.85,0.0,192.85,144.82
1167,UB-000516,50,1,424.7,0.0,424.7,327.69
1168,UB-000516,13,1,366.93,10.0,330.24,235.91
1169,UB-000517,53,1,1319.91,10.0,1187.92,865.12
1170,UB-000517,105,1,1254.57,10.0,1129.11,888.95
1171,UB-000517,143,1,784.67,20.0,627.74,614.71
1172,UB-000517,25,3,649.73,0.0,1949.19,1488.84
1173,UB-000517,8,2,375.76,0.0,751.52,586.88
1174,UB-000518,97,3,1151.44,10.0,3108.89,2137.65
1175,UB-000519,6,2,963.95,10.0,1735.11,1384.58
1176,UB-000520,102,1,1215.8,0.0,1215.8,829.38
1177,UB-000521,97,2,1132.57,5.0,2151.88,1425.1
1178,UB-000521,138,1,926.51,0.0,926.51,604.6
1179,UB-000521,104,1,1267.75,0.0,1267.75,879.92
1180,UB-000522,61,1,1106.59,0.0,1106.59,828.14
1181,UB-000522,83,4,875.18,0.0,3500.72,2828.0
1182,UB-000523,121,1,885.73,0.0,885.73,683.69
1183,UB-000523,122,3,628.58,0.0,1885.74,1524.06
1184,UB-000523,87,1,394.45,0.0,394.45,296.68
1185,UB-000524,4,2,781.17,0.0,1562.34,1216.68
1186,UB-000525,91,1,450.34,0.0,450.34,321.07
1187,UB-000526,26,1,220.8,0.0,220.8,138.49
1188,UB-000526,7,1,1022.76,0.0,1022.76,753.75
1189,UB-000526,58,1,587.69,0.0,587.69,356.56
1190,UB-000527,95,1,487.29,0.0,487.29,369.8
1191,UB-000528,66,2,974.97,0.0,1949.94,1432.7
1192,UB-000529,60,3,188.28,15.0,480.11,434.46
1193,UB-000529,122,1,637.84,0.0,637.84,508.02
1194,UB-000529,33,1,425.21,0.0,425.21,296.56
1195,UB-000530,92,1,802.46,0.0,802.46,524.51
1196,UB-000531,111,1,674.55,10.0,607.1,556.79
1197,UB-000531,137,3,1308.93,0.0,3926.79,2448.66
1198,UB-000531,107,2,326.73,0.0,653.46,456.9
1199,UB-000532,27,5,1047.49,0.0,5237.45,4456.9
1200,UB-000532,35,1,791.75,0.0,791.75,567.63
1201,UB-000533,9,2,673.83,5.0,1280.28,1003.38
1202,UB-000533,122,1,644.98,10.0,580.48,508.02
1203,UB-000533,27,3,1069.94,0.0,3209.82,2674.14
1204,UB-000534,67,1,152.92,5.0,145.27,96.2
1205,UB-000534,31,1,715.58,10.0,644.02,581.59
1206,UB-000535,37,1,1058.86,0.0,1058.86,831.45
1207,UB-000535,89,1,602.46,0.0,602.46,419.15
1208,UB-000535,77,1,282.38,5.0,268.26,195.63
1209,UB-000536,34,1,163.55,20.0,130.84,138.03
1210,UB-000536,102,2,1169.56,0.0,2339.12,1658.76
1211,UB-000536,11,2,469.35,0.0,938.7,733.5
1212,UB-000537,46,1,214.74,0.0,214.74,167.81
1213,UB-000538,130,2,938.05,0.0,1876.1,1307.06
1214,UB-000539,49,2,936.07,5.0,1778.53,1228.08
1215,UB-000539,32,1,106.68,0.0,106.68,79.85
1216,UB-000539,112,1,456.73,5.0,433.89,338.04
1217,UB-000540,100,1,205.01,0.0,205.01,158.88
1218,UB-000540,139,1,693.41,10.0,624.07,504.16
1219,UB-000541,54,1,1043.52,15.0,886.99,807.18
1220,UB-000542,97,2,1105.2,0.0,2210.4,1425.1
1221,UB-000542,102,1,1188.07,0.0,1188.07,829.38
1222,UB-000543,55,1,926.46,5.0,880.14,606.14
1223,UB-000544,110,2,944.45,10.0,1700.01,1358.68
1224,UB-000544,91,2,466.67,0.0,933.34,642.14
1225,UB-000544,54,1,1043.07,0.0,1043.07,807.18
1226,UB-000545,136,3,1376.23,0.0,4128.69,2600.94
1227,UB-000546,80,1,412.93,0.0,412.93,302.58
1228,UB-000546,40,1,367.71,0.0,367.71,255.94
1229,UB-000546,117,5,554.65,10.0,2495.93,2052.15
1230,UB-000546,81,1,1029.05,0.0,1029.05,710.48
1231,UB-000547,52,5,661.4,0.0,3307.0,2286.6
1232,UB-000547,67,3,157.55,5.0,449.02,288.6
1233,UB-000547,97,1,1112.21,0.0,1112.21,712.55
1234,UB-000547,59,3,292.76,10.0,790.45,725.64
1235,UB-000548,25,2,663.73,15.0,1128.34,992.56
1236,UB-000548,59,1,306.26,0.0,306.26,241.88
1237,UB-000548,42,1,590.33,0.0,590.33,398.38
1238,UB-000548,65,3,732.55,10.0,1977.88,1576.8
1239,UB-000548,66,2,966.75,10.0,1740.15,1432.7
1240,UB-000549,23,1,908.83,0.0,908.83,627.54
1241,UB-000550,64,1,333.65,0.0,333.65,214.27
1242,UB-000550,102,2,1225.54,0.0,2451.08,1658.76
1243,UB-000551,8,1,372.82,0.0,372.82,293.44
1244,UB-000551,95,1,478.38,10.0,430.54,369.8
1245,UB-000551,142,2,492.73,0.0,985.46,812.58
1246,UB-000552,91,1,471.74,0.0,471.74,321.07
1247,UB-000552,48,1,351.18,0.0,351.18,254.63
1248,UB-000553,58,2,570.77,10.0,1027.39,713.12
1249,UB-000554,109,2,157.54,0.0,315.08,197.6
1250,UB-000554,35,2,810.21,10.0,1458.38,1135.26
1251,UB-000554,19,1,684.86,0.0,684.86,474.21
1252,UB-000555,27,2,1062.03,5.0,2017.86,1782.76
1253,UB-000555,48,1,348.76,10.0,313.88,254.63
1254,UB-000556,38,1,1061.81,15.0,902.54,721.69
1255,UB-000556,76,1,811.53,0.0,811.53,616.89
1256,UB-000556,45,2,804.57,0.0,1609.14,1221.74
1257,UB-000557,115,1,1236.58,0.0,1236.58,798.92
1258,UB-000558,30,1,1378.55,0.0,1378.55,865.11
1259,UB-000558,116,4,743.93,0.0,2975.72,1994.24
1260,UB-000558,15,1,1227.93,0.0,1227.93,855.33
1261,UB-000559,99,2,116.2,0.0,232.4,161.88
1262,UB-000559,56,3,510.54,5.0,1455.04,1046.34
1263,UB-000559,122,1,639.16,0.0,639.16,508.02
1264,UB-000560,39,4,887.0,0.0,3548.0,2456.28
1265,UB-000560,115,1,1225.25,10.0,1102.73,798.92
1266,UB-000560,102,2,1184.12,0.0,2368.24,1658.76
1267,UB-000560,139,2,725.9,0.0,1451.8,1008.32
1268,UB-000560,34,1,162.26,0.0,162.26,138.03
1269,UB-000561,81,2,1038.47,0.0,2076.94,1420.96
1270,UB-000561,65,2,704.91,0.0,1409.82,1051.2
1271,UB-000561,87,1,383.28,0.0,383.28,296.68
1272,UB-000562,127,1,308.42,0.0,308.42,222.26
1273,UB-000562,84,1,1257.64,0.0,1257.64,812.12
1274,UB-000562,47,2,104.21,0.0,208.42,174.96
1275,UB-000562,121,1,896.3,10.0,806.67,683.69
1276,UB-000563,62,1,374.11,15.0,317.99,260.55
1277,UB-000563,143,1,805.3,0.0,805.3,614.71
1278,UB-000563,109,1,154.17,10.0,138.75,98.8
1279,UB-000563,106,2,1055.75,0.0,2111.5,1439.52
1280,UB-000563,119,2,576.31,0.0,1152.62,955.0
1281,UB-000564,111,1,675.48,5.0,641.71,556.79
1282,UB-000565,127,2,301.76,5.0,573.34,444.52
1283,UB-000565,107,4,328.92,0.0,1315.68,913.8
1284,UB-000565,73,1,1007.17,0.0,1007.17,662.98
1285,UB-000566,23,1,881.38,0.0,881.38,627.54
1286,UB-000566,57,1,758.4,10.0,682.56,567.7
1287,UB-000567,68,2,226.46,0.0,452.92,322.38
1288,UB-000568,41,1,942.29,10.0,848.06,743.96
1289,UB-000568,75,2,875.69,5.0,1663.81,1175.56
1290,UB-000569,45,1,805.99,10.0,725.39,610.87
1291,UB-000570,130,1,940.77,15.0,799.65,653.53
1292,UB-000571,126,1,1250.97,0.0,1250.97,803.5
1293,UB-000572,20,2,952.0,0.0,1904.0,1348.48
1294,UB-000573,69,2,315.92,0.0,631.84,469.2
1295,UB-000573,13,2,361.16,0.0,722.32,471.82
1296,UB-000574,86,1,501.28,10.0,451.15,409.68
1297,UB-000574,68,2,218.22,5.0,414.62,322.38
1298,UB-000575,116,2,743.78,0.0,1487.56,997.12
1299,UB-000575,54,1,1028.83,5.0,977.39,807.18
1300,UB-000575,42,3,596.21,0.0,1788.63,1195.14
1301,UB-000575,34,1,160.61,0.0,160.61,138.03
1302,UB-000576,70,1,1373.45,5.0,1304.78,864.59
1303,UB-000576,38,1,1041.59,0.0,1041.59,721.69
1304,UB-000576,15,1,1195.71,0.0,1195.71,855.33
1305,UB-000576,115,1,1233.88,10.0,1110.49,798.92
1306,UB-000577,49,1,973.82,15.0,827.75,614.04
1307,UB-000577,35,1,789.12,20.0,631.3,567.63
1308,UB-000577,107,1,313.9,0.0,313.9,228.45
1309,UB-000577,106,3,1081.56,10.0,2920.21,2159.28
1310,UB-000577,51,2,237.18,0.0,474.36,317.98
1311,UB-000578,35,1,774.98,10.0,697.48,567.63
1312,UB-000578,99,1,110.94,0.0,110.94,80.94
1313,UB-000579,99,1,116.19,15.0,98.76,80.94
1314,UB-000580,9,1,700.99,0.0,700.99,501.69
1315,UB-000580,53,1,1314.85,15.0,1117.62,865.12
1316,UB-000580,51,1,231.57,0.0,231.57,158.99
1317,UB-000580,113,3,870.6,0.0,2611.8,2085.0
1318,UB-000581,83,1,868.52,15.0,738.24,707.0
1319,UB-000581,8,1,377.63,10.0,339.87,293.44
1320,UB-000581,57,1,792.85,0.0,792.85,567.7
1321,UB-000582,111,1,640.77,0.0,640.77,556.79
1322,UB-000582,99,1,113.82,0.0,113.82,80.94
1323,UB-000583,79,1,743.37,0.0,743.37,478.88
1324,UB-000583,11,1,452.78,0.0,452.78,366.75
1325,UB-000583,132,1,1243.57,0.0,1243.57,810.08
1326,UB-000584,43,1,167.61,10.0,150.85,116.88
1327,UB-000585,32,1,106.49,0.0,106.49,79.85
1328,UB-000585,134,1,969.89,20.0,775.91,633.2
1329,UB-000586,129,1,1158.66,0.0,1158.66,766.85
1330,UB-000587,81,2,1018.41,10.0,1833.14,1420.96
1331,UB-000587,115,1,1198.35,0.0,1198.35,798.92
1332,UB-000588,131,1,926.1,0.0,926.1,688.03
1333,UB-000589,119,1,602.48,5.0,572.36,477.5
1334,UB-000590,45,1,796.35,5.0,756.53,610.87
1335,UB-000591,90,1,701.98,5.0,666.88,507.26
1336,UB-000591,68,1,229.36,0.0,229.36,161.19
1337,UB-000591,103,3,917.38,5.0,2614.53,2044.56
1338,UB-000591,25,1,665.71,5.0,632.42,496.28
1339,UB-000592,21,3,798.24,0.0,2394.72,1746.18
1340,UB-000592,56,1,522.03,10.0,469.83,348.78
1341,UB-000592,19,2,666.38,5.0,1266.12,948.42
1342,UB-000593,84,2,1242.37,5.0,2360.5,1624.24
1343,UB-000593,98,1,592.78,0.0,592.78,467.33
1344,UB-000594,86,3,491.99,0.0,1475.97,1229.04
1345,UB-000594,40,2,378.84,10.0,681.91,511.88
1346,UB-000595,144,2,411.12,10.0,740.02,601.24
1347,UB-000596,125,1,337.69,15.0,287.04,213.73
1348,UB-000597,57,1,776.97,5.0,738.12,567.7
1349,UB-000597,95,4,473.32,10.0,1703.95,1479.2
1350,UB-000598,114,2,1030.94,0.0,2061.88,1291.74
1351,UB-000598,54,3,1014.14,5.0,2890.3,2421.54
1352,UB-000598,125,2,323.39,0.0,646.78,427.46
1353,UB-000598,95,2,484.96,5.0,921.42,739.6
1354,UB-000599,15,1,1226.14,0.0,1226.14,855.33
1355,UB-000599,9,1,685.82,0.0,685.82,501.69
1356,UB-000599,89,3,568.31,0.0,1704.93,1257.45
1357,UB-000599,102,1,1192.52,10.0,1073.27,829.38
1358,UB-000599,117,2,555.33,0.0,1110.66,820.86
1359,UB-000600,100,1,207.74,15.0,176.58,158.88
1360,UB-000600,59,2,305.97,0.0,611.94,483.76
1361,UB-000601,113,1,881.93,0.0,881.93,695.0
1362,UB-000601,134,1,928.32,5.0,881.9,633.2
1363,UB-000602,126,1,1237.8,10.0,1114.02,803.5
1364,UB-000603,69,2,320.21,0.0,640.42,469.2
1365,UB-000603,90,1,706.33,0.0,706.33,507.26
1366,UB-000604,143,1,820.11,20.0,656.09,614.71
1367,UB-000604,20,1,946.27,0.0,946.27,674.24
1368,UB-000604,124,2,526.69,5.0,1000.71,891.12
1369,UB-000604,125,1,321.59,0.0,321.59,213.73
1370,UB-000605,20,2,968.36,5.0,1839.88,1348.48
1371,UB-000606,49,1,976.92,0.0,976.92,614.04
1372,UB-000606,136,4,1386.96,0.0,5547.84,3467.92
1373,UB-000606,20,1,960.15,0.0,960.15,674.24
1374,UB-000607,98,4,589.45,15.0,2004.13,1869.32
1375,UB-000607,1,1,310.4,0.0,310.4,210.31
1376,UB-000608,21,2,802.41,0.0,1604.82,1164.12
1377,UB-000608,10,1,98.89,5.0,93.95,70.79
1378,UB-000609,42,1,600.01,0.0,600.01,398.38
1379,UB-000610,98,2,567.4,5.0,1078.06,934.66
1380,UB-000610,22,1,642.63,5.0,610.5,475.66
1381,UB-000610,131,1,896.36,15.0,761.91,688.03
1382,UB-000611,1,1,307.42,10.0,276.68,210.31
1383,UB-000611,19,1,666.48,20.0,533.18,474.21
1384,UB-000611,107,1,329.83,10.0,296.85,228.45
1385,UB-000611,93,2,92.92,10.0,167.26,145.66
1386,UB-000612,1,1,303.48,0.0,303.48,210.31
1387,UB-000612,15,1,1186.74,0.0,1186.74,855.33
1388,UB-000612,10,1,97.63,0.0,97.63,70.79
1389,UB-000613,116,2,768.77,0.0,1537.54,997.12
1390,UB-000614,95,1,490.57,20.0,392.46,369.8
1391,UB-000614,93,1,93.47,5.0,88.8,72.83
1392,UB-000615,134,1,928.89,15.0,789.56,633.2
1393,UB-000615,33,2,426.03,0.0,852.06,593.12
1394,UB-000615,122,1,651.02,20.0,520.82,508.02
1395,UB-000616,63,1,251.61,15.0,213.87,167.23
1396,UB-000617,14,2,750.26,0.0,1500.52,1139.28
1397,UB-000617,127,2,307.49,10.0,553.48,444.52
1398,UB-000617,137,1,1280.06,0.0,1280.06,816.22
1399,UB-000617,39,1,894.99,10.0,805.49,614.07
1400,UB-000618,125,3,328.6,10.0,887.22,641.19
1401,UB-000619,139,1,691.56,5.0,656.98,504.16
1402,UB-000619,106,4,1052.08,0.0,4208.32,2879.04
1403,UB-000620,123,2,482.64,0.0,965.28,657.8
1404,UB-000620,27,1,1096.75,5.0,1041.91,891.38
1405,UB-000621,66,1,973.46,0.0,973.46,716.35
1406,UB-000622,115,1,1184.1,15.0,1006.48,798.92
1407,UB-000622,143,2,809.08,0.0,1618.16,1229.42
1408,UB-000622,20,1,933.37,15.0,793.36,674.24
1409,UB-000622,51,2,240.43,0.0,480.86,317.98
1410,UB-000623,104,1,1283.55,0.0,1283.55,879.92
1411,UB-000623,64,3,319.12,0.0,957.36,642.81
1412,UB-000624,121,1,884.91,10.0,796.42,683.69
1413,UB-000624,45,1,805.08,15.0,684.32,610.87
1414,UB-000625,23,2,900.69,5.0,1711.31,1255.08
1415,UB-000626,93,1,93.43,10.0,84.09,72.83
1416,UB-000626,8,1,368.92,0.0,368.92,293.44
1417,UB-000627,66,3,940.47,0.0,2821.41,2149.05
1418,UB-000628,121,3,886.05,10.0,2392.33,2051.07
1419,UB-000628,58,1,569.96,0.0,569.96,356.56
1420,UB-000628,94,1,732.0,5.0,695.4,538.36
1421,UB-000629,140,1,295.05,10.0,265.55,195.06
1422,UB-000630,132,1,1250.59,0.0,1250.59,810.08
1423,UB-000630,20,2,970.44,0.0,1940.88,1348.48
1424,UB-000631,78,5,801.42,0.0,4007.1,2723.75
1425,UB-000632,37,3,1050.19,0.0,3150.57,2494.35
1426,UB-000632,53,4,1267.89,0.0,5071.56,3460.48
1427,UB-000632,70,2,1365.76,15.0,2321.79,1729.18
1428,UB-000633,29,3,732.16,0.0,2196.48,1608.96
1429,UB-000633,43,1,166.54,0.0,166.54,116.88
1430,UB-000633,56,1,526.94,0.0,526.94,348.78
1431,UB-000634,52,2,653.77,0.0,1307.54,914.64
1432,UB-000634,17,2,855.61,15.0,1454.54,1289.28
1433,UB-000634,135,3,599.98,10.0,1619.95,1192.26
1434,UB-000635,50,2,432.74,0.0,865.48,655.38
1435,UB-000635,39,1,860.45,10.0,774.41,614.07
1436,UB-000636,9,2,696.24,0.0,1392.48,1003.38
1437,UB-000636,110,1,945.16,0.0,945.16,679.34
1438,UB-000636,101,1,1137.45,0.0,1137.45,893.27
1439,UB-000637,108,1,1116.89,0.0,1116.89,795.55
1440,UB-000638,101,1,1094.6,0.0,1094.6,893.27
1441,UB-000639,31,3,708.56,0.0,2125.68,1744.77
1442,UB-000639,128,2,175.21,20.0,280.34,283.82
1443,UB-000639,67,4,151.44,0.0,605.76,384.8
1444,UB-000639,66,2,952.71,0.0,1905.42,1432.7
1445,UB-000640,91,3,463.05,0.0,1389.15,963.21
1446,UB-000641,1,1,312.56,10.0,281.3,210.31
1447,UB-000642,107,1,314.8,5.0,299.06,228.45
1448,UB-000642,34,1,165.9,0.0,165.9,138.03
1449,UB-000642,40,2,359.26,15.0,610.74,511.88
1450,UB-000643,60,2,190.74,20.0,305.18,289.64
1451,UB-000643,62,1,373.07,5.0,354.42,260.55
1452,UB-000643,22,4,678.79,0.0,2715.16,1902.64
1453,UB-000644,60,2,186.56,15.0,317.15,289.64
1454,UB-000644,91,1,447.9,10.0,403.11,321.07
1455,UB-000644,76,2,796.8,20.0,1274.88,1233.78
1456,UB-000644,66,1,939.25,0.0,939.25,716.35
1457,UB-000645,15,1,1239.25,5.0,1177.29,855.33
1458,UB-000645,70,1,1384.43,0.0,1384.43,864.59
1459,UB-000646,107,2,322.99,15.0,549.08,456.9
1460,UB-000646,116,1,756.06,0.0,756.06,498.56
1461,UB-000646,26,1,217.88,20.0,174.3,138.49
1462,UB-000646,132,2,1230.19,0.0,2460.38,1620.16
1463,UB-000646,97,1,1125.73,10.0,1013.16,712.55
1464,UB-000647,93,3,90.08,0.0,270.24,218.49
1465,UB-000648,40,1,367.09,0.0,367.09,255.94
1466,UB-000648,102,1,1210.29,5.0,1149.78,829.38
1467,UB-000648,79,2,775.69,20.0,1241.1,957.76
1468,UB-000649,19,1,697.7,10.0,627.93,474.21
1469,UB-000650,43,2,166.24,0.0,332.48,233.76
1470,UB-000650,95,1,486.89,0.0,486.89,369.8
1471,UB-000650,129,1,1192.62,5.0,1132.99,766.85
1472,UB-000651,20,2,975.26,0.0,1950.52,1348.48
1473,UB-000651,116,1,778.37,0.0,778.37,498.56
1474,UB-000651,10,2,99.63,0.0,199.26,141.58
1475,UB-000651,85,1,321.2,0.0,321.2,232.68
1476,UB-000652,93,1,93.91,5.0,89.21,72.83
1477,UB-000653,124,2,543.36,5.0,1032.38,891.12
1478,UB-000653,98,1,569.49,0.0,569.49,467.33
1479,UB-000653,143,3,823.34,0.0,2470.02,1844.13
1480,UB-000654,10,4,96.81,0.0,387.24,283.16
1481,UB-000655,120,1,714.43,0.0,714.43,488.5
1482,UB-000655,37,1,1037.64,0.0,1037.64,831.45
1483,UB-000656,72,2,960.2,0.0,1920.4,1483.2
1484,UB-000657,20,2,958.91,0.0,1917.82,1348.48
1485,UB-000657,108,2,1107.2,10.0,1992.96,1591.1
1486,UB-000657,50,3,436.82,0.0,1310.46,983.07
1487,UB-000658,104,3,1277.53,0.0,3832.59,2639.76
1488,UB-000659,49,1,969.57,15.0,824.13,614.04
1489,UB-000659,109,1,154.67,0.0,154.67,98.8
1490,UB-000659,58,2,567.42,0.0,1134.84,713.12
1491,UB-000660,36,2,825.12,0.0,1650.24,1067.56
1492,UB-000661,55,3,921.11,20.0,2210.66,1818.42
1493,UB-000661,47,4,109.61,0.0,438.44,349.92
1494,UB-000661,37,1,1065.83,5.0,1012.54,831.45
1495,UB-000662,138,4,927.29,10.0,3338.24,2418.4
1496,UB-000662,136,1,1339.89,10.0,1205.9,866.98
1497,UB-000663,95,1,480.75,0.0,480.75,369.8
1498,UB-000663,103,2,906.87,10.0,1632.37,1363.04
1499,UB-000664,122,3,622.68,5.0,1774.64,1524.06
1500,UB-000664,19,1,693.49,0.0,693.49,474.21
1501,UB-000664,98,1,586.99,10.0,528.29,467.33
1502,UB-000664,2,1,489.07,10.0,440.16,371.22
1503,UB-000665,107,3,312.37,0.0,937.11,685.35
1504,UB-000665,23,1,898.07,15.0,763.36,627.54
1505,UB-000666,39,2,851.43,0.0,1702.86,1228.14
1506,UB-000666,85,1,327.61,15.0,278.47,232.68
1507,UB-000667,18,1,827.69,10.0,744.92,648.71
1508,UB-000667,6,1,964.89,5.0,916.65,692.29
1509,UB-000668,18,2,830.06,0.0,1660.12,1297.42
1510,UB-000669,82,4,1072.51,5.0,4075.54,2741.32
1511,UB-000669,95,1,487.47,5.0,463.1,369.8
1512,UB-000669,103,3,924.93,5.0,2636.05,2044.56
1513,UB-000670,106,1,1072.96,10.0,965.66,719.76
1514,UB-000670,48,2,356.08,15.0,605.34,509.26
1515,UB-000671,88,1,704.7,0.0,704.7,553.89
1516,UB-000671,136,1,1364.18,5.0,1295.97,866.98
1517,UB-000672,112,3,464.75,0.0,1394.25,1014.12
1518,UB-000673,32,3,105.59,0.0,316.77,239.55
1519,UB-000674,104,3,1253.56,20.0,3008.54,2639.76
1520,UB-000674,144,1,422.6,0.0,422.6,300.62
1521,UB-000675,56,1,507.14,10.0,456.43,348.78
1522,UB-000676,5,1,1379.32,20.0,1103.46,872.25
1523,UB-000677,83,3,840.72,0.0,2522.16,2121.0
1524,UB-000677,100,3,202.29,10.0,546.18,476.64
1525,UB-000677,64,2,317.73,0.0,635.46,428.54
1526,UB-000677,45,2,789.26,10.0,1420.67,1221.74
1527,UB-000678,7,2,1041.22,0.0,2082.44,1507.5
1528,UB-000678,107,1,330.62,0.0,330.62,228.45
1529,UB-000678,70,2,1410.28,0.0,2820.56,1729.18
1530,UB-000678,140,1,293.19,0.0,293.19,195.06
1531,UB-000679,43,1,168.37,15.0,143.11,116.88
1532,UB-000679,89,4,596.73,0.0,2386.92,1676.6
1533,UB-000679,122,1,633.22,0.0,633.22,508.02
1534,UB-000680,16,1,1079.97,20.0,863.98,816.38
1535,UB-000680,48,1,364.62,0.0,364.62,254.63
1536,UB-000680,103,1,918.87,0.0,918.87,681.52
1537,UB-000681,27,5,1073.58,0.0,5367.9,4456.9
1538,UB-000681,137,4,1251.41,10.0,4505.08,3264.88
1539,UB-000681,100,1,203.5,0.0,203.5,158.88
1540,UB-000682,129,1,1175.13,5.0,1116.37,766.85
1541,UB-000682,63,1,259.26,5.0,246.3,167.23
1542,UB-000682,52,3,640.34,5.0,1824.97,1371.96
1543,UB-000683,130,1,933.13,0.0,933.13,653.53
1544,UB-000683,141,3,276.57,10.0,746.74,557.01
1545,UB-000683,39,3,853.39,5.0,2432.16,1842.21
1546,UB-000684,109,2,158.46,10.0,285.23,197.6
1547,UB-000684,6,1,956.74,0.0,956.74,692.29
1548,UB-000684,28,4,873.72,0.0,3494.88,2693.0
1549,UB-000684,51,1,231.5,0.0,231.5,158.99
1550,UB-000685,13,1,358.11,0.0,358.11,235.91
1551,UB-000686,141,2,276.05,20.0,441.68,371.34
1552,UB-000686,111,2,660.96,5.0,1255.82,1113.58
1553,UB-000686,67,1,151.86,5.0,144.27,96.2
1554,UB-000686,28,1,877.8,20.0,702.24,673.25
1555,UB-000686,87,1,389.91,10.0,350.92,296.68
1556,UB-000687,59,1,298.79,10.0,268.91,241.88
1557,UB-000687,94,1,761.45,0.0,761.45,538.36
1558,UB-000687,42,1,602.02,15.0,511.72,398.38
1559,UB-000688,23,2,911.22,5.0,1731.32,1255.08
1560,UB-000689,122,1,622.92,0.0,622.92,508.02
1561,UB-000690,55,3,911.42,15.0,2324.12,1818.42
1562,UB-000690,52,1,646.95,5.0,614.6,457.32
1563,UB-000690,134,1,929.64,0.0,929.64,633.2
1564,UB-000691,125,2,323.65,0.0,647.3,427.46
1565,UB-000691,17,2,850.26,0.0,1700.52,1289.28
1566,UB-000691,143,1,804.12,0.0,804.12,614.71
1567,UB-000692,133,1,487.45,0.0,487.45,320.37
1568,UB-000693,116,3,746.71,0.0,2240.13,1495.68
1569,UB-000693,1,2,314.01,15.0,533.82,420.62
1570,UB-000693,2,1,505.83,0.0,505.83,371.22
1571,UB-000694,17,1,845.91,0.0,845.91,644.64
1572,UB-000694,10,1,97.18,0.0,97.18,70.79
1573,UB-000695,96,2,505.31,0.0,1010.62,734.44
1574,UB-000695,107,2,317.58,5.0,603.4,456.9
1575,UB-000695,93,3,90.77,5.0,258.69,218.49
1576,UB-000695,140,1,297.05,10.0,267.35,195.06
1577,UB-000696,87,1,384.85,5.0,365.61,296.68
1578,UB-000697,6,2,984.62,0.0,1969.24,1384.58
1579,UB-000698,111,1,675.93,0.0,675.93,556.79
1580,UB-000698,89,1,571.56,5.0,542.98,419.15
1581,UB-000699,43,2,166.88,20.0,267.01,233.76
1582,UB-000699,40,1,365.69,10.0,329.12,255.94
1583,UB-000699,12,2,555.1,0.0,1110.2,851.32
1584,UB-000700,132,1,1235.06,10.0,1111.55,810.08
1585,UB-000701,18,1,845.09,10.0,760.58,648.71
1586,UB-000702,75,1,888.24,0.0,888.24,587.78
1587,UB-000702,100,1,198.1,5.0,188.19,158.88
1588,UB-000702,121,1,908.87,15.0,772.54,683.69
1589,UB-000703,97,2,1151.41,0.0,2302.82,1425.1
1590,UB-000703,137,3,1288.96,15.0,3286.85,2448.66
1591,UB-000703,101,2,1088.47,0.0,2176.94,1786.54
1592,UB-000704,47,4,108.04,0.0,432.16,349.92
1593,UB-000705,32,1,104.28,20.0,83.42,79.85
1594,UB-000706,117,1,559.55,0.0,559.55,410.43
1595,UB-000706,125,2,334.74,0.0,669.48,427.46
1596,UB-000706,23,1,895.53,10.0,805.98,627.54
1597,UB-000706,15,3,1231.31,0.0,3693.93,2565.99
1598,UB-000707,8,1,383.07,0.0,383.07,293.44
1599,UB-000708,33,1,443.19,5.0,421.03,296.56
1600,UB-000708,72,2,947.43,0.0,1894.86,1483.2
1601,UB-000708,66,2,933.0,0.0,1866.0,1432.7
1602,UB-000709,86,1,490.72,5.0,466.18,409.68
1603,UB-000710,3,1,1160.53,0.0,1160.53,724.04
1604,UB-000711,48,2,359.84,5.0,683.7,509.26
1605,UB-000711,71,1,193.76,0.0,193.76,122.07
1606,UB-000711,5,2,1420.02,0.0,2840.04,1744.5
1607,UB-000712,124,2,527.95,0.0,1055.9,891.12
1608,UB-000712,86,3,483.38,0.0,1450.14,1229.04
1609,UB-000713,33,1,443.76,5.0,421.57,296.56
1610,UB-000713,48,2,356.93,5.0,678.17,509.26
1611,UB-000714,138,1,888.66,0.0,888.66,604.6
1612,UB-000714,82,1,1034.56,10.0,931.1,685.33
1613,UB-000715,100,1,199.22,0.0,199.22,158.88
1614,UB-000716,57,2,757.49,0.0,1514.98,1135.4
1615,UB-000717,115,3,1232.2,0.0,3696.6,2396.76
1616,UB-000717,7,1,1014.54,5.0,963.81,753.75
1617,UB-000718,5,1,1379.44,10.0,1241.5,872.25
1618,UB-000719,75,1,874.22,15.0,743.09,587.78
1619,UB-000719,24,3,91.6,0.0,274.8,184.53
1620,UB-000720,119,2,585.25,0.0,1170.5,955.0
1621,UB-000720,86,2,491.86,0.0,983.72,819.36
1622,UB-000721,79,1,770.94,10.0,693.85,478.88
1623,UB-000721,126,1,1255.58,0.0,1255.58,803.5
1624,UB-000721,32,1,104.44,0.0,104.44,79.85
1625,UB-000721,103,1,908.31,0.0,908.31,681.52
1626,UB-000722,136,1,1351.83,10.0,1216.65,866.98
1627,UB-000722,75,1,865.85,10.0,779.26,587.78
1628,UB-000723,95,4,477.1,0.0,1908.4,1479.2
1629,UB-000724,98,3,597.13,0.0,1791.39,1401.99
1630,UB-000725,86,1,485.77,10.0,437.19,409.68
1631,UB-000726,98,1,563.03,10.0,506.73,467.33
1632,UB-000727,83,2,860.68,0.0,1721.36,1414.0
1633,UB-000727,53,1,1255.99,0.0,1255.99,865.12
1634,UB-000728,40,2,363.27,0.0,726.54,511.88
1635,UB-000728,53,3,1285.43,0.0,3856.29,2595.36
1636,UB-000729,92,2,799.12,0.0,1598.24,1049.02
1637,UB-000729,93,1,91.25,5.0,86.69,72.83
1638,UB-000730,135,1,597.62,5.0,567.74,397.42
1639,UB-000731,126,2,1222.48,0.0,2444.96,1607.0
1640,UB-000731,77,2,273.07,0.0,546.14,391.26
1641,UB-000732,96,2,499.82,10.0,899.68,734.44
1642,UB-000732,13,1,372.83,10.0,335.55,235.91
1643,UB-000732,33,1,435.92,0.0,435.92,296.56
1644,UB-000732,89,1,569.04,0.0,569.04,419.15
1645,UB-000733,124,1,545.53,10.0,490.98,445.56
1646,UB-000733,103,4,930.94,0.0,3723.76,2726.08
1647,UB-000734,122,1,635.42,0.0,635.42,508.02
1648,UB-000734,18,5,844.39,5.0,4010.85,3243.55
1649,UB-000734,55,3,927.98,0.0,2783.94,1818.42
1650,UB-000735,113,2,896.57,0.0,1793.14,1390.0
1651,UB-000735,116,3,747.46,15.0,1906.02,1495.68
1652,UB-000735,2,1,504.56,10.0,454.1,371.22
1653,UB-000735,30,2,1321.9,5.0,2511.61,1730.22
1654,UB-000736,75,4,887.93,0.0,3551.72,2351.12
1655,UB-000736,14,1,762.13,0.0,762.13,569.64
1656,UB-000736,66,1,966.22,20.0,772.98,716.35
1657,UB-000736,143,1,827.99,0.0,827.99,614.71
1658,UB-000737,107,1,316.17,0.0,316.17,228.45
1659,UB-000737,81,3,1044.76,15.0,2664.14,2131.44
1660,UB-000737,53,1,1265.99,0.0,1265.99,865.12
1661,UB-000738,14,3,767.9,10.0,2073.33,1708.92
1662,UB-000738,113,1,885.64,0.0,885.64,695.0
1663,UB-000738,57,1,793.92,0.0,793.92,567.7
1664,UB-000739,132,1,1280.95,20.0,1024.76,810.08
1665,UB-000740,84,4,1254.41,0.0,5017.64,3248.48
1666,UB-000740,2,2,489.99,10.0,881.98,742.44
1667,UB-000740,36,3,850.33,10.0,2295.89,1601.34
1668,UB-000740,124,1,528.52,0.0,528.52,445.56
1669,UB-000741,54,3,1000.79,5.0,2852.25,2421.54
1670,UB-000741,57,2,782.65,15.0,1330.5,1135.4
1671,UB-000741,15,1,1192.04,0.0,1192.04,855.33
1672,UB-000741,85,1,329.83,15.0,280.36,232.68
1673,UB-000742,119,3,591.44,5.0,1685.6,1432.5
1674,UB-000742,4,1,812.72,15.0,690.81,608.34
1675,UB-000743,57,2,783.46,0.0,1566.92,1135.4
1676,UB-000744,19,2,663.92,5.0,1261.45,948.42
1677,UB-000744,16,2,1054.19,0.0,2108.38,1632.76
1678,UB-000745,24,1,93.17,10.0,83.85,61.51
1679,UB-000746,121,3,911.52,20.0,2187.65,2051.07
1680,UB-000746,68,1,220.69,0.0,220.69,161.19
1681,UB-000747,51,1,234.17,5.0,222.46,158.99
1682,UB-000748,21,4,797.5,20.0,2552.0,2328.24
1683,UB-000749,32,1,104.09,10.0,93.68,79.85
1684,UB-000750,18,3,850.2,5.0,2423.07,1946.13
1685,UB-000750,35,2,771.04,5.0,1464.98,1135.26
1686,UB-000751,120,1,734.35,20.0,587.48,488.5
1687,UB-000751,25,4,643.37,10.0,2316.13,1985.12
1688,UB-000751,88,1,690.83,15.0,587.21,553.89
1689,UB-000752,99,1,112.97,20.0,90.38,80.94
1690,UB-000752,67,2,153.55,0.0,307.1,192.4
1691,UB-000752,30,3,1336.7,5.0,3809.6,2595.33
1692,UB-000753,44,1,762.69,10.0,686.42,587.81
1693,UB-000753,134,4,968.37,0.0,3873.48,2532.8
1694,UB-000754,13,2,365.96,5.0,695.32,471.82
1695,UB-000754,72,1,994.95,0.0,994.95,741.6
1696,UB-000754,90,2,704.3,0.0,1408.6,1014.52
1697,UB-000755,48,1,367.68,0.0,367.68,254.63
1698,UB-000756,101,1,1120.9,0.0,1120.9,893.27
1699,UB-000756,120,1,721.7,5.0,685.62,488.5
1700,UB-000756,131,1,898.33,5.0,853.41,688.03
1701,UB-000757,108,1,1121.63,0.0,1121.63,795.55
1702,UB-000757,57,1,764.55,0.0,764.55,567.7
1703,UB-000757,30,1,1318.86,10.0,1186.97,865.11
1704,UB-000757,27,1,1052.73,0.0,1052.73,891.38
1705,UB-000758,116,1,779.21,0.0,779.21,498.56
1706,UB-000759,52,1,660.21,0.0,660.21,457.32
1707,UB-000759,80,1,395.96,10.0,356.36,302.58
1708,UB-000760,48,1,352.57,5.0,334.94,254.63
1709,UB-000761,102,2,1220.4,0.0,2440.8,1658.76
1710,UB-000761,49,3,960.98,0.0,2882.94,1842.12
1711,UB-000761,117,1,537.63,0.0,537.63,410.43
1712,UB-000761,139,1,703.5,10.0,633.15,504.16
1713,UB-000761,118,1,650.27,0.0,650.27,421.79
1714,UB-000762,1,3,304.82,0.0,914.46,630.93
1715,UB-000762,84,1,1290.52,0.0,1290.52,812.12
1716,UB-000762,113,5,887.48,0.0,4437.4,3475.0
1717,UB-000763,49,1,938.97,5.0,892.02,614.04
1718,UB-000764,40,2,373.17,0.0,746.34,511.88
1719,UB-000765,45,2,811.07,0.0,1622.14,1221.74
1720,UB-000765,128,1,177.54,0.0,177.54,141.91
1721,UB-000765,102,1,1233.77,0.0,1233.77,829.38
1722,UB-000766,31,1,737.88,10.0,664.09,581.59
1723,UB-000766,144,1,417.58,0.0,417.58,300.62
1724,UB-000767,3,2,1153.34,0.0,2306.68,1448.08
1725,UB-000767,78,3,791.76,0.0,2375.28,1634.25
1726,UB-000767,15,2,1198.01,0.0,2396.02,1710.66
1727,UB-000768,20,1,962.04,0.0,962.04,674.24
1728,UB-000768,96,3,502.44,0.0,1507.32,1101.66
1729,UB-000768,135,5,629.24,10.0,2831.58,1987.1
1730,UB-000768,27,1,1100.76,0.0,1100.76,891.38
1731,UB-000769,46,2,213.27,0.0,426.54,335.62
1732,UB-000769,24,2,96.31,0.0,192.62,123.02
1733,UB-000769,41,4,917.3,0.0,3669.2,2975.84
1734,UB-000770,98,1,571.79,5.0,543.2,467.33
1735,UB-000770,75,2,876.48,10.0,1577.66,1175.56
1736,UB-000770,27,1,1055.49,5.0,1002.72,891.38
1737,UB-000770,67,1,156.25,10.0,140.62,96.2
1738,UB-000771,86,1,499.15,0.0,499.15,409.68
1739,UB-000772,132,3,1254.92,15.0,3200.05,2430.24
1740,UB-000772,46,2,217.1,0.0,434.2,335.62
1741,UB-000773,131,3,884.8,15.0,2256.24,2064.09
1742,UB-000773,37,1,1075.68,10.0,968.11,831.45
1743,UB-000774,39,1,895.29,10.0,805.76,614.07
1744,UB-000774,43,2,172.06,0.0,344.12,233.76
1745,UB-000774,87,2,375.62,0.0,751.24,593.36
1746,UB-000775,139,3,725.97,0.0,2177.91,1512.48
1747,UB-000775,105,1,1238.88,5.0,1176.94,888.95
1748,UB-000776,132,2,1283.46,20.0,2053.54,1620.16
1749,UB-000776,63,1,260.82,0.0,260.82,167.23
1750,UB-000776,56,1,522.42,0.0,522.42,348.78
1751,UB-000777,30,2,1332.71,5.0,2532.15,1730.22
1752,UB-000778,112,1,471.64,0.0,471.64,338.04
1753,UB-000779,7,2,1048.59,0.0,2097.18,1507.5
1754,UB-000779,31,1,734.53,0.0,734.53,581.59
1755,UB-000779,91,1,457.76,0.0,457.76,321.07
1756,UB-000780,129,2,1180.64,0.0,2361.28,1533.7
1757,UB-000781,50,1,428.67,15.0,364.37,327.69
1758,UB-000782,54,4,1016.52,0.0,4066.08,3228.72
1759,UB-000782,144,1,421.04,0.0,421.04,300.62
1760,UB-000783,26,3,216.93,0.0,650.79,415.47
1761,UB-000783,52,2,635.87,0.0,1271.74,914.64
1762,UB-000783,24,1,94.19,15.0,80.06,61.51
1763,UB-000784,118,1,622.31,5.0,591.19,421.79
1764,UB-000785,129,1,1195.53,10.0,1075.98,766.85
1765,UB-000786,142,2,476.21,5.0,904.8,812.58
1766,UB-000786,69,1,306.73,15.0,260.72,234.6
1767,UB-000787,101,2,1119.45,0.0,2238.9,1786.54
1768,UB-000787,111,1,649.78,10.0,584.8,556.79
1769,UB-000787,75,1,882.58,0.0,882.58,587.78
1770,UB-000788,3,2,1163.31,0.0,2326.62,1448.08
1771,UB-000788,78,1,783.16,0.0,783.16,544.75
1772,UB-000788,116,4,762.48,10.0,2744.93,1994.24
1773,UB-000788,38,1,1059.17,0.0,1059.17,721.69
1774,UB-000789,99,3,111.41,5.0,317.52,242.82
1775,UB-000790,56,2,505.98,10.0,910.76,697.56
1776,UB-000790,86,2,493.66,5.0,937.95,819.36
1777,UB-000791,102,2,1185.59,0.0,2371.18,1658.76
1778,UB-000792,30,3,1352.14,0.0,4056.42,2595.33
1779,UB-000792,40,3,359.98,0.0,1079.94,767.82
1780,UB-000793,128,4,168.06,0.0,672.24,567.64
1781,UB-000794,44,2,755.91,0.0,1511.82,1175.62
1782,UB-000794,8,1,373.81,5.0,355.12,293.44
1783,UB-000795,56,1,506.06,0.0,506.06,348.78
1784,UB-000796,131,1,905.39,10.0,814.85,688.03
1785,UB-000796,17,1,837.51,5.0,795.63,644.64
1786,UB-000797,71,3,184.82,0.0,554.46,366.21
1787,UB-000797,116,1,742.74,10.0,668.47,498.56
1788,UB-000797,65,2,714.86,0.0,1429.72,1051.2
1789,UB-000798,5,2,1384.98,15.0,2354.47,1744.5
1790,UB-000799,74,1,1120.68,0.0,1120.68,882.89
1791,UB-000799,6,2,993.53,0.0,1987.06,1384.58
1792,UB-000799,129,3,1198.73,0.0,3596.19,2300.55
1793,UB-000799,130,4,910.27,10.0,3276.97,2614.12
1794,UB-000800,57,2,759.1,0.0,1518.2,1135.4
1795,UB-000800,72,3,979.49,10.0,2644.62,2224.8
1796,UB-000801,16,1,1109.66,0.0,1109.66,816.38
1797,UB-000802,127,2,297.94,0.0,595.88,444.52
1798,UB-000802,134,1,963.43,5.0,915.26,633.2
1799,UB-000802,69,3,310.31,0.0,930.93,703.8
1800,UB-000802,3,1,1146.84,0.0,1146.84,724.04
1801,UB-000802,137,2,1309.11,10.0,2356.4,1632.44
1802,UB-000803,52,1,648.33,10.0,583.5,457.32
1803,UB-000804,126,1,1215.66,0.0,1215.66,803.5
1804,UB-000804,132,2,1278.62,10.0,2301.52,1620.16
1805,UB-000804,8,4,381.3,10.0,1372.68,1173.76
1806,UB-000804,131,3,905.77,0.0,2717.31,2064.09
1807,UB-000805,137,1,1304.62,10.0,1174.16,816.22
1808,UB-000805,59,1,299.22,20.0,239.38,241.88
1809,UB-000806,74,2,1128.63,15.0,1918.67,1765.78
1810,UB-000806,142,1,488.89,5.0,464.45,406.29
1811,UB-000806,137,2,1283.47,0.0,2566.94,1632.44
1812,UB-000806,16,3,1051.33,0.0,3153.99,2449.14
1813,UB-000807,116,2,774.9,5.0,1472.31,997.12
1814,UB-000807,50,2,439.21,0.0,878.42,655.38
1815,UB-000807,13,1,368.81,15.0,313.49,235.91
1816,UB-000808,7,1,1012.2,10.0,910.98,753.75
1817,UB-000808,142,1,473.25,5.0,449.59,406.29
1818,UB-000808,88,2,689.32,15.0,1171.84,1107.78
1819,UB-000809,6,1,965.27,0.0,965.27,692.29
1820,UB-000810,14,2,738.76,0.0,1477.52,1139.28
1821,UB-000811,136,3,1354.8,15.0,3454.74,2600.94
1822,UB-000811,42,2,608.49,0.0,1216.98,796.76
1823,UB-000811,131,1,891.59,0.0,891.59,688.03
1824,UB-000811,111,1,648.26,0.0,648.26,556.79
1825,UB-000812,89,1,594.86,10.0,535.37,419.15
1826,UB-000813,21,2,770.38,15.0,1309.65,1164.12
1827,UB-000813,11,2,452.4,0.0,904.8,733.5
1828,UB-000813,77,1,280.98,10.0,252.88,195.63
1829,UB-000814,119,4,575.71,0.0,2302.84,1910.0
1830,UB-000814,95,1,482.15,20.0,385.72,369.8
1831,UB-000815,79,3,762.87,15.0,1945.32,1436.64
1832,UB-000815,133,3,487.65,0.0,1462.95,961.11
1833,UB-000815,95,3,473.82,0.0,1421.46,1109.4
1834,UB-000816,61,4,1112.03,0.0,4448.12,3312.56
1835,UB-000816,132,3,1240.15,0.0,3720.45,2430.24
1836,UB-000816,87,3,381.9,0.0,1145.7,890.04
1837,UB-000816,32,1,106.41,10.0,95.77,79.85
1838,UB-000816,22,1,639.97,20.0,511.98,475.66
1839,UB-000817,12,1,569.13,0.0,569.13,425.66
1840,UB-000817,15,1,1226.75,0.0,1226.75,855.33
1841,UB-000818,83,2,855.59,15.0,1454.5,1414.0
1842,UB-000818,76,1,805.81,0.0,805.81,616.89
1843,UB-000818,72,1,994.47,0.0,994.47,741.6
1844,UB-000818,95,2,471.14,20.0,753.82,739.6
1845,UB-000819,50,1,430.35,0.0,430.35,327.69
1846,UB-000820,45,1,792.31,0.0,792.31,610.87
1847,UB-000820,93,1,92.11,15.0,78.29,72.83
1848,UB-000820,56,1,508.11,5.0,482.7,348.78
1849,UB-000820,125,3,335.77,0.0,1007.31,641.19
1850,UB-000821,107,2,327.56,0.0,655.12,456.9
1851,UB-000822,144,3,426.33,15.0,1087.14,901.86
1852,UB-000823,81,4,1026.98,0.0,4107.92,2841.92
1853,UB-000824,118,1,653.24,5.0,620.58,421.79
1854,UB-000824,10,3,97.25,15.0,247.99,212.37
1855,UB-000824,28,1,878.25,0.0,878.25,673.25
1856,UB-000824,51,1,228.04,10.0,205.24,158.99
1857,UB-000825,94,1,763.98,0.0,763.98,538.36
1858,UB-000825,106,1,1040.96,0.0,1040.96,719.76
1859,UB-000826,80,1,411.72,0.0,411.72,302.58
1860,UB-000826,58,1,558.41,0.0,558.41,356.56
1861,UB-000826,75,2,890.07,5.0,1691.13,1175.56
1862,UB-000826,108,4,1124.43,5.0,4272.83,3182.2
1863,UB-000826,55,3,908.89,10.0,2454.0,1818.42
1864,UB-000827,108,3,1162.19,10.0,3137.91,2386.65
1865,UB-000827,120,1,708.45,5.0,673.03,488.5
1866,UB-000827,65,3,700.74,15.0,1786.89,1576.8
1867,UB-000827,39,2,890.86,0.0,1781.72,1228.14
1868,UB-000827,9,1,670.92,5.0,637.37,501.69
1869,UB-000828,3,2,1131.95,0.0,2263.9,1448.08
1870,UB-000829,35,2,771.97,0.0,1543.94,1135.26
1871,UB-000829,139,2,694.98,0.0,1389.96,1008.32
1872,UB-000830,94,1,751.7,0.0,751.7,538.36
1873,UB-000830,91,1,464.04,0.0,464.04,321.07
1874,UB-000830,13,1,377.87,10.0,340.08,235.91
1875,UB-000831,89,1,577.94,5.0,549.04,419.15
1876,UB-000832,138,4,930.07,20.0,2976.22,2418.4
1877,UB-000832,109,1,161.1,0.0,161.1,98.8
1878,UB-000833,40,2,362.19,0.0,724.38,511.88
1879,UB-000833,85,4,335.27,0.0,1341.08,930.72
1880,UB-000834,38,4,1063.07,0.0,4252.28,2886.76
1881,UB-000834,20,1,948.41,15.0,806.15,674.24
1882,UB-000834,88,1,707.07,15.0,601.01,553.89
1883,UB-000835,48,2,367.72,0.0,735.44,509.26
1884,UB-000835,129,5,1188.36,0.0,5941.8,3834.25
1885,UB-000835,97,1,1132.29,0.0,1132.29,712.55
1886,UB-000835,10,3,95.38,0.0,286.14,212.37
1887,UB-000836,15,2,1226.59,20.0,1962.54,1710.66
1888,UB-000836,40,3,380.22,5.0,1083.63,767.82
1889,UB-000837,2,3,490.29,5.0,1397.33,1113.66
1890,UB-000837,131,1,896.97,5.0,852.12,688.03
1891,UB-000838,53,1,1272.48,0.0,1272.48,865.12
1892,UB-000839,63,1,250.67,5.0,238.14,167.23
1893,UB-000839,56,2,530.85,0.0,1061.7,697.56
1894,UB-000840,33,2,431.72,0.0,863.44,593.12
1895,UB-000840,122,1,627.55,0.0,627.55,508.02
1896,UB-000840,6,2,953.29,10.0,1715.92,1384.58
1897,UB-000840,101,2,1113.81,20.0,1782.1,1786.54
1898,UB-000841,100,2,209.44,10.0,376.99,317.76
1899,UB-000842,139,3,723.33,0.0,2169.99,1512.48
1900,UB-000843,74,1,1147.59,0.0,1147.59,882.89
1901,UB-000844,71,3,194.75,5.0,555.04,366.21
1902,UB-000844,89,1,577.05,0.0,577.05,419.15
1903,UB-000845,37,4,1021.18,10.0,3676.25,3325.8
1904,UB-000846,8,2,384.45,20.0,615.12,586.88
1905,UB-000846,116,1,750.88,0.0,750.88,498.56
1906,UB-000847,108,1,1114.33,15.0,947.18,795.55
1907,UB-000847,58,4,574.56,10.0,2068.42,1426.24
1908,UB-000848,27,1,1099.12,0.0,1099.12,891.38
1909,UB-000848,137,3,1264.08,0.0,3792.24,2448.66
1910,UB-000849,133,1,510.64,0.0,510.64,320.37
1911,UB-000849,129,2,1198.95,20.0,1918.32,1533.7
1912,UB-000849,22,1,650.05,10.0,585.04,475.66
1913,UB-000850,59,1,302.56,10.0,272.3,241.88
1914,UB-000850,66,2,959.97,0.0,1919.94,1432.7
1915,UB-000851,74,4,1122.64,0.0,4490.56,3531.56
1916,UB-000852,65,1,715.31,0.0,715.31,525.6
1917,UB-000852,37,1,1038.3,0.0,1038.3,831.45
1918,UB-000853,66,2,959.47,0.0,1918.94,1432.7
1919,UB-000853,81,2,1058.76,0.0,2117.52,1420.96
1920,UB-000853,129,1,1209.09,0.0,1209.09,766.85
1921,UB-000854,126,1,1245.61,5.0,1183.33,803.5
1922,UB-000855,123,1,480.6,0.0,480.6,328.9
1923,UB-000856,3,1,1161.94,0.0,1161.94,724.04
1924,UB-000856,136,1,1407.96,15.0,1196.77,866.98
1925,UB-000856,88,3,716.34,0.0,2149.02,1661.67
1926,UB-000857,115,1,1193.13,5.0,1133.47,798.92
1927,UB-000857,103,1,932.73,10.0,839.46,681.52
1928,UB-000857,74,1,1142.33,0.0,1142.33,882.89
1929,UB-000858,11,2,461.41,0.0,922.82,733.5
1930,UB-000859,117,1,564.5,10.0,508.05,410.43
1931,UB-000860,72,4,964.64,5.0,3665.63,2966.4
1932,UB-000860,4,2,813.28,0.0,1626.56,1216.68
1933,UB-000861,116,2,739.78,0.0,1479.56,997.12
1934,UB-000861,32,1,102.4,15.0,87.04,79.85
1935,UB-000861,82,2,1060.7,0.0,2121.4,1370.66
1936,UB-000861,10,2,96.29,0.0,192.58,141.58
1937,UB-000861,57,4,749.02,0.0,2996.08,2270.8
1938,UB-000862,86,2,498.38,20.0,797.41,819.36
1939,UB-000862,35,1,805.93,0.0,805.93,567.63
1940,UB-000863,83,1,853.44,15.0,725.42,707.0
1941,UB-000863,94,1,761.3,0.0,761.3,538.36
1942,UB-000863,89,1,581.52,20.0,465.22,419.15
1943,UB-000863,97,2,1170.75,0.0,2341.5,1425.1
1944,UB-000864,50,1,431.9,0.0,431.9,327.69
1945,UB-000864,132,2,1280.5,0.0,2561.0,1620.16
1946,UB-000864,45,5,833.35,10.0,3750.08,3054.35
1947,UB-000865,93,1,93.34,0.0,93.34,72.83
1948,UB-000866,87,1,383.11,0.0,383.11,296.68
1949,UB-000866,95,1,470.55,0.0,470.55,369.8
1950,UB-000867,99,4,116.09,0.0,464.36,323.76
1951,UB-000867,81,1,1057.34,10.0,951.61,710.48
1952,UB-000868,76,1,811.86,0.0,811.86,616.89
1953,UB-000868,106,1,1063.97,5.0,1010.77,719.76
1954,UB-000868,46,1,214.8,10.0,193.32,167.81
1955,UB-000868,103,1,901.08,5.0,856.03,681.52
1956,UB-000869,23,1,881.86,0.0,881.86,627.54
1957,UB-000870,101,4,1122.64,0.0,4490.56,3573.08
1958,UB-000870,77,1,273.17,0.0,273.17,195.63
1959,UB-000870,64,2,328.09,5.0,623.37,428.54
1960,UB-000870,98,2,565.48,0.0,1130.96,934.66
1961,UB-000871,61,1,1088.24,0.0,1088.24,828.14
1962,UB-000871,45,5,790.05,0.0,3950.25,3054.35
1963,UB-000871,89,3,576.14,0.0,1728.42,1257.45
1964,UB-000872,72,2,959.07,0.0,1918.14,1483.2
1965,UB-000872,83,2,861.27,0.0,1722.54,1414.0
1966,UB-000873,95,4,473.51,5.0,1799.34,1479.2
1967,UB-000874,23,2,886.77,0.0,1773.54,1255.08
1968,UB-000874,131,3,919.26,5.0,2619.89,2064.09
1969,UB-000875,40,1,372.5,5.0,353.88,255.94
1970,UB-000875,35,2,794.07,0.0,1588.14,1135.26
1971,UB-000875,124,1,522.56,15.0,444.18,445.56
1972,UB-000876,65,2,705.21,0.0,1410.42,1051.2
1973,UB-000877,113,1,896.19,0.0,896.19,695.0
1974,UB-000877,17,1,830.8,0.0,830.8,644.64
1975,UB-000877,141,3,279.44,0.0,838.32,557.01
1976,UB-000877,63,4,261.87,10.0,942.73,668.92
1977,UB-000878,91,2,460.64,10.0,829.15,642.14
1978,UB-000878,97,1,1137.49,15.0,966.87,712.55
1979,UB-000879,72,1,967.58,0.0,967.58,741.6
1980,UB-000879,93,2,90.0,0.0,180.0,145.66
1981,UB-000879,111,3,650.73,5.0,1854.58,1670.37
1982,UB-000879,71,1,186.37,5.0,177.05,122.07
1983,UB-000879,91,1,448.62,15.0,381.33,321.07
1984,UB-000880,9,1,703.3,20.0,562.64,501.69
1985,UB-000880,37,2,1028.83,0.0,2057.66,1662.9
1986,UB-000881,20,1,949.78,0.0,949.78,674.24
1987,UB-000881,113,2,871.58,0.0,1743.16,1390.0
1988,UB-000882,122,1,660.08,0.0,660.08,508.02
1989,UB-000882,40,1,376.39,20.0,301.11,255.94
1990,UB-000883,60,1,186.41,0.0,186.41,144.82
1991,UB-000883,2,3,486.53,10.0,1313.63,1113.66
1992,UB-000883,45,1,817.55,0.0,817.55,610.87
1993,UB-000883,97,1,1124.14,15.0,955.52,712.55
1994,UB-000884,19,1,664.47,10.0,598.02,474.21
1995,UB-000885,53,1,1308.26,5.0,1242.85,865.12
1996,UB-000885,4,1,790.83,0.0,790.83,608.34
1997,UB-000886,62,3,392.96,0.0,1178.88,781.65
1998,UB-000887,108,1,1134.73,0.0,1134.73,795.55
1999,UB-000887,53,1,1314.09,15.0,1116.98,865.12
2000,UB-000887,40,1,373.2,20.0,298.56,255.94
2001,UB-000888,73,3,1008.78,0.0,3026.34,1988.94
2002,UB-000888,100,2,202.41,0.0,404.82,317.76
2003,UB-000888,102,3,1224.48,10.0,3306.1,2488.14
2004,UB-000888,71,2,189.55,0.0,379.1,244.14
2005,UB-000888,112,1,470.44,10.0,423.4,338.04
2006,UB-000889,54,1,1045.69,0.0,1045.69,807.18
2007,UB-000889,63,3,262.53,10.0,708.83,501.69
2008,UB-000889,43,1,173.8,0.0,173.8,116.88
2009,UB-000890,28,4,913.12,0.0,3652.48,2693.0
2010,UB-000891,46,1,216.41,15.0,183.95,167.81
2011,UB-000891,35,1,814.7,5.0,773.97,567.63
2012,UB-000892,99,3,112.02,15.0,285.65,242.82
2013,UB-000892,104,1,1238.57,0.0,1238.57,879.92
2014,UB-000893,125,3,326.02,10.0,880.25,641.19
2015,UB-000893,124,1,547.82,0.0,547.82,445.56
2016,UB-000894,64,4,318.3,0.0,1273.2,857.08
2017,UB-000894,117,1,541.17,10.0,487.05,410.43
2018,UB-000894,128,1,175.3,0.0,175.3,141.91
2019,UB-000895,28,2,880.28,0.0,1760.56,1346.5
2020,UB-000895,124,2,528.85,5.0,1004.81,891.12
2021,UB-000896,57,3,792.97,10.0,2141.02,1703.1
2022,UB-000896,96,2,498.97,10.0,898.15,734.44
2023,UB-000896,98,1,583.94,0.0,583.94,467.33
2024,UB-000896,5,1,1385.95,0.0,1385.95,872.25
2025,UB-000896,137,1,1317.01,5.0,1251.16,816.22
2026,UB-000897,144,1,420.71,5.0,399.67,300.62
2027,UB-000897,75,2,876.12,0.0,1752.24,1175.56
2028,UB-000898,79,1,738.08,0.0,738.08,478.88
2029,UB-000898,51,1,232.79,10.0,209.51,158.99
2030,UB-000899,64,1,330.25,0.0,330.25,214.27
2031,UB-000899,69,1,308.38,10.0,277.54,234.6
2032,UB-000899,27,4,1057.29,10.0,3806.24,3565.52
2033,UB-000899,109,1,153.65,0.0,153.65,98.8
2034,UB-000900,86,2,485.44,0.0,970.88,819.36
2035,UB-000900,7,2,1041.46,0.0,2082.92,1507.5
2036,UB-000900,94,2,755.9,10.0,1360.62,1076.72
2037,UB-000901,43,1,169.76,0.0,169.76,116.88
2038,UB-000901,80,1,410.75,0.0,410.75,302.58
2039,UB-000901,75,3,864.71,10.0,2334.72,1763.34
2040,UB-000901,90,1,700.16,5.0,665.15,507.26
2041,UB-000902,102,1,1182.69,5.0,1123.56,829.38
2042,UB-000903,80,1,415.74,0.0,415.74,302.58
2043,UB-000904,46,2,223.42,5.0,424.5,335.62
2044,UB-000904,75,1,864.87,0.0,864.87,587.78
2045,UB-000904,37,1,1033.64,0.0,1033.64,831.45
2046,UB-000904,112,1,470.07,10.0,423.06,338.04
2047,UB-000905,111,1,641.67,15.0,545.42,556.79
2048,UB-000905,33,2,434.64,0.0,869.28,593.12
2049,UB-000906,112,2,450.1,0.0,900.2,676.08
2050,UB-000906,4,5,785.12,0.0,3925.6,3041.7
2051,UB-000906,128,2,170.89,5.0,324.69,283.82
2052,UB-000907,28,3,892.2,0.0,2676.6,2019.75
2053,UB-000908,140,1,296.05,20.0,236.84,195.06
2054,UB-000908,124,3,548.94,0.0,1646.82,1336.68
2055,UB-000909,42,2,609.81,5.0,1158.64,796.76
2056,UB-000909,14,1,773.16,15.0,657.19,569.64
2057,UB-000909,142,3,469.33,20.0,1126.39,1218.87
2058,UB-000910,30,4,1377.02,10.0,4957.27,3460.44
2059,UB-000910,109,1,155.82,0.0,155.82,98.8
2060,UB-000910,60,1,184.97,0.0,184.97,144.82
2061,UB-000911,142,3,471.52,20.0,1131.65,1218.87
2062,UB-000912,70,1,1412.93,0.0,1412.93,864.59
2063,UB-000912,54,1,1018.24,0.0,1018.24,807.18
2064,UB-000912,24,2,95.02,15.0,161.53,123.02
2065,UB-000912,126,3,1265.84,0.0,3797.52,2410.5
2066,UB-000912,25,2,663.15,5.0,1259.98,992.56
2067,UB-000913,119,1,592.65,0.0,592.65,477.5
2068,UB-000913,36,1,841.78,15.0,715.51,533.78
2069,UB-000914,135,1,628.8,15.0,534.48,397.42
2070,UB-000915,78,1,810.4,10.0,729.36,544.75
2071,UB-000916,55,1,884.13,0.0,884.13,606.14
2072,UB-000916,60,1,191.47,5.0,181.9,144.82
2073,UB-000916,116,2,767.44,20.0,1227.9,997.12
2074,UB-000917,7,1,1025.1,5.0,973.84,753.75
2075,UB-000917,45,1,803.27,10.0,722.94,610.87
2076,UB-000918,62,1,394.56,0.0,394.56,260.55
2077,UB-000918,59,1,296.19,0.0,296.19,241.88
2078,UB-000919,48,1,350.16,10.0,315.14,254.63
2079,UB-000919,108,1,1103.85,5.0,1048.66,795.55
2080,UB-000920,65,3,717.83,0.0,2153.49,1576.8
2081,UB-000920,122,1,636.22,5.0,604.41,508.02
2082,UB-000920,102,1,1197.94,5.0,1138.04,829.38
2083,UB-000921,120,1,734.75,10.0,661.27,488.5
2084,UB-000921,127,1,297.68,5.0,282.8,222.26
2085,UB-000921,24,4,95.95,5.0,364.61,246.04
2086,UB-000921,65,1,742.98,0.0,742.98,525.6
2087,UB-000922,138,1,921.36,0.0,921.36,604.6
2088,UB-000922,62,5,383.99,0.0,1919.95,1302.75
2089,UB-000923,112,1,450.87,0.0,450.87,338.04
2090,UB-000923,84,1,1309.63,15.0,1113.19,812.12
2091,UB-000924,90,1,680.17,10.0,612.15,507.26
2092,UB-000925,138,1,894.11,15.0,759.99,604.6
2093,UB-000925,48,3,351.54,20.0,843.7,763.89
2094,UB-000925,128,1,168.48,0.0,168.48,141.91
2095,UB-000925,82,2,1054.08,15.0,1791.94,1370.66
2096,UB-000925,42,2,607.56,5.0,1154.36,796.76
2097,UB-000926,120,1,731.49,0.0,731.49,488.5
2098,UB-000927,107,3,329.18,10.0,888.79,685.35
2099,UB-000928,116,4,759.24,5.0,2885.11,1994.24
2100,UB-000929,44,3,755.9,0.0,2267.7,1763.43
2101,UB-000930,65,1,730.53,0.0,730.53,525.6
2102,UB-000930,88,1,690.06,15.0,586.55,553.89
2103,UB-000930,22,1,671.56,0.0,671.56,475.66
2104,UB-000930,49,1,968.7,5.0,920.26,614.04
2105,UB-000931,102,1,1176.45,5.0,1117.63,829.38
2106,UB-000931,19,1,663.32,0.0,663.32,474.21
2107,UB-000931,25,1,665.3,15.0,565.5,496.28
2108,UB-000932,42,1,599.95,5.0,569.95,398.38
2109,UB-000932,35,1,803.68,0.0,803.68,567.63
2110,UB-000933,121,1,891.88,0.0,891.88,683.69
2111,UB-000933,24,1,92.61,0.0,92.61,61.51
2112,UB-000933,73,2,994.0,15.0,1689.8,1325.96
2113,UB-000934,52,1,634.82,10.0,571.34,457.32
2114,UB-000934,94,1,738.35,15.0,627.6,538.36
2115,UB-000935,124,3,534.51,0.0,1603.53,1336.68
2116,UB-000936,31,3,710.14,0.0,2130.42,1744.77
2117,UB-000936,137,2,1325.7,0.0,2651.4,1632.44
2118,UB-000937,20,2,952.75,0.0,1905.5,1348.48
2119,UB-000937,26,1,222.43,10.0,200.19,138.49
2120,UB-000938,17,1,860.25,0.0,860.25,644.64
2121,UB-000939,21,2,792.5,5.0,1505.75,1164.12
2122,UB-000939,1,3,315.61,20.0,757.46,630.93
2123,UB-000940,13,2,364.46,0.0,728.92,471.82
2124,UB-000940,8,1,377.22,5.0,358.36,293.44
2125,UB-000941,79,1,760.11,0.0,760.11,478.88
2126,UB-000942,33,3,436.55,20.0,1047.72,889.68
2127,UB-000942,112,3,462.24,5.0,1317.38,1014.12
2128,UB-000942,135,2,619.56,0.0,1239.12,794.84
2129,UB-000943,113,1,878.07,10.0,790.26,695.0
2130,UB-000943,126,1,1269.76,10.0,1142.78,803.5
2131,UB-000943,92,1,829.85,15.0,705.37,524.51
2132,UB-000943,136,2,1351.9,0.0,2703.8,1733.96
2133,UB-000943,142,1,496.32,5.0,471.5,406.29
2134,UB-000944,124,2,529.75,0.0,1059.5,891.12
2135,UB-000944,103,2,911.9,0.0,1823.8,1363.04
2136,UB-000945,107,2,315.34,0.0,630.68,456.9
2137,UB-000945,59,1,301.14,0.0,301.14,241.88
2138,UB-000946,129,2,1218.11,0.0,2436.22,1533.7
2139,UB-000946,13,3,369.7,0.0,1109.1,707.73
2140,UB-000947,24,2,94.43,15.0,160.53,123.02
2141,UB-000947,94,5,733.29,0.0,3666.45,2691.8
2142,UB-000947,111,1,658.89,5.0,625.95,556.79
2143,UB-000947,120,1,713.81,5.0,678.12,488.5
2144,UB-000948,86,3,495.05,10.0,1336.64,1229.04
2145,UB-000948,102,1,1221.15,5.0,1160.09,829.38
2146,UB-000948,56,1,507.21,5.0,481.85,348.78
2147,UB-000948,89,3,581.97,0.0,1745.91,1257.45
2148,UB-000949,135,1,617.68,0.0,617.68,397.42
2149,UB-000949,92,1,813.95,20.0,651.16,524.51
2150,UB-000950,114,1,993.75,0.0,993.75,645.87
2151,UB-000950,121,1,930.52,0.0,930.52,683.69
2152,UB-000951,129,2,1204.35,0.0,2408.7,1533.7
2153,UB-000952,52,2,665.27,15.0,1130.96,914.64
2154,UB-000953,26,5,212.64,0.0,1063.2,692.45
2155,UB-000953,97,2,1132.84,0.0,2265.68,1425.1
2156,UB-000953,60,1,188.34,15.0,160.09,144.82
2157,UB-000954,118,2,643.76,0.0,1287.52,843.58
2158,UB-000954,77,1,278.94,5.0,264.99,195.63
2159,UB-000955,110,1,929.12,10.0,836.21,679.34
2160,UB-000955,83,2,879.75,10.0,1583.55,1414.0
2161,UB-000956,22,1,661.82,0.0,661.82,475.66
2162,UB-000956,142,1,489.85,10.0,440.87,406.29
2163,UB-000956,58,1,564.91,0.0,564.91,356.56
2164,UB-000956,32,1,102.43,0.0,102.43,79.85
2165,UB-000957,13,2,369.94,0.0,739.88,471.82
2166,UB-000958,70,1,1346.14,0.0,1346.14,864.59
2167,UB-000959,81,2,1012.33,5.0,1923.43,1420.96
2168,UB-000959,66,1,940.65,5.0,893.62,716.35
2169,UB-000959,75,1,869.1,0.0,869.1,587.78
2170,UB-000959,71,1,194.79,15.0,165.57,122.07
2171,UB-000960,26,2,224.09,0.0,448.18,276.98
2172,UB-000960,136,2,1349.14,0.0,2698.28,1733.96
2173,UB-000961,61,1,1080.29,15.0,918.25,828.14
2174,UB-000962,80,1,407.21,0.0,407.21,302.58
2175,UB-000962,68,2,223.28,15.0,379.58,322.38
2176,UB-000962,49,3,968.38,0.0,2905.14,1842.12
2177,UB-000963,56,1,527.69,10.0,474.92,348.78
2178,UB-000963,106,2,1022.51,0.0,2045.02,1439.52
2179,UB-000963,111,2,642.84,0.0,1285.68,1113.58
2180,UB-000964,96,1,502.09,0.0,502.09,367.22
2181,UB-000964,92,1,839.77,20.0,671.82,524.51
2182,UB-000965,62,1,381.22,0.0,381.22,260.55
2183,UB-000965,129,2,1211.96,0.0,2423.92,1533.7
2184,UB-000965,2,1,502.83,0.0,502.83,371.22
2185,UB-000966,28,1,875.53,5.0,831.75,673.25
2186,UB-000967,9,4,691.83,10.0,2490.59,2006.76
2187,UB-000967,42,1,615.61,0.0,615.61,398.38
2188,UB-000967,142,2,485.81,0.0,971.62,812.58
2189,UB-000968,139,1,690.95,0.0,690.95,504.16
2190,UB-000968,141,1,285.16,0.0,285.16,185.67
2191,UB-000969,109,4,161.3,5.0,612.94,395.2
2192,UB-000970,52,1,669.59,0.0,669.59,457.32
2193,UB-000970,91,2,460.14,0.0,920.28,642.14
2194,UB-000970,100,5,199.68,0.0,998.4,794.4
2195,UB-000971,140,2,296.91,5.0,564.13,390.12
2196,UB-000971,80,1,415.7,10.0,374.13,302.58
2197,UB-000972,52,4,660.7,5.0,2510.66,1829.28
2198,UB-000972,64,2,333.63,0.0,667.26,428.54
2199,UB-000973,110,2,936.97,0.0,1873.94,1358.68
2200,UB-000973,27,1,1052.79,0.0,1052.79,891.38
2201,UB-000974,6,3,992.56,0.0,2977.68,2076.87
2202,UB-000975,14,2,772.08,20.0,1235.33,1139.28
2203,UB-000976,21,2,792.59,0.0,1585.18,1164.12
2204,UB-000977,125,1,326.41,10.0,293.77,213.73
2205,UB-000977,57,3,769.35,15.0,1961.84,1703.1
2206,UB-000978,134,1,973.16,15.0,827.19,633.2
2207,UB-000978,125,1,321.62,0.0,321.62,213.73
2208,UB-000979,98,2,586.92,0.0,1173.84,934.66
2209,UB-000980,62,4,383.08,5.0,1455.7,1042.2
2210,UB-000981,42,1,603.88,0.0,603.88,398.38
2211,UB-000981,130,5,919.0,15.0,3905.75,3267.65
2212,UB-000981,59,2,302.78,10.0,545.0,483.76
2213,UB-000982,10,1,98.57,5.0,93.64,70.79
2214,UB-000982,19,1,662.31,0.0,662.31,474.21
2215,UB-000983,38,1,1080.62,0.0,1080.62,721.69
2216,UB-000984,31,1,735.88,10.0,662.29,581.59
2217,UB-000984,124,2,520.05,5.0,988.09,891.12
2218,UB-000984,32,2,102.21,0.0,204.42,159.7
2219,UB-000984,43,1,171.75,0.0,171.75,116.88
2220,UB-000985,18,1,838.53,10.0,754.68,648.71
2221,UB-000985,132,1,1246.8,15.0,1059.78,810.08
2222,UB-000985,63,1,252.29,0.0,252.29,167.23
2223,UB-000986,135,1,616.03,0.0,616.03,397.42
2224,UB-000986,68,1,222.05,0.0,222.05,161.19
2225,UB-000986,11,3,451.77,10.0,1219.78,1100.25
2226,UB-000986,96,1,497.99,15.0,423.29,367.22
2227,UB-000987,94,1,764.38,0.0,764.38,538.36
2228,UB-000987,31,2,712.79,10.0,1283.02,1163.18
2229,UB-000988,88,4,698.07,0.0,2792.28,2215.56
2230,UB-000988,5,2,1370.35,15.0,2329.59,1744.5
2231,UB-000989,126,1,1230.81,0.0,1230.81,803.5
2232,UB-000989,55,1,909.49,0.0,909.49,606.14
2233,UB-000990,73,1,1008.17,0.0,1008.17,662.98
2234,UB-000991,143,2,824.06,10.0,1483.31,1229.42
2235,UB-000992,113,1,860.72,0.0,860.72,695.0
2236,UB-000992,29,1,709.27,0.0,709.27,536.32
2237,UB-000993,36,2,834.13,0.0,1668.26,1067.56
2238,UB-000993,104,1,1251.36,10.0,1126.22,879.92
2239,UB-000994,50,1,433.82,0.0,433.82,327.69
2240,UB-000994,9,1,677.75,5.0,643.86,501.69
2241,UB-000995,128,1,174.84,0.0,174.84,141.91
2242,UB-000996,68,2,229.55,0.0,459.1,322.38
2243,UB-000996,43,1,170.46,5.0,161.94,116.88
2244,UB-000996,109,2,161.94,5.0,307.69,197.6
2245,UB-000997,96,2,508.11,10.0,914.6,734.44
2246,UB-000998,50,2,422.04,0.0,844.08,655.38
2247,UB-000998,3,1,1120.09,0.0,1120.09,724.04
2248,UB-000998,67,2,156.64,10.0,281.95,192.4
2249,UB-000999,2,3,502.06,10.0,1355.56,1113.66
2250,UB-001000,61,1,1062.29,10.0,956.06,828.14
2251,UB-001001,84,4,1285.68,0.0,5142.72,3248.48
2252,UB-001002,21,1,803.6,0.0,803.6,582.06
2253,UB-001002,91,1,473.34,5.0,449.67,321.07
2254,UB-001002,68,2,219.63,0.0,439.26,322.38
2255,UB-001003,92,2,830.39,5.0,1577.74,1049.02
2256,UB-001003,52,1,669.58,0.0,669.58,457.32
2257,UB-001004,47,1,107.15,10.0,96.44,87.48
2258,UB-001004,84,3,1274.33,10.0,3440.69,2436.36
2259,UB-001004,102,1,1201.28,10.0,1081.15,829.38
2260,UB-001004,85,1,330.09,5.0,313.59,232.68
2261,UB-001005,101,4,1092.96,5.0,4153.25,3573.08
2262,UB-001006,111,1,659.7,0.0,659.7,556.79
2263,UB-001006,83,4,842.65,10.0,3033.54,2828.0
2264,UB-001006,9,1,693.23,0.0,693.23,501.69
2265,UB-001007,89,2,584.09,15.0,992.95,838.3
2266,UB-001007,36,1,826.96,0.0,826.96,533.78
2267,UB-001007,26,3,216.67,0.0,650.01,415.47
2268,UB-001008,34,2,165.97,0.0,331.94,276.06
2269,UB-001008,47,1,103.54,5.0,98.36,87.48
2270,UB-001009,65,2,704.77,0.0,1409.54,1051.2
2271,UB-001009,63,1,256.52,15.0,218.04,167.23
2272,UB-001010,120,1,731.32,20.0,585.06,488.5
2273,UB-001010,28,1,894.2,0.0,894.2,673.25
2274,UB-001011,46,1,217.07,0.0,217.07,167.81
2275,UB-001011,123,1,480.61,0.0,480.61,328.9
2276,UB-001012,42,2,621.1,10.0,1117.98,796.76
2277,UB-001013,127,1,306.97,0.0,306.97,222.26
2278,UB-001013,134,1,919.97,10.0,827.97,633.2
2279,UB-001014,21,1,773.36,0.0,773.36,582.06
2280,UB-001015,3,1,1139.72,0.0,1139.72,724.04
2281,UB-001016,24,2,92.11,15.0,156.59,123.02
2282,UB-001017,18,3,827.61,10.0,2234.55,1946.13
2283,UB-001018,3,1,1118.01,0.0,1118.01,724.04
2284,UB-001018,75,1,884.26,5.0,840.05,587.78
2285,UB-001018,4,1,821.33,15.0,698.13,608.34
2286,UB-001019,132,1,1283.12,10.0,1154.81,810.08
2287,UB-001020,52,2,656.67,15.0,1116.34,914.64
2288,UB-001020,44,1,796.65,0.0,796.65,587.81
2289,UB-001020,141,2,281.16,0.0,562.32,371.34
2290,UB-001020,77,1,275.35,0.0,275.35,195.63
2291,UB-001021,40,5,359.64,5.0,1708.29,1279.7
2292,UB-001022,1,2,313.13,0.0,626.26,420.62
2293,UB-001022,22,1,644.94,20.0,515.95,475.66
2294,UB-001022,122,1,659.9,0.0,659.9,508.02
2295,UB-001022,129,1,1193.96,0.0,1193.96,766.85
2296,UB-001022,100,1,209.93,20.0,167.94,158.88
2297,UB-001023,5,1,1401.29,5.0,1331.23,872.25
2298,UB-001023,19,2,687.96,0.0,1375.92,948.42
2299,UB-001024,53,1,1295.66,0.0,1295.66,865.12
2300,UB-001024,72,1,974.5,0.0,974.5,741.6
2301,UB-001025,134,2,927.4,0.0,1854.8,1266.4
2302,UB-001026,35,2,787.04,0.0,1574.08,1135.26
2303,UB-001026,68,4,217.39,10.0,782.6,644.76
2304,UB-001027,75,1,867.51,5.0,824.13,587.78
2305,UB-001027,47,4,107.06,5.0,406.83,349.92
2306,UB-001027,32,1,102.59,0.0,102.59,79.85
2307,UB-001028,120,2,742.13,0.0,1484.26,977.0
2308,UB-001029,70,2,1403.58,15.0,2386.09,1729.18
2309,UB-001029,28,1,893.85,15.0,759.77,673.25
2310,UB-001029,19,1,689.32,10.0,620.39,474.21
2311,UB-001030,8,1,368.58,0.0,368.58,293.44
2312,UB-001030,131,1,933.82,0.0,933.82,688.03
2313,UB-001030,23,1,902.39,0.0,902.39,627.54
2314,UB-001031,85,1,333.99,0.0,333.99,232.68
2315,UB-001032,74,2,1170.3,0.0,2340.6,1765.78
2316,UB-001033,47,1,105.87,10.0,95.28,87.48
2317,UB-001034,45,1,790.9,15.0,672.26,610.87
2318,UB-001035,57,1,767.76,0.0,767.76,567.7
2319,UB-001036,143,1,789.74,0.0,789.74,614.71
2320,UB-001037,111,4,671.34,0.0,2685.36,2227.16
2321,UB-001037,135,2,605.64,0.0,1211.28,794.84
2322,UB-001037,43,2,173.5,0.0,347.0,233.76
2323,UB-001038,56,1,504.27,0.0,504.27,348.78
2324,UB-001038,113,1,866.29,0.0,866.29,695.0
2325,UB-001039,93,3,89.71,10.0,242.22,218.49
2326,UB-001039,115,1,1190.85,15.0,1012.22,798.92
2327,UB-001040,19,1,661.44,5.0,628.37,474.21
2328,UB-001040,100,2,207.04,10.0,372.67,317.76
2329,UB-001040,80,1,408.04,0.0,408.04,302.58
2330,UB-001041,82,2,1037.86,0.0,2075.72,1370.66
2331,UB-001042,83,1,841.75,20.0,673.4,707.0
2332,UB-001043,13,2,362.83,0.0,725.66,471.82
2333,UB-001043,52,1,666.16,5.0,632.85,457.32
2334,UB-001043,125,1,336.89,20.0,269.51,213.73
2335,UB-001044,92,2,811.89,0.0,1623.78,1049.02
2336,UB-001044,73,2,986.38,10.0,1775.48,1325.96
2337,UB-001045,36,1,834.17,0.0,834.17,533.78
2338,UB-001045,63,3,259.6,5.0,739.86,501.69
2339,UB-001045,64,1,315.24,5.0,299.48,214.27
2340,UB-001045,144,2,426.1,15.0,724.37,601.24
2341,UB-001046,1,1,304.44,20.0,243.55,210.31
2342,UB-001046,134,1,960.26,10.0,864.23,633.2
2343,UB-001046,110,1,906.74,0.0,906.74,679.34
2344,UB-001046,3,1,1162.48,0.0,1162.48,724.04
2345,UB-001047,43,2,170.84,20.0,273.34,233.76
2346,UB-001047,24,3,91.63,0.0,274.89,184.53
2347,UB-001047,123,1,483.51,10.0,435.16,328.9
2348,UB-001047,3,1,1171.19,0.0,1171.19,724.04
2349,UB-001047,55,1,897.29,0.0,897.29,606.14
2350,UB-001048,52,1,667.21,0.0,667.21,457.32
2351,UB-001049,30,1,1342.01,0.0,1342.01,865.11
2352,UB-001050,63,2,251.14,15.0,426.94,334.46
2353,UB-001051,102,1,1195.1,10.0,1075.59,829.38
2354,UB-001051,123,1,456.94,20.0,365.55,328.9
2355,UB-001051,79,2,756.38,5.0,1437.12,957.76
2356,UB-001051,24,2,95.17,0.0,190.34,123.02
2357,UB-001052,133,1,491.81,0.0,491.81,320.37
2358,UB-001053,120,1,745.18,0.0,745.18,488.5
2359,UB-001054,121,2,915.2,10.0,1647.36,1367.38
2360,UB-001054,96,2,512.93,0.0,1025.86,734.44
2361,UB-001055,34,2,160.0,0.0,320.0,276.06
2362,UB-001055,26,2,222.74,0.0,445.48,276.98
2363,UB-001056,26,2,217.6,0.0,435.2,276.98
2364,UB-001057,27,1,1078.85,5.0,1024.91,891.38
2365,UB-001058,66,2,986.69,10.0,1776.04,1432.7
2366,UB-001058,34,1,164.61,5.0,156.38,138.03
2367,UB-001058,107,2,319.44,0.0,638.88,456.9
2368,UB-001058,118,2,617.95,20.0,988.72,843.58
2369,UB-001059,107,1,323.24,15.0,274.75,228.45
2370,UB-001059,74,1,1142.36,0.0,1142.36,882.89
2371,UB-001059,109,4,152.93,0.0,611.72,395.2
2372,UB-001060,50,4,434.31,0.0,1737.24,1310.76
2373,UB-001060,121,2,934.24,0.0,1868.48,1367.38
2374,UB-001061,35,1,809.94,20.0,647.95,567.63
2375,UB-001061,73,2,991.34,0.0,1982.68,1325.96
2376,UB-001062,122,1,645.31,20.0,516.25,508.02
2377,UB-001062,103,1,901.83,0.0,901.83,681.52
2378,UB-001063,108,2,1157.46,0.0,2314.92,1591.1
2379,UB-001063,107,3,321.67,0.0,965.01,685.35
2380,UB-001064,22,1,652.76,5.0,620.12,475.66
2381,UB-001065,61,2,1106.76,5.0,2102.84,1656.28
2382,UB-001065,105,1,1260.28,10.0,1134.25,888.95
2383,UB-001066,28,1,875.23,5.0,831.47,673.25
2384,UB-001067,52,1,653.45,0.0,653.45,457.32
2385,UB-001068,105,2,1269.91,0.0,2539.82,1777.9
2386,UB-001068,137,5,1279.12,0.0,6395.6,4081.1
2387,UB-001069,33,1,449.11,5.0,426.65,296.56
2388,UB-001070,5,4,1396.86,10.0,5028.7,3489.0
2389,UB-001071,71,2,186.07,15.0,316.32,244.14
2390,UB-001071,31,1,722.54,5.0,686.41,581.59
2391,UB-001072,67,2,156.67,0.0,313.34,192.4
2392,UB-001073,11,2,465.29,15.0,790.99,733.5
2393,UB-001073,47,3,109.48,0.0,328.44,262.44
2394,UB-001073,18,1,840.28,10.0,756.25,648.71
2395,UB-001073,101,1,1120.55,0.0,1120.55,893.27
2396,UB-001073,105,1,1276.77,0.0,1276.77,888.95
2397,UB-001074,109,2,153.64,5.0,291.92,197.6
2398,UB-001074,101,1,1086.74,0.0,1086.74,893.27
2399,UB-001075,78,2,793.76,0.0,1587.52,1089.5
2400,UB-001075,32,2,106.5,5.0,202.35,159.7
2401,UB-001076,109,1,157.32,5.0,149.45,98.8
2402,UB-001076,20,1,976.59,20.0,781.27,674.24
2403,UB-001077,83,1,851.85,0.0,851.85,707.0
2404,UB-001077,84,2,1260.92,10.0,2269.66,1624.24
2405,UB-001078,74,3,1117.31,20.0,2681.54,2648.67
2406,UB-001078,103,1,905.9,0.0,905.9,681.52
2407,UB-001079,105,3,1222.38,15.0,3117.07,2666.85
2408,UB-001080,57,4,785.91,20.0,2514.91,2270.8
2409,UB-001080,133,3,513.64,0.0,1540.92,961.11
2410,UB-001081,112,1,467.63,0.0,467.63,338.04
2411,UB-001081,7,1,1053.53,0.0,1053.53,753.75
2412,UB-001081,36,1,845.75,5.0,803.46,533.78
2413,UB-001082,84,2,1285.24,0.0,2570.48,1624.24
2414,UB-001082,78,1,788.11,10.0,709.3,544.75
2415,UB-001083,41,1,923.43,15.0,784.92,743.96
2416,UB-001083,119,1,601.99,0.0,601.99,477.5
2417,UB-001083,143,1,799.71,0.0,799.71,614.71
2418,UB-001084,113,1,855.79,0.0,855.79,695.0
2419,UB-001084,48,1,364.04,0.0,364.04,254.63
2420,UB-001085,20,1,938.9,0.0,938.9,674.24
2421,UB-001085,128,1,170.5,10.0,153.45,141.91
2422,UB-001085,79,2,739.49,15.0,1257.13,957.76
2423,UB-001085,44,1,790.05,0.0,790.05,587.81
2424,UB-001086,140,1,301.78,20.0,241.42,195.06
2425,UB-001086,77,1,282.03,15.0,239.73,195.63
2426,UB-001087,33,1,431.12,10.0,388.01,296.56
2427,UB-001087,40,2,368.96,15.0,627.23,511.88
2428,UB-001087,47,5,105.08,0.0,525.4,437.4
2429,UB-001088,3,1,1125.61,0.0,1125.61,724.04
2430,UB-001088,60,1,189.26,5.0,179.8,144.82
2431,UB-001088,81,1,1060.9,10.0,954.81,710.48
2432,UB-001088,121,1,924.83,5.0,878.59,683.69
2433,UB-001089,29,1,747.15,15.0,635.08,536.32
2434,UB-001090,143,1,825.31,5.0,784.04,614.71
2435,UB-001090,69,1,316.74,0.0,316.74,234.6
2436,UB-001090,104,4,1228.08,0.0,4912.32,3519.68
2437,UB-001090,8,1,385.81,0.0,385.81,293.44
2438,UB-001091,121,1,924.88,15.0,786.15,683.69
2439,UB-001092,74,3,1139.14,5.0,3246.55,2648.67
2440,UB-001093,27,1,1099.16,0.0,1099.16,891.38
2441,UB-001093,52,1,648.59,0.0,648.59,457.32
2442,UB-001094,22,2,674.41,0.0,1348.82,951.32
2443,UB-001095,21,3,796.64,0.0,2389.92,1746.18
2444,UB-001096,143,2,805.95,0.0,1611.9,1229.42
2445,UB-001096,67,1,155.99,10.0,140.39,96.2
2446,UB-001096,24,2,94.52,0.0,189.04,123.02
2447,UB-001096,88,1,692.75,0.0,692.75,553.89
2448,UB-001097,137,1,1287.02,20.0,1029.62,816.22
2449,UB-001098,13,2,363.45,5.0,690.55,471.82
2450,UB-001099,6,5,1000.26,15.0,4251.11,3461.45
2451,UB-001100,84,1,1241.83,5.0,1179.74,812.12
2452,UB-001100,69,2,315.01,0.0,630.02,469.2
2453,UB-001101,2,3,490.96,5.0,1399.24,1113.66
2454,UB-001102,15,1,1245.24,0.0,1245.24,855.33
2455,UB-001102,92,2,844.62,5.0,1604.78,1049.02
2456,UB-001103,99,2,114.54,5.0,217.63,161.88
2457,UB-001103,98,3,580.36,0.0,1741.08,1401.99
2458,UB-001103,75,2,875.68,0.0,1751.36,1175.56
2459,UB-001103,12,2,573.52,5.0,1089.69,851.32
2460,UB-001104,8,1,373.5,0.0,373.5,293.44
2461,UB-001104,26,1,218.9,10.0,197.01,138.49
2462,UB-001104,114,3,984.45,0.0,2953.35,1937.61
2463,UB-001104,119,1,589.58,5.0,560.1,477.5
2464,UB-001104,64,2,325.84,0.0,651.68,428.54
2465,UB-001105,35,2,776.75,0.0,1553.5,1135.26
2466,UB-001105,12,2,568.68,5.0,1080.49,851.32
2467,UB-001106,101,2,1115.32,0.0,2230.64,1786.54
2468,UB-001106,44,2,780.64,15.0,1327.09,1175.62
2469,UB-001106,31,1,743.3,0.0,743.3,581.59
2470,UB-001106,51,1,229.56,10.0,206.6,158.99
2471,UB-001106,123,1,470.64,20.0,376.51,328.9
2472,UB-001107,127,1,297.03,10.0,267.33,222.26
2473,UB-001108,128,5,176.83,15.0,751.53,709.55
2474,UB-001108,135,1,607.64,0.0,607.64,397.42
2475,UB-001108,136,1,1367.71,5.0,1299.32,866.98
2476,UB-001109,38,1,1050.73,0.0,1050.73,721.69
2477,UB-001109,83,2,877.76,0.0,1755.52,1414.0
2478,UB-001109,2,1,502.94,15.0,427.5,371.22
2479,UB-001109,140,1,300.91,0.0,300.91,195.06
2480,UB-001110,34,5,162.12,10.0,729.54,690.15
2481,UB-001110,96,1,492.46,5.0,467.84,367.22
2482,UB-001110,129,4,1148.7,0.0,4594.8,3067.4
2483,UB-001111,64,1,325.4,0.0,325.4,214.27
2484,UB-001111,22,1,659.17,15.0,560.29,475.66
2485,UB-001112,129,2,1170.54,0.0,2341.08,1533.7
2486,UB-001112,135,2,620.06,0.0,1240.12,794.84
2487,UB-001112,123,1,477.74,0.0,477.74,328.9
2488,UB-001112,94,2,762.72,5.0,1449.17,1076.72
2489,UB-001113,130,1,939.78,20.0,751.82,653.53
2490,UB-001114,125,2,328.74,0.0,657.48,427.46
2491,UB-001114,142,2,494.06,15.0,839.9,812.58
2492,UB-001115,43,2,172.78,0.0,345.56,233.76
2493,UB-001115,74,1,1140.25,10.0,1026.23,882.89
2494,UB-001116,37,3,1071.26,0.0,3213.78,2494.35
2495,UB-001116,136,1,1365.66,0.0,1365.66,866.98
2496,UB-001117,2,2,507.46,0.0,1014.92,742.44
2497,UB-001117,68,1,228.86,15.0,194.53,161.19
2498,UB-001117,96,1,515.27,0.0,515.27,367.22
2499,UB-001118,21,2,775.97,5.0,1474.34,1164.12
2500,UB-001118,131,3,898.8,0.0,2696.4,2064.09
2501,UB-001118,60,3,189.12,5.0,538.99,434.46
2502,UB-001119,1,2,306.04,0.0,612.08,420.62
2503,UB-001120,92,1,805.86,10.0,725.27,524.51
2504,UB-001120,114,2,1037.19,15.0,1763.22,1291.74
2505,UB-001121,43,2,165.17,10.0,297.31,233.76
2506,UB-001121,69,4,312.29,5.0,1186.7,938.4
2507,UB-001121,101,1,1116.19,0.0,1116.19,893.27
2508,UB-001122,30,3,1341.96,0.0,4025.88,2595.33
2509,UB-001123,9,4,673.65,0.0,2694.6,2006.76
2510,UB-001123,44,1,756.73,5.0,718.89,587.81
2511,UB-001124,14,1,778.32,5.0,739.4,569.64
2512,UB-001125,46,1,221.45,5.0,210.38,167.81
2513,UB-001125,54,1,999.53,15.0,849.6,807.18
2514,UB-001125,101,1,1127.42,0.0,1127.42,893.27
2515,UB-001126,52,3,643.15,0.0,1929.45,1371.96
2516,UB-001127,77,2,282.63,0.0,565.26,391.26
2517,UB-001127,23,4,887.0,5.0,3370.6,2510.16
2518,UB-001128,134,3,952.45,10.0,2571.62,1899.6
2519,UB-001129,97,1,1158.93,0.0,1158.93,712.55
2520,UB-001130,42,2,608.46,0.0,1216.92,796.76
2521,UB-001130,135,1,623.4,0.0,623.4,397.42
2522,UB-001131,50,2,420.45,10.0,756.81,655.38
2523,UB-001132,27,1,1058.55,5.0,1005.62,891.38
2524,UB-001133,56,2,522.67,0.0,1045.34,697.56
2525,UB-001133,71,2,192.11,10.0,345.8,244.14
2526,UB-001134,47,2,103.76,20.0,166.02,174.96
2527,UB-001135,73,1,982.63,10.0,884.37,662.98
2528,UB-001135,57,1,778.07,0.0,778.07,567.7
2529,UB-001136,102,1,1189.94,0.0,1189.94,829.38
2530,UB-001136,61,1,1112.2,15.0,945.37,828.14
2531,UB-001136,130,1,944.97,10.0,850.47,653.53
2532,UB-001137,6,1,997.02,0.0,997.02,692.29
2533,UB-001137,72,3,962.14,0.0,2886.42,2224.8
2534,UB-001138,14,1,746.29,10.0,671.66,569.64
2535,UB-001138,13,3,379.03,0.0,1137.09,707.73
2536,UB-001139,102,1,1195.92,10.0,1076.33,829.38
2537,UB-001140,44,2,774.72,5.0,1471.97,1175.62
2538,UB-001141,115,1,1216.02,5.0,1155.22,798.92
2539,UB-001142,93,1,94.88,0.0,94.88,72.83
2540,UB-001142,109,1,160.68,5.0,152.65,98.8
2541,UB-001142,111,2,659.05,20.0,1054.48,1113.58
2542,UB-001143,31,3,733.39,10.0,1980.15,1744.77
2543,UB-001144,123,1,461.13,5.0,438.07,328.9
2544,UB-001144,94,2,766.31,0.0,1532.62,1076.72
2545,UB-001144,31,1,718.26,0.0,718.26,581.59
2546,UB-001144,29,3,728.73,0.0,2186.19,1608.96
2547,UB-001144,37,1,1064.12,0.0,1064.12,831.45
2548,UB-001145,2,1,500.18,5.0,475.17,371.22
2549,UB-001145,79,1,752.21,0.0,752.21,478.88
2550,UB-001145,73,1,1003.52,10.0,903.17,662.98
2551,UB-001146,132,2,1210.17,10.0,2178.31,1620.16
2552,UB-001146,62,2,381.45,5.0,724.75,521.1
2553,UB-001146,60,1,185.87,10.0,167.28,144.82
2554,UB-001146,70,1,1362.69,0.0,1362.69,864.59
2555,UB-001147,28,1,862.55,20.0,690.04,673.25
2556,UB-001147,33,1,429.39,0.0,429.39,296.56
2557,UB-001147,12,1,546.23,0.0,546.23,425.66
2558,UB-001148,83,1,855.6,0.0,855.6,707.0
2559,UB-001149,120,1,728.73,0.0,728.73,488.5
2560,UB-001150,5,1,1387.99,0.0,1387.99,872.25
2561,UB-001151,27,2,1079.49,5.0,2051.03,1782.76
2562,UB-001151,83,1,839.06,0.0,839.06,707.0
2563,UB-001151,127,2,298.89,15.0,508.11,444.52
2564,UB-001151,136,1,1399.85,5.0,1329.86,866.98
2565,UB-001152,26,2,224.96,0.0,449.92,276.98
2566,UB-001152,140,3,297.99,5.0,849.27,585.18
2567,UB-001153,102,1,1191.61,0.0,1191.61,829.38
2568,UB-001153,48,1,352.48,5.0,334.86,254.63
2569,UB-001153,100,1,199.26,5.0,189.3,158.88
2570,UB-001154,93,1,94.77,0.0,94.77,72.83
2571,UB-001154,144,2,427.12,5.0,811.53,601.24
2572,UB-001154,103,1,912.22,0.0,912.22,681.52
2573,UB-001155,61,1,1105.24,15.0,939.45,828.14
2574,UB-001156,9,1,702.93,15.0,597.49,501.69
2575,UB-001157,117,1,555.57,0.0,555.57,410.43
2576,UB-001157,56,2,528.02,10.0,950.44,697.56
2577,UB-001158,127,2,305.4,10.0,549.72,444.52
2578,UB-001158,2,1,488.21,0.0,488.21,371.22
2579,UB-001158,19,2,678.69,0.0,1357.38,948.42
2580,UB-001159,108,1,1162.37,0.0,1162.37,795.55
2581,UB-001159,93,1,93.47,0.0,93.47,72.83
2582,UB-001159,85,1,330.26,15.0,280.72,232.68
2583,UB-001159,127,2,296.77,15.0,504.51,444.52
2584,UB-001159,58,2,556.01,0.0,1112.02,713.12
2585,UB-001160,14,2,749.4,0.0,1498.8,1139.28
2586,UB-001160,44,1,795.53,5.0,755.75,587.81
2587,UB-001161,26,1,223.5,0.0,223.5,138.49
2588,UB-001161,114,5,1020.87,5.0,4849.13,3229.35
2589,UB-001162,58,1,558.34,5.0,530.42,356.56
2590,UB-001163,137,1,1315.99,15.0,1118.59,816.22
2591,UB-001163,63,1,250.81,10.0,225.73,167.23
2592,UB-001163,64,3,319.84,10.0,863.57,642.81
2593,UB-001163,44,1,754.42,5.0,716.7,587.81
2594,UB-001164,137,2,1295.75,5.0,2461.92,1632.44
2595,UB-001164,38,4,1057.03,5.0,4016.71,2886.76
2596,UB-001165,40,1,373.88,10.0,336.49,255.94
2597,UB-001165,5,2,1393.19,0.0,2786.38,1744.5
2598,UB-001166,32,1,102.12,0.0,102.12,79.85
2599,UB-001166,25,5,676.27,0.0,3381.35,2481.4
2600,UB-001167,101,2,1094.75,10.0,1970.55,1786.54
2601,UB-001167,111,3,662.85,0.0,1988.55,1670.37
2602,UB-001167,11,2,477.5,0.0,955.0,733.5
2603,UB-001168,135,1,623.02,5.0,591.87,397.42
2604,UB-001169,1,4,316.24,5.0,1201.71,841.24
2605,UB-001169,102,1,1197.88,0.0,1197.88,829.38
2606,UB-001169,12,1,542.24,0.0,542.24,425.66
2607,UB-001170,92,1,840.28,15.0,714.24,524.51
2608,UB-001170,59,1,302.43,5.0,287.31,241.88
2609,UB-001170,117,2,553.09,0.0,1106.18,820.86
2610,UB-001171,135,1,630.41,10.0,567.37,397.42
2611,UB-001172,53,1,1269.02,0.0,1269.02,865.12
2612,UB-001172,38,4,1046.76,10.0,3768.34,2886.76
2613,UB-001172,95,2,493.95,0.0,987.9,739.6
2614,UB-001172,137,1,1274.51,0.0,1274.51,816.22
2615,UB-001173,45,1,810.61,0.0,810.61,610.87
2616,UB-001174,27,1,1090.93,5.0,1036.38,891.38
2617,UB-001174,95,1,474.21,0.0,474.21,369.8
2618,UB-001175,55,1,921.5,0.0,921.5,606.14
2619,UB-001175,43,2,172.71,0.0,345.42,233.76
2620,UB-001175,95,4,486.02,0.0,1944.08,1479.2
2621,UB-001176,17,5,854.87,0.0,4274.35,3223.2
2622,UB-001177,111,2,659.13,0.0,1318.26,1113.58
2623,UB-001178,90,2,697.78,0.0,1395.56,1014.52
2624,UB-001179,60,1,185.53,0.0,185.53,144.82
2625,UB-001180,143,4,823.64,0.0,3294.56,2458.84
2626,UB-001181,26,1,216.76,10.0,195.08,138.49
2627,UB-001182,97,2,1135.82,0.0,2271.64,1425.1
2628,UB-001183,59,1,305.42,20.0,244.34,241.88
2629,UB-001184,41,1,915.93,0.0,915.93,743.96
2630,UB-001184,115,1,1219.67,0.0,1219.67,798.92
2631,UB-001184,135,5,598.4,0.0,2992.0,1987.1
2632,UB-001184,69,1,318.13,0.0,318.13,234.6
2633,UB-001185,80,2,403.36,5.0,766.38,605.16
2634,UB-001186,78,3,818.23,0.0,2454.69,1634.25
2635,UB-001186,112,2,472.51,0.0,945.02,676.08
2636,UB-001187,18,1,825.86,0.0,825.86,648.71
2637,UB-001187,67,1,158.12,5.0,150.21,96.2
2638,UB-001187,124,2,530.54,15.0,901.92,891.12
2639,UB-001188,36,1,849.4,0.0,849.4,533.78
2640,UB-001189,1,4,302.5,0.0,1210.0,841.24
2641,UB-001190,141,1,286.43,0.0,286.43,185.67
2642,UB-001191,44,1,798.94,0.0,798.94,587.81
2643,UB-001191,32,5,106.19,5.0,504.4,399.25
2644,UB-001192,24,3,96.61,0.0,289.83,184.53
2645,UB-001192,58,1,562.1,15.0,477.79,356.56
2646,UB-001192,107,1,315.37,10.0,283.83,228.45
2647,UB-001193,58,1,585.99,0.0,585.99,356.56
2648,UB-001194,17,2,852.6,5.0,1619.94,1289.28
2649,UB-001194,57,4,761.7,5.0,2894.46,2270.8
2650,UB-001194,27,1,1105.48,10.0,994.93,891.38
2651,UB-001195,29,1,748.78,0.0,748.78,536.32
2652,UB-001195,17,1,838.52,5.0,796.59,644.64
2653,UB-001195,34,1,164.06,5.0,155.86,138.03
2654,UB-001195,102,1,1208.31,5.0,1147.89,829.38
2655,UB-001195,40,1,375.21,10.0,337.69,255.94
2656,UB-001196,63,3,253.66,10.0,684.88,501.69
2657,UB-001197,71,1,188.39,0.0,188.39,122.07
2658,UB-001197,64,1,322.72,10.0,290.45,214.27
2659,UB-001197,56,1,519.33,5.0,493.36,348.78
2660,UB-001197,140,1,296.68,0.0,296.68,195.06
2661,UB-001198,74,1,1151.85,10.0,1036.66,882.89
2662,UB-001199,110,1,912.2,0.0,912.2,679.34
2663,UB-001199,95,2,494.84,5.0,940.2,739.6
2664,UB-001199,121,3,885.34,10.0,2390.42,2051.07
2665,UB-001199,59,2,304.64,0.0,609.28,483.76
2666,UB-001200,4,1,807.6,0.0,807.6,608.34
2667,UB-001201,108,2,1152.11,20.0,1843.38,1591.1
2668,UB-001202,51,4,239.75,0.0,959.0,635.96
2669,UB-001202,45,1,828.64,5.0,787.21,610.87
2670,UB-001202,46,1,218.05,0.0,218.05,167.81
2671,UB-001203,19,3,692.96,0.0,2078.88,1422.63
2672,UB-001203,64,2,333.6,10.0,600.48,428.54
2673,UB-001204,60,1,183.48,5.0,174.31,144.82
2674,UB-001204,35,1,805.51,0.0,805.51,567.63
2675,UB-001204,91,2,456.64,0.0,913.28,642.14
2676,UB-001204,138,1,899.19,0.0,899.19,604.6
2677,UB-001205,112,1,472.28,15.0,401.44,338.04
2678,UB-001206,83,3,844.24,0.0,2532.72,2121.0
2679,UB-001206,11,1,463.44,10.0,417.1,366.75
2680,UB-001206,19,4,694.66,0.0,2778.64,1896.84
2681,UB-001206,33,1,450.52,15.0,382.94,296.56
2682,UB-001207,31,4,739.51,10.0,2662.24,2326.36
2683,UB-001207,10,1,94.85,0.0,94.85,70.79
2684,UB-001208,2,1,496.95,0.0,496.95,371.22
2685,UB-001208,5,1,1414.35,0.0,1414.35,872.25
2686,UB-001209,2,1,505.97,0.0,505.97,371.22
2687,UB-001210,21,1,779.72,0.0,779.72,582.06
2688,UB-001210,128,1,174.98,10.0,157.48,141.91
2689,UB-001210,94,1,760.24,0.0,760.24,538.36
2690,UB-001211,141,1,277.33,0.0,277.33,185.67
2691,UB-001211,17,3,843.15,0.0,2529.45,1933.92
2692,UB-001211,126,1,1246.81,0.0,1246.81,803.5
2693,UB-001211,49,2,990.57,0.0,1981.14,1228.08
2694,UB-001212,63,2,249.28,0.0,498.56,334.46
2695,UB-001212,115,1,1210.75,0.0,1210.75,798.92
2696,UB-001213,56,1,502.75,0.0,502.75,348.78
2697,UB-001213,30,1,1385.78,10.0,1247.2,865.11
2698,UB-001214,93,2,92.52,0.0,185.04,145.66
2699,UB-001215,30,1,1320.91,0.0,1320.91,865.11
2700,UB-001215,32,3,104.88,5.0,298.91,239.55
2701,UB-001215,10,2,97.51,20.0,156.02,141.58
2702,UB-001215,1,1,302.4,10.0,272.16,210.31
2703,UB-001215,55,1,892.68,0.0,892.68,606.14
2704,UB-001216,89,1,572.19,0.0,572.19,419.15
2705,UB-001216,115,1,1219.48,0.0,1219.48,798.92
2706,UB-001216,49,2,969.69,0.0,1939.38,1228.08
2707,UB-001217,79,2,760.21,10.0,1368.38,957.76
2708,UB-001217,95,1,480.14,20.0,384.11,369.8
2709,UB-001218,19,2,683.21,0.0,1366.42,948.42
2710,UB-001218,102,2,1195.17,0.0,2390.34,1658.76
2711,UB-001218,90,1,710.74,0.0,710.74,507.26
2712,UB-001219,1,3,306.54,10.0,827.66,630.93
2713,UB-001220,86,2,499.85,10.0,899.73,819.36
2714,UB-001220,44,2,768.75,0.0,1537.5,1175.62
2715,UB-001220,84,1,1235.8,0.0,1235.8,812.12
2716,UB-001220,41,3,913.72,10.0,2467.04,2231.88
2717,UB-001220,75,1,900.38,5.0,855.36,587.78
2718,UB-001221,78,1,778.23,0.0,778.23,544.75
2719,UB-001221,26,2,218.86,5.0,415.83,276.98
2720,UB-001222,48,3,368.18,5.0,1049.31,763.89
2721,UB-001222,66,3,961.56,0.0,2884.68,2149.05
2722,UB-001222,85,1,328.81,5.0,312.37,232.68
2723,UB-001223,30,2,1351.23,0.0,2702.46,1730.22
2724,UB-001224,43,2,167.54,0.0,335.08,233.76
2725,UB-001225,8,4,365.18,5.0,1387.68,1173.76
2726,UB-001225,78,2,802.69,0.0,1605.38,1089.5
2727,UB-001225,16,3,1092.66,0.0,3277.98,2449.14
2728,UB-001226,49,2,957.36,0.0,1914.72,1228.08
2729,UB-001226,76,2,833.03,0.0,1666.06,1233.78
2730,UB-001226,136,1,1410.89,0.0,1410.89,866.98
2731,UB-001227,4,2,815.38,15.0,1386.15,1216.68
2732,UB-001227,95,2,492.79,0.0,985.58,739.6
2733,UB-001228,63,1,260.71,10.0,234.64,167.23
2734,UB-001228,108,1,1131.97,0.0,1131.97,795.55
2735,UB-001229,19,1,682.56,0.0,682.56,474.21
2736,UB-001230,30,1,1398.64,0.0,1398.64,865.11
2737,UB-001230,130,1,945.34,0.0,945.34,653.53
2738,UB-001231,139,2,725.09,0.0,1450.18,1008.32
2739,UB-001232,83,1,837.88,5.0,795.99,707.0
2740,UB-001233,75,1,892.35,10.0,803.12,587.78
2741,UB-001233,132,2,1279.39,0.0,2558.78,1620.16
2742,UB-001233,131,1,882.67,0.0,882.67,688.03
2743,UB-001234,22,3,650.46,0.0,1951.38,1426.98
2744,UB-001234,73,1,998.53,0.0,998.53,662.98
2745,UB-001234,110,2,929.23,0.0,1858.46,1358.68
2746,UB-001234,98,1,579.1,0.0,579.1,467.33
2747,UB-001234,42,1,607.26,0.0,607.26,398.38
2748,UB-001235,93,2,94.08,5.0,178.75,145.66
2749,UB-001235,125,1,330.05,5.0,313.55,213.73
2750,UB-001235,15,2,1234.05,0.0,2468.1,1710.66
2751,UB-001235,63,2,260.79,10.0,469.42,334.46
2752,UB-001236,52,1,646.19,15.0,549.26,457.32
2753,UB-001236,143,2,800.21,20.0,1280.34,1229.42
2754,UB-001237,89,1,583.52,15.0,495.99,419.15
2755,UB-001237,33,1,424.73,0.0,424.73,296.56
2756,UB-001237,101,1,1126.86,0.0,1126.86,893.27
2757,UB-001238,73,2,999.92,0.0,1999.84,1325.96
2758,UB-001239,89,5,577.94,0.0,2889.7,2095.75
2759,UB-001240,41,2,931.74,0.0,1863.48,1487.92
2760,UB-001240,22,2,671.94,5.0,1276.69,951.32
2761,UB-001241,55,1,915.29,15.0,778.0,606.14
2762,UB-001241,126,1,1224.39,0.0,1224.39,803.5
2763,UB-001242,52,1,641.86,0.0,641.86,457.32
2764,UB-001242,30,1,1357.96,0.0,1357.96,865.11
2765,UB-001243,88,4,711.55,15.0,2419.27,2215.56
2766,UB-001243,6,1,957.98,0.0,957.98,692.29
2767,UB-001244,49,1,988.68,0.0,988.68,614.04
2768,UB-001245,30,4,1396.98,0.0,5587.92,3460.44
2769,UB-001245,31,1,726.81,0.0,726.81,581.59
2770,UB-001246,106,1,1027.32,0.0,1027.32,719.76
2771,UB-001246,39,2,874.22,10.0,1573.6,1228.14
2772,UB-001247,109,3,153.7,5.0,438.04,296.4
2773,UB-001247,46,2,225.25,0.0,450.5,335.62
2774,UB-001248,41,2,944.89,10.0,1700.8,1487.92
2775,UB-001248,64,1,328.36,5.0,311.94,214.27
2776,UB-001249,110,3,936.36,0.0,2809.08,2038.02
2777,UB-001249,116,2,759.58,0.0,1519.16,997.12
2778,UB-001250,126,1,1255.5,0.0,1255.5,803.5
2779,UB-001250,29,1,749.29,5.0,711.83,536.32
2780,UB-001250,8,4,369.53,0.0,1478.12,1173.76
2781,UB-001250,13,1,361.07,0.0,361.07,235.91
2782,UB-001251,31,1,745.92,0.0,745.92,581.59
2783,UB-001252,121,1,890.7,0.0,890.7,683.69
2784,UB-001253,8,2,377.97,5.0,718.14,586.88
2785,UB-001253,3,1,1176.91,0.0,1176.91,724.04
2786,UB-001254,26,2,221.64,0.0,443.28,276.98
2787,UB-001254,11,2,455.24,10.0,819.43,733.5
2788,UB-001255,36,4,818.76,15.0,2783.78,2135.12
2789,UB-001255,78,5,812.84,10.0,3657.78,2723.75
2790,UB-001255,73,1,1016.47,20.0,813.18,662.98
2791,UB-001256,126,5,1280.06,0.0,6400.3,4017.5
2792,UB-001257,84,1,1257.5,0.0,1257.5,812.12
2793,UB-001257,11,5,476.57,5.0,2263.71,1833.75
2794,UB-001257,133,1,513.19,10.0,461.87,320.37
2795,UB-001257,128,5,170.54,0.0,852.7,709.55
2796,UB-001257,41,1,912.36,0.0,912.36,743.96
2797,UB-001258,55,1,899.52,10.0,809.57,606.14
2798,UB-001258,7,1,1030.69,0.0,1030.69,753.75
2799,UB-001259,134,3,951.1,10.0,2567.97,1899.6
2800,UB-001260,48,1,365.77,0.0,365.77,254.63
2801,UB-001260,9,1,680.56,5.0,646.53,501.69
2802,UB-001261,73,2,1015.89,15.0,1727.01,1325.96
2803,UB-001261,130,1,927.7,0.0,927.7,653.53
2804,UB-001261,15,1,1240.32,0.0,1240.32,855.33
2805,UB-001262,49,1,936.19,10.0,842.57,614.04
2806,UB-001262,144,1,427.43,10.0,384.69,300.62
2807,UB-001262,40,2,379.06,0.0,758.12,511.88
2808,UB-001263,25,1,649.41,0.0,649.41,496.28
2809,UB-001263,8,3,364.59,10.0,984.39,880.32
2810,UB-001264,117,2,552.58,10.0,994.64,820.86
2811,UB-001265,84,1,1303.97,0.0,1303.97,812.12
2812,UB-001265,48,1,357.02,15.0,303.47,254.63
2813,UB-001265,80,2,394.93,0.0,789.86,605.16
2814,UB-001266,16,2,1093.43,0.0,2186.86,1632.76
2815,UB-001266,134,1,962.44,15.0,818.07,633.2
2816,UB-001266,118,1,650.04,0.0,650.04,421.79
2817,UB-001267,40,2,366.92,10.0,660.46,511.88
2818,UB-001267,6,2,971.49,0.0,1942.98,1384.58
2819,UB-001268,43,1,167.5,0.0,167.5,116.88
2820,UB-001268,131,3,923.91,0.0,2771.73,2064.09
2821,UB-001269,1,1,316.53,0.0,316.53,210.31
2822,UB-001270,41,3,920.55,0.0,2761.65,2231.88
2823,UB-001271,90,1,703.44,5.0,668.27,507.26
2824,UB-001272,13,1,375.55,0.0,375.55,235.91
2825,UB-001272,121,3,932.85,0.0,2798.55,2051.07
2826,UB-001273,29,1,741.51,10.0,667.36,536.32
2827,UB-001273,97,1,1107.3,10.0,996.57,712.55
2828,UB-001274,32,1,103.76,0.0,103.76,79.85
2829,UB-001275,55,1,923.13,0.0,923.13,606.14
2830,UB-001275,100,3,207.61,15.0,529.41,476.64
2831,UB-001275,101,1,1114.67,5.0,1058.94,893.27
2832,UB-001276,24,1,95.49,0.0,95.49,61.51
2833,UB-001276,116,3,748.27,0.0,2244.81,1495.68
2834,UB-001276,63,2,251.67,0.0,503.34,334.46
2835,UB-001276,127,3,292.96,20.0,703.1,666.78
2836,UB-001277,13,1,368.37,0.0,368.37,235.91
2837,UB-001277,122,1,637.56,15.0,541.93,508.02
2838,UB-001277,46,1,221.67,15.0,188.42,167.81
2839,UB-001278,17,3,873.11,0.0,2619.33,1933.92
2840,UB-001279,138,4,899.56,15.0,3058.5,2418.4
2841,UB-001280,131,1,908.8,0.0,908.8,688.03
2842,UB-001281,81,1,1028.78,15.0,874.46,710.48
2843,UB-001281,139,2,721.44,10.0,1298.59,1008.32
2844,UB-001281,122,1,629.16,0.0,629.16,508.02
2845,UB-001282,130,3,927.15,0.0,2781.45,1960.59
2846,UB-001283,50,2,419.01,10.0,754.22,655.38
2847,UB-001283,33,5,435.65,0.0,2178.25,1482.8
2848,UB-001283,61,1,1112.76,10.0,1001.48,828.14
2849,UB-001283,14,1,750.58,5.0,713.05,569.64
2850,UB-001283,71,1,193.62,0.0,193.62,122.07
2851,UB-001284,118,1,621.97,0.0,621.97,421.79
2852,UB-001285,60,4,192.55,0.0,770.2,579.28
2853,UB-001285,107,2,322.24,0.0,644.48,456.9
2854,UB-001285,21,4,792.0,0.0,3168.0,2328.24
2855,UB-001286,47,1,107.74,20.0,86.19,87.48
2856,UB-001286,60,5,186.01,0.0,930.05,724.1
2857,UB-001287,99,2,115.35,10.0,207.63,161.88
2858,UB-001287,119,1,593.24,0.0,593.24,477.5
2859,UB-001287,68,2,229.54,0.0,459.08,322.38
2860,UB-001288,2,1,500.46,20.0,400.37,371.22
2861,UB-001288,92,1,824.58,0.0,824.58,524.51
2862,UB-001288,33,1,436.62,0.0,436.62,296.56
2863,UB-001289,33,4,424.61,0.0,1698.44,1186.24
2864,UB-001289,28,1,902.48,0.0,902.48,673.25
2865,UB-001289,56,2,520.3,0.0,1040.6,697.56
2866,UB-001290,6,1,954.79,5.0,907.05,692.29
2867,UB-001290,70,1,1397.73,20.0,1118.18,864.59
2868,UB-001291,139,1,733.54,0.0,733.54,504.16
2869,UB-001291,97,1,1107.62,0.0,1107.62,712.55
2870,UB-001291,47,1,105.8,5.0,100.51,87.48
2871,UB-001292,125,2,334.57,5.0,635.68,427.46
2872,UB-001293,37,1,1036.44,0.0,1036.44,831.45
2873,UB-001293,89,1,579.26,0.0,579.26,419.15
2874,UB-001293,31,5,743.44,10.0,3345.48,2907.95
2875,UB-001293,144,1,410.96,0.0,410.96,300.62
2876,UB-001293,108,2,1136.54,20.0,1818.46,1591.1
2877,UB-001294,96,2,501.25,0.0,1002.5,734.44
2878,UB-001295,79,2,739.33,0.0,1478.66,957.76
2879,UB-001295,61,2,1112.06,0.0,2224.12,1656.28
2880,UB-001296,32,2,104.87,5.0,199.25,159.7
2881,UB-001297,14,1,775.57,20.0,620.46,569.64
2882,UB-001297,77,1,276.23,10.0,248.61,195.63
2883,UB-001297,136,1,1414.5,0.0,1414.5,866.98
2884,UB-001297,27,1,1081.4,0.0,1081.4,891.38
2885,UB-001297,5,2,1405.72,0.0,2811.44,1744.5
2886,UB-001298,45,1,801.42,0.0,801.42,610.87
2887,UB-001299,50,4,423.15,0.0,1692.6,1310.76
2888,UB-001299,119,2,582.0,0.0,1164.0,955.0
2889,UB-001299,62,1,383.97,10.0,345.57,260.55
2890,UB-001300,106,1,1024.64,15.0,870.94,719.76
2891,UB-001300,118,1,622.41,0.0,622.41,421.79
2892,UB-001300,98,2,587.66,0.0,1175.32,934.66
2893,UB-001301,76,1,808.99,0.0,808.99,616.89
2894,UB-001301,118,1,631.61,10.0,568.45,421.79
2895,UB-001302,3,1,1167.16,5.0,1108.8,724.04
2896,UB-001302,8,1,385.28,0.0,385.28,293.44
2897,UB-001303,134,1,948.6,0.0,948.6,633.2
2898,UB-001304,4,1,776.21,15.0,659.78,608.34
2899,UB-001304,65,1,740.18,0.0,740.18,525.6
2900,UB-001305,63,1,258.77,0.0,258.77,167.23
2901,UB-001306,114,5,1038.78,5.0,4934.2,3229.35
2902,UB-001306,130,2,914.53,0.0,1829.06,1307.06
2903,UB-001306,143,4,827.02,20.0,2646.46,2458.84
2904,UB-001307,119,1,595.96,0.0,595.96,477.5
2905,UB-001307,41,1,898.14,0.0,898.14,743.96
2906,UB-001307,80,1,408.99,10.0,368.09,302.58
2907,UB-001308,118,1,631.95,0.0,631.95,421.79
2908,UB-001309,17,2,844.83,0.0,1689.66,1289.28
2909,UB-001309,68,2,224.04,0.0,448.08,322.38
2910,UB-001309,67,2,154.41,0.0,308.82,192.4
2911,UB-001310,16,1,1057.41,15.0,898.8,816.38
2912,UB-001310,140,4,289.97,0.0,1159.88,780.24
2913,UB-001311,70,1,1356.43,20.0,1085.14,864.59
2914,UB-001312,56,1,509.16,15.0,432.79,348.78
2915,UB-001312,106,2,1056.55,0.0,2113.1,1439.52
2916,UB-001313,144,2,433.41,10.0,780.14,601.24
2917,UB-001313,57,1,771.4,0.0,771.4,567.7
2918,UB-001314,30,3,1349.57,0.0,4048.71,2595.33
2919,UB-001314,11,1,466.17,0.0,466.17,366.75
2920,UB-001315,46,1,212.72,15.0,180.81,167.81
2921,UB-001316,75,1,860.52,15.0,731.44,587.78
2922,UB-001316,26,1,224.5,0.0,224.5,138.49
2923,UB-001317,140,1,292.63,5.0,278.0,195.06
2924,UB-001317,56,1,521.41,5.0,495.34,348.78
2925,UB-001318,107,1,316.55,0.0,316.55,228.45
2926,UB-001318,92,1,812.34,0.0,812.34,524.51
2927,UB-001319,29,1,739.41,5.0,702.44,536.32
2928,UB-001319,112,1,459.41,0.0,459.41,338.04
2929,UB-001320,123,1,462.15,0.0,462.15,328.9
2930,UB-001321,101,2,1106.59,0.0,2213.18,1786.54
2931,UB-001321,27,3,1052.89,10.0,2842.8,2674.14
2932,UB-001322,125,1,329.45,0.0,329.45,213.73
2933,UB-001323,72,1,976.42,0.0,976.42,741.6
2934,UB-001323,70,1,1372.9,15.0,1166.97,864.59
2935,UB-001323,10,4,97.95,15.0,333.03,283.16
2936,UB-001324,10,1,98.38,0.0,98.38,70.79
2937,UB-001324,46,1,218.25,0.0,218.25,167.81
2938,UB-001324,68,1,228.94,0.0,228.94,161.19
2939,UB-001324,95,1,472.3,5.0,448.69,369.8
2940,UB-001325,35,1,781.68,0.0,781.68,567.63
2941,UB-001325,139,1,713.05,10.0,641.75,504.16
2942,UB-001326,144,1,427.33,5.0,405.96,300.62
2943,UB-001326,65,3,716.56,0.0,2149.68,1576.8
2944,UB-001326,104,1,1244.47,0.0,1244.47,879.92
2945,UB-001326,73,3,971.75,0.0,2915.25,1988.94
2946,UB-001326,67,1,153.61,0.0,153.61,96.2
2947,UB-001327,44,1,769.25,0.0,769.25,587.81
2948,UB-001328,72,2,980.68,0.0,1961.36,1483.2
2949,UB-001328,113,1,848.38,20.0,678.7,695.0
2950,UB-001329,20,1,964.81,5.0,916.57,674.24
2951,UB-001329,65,1,742.45,0.0,742.45,525.6
2952,UB-001329,117,1,546.14,20.0,436.91,410.43
2953,UB-001330,142,1,471.06,0.0,471.06,406.29
2954,UB-001330,50,1,433.69,0.0,433.69,327.69
2955,UB-001330,56,2,530.47,5.0,1007.89,697.56
2956,UB-001330,55,2,910.81,0.0,1821.62,1212.28
2957,UB-001331,126,2,1227.71,0.0,2455.42,1607.0
2958,UB-001331,46,1,224.68,15.0,190.98,167.81
2959,UB-001331,64,3,327.75,0.0,983.25,642.81
2960,UB-001331,91,1,450.15,10.0,405.13,321.07
2961,UB-001331,111,2,678.48,0.0,1356.96,1113.58
2962,UB-001332,72,1,984.33,0.0,984.33,741.6
2963,UB-001332,93,3,93.07,0.0,279.21,218.49
2964,UB-001333,33,1,438.61,0.0,438.61,296.56
2965,UB-001333,19,1,672.66,20.0,538.13,474.21
2966,UB-001333,88,1,707.07,0.0,707.07,553.89
2967,UB-001334,5,4,1378.86,0.0,5515.44,3489.0
2968,UB-001335,99,1,110.26,0.0,110.26,80.94
2969,UB-001336,74,1,1177.9,5.0,1119.01,882.89
2970,UB-001336,52,3,648.36,0.0,1945.08,1371.96
2971,UB-001337,104,3,1239.28,0.0,3717.84,2639.76
2972,UB-001338,1,1,298.65,0.0,298.65,210.31
2973,UB-001338,60,1,192.53,10.0,173.28,144.82
2974,UB-001339,131,1,904.43,5.0,859.21,688.03
2975,UB-001340,93,1,91.35,15.0,77.65,72.83
2976,UB-001340,41,1,911.79,0.0,911.79,743.96
2977,UB-001341,144,2,423.38,10.0,762.08,601.24
2978,UB-001342,100,1,209.15,5.0,198.69,158.88
2979,UB-001343,79,1,741.39,5.0,704.32,478.88
2980,UB-001343,126,1,1226.05,0.0,1226.05,803.5
2981,UB-001344,4,2,802.28,0.0,1604.56,1216.68
2982,UB-001344,137,2,1317.08,5.0,2502.45,1632.44
2983,UB-001344,66,1,963.06,0.0,963.06,716.35
2984,UB-001344,78,1,778.45,0.0,778.45,544.75
2985,UB-001344,111,1,661.17,0.0,661.17,556.79
2986,UB-001345,56,4,524.9,0.0,2099.6,1395.12
2987,UB-001346,107,1,319.06,15.0,271.2,228.45
2988,UB-001346,94,3,730.9,0.0,2192.7,1615.08
2989,UB-001347,47,1,107.52,0.0,107.52,87.48
2990,UB-001348,42,3,607.66,10.0,1640.68,1195.14
2991,UB-001349,98,1,565.57,20.0,452.46,467.33
2992,UB-001349,83,1,880.19,0.0,880.19,707.0
2993,UB-001349,105,1,1240.92,15.0,1054.78,888.95
2994,UB-001349,71,1,187.19,10.0,168.47,122.07
2995,UB-001350,12,1,548.83,10.0,493.95,425.66
2996,UB-001350,132,2,1210.29,0.0,2420.58,1620.16
2997,UB-001350,129,2,1177.48,0.0,2354.96,1533.7
2998,UB-001350,33,2,438.59,0.0,877.18,593.12
2999,UB-001350,7,1,1044.61,15.0,887.92,753.75
3000,UB-001351,126,3,1275.68,20.0,3061.63,2410.5
3001,UB-001351,41,2,929.35,20.0,1486.96,1487.92
3002,UB-001351,100,1,206.82,5.0,196.48,158.88
3003,UB-001352,31,3,705.64,5.0,2011.07,1744.77
3004,UB-001352,132,1,1231.62,5.0,1170.04,810.08
3005,UB-001352,75,1,878.52,5.0,834.59,587.78
3006,UB-001353,37,2,1070.36,0.0,2140.72,1662.9
3007,UB-001353,134,1,957.51,15.0,813.88,633.2
3008,UB-001353,56,1,522.26,15.0,443.92,348.78
3009,UB-001354,39,1,897.66,0.0,897.66,614.07
3010,UB-001354,143,2,822.03,0.0,1644.06,1229.42
3011,UB-001355,81,2,1040.63,20.0,1665.01,1420.96
3012,UB-001356,7,3,1032.93,5.0,2943.85,2261.25
3013,UB-001356,141,2,285.38,0.0,570.76,371.34
3014,UB-001357,26,4,213.92,0.0,855.68,553.96
3015,UB-001358,98,2,565.76,10.0,1018.37,934.66
3016,UB-001359,31,1,712.6,10.0,641.34,581.59
3017,UB-001359,98,2,584.91,0.0,1169.82,934.66
3018,UB-001359,125,2,326.12,0.0,652.24,427.46
3019,UB-001360,135,1,610.26,0.0,610.26,397.42
3020,UB-001360,90,1,694.66,10.0,625.19,507.26
3021,UB-001361,67,4,154.38,0.0,617.52,384.8
3022,UB-001362,130,2,937.77,15.0,1594.21,1307.06
3023,UB-001363,130,2,901.43,10.0,1622.57,1307.06
3024,UB-001363,104,1,1266.95,10.0,1140.26,879.92
3025,UB-001363,118,1,654.35,10.0,588.92,421.79
3026,UB-001364,30,2,1375.48,0.0,2750.96,1730.22
3027,UB-001364,95,2,481.87,10.0,867.37,739.6
3028,UB-001365,35,2,804.56,10.0,1448.21,1135.26
3029,UB-001366,97,1,1139.04,0.0,1139.04,712.55
3030,UB-001367,137,1,1309.65,0.0,1309.65,816.22
3031,UB-001368,6,1,948.76,0.0,948.76,692.29
3032,UB-001369,70,3,1392.57,0.0,4177.71,2593.77
3033,UB-001369,5,1,1367.67,0.0,1367.67,872.25
3034,UB-001369,35,2,798.83,0.0,1597.66,1135.26
3035,UB-001369,95,2,470.79,20.0,753.26,739.6
3036,UB-001370,109,2,153.63,15.0,261.17,197.6
3037,UB-001370,141,1,277.7,0.0,277.7,185.67
3038,UB-001371,68,3,225.07,10.0,607.69,483.57
3039,UB-001372,65,1,717.98,0.0,717.98,525.6
3040,UB-001372,39,1,862.05,0.0,862.05,614.07
3041,UB-001372,91,1,471.84,5.0,448.25,321.07
3042,UB-001372,2,1,510.02,0.0,510.02,371.22
3043,UB-001373,18,1,836.16,10.0,752.54,648.71
3044,UB-001373,133,1,515.88,15.0,438.5,320.37
3045,UB-001373,135,2,595.46,0.0,1190.92,794.84
3046,UB-001373,45,1,811.35,10.0,730.22,610.87
3047,UB-001374,101,1,1086.89,0.0,1086.89,893.27
3048,UB-001375,140,1,292.43,0.0,292.43,195.06
3049,UB-001375,41,1,908.14,0.0,908.14,743.96
3050,UB-001375,103,1,902.85,5.0,857.71,681.52
3051,UB-001375,33,2,442.81,0.0,885.62,593.12
3052,UB-001376,44,2,785.67,0.0,1571.34,1175.62
3053,UB-001376,83,1,834.42,0.0,834.42,707.0
3054,UB-001376,134,2,960.93,0.0,1921.86,1266.4
3055,UB-001377,127,1,297.83,0.0,297.83,222.26
3056,UB-001377,62,3,392.52,5.0,1118.68,781.65
3057,UB-001377,119,1,598.92,20.0,479.14,477.5
3058,UB-001377,106,1,1056.23,0.0,1056.23,719.76
3059,UB-001377,80,1,409.96,0.0,409.96,302.58
3060,UB-001378,133,1,498.76,0.0,498.76,320.37
3061,UB-001378,92,1,835.52,0.0,835.52,524.51
3062,UB-001379,90,1,709.25,15.0,602.86,507.26
3063,UB-001380,58,2,560.69,5.0,1065.31,713.12
3064,UB-001380,98,1,595.99,0.0,595.99,467.33
3065,UB-001381,124,1,527.06,0.0,527.06,445.56
3066,UB-001381,45,2,788.57,0.0,1577.14,1221.74
3067,UB-001381,8,2,384.86,0.0,769.72,586.88
3068,UB-001381,118,1,628.68,15.0,534.38,421.79
3069,UB-001382,29,2,738.17,10.0,1328.71,1072.64
3070,UB-001382,37,3,1043.99,5.0,2975.37,2494.35
3071,UB-001383,58,1,568.18,0.0,568.18,356.56
3072,UB-001383,51,2,228.14,0.0,456.28,317.98
3073,UB-001383,116,3,763.73,0.0,2291.19,1495.68
3074,UB-001384,136,2,1399.43,5.0,2658.92,1733.96
3075,UB-001384,98,1,565.59,0.0,565.59,467.33
3076,UB-001385,99,1,111.97,10.0,100.77,80.94
3077,UB-001385,131,1,904.6,0.0,904.6,688.03
3078,UB-001385,136,3,1394.01,0.0,4182.03,2600.94
3079,UB-001385,105,2,1209.98,0.0,2419.96,1777.9
3080,UB-001386,90,4,687.09,0.0,2748.36,2029.04
3081,UB-001386,83,2,848.38,0.0,1696.76,1414.0
3082,UB-001387,7,2,1067.92,20.0,1708.67,1507.5
3083,UB-001387,131,1,901.52,0.0,901.52,688.03
3084,UB-001387,2,1,498.45,20.0,398.76,371.22
3085,UB-001387,115,1,1228.63,0.0,1228.63,798.92
3086,UB-001387,16,2,1070.96,0.0,2141.92,1632.76
3087,UB-001388,56,4,520.32,5.0,1977.22,1395.12
3088,UB-001388,55,1,887.08,5.0,842.73,606.14
3089,UB-001388,127,1,304.05,0.0,304.05,222.26
3090,UB-001389,2,1,483.53,0.0,483.53,371.22
3091,UB-001389,55,2,929.89,10.0,1673.8,1212.28
3092,UB-001390,11,2,476.19,15.0,809.52,733.5
3093,UB-001390,5,4,1379.47,10.0,4966.09,3489.0
3094,UB-001391,17,1,839.92,5.0,797.92,644.64
3095,UB-001392,60,1,186.76,0.0,186.76,144.82
3096,UB-001392,24,2,94.66,5.0,179.85,123.02
3097,UB-001392,62,2,380.52,0.0,761.04,521.1
3098,UB-001392,140,1,304.71,0.0,304.71,195.06
3099,UB-001393,10,1,95.68,5.0,90.9,70.79
3100,UB-001393,118,3,621.67,0.0,1865.01,1265.37
3101,UB-001393,139,1,730.9,0.0,730.9,504.16
3102,UB-001393,92,3,828.55,0.0,2485.65,1573.53
3103,UB-001394,38,2,1064.63,5.0,2022.8,1443.38
3104,UB-001394,120,1,726.04,0.0,726.04,488.5
3105,UB-001395,66,1,960.29,15.0,816.25,716.35
3106,UB-001395,108,3,1155.43,15.0,2946.35,2386.65
3107,UB-001395,112,1,452.06,0.0,452.06,338.04
3108,UB-001395,93,3,91.36,5.0,260.38,218.49
3109,UB-001395,91,1,470.32,5.0,446.8,321.07
3110,UB-001396,66,2,982.01,15.0,1669.42,1432.7
3111,UB-001396,144,1,422.54,0.0,422.54,300.62
3112,UB-001396,48,2,352.97,0.0,705.94,509.26
3113,UB-001397,14,2,763.43,5.0,1450.52,1139.28
3114,UB-001397,30,1,1372.02,0.0,1372.02,865.11
3115,UB-001398,27,2,1095.78,5.0,2081.98,1782.76
3116,UB-001399,42,1,596.97,5.0,567.12,398.38
3117,UB-001399,96,1,507.21,0.0,507.21,367.22
3118,UB-001400,23,2,889.59,0.0,1779.18,1255.08
3119,UB-001400,37,1,1056.99,5.0,1004.14,831.45
3120,UB-001400,115,3,1177.39,5.0,3355.56,2396.76
3121,UB-001400,35,1,781.55,10.0,703.39,567.63
3122,UB-001400,75,1,861.48,20.0,689.18,587.78
3123,UB-001401,111,1,660.07,0.0,660.07,556.79
3124,UB-001402,105,1,1258.02,10.0,1132.22,888.95
3125,UB-001402,116,2,762.85,5.0,1449.41,997.12
3126,UB-001403,45,1,834.17,15.0,709.04,610.87
3127,UB-001403,99,1,111.26,15.0,94.57,80.94
3128,UB-001404,131,1,908.81,0.0,908.81,688.03
3129,UB-001405,104,2,1254.39,5.0,2383.34,1759.84
3130,UB-001405,40,2,374.74,10.0,674.53,511.88
3131,UB-001405,110,5,912.16,5.0,4332.76,3396.7
3132,UB-001405,123,1,475.38,5.0,451.61,328.9
3133,UB-001405,24,1,96.56,0.0,96.56,61.51
3134,UB-001406,137,2,1290.82,10.0,2323.48,1632.44
3135,UB-001406,48,2,349.66,5.0,664.35,509.26
3136,UB-001407,20,1,971.75,0.0,971.75,674.24
3137,UB-001407,116,1,755.6,10.0,680.04,498.56
3138,UB-001407,74,1,1115.17,0.0,1115.17,882.89
3139,UB-001407,99,1,115.72,0.0,115.72,80.94
3140,UB-001408,137,2,1301.03,10.0,2341.85,1632.44
3141,UB-001409,23,1,893.1,10.0,803.79,627.54
3142,UB-001410,104,2,1271.97,10.0,2289.55,1759.84
3143,UB-001410,100,5,209.5,0.0,1047.5,794.4
3144,UB-001410,121,1,881.29,10.0,793.16,683.69
3145,UB-001410,94,1,739.19,5.0,702.23,538.36
3146,UB-001410,95,1,496.86,0.0,496.86,369.8
3147,UB-001411,77,2,272.2,0.0,544.4,391.26
3148,UB-001411,10,1,96.93,5.0,92.08,70.79
3149,UB-001411,81,3,1024.57,5.0,2920.02,2131.44
3150,UB-001411,21,3,786.98,10.0,2124.85,1746.18
3151,UB-001412,103,3,918.44,10.0,2479.79,2044.56
3152,UB-001413,8,5,374.16,0.0,1870.8,1467.2
3153,UB-001413,23,1,890.62,0.0,890.62,627.54
3154,UB-001413,54,1,1046.18,0.0,1046.18,807.18
3155,UB-001413,78,5,806.33,0.0,4031.65,2723.75
3156,UB-001413,60,2,193.12,5.0,366.93,289.64
3157,UB-001414,132,1,1260.13,0.0,1260.13,810.08
3158,UB-001414,3,2,1170.0,5.0,2223.0,1448.08
3159,UB-001414,117,1,557.75,10.0,501.98,410.43
3160,UB-001414,30,2,1322.31,0.0,2644.62,1730.22
3161,UB-001415,5,1,1341.43,10.0,1207.29,872.25
3162,UB-001415,17,1,873.3,5.0,829.63,644.64
3163,UB-001415,24,2,94.19,10.0,169.54,123.02
3164,UB-001415,83,1,850.36,0.0,850.36,707.0
3165,UB-001416,29,1,709.61,0.0,709.61,536.32
3166,UB-001416,63,2,252.13,20.0,403.41,334.46
3167,UB-001417,121,1,899.36,0.0,899.36,683.69
3168,UB-001417,83,1,851.37,10.0,766.23,707.0
3169,UB-001417,90,1,708.9,0.0,708.9,507.26
3170,UB-001418,8,1,371.49,0.0,371.49,293.44
3171,UB-001418,85,1,329.86,0.0,329.86,232.68
3172,UB-001418,24,1,96.15,0.0,96.15,61.51
3173,UB-001418,75,1,861.03,10.0,774.93,587.78
3174,UB-001418,3,1,1134.03,5.0,1077.33,724.04
3175,UB-001419,49,3,986.59,0.0,2959.77,1842.12
3176,UB-001419,105,1,1255.16,15.0,1066.89,888.95
3177,UB-001420,85,1,336.75,10.0,303.07,232.68
3178,UB-001421,61,1,1088.83,0.0,1088.83,828.14
3179,UB-001421,18,2,835.63,0.0,1671.26,1297.42
3180,UB-001421,75,4,861.55,0.0,3446.2,2351.12
3181,UB-001422,10,1,96.18,15.0,81.75,70.79
3182,UB-001423,116,5,750.01,0.0,3750.05,2492.8
3183,UB-001423,76,1,795.34,0.0,795.34,616.89
3184,UB-001423,37,2,1077.78,5.0,2047.78,1662.9
3185,UB-001423,50,2,428.51,10.0,771.32,655.38
3186,UB-001424,129,1,1160.3,0.0,1160.3,766.85
3187,UB-001425,8,3,380.77,10.0,1028.08,880.32
3188,UB-001425,105,1,1253.65,0.0,1253.65,888.95
3189,UB-001426,23,3,875.25,20.0,2100.6,1882.62
3190,UB-001426,93,3,92.92,20.0,223.01,218.49
3191,UB-001427,91,2,455.87,0.0,911.74,642.14
3192,UB-001427,75,2,895.45,0.0,1790.9,1175.56
3193,UB-001428,86,1,483.43,0.0,483.43,409.68
3194,UB-001428,50,1,422.43,5.0,401.31,327.69
3195,UB-001428,139,1,706.17,5.0,670.86,504.16
3196,UB-001428,60,1,187.03,0.0,187.03,144.82
3197,UB-001429,135,5,624.68,0.0,3123.4,1987.1
3198,UB-001429,67,1,154.92,0.0,154.92,96.2
3199,UB-001430,111,1,677.41,5.0,643.54,556.79
3200,UB-001430,131,2,894.41,10.0,1609.94,1376.06
3201,UB-001430,127,2,294.76,0.0,589.52,444.52
3202,UB-001431,26,2,220.82,0.0,441.64,276.98
3203,UB-001432,138,1,911.77,0.0,911.77,604.6
3204,UB-001432,129,1,1201.13,0.0,1201.13,766.85
3205,UB-001433,70,1,1347.04,0.0,1347.04,864.59
3206,UB-001433,61,1,1083.19,0.0,1083.19,828.14
3207,UB-001433,51,2,234.48,0.0,468.96,317.98
3208,UB-001434,38,1,1034.06,10.0,930.65,721.69
3209,UB-001434,84,2,1300.61,0.0,2601.22,1624.24
3210,UB-001434,92,1,807.17,5.0,766.81,524.51
3211,UB-001435,10,2,99.43,20.0,159.09,141.58
3212,UB-001435,37,1,1023.9,5.0,972.7,831.45
3213,UB-001436,3,1,1115.94,10.0,1004.35,724.04
3214,UB-001436,8,1,373.52,0.0,373.52,293.44
3215,UB-001436,53,1,1287.56,5.0,1223.18,865.12
3216,UB-001437,59,1,305.53,0.0,305.53,241.88
3217,UB-001437,10,1,97.32,0.0,97.32,70.79
3218,UB-001438,4,1,814.63,10.0,733.17,608.34
3219,UB-001438,19,5,671.5,15.0,2853.88,2371.05
3220,UB-001438,85,4,339.99,20.0,1087.97,930.72
3221,UB-001438,41,2,896.77,0.0,1793.54,1487.92
3222,UB-001439,111,1,651.46,10.0,586.31,556.79
3223,UB-001440,16,1,1108.91,0.0,1108.91,816.38
3224,UB-001440,77,3,274.69,0.0,824.07,586.89
3225,UB-001441,97,2,1122.54,15.0,1908.32,1425.1
3226,UB-001441,131,2,933.29,5.0,1773.25,1376.06
3227,UB-001442,46,5,224.44,0.0,1122.2,839.05
3228,UB-001442,127,2,292.4,0.0,584.8,444.52
3229,UB-001442,19,3,699.1,10.0,1887.57,1422.63
3230,UB-001442,7,3,1059.72,0.0,3179.16,2261.25
3231,UB-001443,12,3,543.84,0.0,1631.52,1276.98
3232,UB-001443,101,1,1115.76,5.0,1059.97,893.27
3233,UB-001444,32,1,106.22,0.0,106.22,79.85
3234,UB-001445,53,4,1276.9,0.0,5107.6,3460.48
3235,UB-001445,74,1,1178.33,5.0,1119.41,882.89
3236,UB-001446,111,1,656.51,0.0,656.51,556.79
3237,UB-001446,90,2,678.49,0.0,1356.98,1014.52
3238,UB-001446,58,1,582.0,0.0,582.0,356.56
3239,UB-001446,18,3,842.9,5.0,2402.26,1946.13
3240,UB-001447,96,1,507.86,15.0,431.68,367.22
3241,UB-001447,93,3,90.89,0.0,272.67,218.49
3242,UB-001448,84,5,1265.95,0.0,6329.75,4060.6
3243,UB-001448,8,1,383.24,0.0,383.24,293.44
3244,UB-001449,37,1,1039.51,0.0,1039.51,831.45
3245,UB-001449,29,1,738.46,15.0,627.69,536.32
3246,UB-001449,42,5,587.68,5.0,2791.48,1991.9
3247,UB-001449,52,1,632.89,10.0,569.6,457.32
3248,UB-001450,48,1,368.54,0.0,368.54,254.63
3249,UB-001450,42,4,611.65,10.0,2201.94,1593.52
3250,UB-001451,47,3,104.34,5.0,297.37,262.44
3251,UB-001451,84,2,1260.33,5.0,2394.63,1624.24
3252,UB-001451,8,5,381.62,15.0,1621.88,1467.2
3253,UB-001451,15,2,1214.53,0.0,2429.06,1710.66
3254,UB-001452,103,4,928.41,15.0,3156.59,2726.08
3255,UB-001453,107,1,312.13,0.0,312.13,228.45
3256,UB-001453,100,3,205.19,10.0,554.01,476.64
3257,UB-001453,130,2,947.56,0.0,1895.12,1307.06
3258,UB-001454,140,2,289.84,0.0,579.68,390.12
3259,UB-001455,126,1,1218.33,0.0,1218.33,803.5
3260,UB-001456,3,1,1159.56,0.0,1159.56,724.04
3261,UB-001457,134,4,959.61,5.0,3646.52,2532.8
3262,UB-001457,12,1,574.57,0.0,574.57,425.66
3263,UB-001457,115,4,1211.92,0.0,4847.68,3195.68
3264,UB-001458,85,2,338.64,10.0,609.55,465.36
3265,UB-001459,41,1,899.39,15.0,764.48,743.96
3266,UB-001460,39,1,880.62,0.0,880.62,614.07
3267,UB-001461,38,4,1025.71,0.0,4102.84,2886.76
3268,UB-001461,84,1,1292.33,0.0,1292.33,812.12
3269,UB-001461,85,3,329.38,0.0,988.14,698.04
3270,UB-001462,9,1,705.95,10.0,635.36,501.69
3271,UB-001462,124,2,536.64,0.0,1073.28,891.12
3272,UB-001462,38,2,1080.36,0.0,2160.72,1443.38
3273,UB-001462,105,1,1274.88,0.0,1274.88,888.95
3274,UB-001463,16,4,1077.59,10.0,3879.32,3265.52
3275,UB-001463,75,4,889.02,10.0,3200.47,2351.12
3276,UB-001463,47,2,109.6,0.0,219.2,174.96
3277,UB-001464,105,3,1281.28,0.0,3843.84,2666.85
3278,UB-001465,1,2,307.14,5.0,583.57,420.62
3279,UB-001466,119,3,589.83,0.0,1769.49,1432.5
3280,UB-001466,45,1,826.02,0.0,826.02,610.87
3281,UB-001467,7,1,1057.39,10.0,951.65,753.75
3282,UB-001467,120,1,717.65,5.0,681.77,488.5
3283,UB-001468,94,1,754.66,10.0,679.19,538.36
3284,UB-001468,137,1,1252.94,0.0,1252.94,816.22
3285,UB-001468,73,1,973.84,10.0,876.46,662.98
3286,UB-001469,134,1,958.09,10.0,862.28,633.2
3287,UB-001470,11,1,455.23,0.0,455.23,366.75
3288,UB-001471,27,1,1098.91,0.0,1098.91,891.38
3289,UB-001471,134,2,966.23,15.0,1642.59,1266.4
3290,UB-001472,32,2,107.24,5.0,203.76,159.7
3291,UB-001472,136,3,1418.66,0.0,4255.98,2600.94
3292,UB-001473,22,1,651.9,0.0,651.9,475.66
3293,UB-001473,68,2,228.65,10.0,411.57,322.38
3294,UB-001473,35,1,779.37,10.0,701.43,567.63
3295,UB-001474,144,1,433.83,20.0,347.06,300.62
3296,UB-001474,125,1,341.01,0.0,341.01,213.73
3297,UB-001475,74,1,1156.45,5.0,1098.63,882.89
3298,UB-001476,59,3,292.19,20.0,701.26,725.64
3299,UB-001476,133,1,513.87,0.0,513.87,320.37
3300,UB-001477,144,2,427.11,0.0,854.22,601.24
3301,UB-001477,32,1,105.63,0.0,105.63,79.85
3302,UB-001477,128,2,176.91,10.0,318.44,283.82
3303,UB-001477,40,1,362.08,0.0,362.08,255.94
3304,UB-001477,103,3,917.4,0.0,2752.2,2044.56
3305,UB-001478,133,1,488.63,5.0,464.2,320.37
3306,UB-001478,119,1,598.18,10.0,538.36,477.5
3307,UB-001479,61,3,1094.99,0.0,3284.97,2484.42
3308,UB-001480,33,1,448.42,0.0,448.42,296.56
3309,UB-001480,36,1,846.06,15.0,719.15,533.78
3310,UB-001480,118,1,630.81,0.0,630.81,421.79
3311,UB-001481,53,2,1314.22,10.0,2365.6,1730.24
3312,UB-001481,75,2,873.87,0.0,1747.74,1175.56
3313,UB-001481,98,3,593.95,15.0,1514.57,1401.99
3314,UB-001481,65,1,736.53,0.0,736.53,525.6
3315,UB-001482,33,1,434.5,0.0,434.5,296.56
3316,UB-001482,114,2,1000.87,0.0,2001.74,1291.74
3317,UB-001482,117,2,557.71,0.0,1115.42,820.86
3318,UB-001483,129,2,1172.56,15.0,1993.35,1533.7
3319,UB-001484,95,3,485.97,5.0,1385.01,1109.4
3320,UB-001484,100,1,207.8,0.0,207.8,158.88
3321,UB-001484,48,1,350.94,0.0,350.94,254.63
3322,UB-001484,88,2,692.73,15.0,1177.64,1107.78
3323,UB-001485,16,1,1076.58,0.0,1076.58,816.38
3324,UB-001486,74,1,1126.46,20.0,901.17,882.89
3325,UB-001486,95,1,478.17,10.0,430.35,369.8
3326,UB-001487,31,1,742.57,0.0,742.57,581.59
3327,UB-001487,70,1,1337.48,5.0,1270.61,864.59
3328,UB-001487,69,1,307.01,0.0,307.01,234.6
3329,UB-001487,51,1,232.53,0.0,232.53,158.99
3330,UB-001487,127,2,298.21,0.0,596.42,444.52
3331,UB-001488,25,3,671.69,5.0,1914.32,1488.84
3332,UB-001488,132,1,1272.96,0.0,1272.96,810.08
3333,UB-001489,119,1,583.76,10.0,525.38,477.5
3334,UB-001490,124,1,541.9,0.0,541.9,445.56
3335,UB-001491,22,1,665.75,0.0,665.75,475.66
3336,UB-001492,8,1,366.27,0.0,366.27,293.44
3337,UB-001493,137,2,1324.68,5.0,2516.89,1632.44
3338,UB-001493,99,4,109.96,0.0,439.84,323.76
3339,UB-001493,44,1,767.31,15.0,652.21,587.81
3340,UB-001494,112,1,458.09,0.0,458.09,338.04
3341,UB-001495,106,3,1038.99,15.0,2649.42,2159.28
3342,UB-001495,24,2,96.74,0.0,193.48,123.02
3343,UB-001495,116,1,736.73,15.0,626.22,498.56
3344,UB-001495,132,1,1267.29,0.0,1267.29,810.08
3345,UB-001495,36,1,861.8,10.0,775.62,533.78
3346,UB-001496,126,2,1229.62,0.0,2459.24,1607.0
3347,UB-001496,41,2,895.13,10.0,1611.23,1487.92
3348,UB-001496,141,2,281.17,0.0,562.34,371.34
3349,UB-001496,101,1,1130.28,10.0,1017.25,893.27
3350,UB-001496,36,2,853.38,0.0,1706.76,1067.56
3351,UB-001497,51,2,230.28,0.0,460.56,317.98
3352,UB-001498,134,5,942.81,10.0,4242.64,3166.0
3353,UB-001499,50,2,432.22,0.0,864.44,655.38
3354,UB-001499,63,1,261.31,15.0,222.11,167.23
3355,UB-001500,38,2,1040.06,5.0,1976.11,1443.38
3356,UB-001500,51,1,235.04,0.0,235.04,158.99
3357,UB-001500,138,3,888.95,0.0,2666.85,1813.8
3358,UB-001501,51,2,227.63,0.0,455.26,317.98
3359,UB-001501,130,2,941.93,15.0,1601.28,1307.06
3360,UB-001501,88,1,715.88,0.0,715.88,553.89
3361,UB-001501,40,2,369.65,0.0,739.3,511.88
3362,UB-001502,112,1,451.77,20.0,361.42,338.04
3363,UB-001503,51,1,229.76,0.0,229.76,158.99
3364,UB-001503,86,1,487.62,15.0,414.48,409.68
3365,UB-001504,60,1,188.91,0.0,188.91,144.82
3366,UB-001504,53,1,1299.12,15.0,1104.25,865.12
3367,UB-001505,38,2,1054.38,5.0,2003.32,1443.38
3368,UB-001505,143,1,812.39,20.0,649.91,614.71
3369,UB-001505,98,3,591.05,0.0,1773.15,1401.99
3370,UB-001505,122,2,653.16,0.0,1306.32,1016.04
3371,UB-001505,72,4,980.88,10.0,3531.17,2966.4
3372,UB-001506,79,2,761.51,0.0,1523.02,957.76
3373,UB-001507,111,3,649.06,10.0,1752.46,1670.37
3374,UB-001507,86,1,473.2,5.0,449.54,409.68
3375,UB-001507,142,2,489.1,0.0,978.2,812.58
3376,UB-001507,92,3,808.19,0.0,2424.57,1573.53
3377,UB-001508,35,1,815.4,15.0,693.09,567.63
3378,UB-001509,69,3,316.15,0.0,948.45,703.8
3379,UB-001509,103,2,925.53,0.0,1851.06,1363.04
3380,UB-001509,130,2,917.59,5.0,1743.42,1307.06
3381,UB-001510,42,3,594.83,0.0,1784.49,1195.14
3382,UB-001510,121,1,900.51,5.0,855.48,683.69
3383,UB-001510,136,2,1420.37,10.0,2556.67,1733.96
3384,UB-001511,45,1,796.03,10.0,716.43,610.87
3385,UB-001511,14,1,769.96,0.0,769.96,569.64
3386,UB-001512,141,2,284.54,0.0,569.08,371.34
3387,UB-001512,36,3,854.77,5.0,2436.09,1601.34
3388,UB-001513,27,1,1087.24,0.0,1087.24,891.38
3389,UB-001514,102,1,1184.97,0.0,1184.97,829.38
3390,UB-001514,107,2,323.05,0.0,646.1,456.9
3391,UB-001514,76,1,823.17,0.0,823.17,616.89
3392,UB-001515,108,1,1124.82,0.0,1124.82,795.55
3393,UB-001515,9,1,666.7,20.0,533.36,501.69
3394,UB-001516,124,1,540.26,0.0,540.26,445.56
3395,UB-001517,115,5,1193.53,0.0,5967.65,3994.6
3396,UB-001517,91,1,460.5,15.0,391.43,321.07
3397,UB-001517,3,2,1168.5,0.0,2337.0,1448.08
3398,UB-001517,101,1,1112.73,10.0,1001.46,893.27
3399,UB-001517,21,1,796.35,0.0,796.35,582.06
3400,UB-001518,58,1,586.84,0.0,586.84,356.56
3401,UB-001518,71,2,188.36,0.0,376.72,244.14
3402,UB-001518,59,2,289.98,0.0,579.96,483.76
3403,UB-001518,60,3,182.67,0.0,548.01,434.46
3404,UB-001519,27,1,1072.51,0.0,1072.51,891.38
3405,UB-001519,45,1,834.75,0.0,834.75,610.87
3406,UB-001520,4,1,805.37,15.0,684.56,608.34
3407,UB-001520,40,1,368.52,0.0,368.52,255.94
3408,UB-001521,34,2,159.22,0.0,318.44,276.06
3409,UB-001521,92,1,826.97,0.0,826.97,524.51
3410,UB-001522,66,2,974.34,5.0,1851.25,1432.7
3411,UB-001523,19,1,681.94,10.0,613.75,474.21
3412,UB-001524,115,2,1192.34,15.0,2026.98,1597.84
3413,UB-001524,119,1,595.77,0.0,595.77,477.5
3414,UB-001524,96,1,496.53,5.0,471.7,367.22
3415,UB-001525,50,2,442.21,0.0,884.42,655.38
3416,UB-001526,48,1,360.73,0.0,360.73,254.63
3417,UB-001526,70,2,1346.29,0.0,2692.58,1729.18
3418,UB-001526,137,3,1297.04,10.0,3502.01,2448.66
3419,UB-001527,112,2,463.61,20.0,741.78,676.08
3420,UB-001528,87,2,375.02,0.0,750.04,593.36
3421,UB-001528,63,2,257.41,0.0,514.82,334.46
3422,UB-001528,5,1,1374.72,10.0,1237.25,872.25
3423,UB-001529,62,1,388.09,0.0,388.09,260.55
3424,UB-001529,116,2,740.25,5.0,1406.47,997.12
3425,UB-001530,69,1,302.24,15.0,256.9,234.6
3426,UB-001531,105,1,1245.48,10.0,1120.93,888.95
3427,UB-001531,53,1,1251.57,10.0,1126.41,865.12
3428,UB-001531,71,1,189.82,0.0,189.82,122.07
3429,UB-001531,43,3,167.98,10.0,453.55,350.64
3430,UB-001532,92,4,833.31,0.0,3333.24,2098.04
3431,UB-001532,53,2,1271.14,15.0,2160.94,1730.24
3432,UB-001533,3,2,1121.89,15.0,1907.21,1448.08
3433,UB-001533,143,1,820.41,20.0,656.33,614.71
3434,UB-001534,2,2,498.4,0.0,996.8,742.44
3435,UB-001534,112,1,462.21,0.0,462.21,338.04
3436,UB-001534,44,1,782.26,5.0,743.15,587.81
3437,UB-001534,8,2,368.89,0.0,737.78,586.88
3438,UB-001534,56,2,526.0,0.0,1052.0,697.56
3439,UB-001535,132,2,1256.52,10.0,2261.74,1620.16
3440,UB-001536,102,1,1219.17,0.0,1219.17,829.38
3441,UB-001537,7,5,1035.22,0.0,5176.1,3768.75
3442,UB-001537,17,1,850.79,10.0,765.71,644.64
3443,UB-001538,139,3,696.63,10.0,1880.9,1512.48
3444,UB-001538,137,2,1296.58,0.0,2593.16,1632.44
3445,UB-001538,94,1,737.06,0.0,737.06,538.36
3446,UB-001539,103,1,912.72,0.0,912.72,681.52
3447,UB-001539,11,2,452.9,20.0,724.64,733.5
3448,UB-001539,30,2,1361.85,0.0,2723.7,1730.22
3449,UB-001539,15,3,1237.43,0.0,3712.29,2565.99
3450,UB-001540,33,3,445.39,10.0,1202.55,889.68
3451,UB-001541,24,1,93.58,10.0,84.22,61.51
3452,UB-001542,36,2,823.09,5.0,1563.87,1067.56
3453,UB-001542,86,3,474.06,10.0,1279.96,1229.04
3454,UB-001543,119,1,603.3,0.0,603.3,477.5
3455,UB-001543,117,2,532.67,10.0,958.81,820.86
3456,UB-001543,143,2,801.64,0.0,1603.28,1229.42
3457,UB-001543,83,2,871.33,5.0,1655.53,1414.0
3458,UB-001543,103,1,926.47,0.0,926.47,681.52
3459,UB-001544,18,2,832.21,5.0,1581.2,1297.42
3460,UB-001544,99,1,111.33,0.0,111.33,80.94
3461,UB-001544,49,3,986.18,0.0,2958.54,1842.12
3462,UB-001544,124,1,536.12,10.0,482.51,445.56
3463,UB-001545,28,2,898.55,5.0,1707.24,1346.5
3464,UB-001545,95,5,476.72,0.0,2383.6,1849.0
3465,UB-001545,85,1,323.48,5.0,307.31,232.68
3466,UB-001545,60,1,186.48,0.0,186.48,144.82
3467,UB-001546,60,1,182.33,20.0,145.86,144.82
3468,UB-001546,91,1,447.09,0.0,447.09,321.07
3469,UB-001546,16,1,1087.72,10.0,978.95,816.38
3470,UB-001547,52,4,657.2,10.0,2365.92,1829.28
3471,UB-001548,88,2,683.27,0.0,1366.54,1107.78
3472,UB-001548,106,2,1032.13,20.0,1651.41,1439.52
3473,UB-001548,90,1,700.85,5.0,665.81,507.26
3474,UB-001549,91,1,452.52,0.0,452.52,321.07
3475,UB-001549,116,1,760.05,0.0,760.05,498.56
3476,UB-001550,19,1,680.19,5.0,646.18,474.21
3477,UB-001550,42,3,593.04,0.0,1779.12,1195.14
3478,UB-001550,3,3,1118.07,0.0,3354.21,2172.12
3479,UB-001550,92,1,819.69,0.0,819.69,524.51
3480,UB-001550,15,1,1232.73,10.0,1109.46,855.33
3481,UB-001551,137,1,1322.73,15.0,1124.32,816.22
3482,UB-001552,8,1,376.91,0.0,376.91,293.44
3483,UB-001552,64,3,331.89,10.0,896.1,642.81
3484,UB-001553,113,2,850.27,15.0,1445.46,1390.0
3485,UB-001554,121,1,894.0,20.0,715.2,683.69
3486,UB-001554,115,2,1227.27,0.0,2454.54,1597.84
3487,UB-001555,132,1,1217.04,0.0,1217.04,810.08
3488,UB-001555,112,1,455.17,0.0,455.17,338.04
3489,UB-001555,103,2,915.3,5.0,1739.07,1363.04
3490,UB-001556,45,1,830.12,15.0,705.6,610.87
3491,UB-001556,55,1,925.88,0.0,925.88,606.14
3492,UB-001557,119,1,573.27,0.0,573.27,477.5
3493,UB-001557,2,1,488.0,5.0,463.6,371.22
3494,UB-001558,41,1,933.31,10.0,839.98,743.96
3495,UB-001558,124,4,530.72,0.0,2122.88,1782.24
3496,UB-001558,98,1,584.0,15.0,496.4,467.33
3497,UB-001559,87,1,376.01,0.0,376.01,296.68
3498,UB-001559,90,1,697.64,0.0,697.64,507.26
3499,UB-001559,25,1,645.88,0.0,645.88,496.28
3500,UB-001560,92,1,830.92,0.0,830.92,524.51
3501,UB-001561,70,2,1361.95,0.0,2723.9,1729.18
3502,UB-001561,25,2,676.46,0.0,1352.92,992.56
3503,UB-001561,101,5,1118.9,0.0,5594.5,4466.35
3504,UB-001562,122,1,626.67,0.0,626.67,508.02
3505,UB-001562,102,1,1180.12,5.0,1121.11,829.38
3506,UB-001562,44,1,768.33,0.0,768.33,587.81
3507,UB-001563,59,3,295.01,0.0,885.03,725.64
3508,UB-001563,120,1,745.49,0.0,745.49,488.5
3509,UB-001564,91,1,450.19,10.0,405.17,321.07
3510,UB-001564,135,2,604.02,10.0,1087.24,794.84
3511,UB-001564,53,1,1306.94,5.0,1241.59,865.12
3512,UB-001564,23,1,894.23,0.0,894.23,627.54
3513,UB-001565,48,3,349.57,15.0,891.4,763.89
3514,UB-001565,39,3,857.87,0.0,2573.61,1842.21
3515,UB-001565,128,5,172.79,5.0,820.75,709.55
3516,UB-001565,41,4,913.24,5.0,3470.31,2975.84
3517,UB-001565,69,1,302.7,10.0,272.43,234.6
3518,UB-001566,51,2,231.59,15.0,393.7,317.98
3519,UB-001566,89,4,573.59,10.0,2064.92,1676.6
3520,UB-001567,17,3,839.12,0.0,2517.36,1933.92
3521,UB-001567,100,1,206.03,5.0,195.73,158.88
3522,UB-001567,32,1,103.51,0.0,103.51,79.85
3523,UB-001567,31,5,747.71,10.0,3364.7,2907.95
3524,UB-001568,122,1,633.6,0.0,633.6,508.02
3525,UB-001568,137,1,1311.18,10.0,1180.06,816.22
3526,UB-001568,89,1,569.67,10.0,512.7,419.15
3527,UB-001569,17,2,850.08,15.0,1445.14,1289.28
3528,UB-001570,60,1,188.89,0.0,188.89,144.82
3529,UB-001571,109,2,155.35,0.0,310.7,197.6
3530,UB-001571,113,3,886.8,0.0,2660.4,2085.0
3531,UB-001571,111,2,652.35,10.0,1174.23,1113.58
3532,UB-001571,59,2,305.44,5.0,580.34,483.76
3533,UB-001572,3,1,1172.76,0.0,1172.76,724.04
3534,UB-001573,13,2,380.01,0.0,760.02,471.82
3535,UB-001574,69,1,316.69,10.0,285.02,234.6
3536,UB-001575,69,1,304.29,15.0,258.65,234.6
3537,UB-001575,99,1,111.34,5.0,105.77,80.94
3538,UB-001575,122,2,639.36,10.0,1150.85,1016.04
3539,UB-001575,40,2,362.93,0.0,725.86,511.88
3540,UB-001575,57,2,761.34,0.0,1522.68,1135.4
3541,UB-001576,127,1,296.23,0.0,296.23,222.26
3542,UB-001576,28,1,914.13,20.0,731.3,673.25
3543,UB-001576,56,1,506.53,0.0,506.53,348.78
3544,UB-001577,27,2,1063.12,5.0,2019.93,1782.76
3545,UB-001578,103,1,893.68,10.0,804.31,681.52
3546,UB-001578,35,1,815.06,10.0,733.55,567.63
3547,UB-001579,138,2,884.66,0.0,1769.32,1209.2
3548,UB-001580,139,1,723.7,15.0,615.14,504.16
3549,UB-001581,9,1,688.37,0.0,688.37,501.69
3550,UB-001581,4,1,813.95,0.0,813.95,608.34
3551,UB-001582,12,1,551.19,5.0,523.63,425.66
3552,UB-001583,126,1,1247.05,5.0,1184.7,803.5
3553,UB-001584,140,4,303.08,0.0,1212.32,780.24
3554,UB-001584,1,2,312.27,0.0,624.54,420.62
3555,UB-001585,118,2,641.06,0.0,1282.12,843.58
3556,UB-001586,77,1,283.97,5.0,269.77,195.63
3557,UB-001587,57,2,759.43,0.0,1518.86,1135.4
3558,UB-001587,5,1,1373.02,0.0,1373.02,872.25
3559,UB-001588,97,2,1149.68,0.0,2299.36,1425.1
3560,UB-001589,47,2,104.24,10.0,187.63,174.96
3561,UB-001589,75,1,893.16,0.0,893.16,587.78
3562,UB-001590,95,1,482.8,10.0,434.52,369.8
3563,UB-001590,38,1,1058.89,10.0,953.0,721.69
3564,UB-001591,124,1,520.07,0.0,520.07,445.56
3565,UB-001591,76,1,824.28,15.0,700.64,616.89
3566,UB-001591,75,2,885.68,0.0,1771.36,1175.56
3567,UB-001592,119,3,597.39,0.0,1792.17,1432.5
3568,UB-001592,50,1,435.73,0.0,435.73,327.69
3569,UB-001592,9,1,702.34,0.0,702.34,501.69
3570,UB-001592,72,1,972.41,0.0,972.41,741.6
3571,UB-001592,96,1,498.78,5.0,473.84,367.22
3572,UB-001593,35,1,788.93,20.0,631.14,567.63
3573,UB-001593,51,1,232.82,15.0,197.9,158.99
3574,UB-001594,28,4,886.37,20.0,2836.38,2693.0
3575,UB-001594,71,1,189.72,0.0,189.72,122.07
3576,UB-001594,30,2,1368.18,0.0,2736.36,1730.22
3577,UB-001595,31,4,705.62,15.0,2399.11,2326.36
3578,UB-001595,38,1,1040.06,0.0,1040.06,721.69
3579,UB-001595,91,2,467.9,15.0,795.43,642.14
3580,UB-001595,41,1,916.24,0.0,916.24,743.96
3581,UB-001596,122,2,653.08,0.0,1306.16,1016.04
3582,UB-001596,19,1,664.87,0.0,664.87,474.21
3583,UB-001597,118,3,618.27,0.0,1854.81,1265.37
3584,UB-001598,95,1,497.46,5.0,472.59,369.8
3585,UB-001598,46,2,212.5,0.0,425.0,335.62
3586,UB-001598,70,1,1390.88,15.0,1182.25,864.59
3587,UB-001598,143,2,793.35,0.0,1586.7,1229.42
3588,UB-001599,118,2,646.34,0.0,1292.68,843.58
3589,UB-001599,115,1,1188.53,0.0,1188.53,798.92
3590,UB-001599,89,2,599.01,5.0,1138.12,838.3
3591,UB-001599,2,1,484.78,5.0,460.54,371.22
3592,UB-001600,111,1,660.61,10.0,594.55,556.79
3593,UB-001600,72,2,960.17,0.0,1920.34,1483.2
3594,UB-001600,119,3,571.08,0.0,1713.24,1432.5
3595,UB-001600,85,1,333.71,20.0,266.97,232.68
3596,UB-001601,36,5,822.51,0.0,4112.55,2668.9
3597,UB-001602,19,2,697.73,15.0,1186.14,948.42
3598,UB-001602,85,1,325.1,5.0,308.85,232.68
3599,UB-001603,137,1,1304.79,15.0,1109.07,816.22
3600,UB-001603,127,1,306.2,0.0,306.2,222.26
3601,UB-001603,63,1,259.89,0.0,259.89,167.23
3602,UB-001604,95,1,486.26,10.0,437.63,369.8
3603,UB-001604,102,2,1230.91,15.0,2092.55,1658.76
3604,UB-001604,59,1,304.25,0.0,304.25,241.88
3605,UB-001604,101,1,1133.08,10.0,1019.77,893.27
3606,UB-001604,128,2,175.29,0.0,350.58,283.82
3607,UB-001605,100,1,203.24,0.0,203.24,158.88
3608,UB-001605,58,1,559.81,5.0,531.82,356.56
3609,UB-001605,110,1,905.99,15.0,770.09,679.34
3610,UB-001605,37,1,1029.16,5.0,977.7,831.45
3611,UB-001605,17,1,838.54,15.0,712.76,644.64
3612,UB-001606,140,1,292.22,5.0,277.61,195.06
3613,UB-001607,71,1,186.15,10.0,167.53,122.07
3614,UB-001608,116,4,751.58,0.0,3006.32,1994.24
3615,UB-001608,37,3,1029.43,5.0,2933.88,2494.35
3616,UB-001608,91,4,462.86,15.0,1573.72,1284.28
3617,UB-001609,112,3,447.54,0.0,1342.62,1014.12
3618,UB-001609,39,2,859.9,10.0,1547.82,1228.14
3619,UB-001610,47,2,106.23,0.0,212.46,174.96
3620,UB-001610,139,1,705.48,0.0,705.48,504.16
3621,UB-001611,92,4,824.14,5.0,3131.73,2098.04
3622,UB-001612,19,2,665.93,0.0,1331.86,948.42
3623,UB-001612,24,1,92.53,0.0,92.53,61.51
3624,UB-001612,23,1,913.61,0.0,913.61,627.54
3625,UB-001612,74,3,1159.89,0.0,3479.67,2648.67
3626,UB-001613,51,1,240.95,0.0,240.95,158.99
3627,UB-001613,103,1,932.92,5.0,886.27,681.52
3628,UB-001614,135,1,605.53,0.0,605.53,397.42
3629,UB-001614,120,1,737.02,10.0,663.32,488.5
3630,UB-001614,106,1,1054.68,10.0,949.21,719.76
3631,UB-001615,34,1,162.72,0.0,162.72,138.03
3632,UB-001615,72,1,962.64,5.0,914.51,741.6
3633,UB-001615,139,2,705.62,10.0,1270.12,1008.32
3634,UB-001615,8,1,377.92,5.0,359.02,293.44
3635,UB-001615,67,1,158.75,0.0,158.75,96.2
3636,UB-001616,108,5,1159.27,5.0,5506.53,3977.75
3637,UB-001617,125,2,321.99,0.0,643.98,427.46
3638,UB-001618,144,1,425.67,0.0,425.67,300.62
3639,UB-001619,85,2,339.75,10.0,611.55,465.36
3640,UB-001620,77,1,286.19,0.0,286.19,195.63
3641,UB-001620,135,3,623.89,10.0,1684.5,1192.26
3642,UB-001621,117,1,534.27,0.0,534.27,410.43
3643,UB-001622,144,2,415.41,0.0,830.82,601.24
3644,UB-001623,29,1,744.87,20.0,595.9,536.32
3645,UB-001623,66,1,979.65,0.0,979.65,716.35
3646,UB-001623,73,1,1016.23,15.0,863.8,662.98
3647,UB-001624,131,1,907.36,0.0,907.36,688.03
3648,UB-001625,84,2,1257.17,5.0,2388.62,1624.24
3649,UB-001625,82,1,1058.58,0.0,1058.58,685.33
3650,UB-001625,15,3,1240.79,0.0,3722.37,2565.99
3651,UB-001626,95,2,498.35,5.0,946.87,739.6
3652,UB-001626,109,1,154.6,0.0,154.6,98.8
3653,UB-001626,45,2,823.18,0.0,1646.36,1221.74
3654,UB-001627,51,1,238.42,0.0,238.42,158.99
3655,UB-001627,112,2,453.93,10.0,817.07,676.08
3656,UB-001628,69,3,302.96,5.0,863.44,703.8
3657,UB-001628,105,2,1232.54,5.0,2341.83,1777.9
3658,UB-001628,25,3,673.07,0.0,2019.21,1488.84
3659,UB-001629,127,2,295.14,0.0,590.28,444.52
3660,UB-001629,77,2,282.57,20.0,452.11,391.26
3661,UB-001630,9,2,671.52,0.0,1343.04,1003.38
3662,UB-001630,16,2,1078.91,0.0,2157.82,1632.76
3663,UB-001630,4,1,818.82,5.0,777.88,608.34
3664,UB-001631,90,3,698.18,0.0,2094.54,1521.78
3665,UB-001631,125,1,328.35,0.0,328.35,213.73
3666,UB-001632,39,4,892.27,15.0,3033.72,2456.28
3667,UB-001632,119,1,598.85,0.0,598.85,477.5
3668,UB-001632,135,1,612.1,0.0,612.1,397.42
3669,UB-001633,89,3,598.26,0.0,1794.78,1257.45
3670,UB-001633,105,5,1280.31,10.0,5761.39,4444.75
3671,UB-001633,1,2,314.86,10.0,566.75,420.62
3672,UB-001633,85,2,336.32,0.0,672.64,465.36
3673,UB-001634,86,1,491.93,0.0,491.93,409.68
3674,UB-001634,108,2,1134.74,5.0,2156.01,1591.1
3675,UB-001635,18,1,812.93,0.0,812.93,648.71
3676,UB-001636,127,2,308.93,10.0,556.07,444.52
3677,UB-001636,64,1,317.99,15.0,270.29,214.27
3678,UB-001636,60,2,188.38,0.0,376.76,289.64
3679,UB-001636,118,1,649.26,0.0,649.26,421.79
3680,UB-001637,93,2,92.52,0.0,185.04,145.66
3681,UB-001637,144,1,435.32,10.0,391.79,300.62
3682,UB-001637,44,1,767.89,0.0,767.89,587.81
3683,UB-001637,31,1,740.98,0.0,740.98,581.59
3684,UB-001637,108,1,1108.99,5.0,1053.54,795.55
3685,UB-001638,107,1,322.42,5.0,306.3,228.45
3686,UB-001639,15,1,1255.13,10.0,1129.62,855.33
3687,UB-001639,126,3,1234.2,0.0,3702.6,2410.5
3688,UB-001639,44,1,770.63,15.0,655.04,587.81
3689,UB-001640,44,1,761.49,10.0,685.34,587.81
3690,UB-001641,134,3,947.86,0.0,2843.58,1899.6
3691,UB-001641,71,1,187.18,15.0,159.1,122.07
3692,UB-001642,90,2,675.22,0.0,1350.44,1014.52
3693,UB-001643,8,2,377.28,0.0,754.56,586.88
3694,UB-001644,129,1,1177.96,0.0,1177.96,766.85
3695,UB-001644,58,2,558.75,10.0,1005.75,713.12
3696,UB-001644,91,2,453.41,10.0,816.14,642.14
3697,UB-001644,105,1,1282.78,0.0,1282.78,888.95
3698,UB-001645,57,1,786.51,0.0,786.51,567.7
3699,UB-001645,15,1,1193.71,10.0,1074.34,855.33
3700,UB-001645,75,1,875.28,0.0,875.28,587.78
3701,UB-001645,55,1,908.04,15.0,771.83,606.14
3702,UB-001646,114,1,1015.5,10.0,913.95,645.87
3703,UB-001646,73,4,986.89,10.0,3552.8,2651.92
3704,UB-001646,55,1,909.11,10.0,818.2,606.14
3705,UB-001647,111,1,667.08,0.0,667.08,556.79
3706,UB-001647,85,2,330.68,0.0,661.36,465.36
3707,UB-001648,125,3,325.31,20.0,780.74,641.19
3708,UB-001649,78,1,772.96,10.0,695.66,544.75
3709,UB-001650,132,1,1233.99,15.0,1048.89,810.08
3710,UB-001651,4,2,776.79,5.0,1475.9,1216.68
3711,UB-001651,59,1,294.8,10.0,265.32,241.88
3712,UB-001651,74,2,1171.93,0.0,2343.86,1765.78
3713,UB-001651,130,2,911.1,0.0,1822.2,1307.06
3714,UB-001651,111,1,661.64,10.0,595.48,556.79
3715,UB-001652,119,1,583.18,0.0,583.18,477.5
3716,UB-001653,93,1,90.98,0.0,90.98,72.83
3717,UB-001654,68,2,222.42,0.0,444.84,322.38
3718,UB-001654,82,3,1060.74,0.0,3182.22,2055.99
3719,UB-001655,92,3,835.27,0.0,2505.81,1573.53
3720,UB-001655,29,1,745.83,0.0,745.83,536.32
3721,UB-001655,70,1,1344.31,0.0,1344.31,864.59
3722,UB-001656,88,2,703.16,10.0,1265.69,1107.78
3723,UB-001656,32,1,101.73,10.0,91.56,79.85
3724,UB-001657,14,3,755.55,15.0,1926.65,1708.92
3725,UB-001657,84,2,1234.39,5.0,2345.34,1624.24
3726,UB-001658,39,1,880.19,0.0,880.19,614.07
3727,UB-001659,113,4,865.07,5.0,3287.27,2780.0
3728,UB-001659,63,1,249.38,0.0,249.38,167.23
3729,UB-001659,15,1,1192.05,0.0,1192.05,855.33
3730,UB-001660,47,1,108.65,0.0,108.65,87.48
3731,UB-001661,52,1,667.36,0.0,667.36,457.32
3732,UB-001661,135,1,626.91,15.0,532.87,397.42
3733,UB-001661,100,1,204.49,15.0,173.82,158.88
3734,UB-001661,29,1,742.92,0.0,742.92,536.32
3735,UB-001661,104,4,1276.76,0.0,5107.04,3519.68
3736,UB-001662,22,1,660.81,0.0,660.81,475.66
3737,UB-001662,37,3,1025.13,15.0,2614.08,2494.35
3738,UB-001662,106,2,1044.09,0.0,2088.18,1439.52
3739,UB-001663,129,1,1201.31,0.0,1201.31,766.85
3740,UB-001663,13,1,358.62,0.0,358.62,235.91
3741,UB-001663,115,2,1184.03,0.0,2368.06,1597.84
3742,UB-001663,17,1,848.03,5.0,805.63,644.64
3743,UB-001664,62,1,372.94,20.0,298.35,260.55
3744,UB-001664,118,2,620.88,20.0,993.41,843.58
3745,UB-001664,18,1,818.18,0.0,818.18,648.71
3746,UB-001664,5,4,1400.63,15.0,4762.14,3489.0
3747,UB-001665,27,2,1050.18,20.0,1680.29,1782.76
3748,UB-001665,7,1,1044.97,10.0,940.47,753.75
3749,UB-001666,5,4,1373.05,0.0,5492.2,3489.0
3750,UB-001666,81,1,1072.53,0.0,1072.53,710.48
3751,UB-001666,28,1,868.89,10.0,782.0,673.25
3752,UB-001667,2,2,500.23,0.0,1000.46,742.44
3753,UB-001668,72,1,991.09,10.0,891.98,741.6
3754,UB-001668,31,3,748.7,0.0,2246.1,1744.77
3755,UB-001668,21,2,783.95,0.0,1567.9,1164.12
3756,UB-001668,27,1,1079.11,0.0,1079.11,891.38
3757,UB-001669,44,3,753.84,0.0,2261.52,1763.43
3758,UB-001669,80,1,413.21,0.0,413.21,302.58
3759,UB-001669,120,2,743.44,0.0,1486.88,977.0
3760,UB-001670,31,1,748.56,5.0,711.13,581.59
3761,UB-001670,60,1,190.1,0.0,190.1,144.82
3762,UB-001670,7,1,1052.93,5.0,1000.28,753.75
3763,UB-001670,122,2,648.79,20.0,1038.06,1016.04
3764,UB-001670,50,1,424.41,0.0,424.41,327.69
3765,UB-001671,73,1,976.74,5.0,927.9,662.98
3766,UB-001672,58,2,586.58,5.0,1114.5,713.12
3767,UB-001672,37,2,1027.34,0.0,2054.68,1662.9
3768,UB-001672,107,4,322.9,10.0,1162.44,913.8
3769,UB-001673,52,3,659.39,5.0,1879.26,1371.96
3770,UB-001673,132,3,1256.75,0.0,3770.25,2430.24
3771,UB-001673,76,3,815.59,5.0,2324.43,1850.67
3772,UB-001674,64,2,316.04,10.0,568.87,428.54
3773,UB-001674,26,2,214.33,20.0,342.93,276.98
3774,UB-001674,30,1,1329.07,0.0,1329.07,865.11
3775,UB-001674,32,1,106.41,15.0,90.45,79.85
3776,UB-001675,21,1,787.2,0.0,787.2,582.06
3777,UB-001675,136,2,1339.86,0.0,2679.72,1733.96
3778,UB-001676,28,1,892.74,0.0,892.74,673.25
3779,UB-001676,126,2,1258.1,0.0,2516.2,1607.0
3780,UB-001676,49,3,953.5,0.0,2860.5,1842.12
3781,UB-001677,31,2,737.93,0.0,1475.86,1163.18
3782,UB-001677,110,2,937.66,0.0,1875.32,1358.68
3783,UB-001677,109,2,156.19,0.0,312.38,197.6
3784,UB-001678,121,1,907.9,0.0,907.9,683.69
3785,UB-001678,59,1,305.9,0.0,305.9,241.88
3786,UB-001678,76,2,820.75,0.0,1641.5,1233.78
3787,UB-001679,29,2,719.66,0.0,1439.32,1072.64
3788,UB-001679,2,1,510.3,15.0,433.75,371.22
3789,UB-001680,81,3,1051.79,0.0,3155.37,2131.44
3790,UB-001680,6,3,946.81,20.0,2272.34,2076.87
3791,UB-001681,130,1,928.86,0.0,928.86,653.53
3792,UB-001681,87,1,375.57,0.0,375.57,296.68
3793,UB-001682,134,1,950.42,5.0,902.9,633.2
3794,UB-001682,133,1,512.73,0.0,512.73,320.37
3795,UB-001682,29,1,743.5,5.0,706.32,536.32
3796,UB-001682,23,2,910.66,15.0,1548.12,1255.08
3797,UB-001683,121,2,927.43,0.0,1854.86,1367.38
3798,UB-001683,71,2,191.74,10.0,345.13,244.14
3799,UB-001684,47,1,103.48,0.0,103.48,87.48
3800,UB-001684,36,1,853.58,10.0,768.22,533.78
3801,UB-001684,91,4,459.6,0.0,1838.4,1284.28
3802,UB-001685,63,1,250.3,0.0,250.3,167.23
3803,UB-001685,94,1,753.23,10.0,677.91,538.36
3804,UB-001685,53,3,1252.73,0.0,3758.19,2595.36
3805,UB-001686,46,4,220.93,0.0,883.72,671.24
3806,UB-001686,15,1,1226.4,0.0,1226.4,855.33
3807,UB-001687,90,4,711.88,5.0,2705.14,2029.04
3808,UB-001688,86,1,487.24,0.0,487.24,409.68
3809,UB-001689,96,1,500.03,0.0,500.03,367.22
3810,UB-001689,14,1,741.64,10.0,667.48,569.64
3811,UB-001689,23,1,894.15,5.0,849.44,627.54
3812,UB-001690,50,1,423.97,0.0,423.97,327.69
3813,UB-001690,24,1,96.45,5.0,91.63,61.51
3814,UB-001691,65,1,732.75,0.0,732.75,525.6
3815,UB-001691,27,2,1094.96,0.0,2189.92,1782.76
3816,UB-001692,125,1,321.44,15.0,273.22,213.73
3817,UB-001692,123,1,471.81,0.0,471.81,328.9
3818,UB-001693,137,1,1278.21,5.0,1214.3,816.22
3819,UB-001693,12,1,565.19,5.0,536.93,425.66
3820,UB-001693,59,3,299.8,5.0,854.43,725.64
3821,UB-001694,127,1,294.61,0.0,294.61,222.26
3822,UB-001694,46,3,221.68,10.0,598.54,503.43
3823,UB-001694,34,3,167.05,0.0,501.15,414.09
3824,UB-001695,48,2,355.72,0.0,711.44,509.26
3825,UB-001695,110,2,932.83,10.0,1679.09,1358.68
3826,UB-001696,80,4,397.62,0.0,1590.48,1210.32
3827,UB-001697,26,3,221.48,10.0,598.0,415.47
3828,UB-001698,55,2,897.66,0.0,1795.32,1212.28
3829,UB-001698,117,2,563.72,5.0,1071.07,820.86
3830,UB-001699,49,1,970.35,5.0,921.83,614.04
3831,UB-001699,25,1,662.57,15.0,563.18,496.28
3832,UB-001699,48,1,364.42,0.0,364.42,254.63
3833,UB-001700,130,1,912.69,5.0,867.06,653.53
3834,UB-001700,139,2,726.63,0.0,1453.26,1008.32
3835,UB-001700,21,1,804.65,10.0,724.18,582.06
3836,UB-001700,4,1,797.82,0.0,797.82,608.34
3837,UB-001701,108,1,1153.93,10.0,1038.54,795.55
3838,UB-001702,16,1,1073.87,0.0,1073.87,816.38
3839,UB-001702,36,3,843.66,0.0,2530.98,1601.34
3840,UB-001702,68,2,226.79,10.0,408.22,322.38
3841,UB-001702,75,2,908.13,20.0,1453.01,1175.56
3842,UB-001702,24,1,94.97,0.0,94.97,61.51
3843,UB-001703,12,1,564.97,0.0,564.97,425.66
3844,UB-001703,86,1,481.24,15.0,409.05,409.68
3845,UB-001703,120,3,736.25,10.0,1987.88,1465.5
3846,UB-001703,68,1,228.78,5.0,217.34,161.19
3847,UB-001704,81,1,1055.1,15.0,896.83,710.48
3848,UB-001705,83,2,845.38,15.0,1437.15,1414.0
3849,UB-001705,127,2,301.82,20.0,482.91,444.52
3850,UB-001705,82,2,1041.68,0.0,2083.36,1370.66
3851,UB-001705,142,5,472.15,0.0,2360.75,2031.45
3852,UB-001706,111,2,641.12,5.0,1218.13,1113.58
3853,UB-001706,29,1,712.36,0.0,712.36,536.32
3854,UB-001706,131,1,901.33,15.0,766.13,688.03
3855,UB-001707,13,2,376.71,10.0,678.08,471.82
3856,UB-001707,136,1,1417.68,15.0,1205.03,866.98
3857,UB-001708,65,3,727.65,20.0,1746.36,1576.8
3858,UB-001708,47,1,106.83,5.0,101.49,87.48
3859,UB-001708,18,2,809.5,10.0,1457.1,1297.42
3860,UB-001708,120,1,708.94,20.0,567.15,488.5
3861,UB-001709,31,2,721.28,0.0,1442.56,1163.18
3862,UB-001710,62,3,392.49,5.0,1118.6,781.65
3863,UB-001710,96,4,517.63,0.0,2070.52,1468.88
3864,UB-001710,92,4,806.98,10.0,2905.13,2098.04
3865,UB-001710,26,2,224.25,0.0,448.5,276.98
3866,UB-001710,64,1,330.94,15.0,281.3,214.27
3867,UB-001711,7,2,1032.28,0.0,2064.56,1507.5
3868,UB-001711,128,2,176.44,10.0,317.59,283.82
3869,UB-001711,4,1,778.48,0.0,778.48,608.34
3870,UB-001712,134,2,968.37,0.0,1936.74,1266.4
3871,UB-001712,68,2,216.72,15.0,368.42,322.38
3872,UB-001713,87,2,385.92,20.0,617.47,593.36
3873,UB-001713,79,1,751.33,0.0,751.33,478.88
3874,UB-001713,113,1,857.76,5.0,814.87,695.0
3875,UB-001714,119,2,581.55,0.0,1163.1,955.0
3876,UB-001714,102,2,1214.44,0.0,2428.88,1658.76
3877,UB-001714,61,1,1115.01,20.0,892.01,828.14
3878,UB-001714,107,1,317.48,5.0,301.61,228.45
3879,UB-001715,2,2,507.3,0.0,1014.6,742.44
3880,UB-001715,50,1,430.11,0.0,430.11,327.69
3881,UB-001716,96,1,492.41,0.0,492.41,367.22
3882,UB-001716,112,1,469.38,10.0,422.44,338.04
3883,UB-001716,41,1,946.6,0.0,946.6,743.96
3884,UB-001716,80,1,405.44,0.0,405.44,302.58
3885,UB-001716,89,2,588.03,0.0,1176.06,838.3
3886,UB-001717,32,1,105.51,0.0,105.51,79.85
3887,UB-001718,66,2,976.03,0.0,1952.06,1432.7
3888,UB-001718,93,1,93.84,10.0,84.46,72.83
3889,UB-001719,76,1,813.14,0.0,813.14,616.89
3890,UB-001720,134,5,953.87,0.0,4769.35,3166.0
3891,UB-001720,33,1,438.15,15.0,372.43,296.56
3892,UB-001720,13,1,377.55,10.0,339.8,235.91
3893,UB-001721,132,1,1232.62,0.0,1232.62,810.08
3894,UB-001721,96,3,501.24,0.0,1503.72,1101.66
3895,UB-001721,38,1,1058.92,20.0,847.14,721.69
3896,UB-001722,43,3,165.34,5.0,471.22,350.64
3897,UB-001722,125,2,324.14,10.0,583.45,427.46
3898,UB-001722,15,1,1198.02,0.0,1198.02,855.33
3899,UB-001722,65,3,723.2,0.0,2169.6,1576.8
3900,UB-001722,80,2,400.16,0.0,800.32,605.16
3901,UB-001723,35,3,806.55,0.0,2419.65,1702.89
3902,UB-001723,78,2,794.4,5.0,1509.36,1089.5
3903,UB-001723,141,2,280.49,5.0,532.93,371.34
3904,UB-001724,50,1,443.63,10.0,399.27,327.69
3905,UB-001724,63,4,256.63,5.0,975.19,668.92
3906,UB-001724,95,1,482.92,0.0,482.92,369.8
3907,UB-001724,15,1,1223.19,0.0,1223.19,855.33
3908,UB-001725,27,1,1066.79,15.0,906.77,891.38
3909,UB-001725,99,2,115.97,10.0,208.75,161.88
3910,UB-001726,75,1,881.23,20.0,704.98,587.78
3911,UB-001726,32,1,104.71,5.0,99.47,79.85
3912,UB-001726,130,1,914.87,15.0,777.64,653.53
3913,UB-001727,109,1,159.67,0.0,159.67,98.8
3914,UB-001728,25,1,666.6,10.0,599.94,496.28
3915,UB-001729,21,2,774.48,0.0,1548.96,1164.12
3916,UB-001730,123,1,458.35,5.0,435.43,328.9
3917,UB-001730,103,1,903.4,15.0,767.89,681.52
3918,UB-001730,31,1,735.3,20.0,588.24,581.59
3919,UB-001730,87,2,376.99,0.0,753.98,593.36
3920,UB-001730,58,2,584.1,0.0,1168.2,713.12
3921,UB-001731,55,1,927.8,0.0,927.8,606.14
3922,UB-001731,48,1,350.49,0.0,350.49,254.63
3923,UB-001732,118,1,638.57,15.0,542.78,421.79
3924,UB-001732,1,1,310.28,20.0,248.22,210.31
3925,UB-001732,125,1,335.6,0.0,335.6,213.73
3926,UB-001733,37,2,1059.18,20.0,1694.69,1662.9
3927,UB-001733,90,5,673.7,0.0,3368.5,2536.3
3928,UB-001734,113,1,875.32,0.0,875.32,695.0
3929,UB-001734,85,4,326.09,0.0,1304.36,930.72
3930,UB-001735,60,3,192.46,10.0,519.64,434.46
3931,UB-001735,125,1,339.7,0.0,339.7,213.73
3932,UB-001736,89,1,579.63,5.0,550.65,419.15
3933,UB-001736,113,1,847.02,0.0,847.02,695.0
3934,UB-001737,128,2,171.73,0.0,343.46,283.82
3935,UB-001737,80,3,402.53,0.0,1207.59,907.74
3936,UB-001738,79,1,754.02,0.0,754.02,478.88
3937,UB-001739,34,3,167.76,0.0,503.28,414.09
3938,UB-001740,94,1,759.59,0.0,759.59,538.36
3939,UB-001740,73,1,992.22,0.0,992.22,662.98
3940,UB-001741,93,2,90.82,20.0,145.31,145.66
3941,UB-001741,40,3,376.33,20.0,903.19,767.82
3942,UB-001742,62,3,383.93,0.0,1151.79,781.65
3943,UB-001742,90,1,699.43,10.0,629.49,507.26
3944,UB-001742,61,1,1115.67,0.0,1115.67,828.14
3945,UB-001742,56,2,502.29,0.0,1004.58,697.56
3946,UB-001743,15,1,1209.09,10.0,1088.18,855.33
3947,UB-001743,109,1,156.45,10.0,140.81,98.8
3948,UB-001743,8,3,368.51,10.0,994.98,880.32
3949,UB-001744,48,4,368.3,15.0,1252.22,1018.52
3950,UB-001745,49,1,982.84,0.0,982.84,614.04
3951,UB-001745,6,1,946.06,0.0,946.06,692.29
3952,UB-001746,124,2,531.76,10.0,957.17,891.12
3953,UB-001746,116,1,749.08,0.0,749.08,498.56
3954,UB-001747,2,2,499.03,0.0,998.06,742.44
3955,UB-001748,29,1,725.26,10.0,652.73,536.32
3956,UB-001749,72,1,981.17,0.0,981.17,741.6
3957,UB-001749,35,2,774.84,0.0,1549.68,1135.26
3958,UB-001750,51,1,236.16,15.0,200.74,158.99
3959,UB-001750,103,1,937.36,10.0,843.62,681.52
3960,UB-001750,87,1,384.43,0.0,384.43,296.68
3961,UB-001751,33,1,444.46,15.0,377.79,296.56
3962,UB-001751,12,3,548.63,10.0,1481.3,1276.98
3963,UB-001752,89,2,574.77,5.0,1092.06,838.3
3964,UB-001753,83,1,841.23,0.0,841.23,707.0
3965,UB-001753,17,1,836.23,20.0,668.98,644.64
3966,UB-001754,24,2,94.05,10.0,169.29,123.02
3967,UB-001755,118,1,646.37,0.0,646.37,421.79
3968,UB-001756,54,1,1020.28,5.0,969.27,807.18
3969,UB-001756,144,2,418.62,5.0,795.38,601.24
3970,UB-001756,142,1,481.95,0.0,481.95,406.29
3971,UB-001756,35,1,771.04,15.0,655.38,567.63
3972,UB-001756,138,4,896.07,5.0,3405.07,2418.4
3973,UB-001757,41,3,902.97,0.0,2708.91,2231.88
3974,UB-001757,101,2,1085.78,15.0,1845.83,1786.54
3975,UB-001757,116,4,746.31,15.0,2537.45,1994.24
3976,UB-001757,15,1,1251.33,0.0,1251.33,855.33
3977,UB-001758,1,4,307.03,0.0,1228.12,841.24
3978,UB-001759,66,1,932.43,0.0,932.43,716.35
3979,UB-001759,30,2,1342.71,0.0,2685.42,1730.22
3980,UB-001759,103,1,885.72,0.0,885.72,681.52
3981,UB-001760,16,2,1093.92,0.0,2187.84,1632.76
3982,UB-001761,45,2,799.01,5.0,1518.12,1221.74
3983,UB-001762,28,1,868.3,0.0,868.3,673.25
3984,UB-001763,70,2,1402.74,0.0,2805.48,1729.18
3985,UB-001763,112,2,463.59,0.0,927.18,676.08
3986,UB-001764,134,3,929.74,10.0,2510.3,1899.6
3987,UB-001764,90,2,674.07,0.0,1348.14,1014.52
3988,UB-001764,21,1,759.48,5.0,721.51,582.06
3989,UB-001764,95,2,472.01,0.0,944.02,739.6
3990,UB-001765,131,2,926.47,0.0,1852.94,1376.06
3991,UB-001766,54,1,1003.74,15.0,853.18,807.18
3992,UB-001766,39,2,889.65,0.0,1779.3,1228.14
3993,UB-001767,65,1,712.49,15.0,605.62,525.6
3994,UB-001767,41,3,944.2,0.0,2832.6,2231.88
3995,UB-001767,136,1,1346.61,0.0,1346.61,866.98
3996,UB-001767,143,2,825.41,0.0,1650.82,1229.42
3997,UB-001768,15,3,1257.41,20.0,3017.78,2565.99
3998,UB-001768,1,2,304.49,15.0,517.63,420.62
3999,UB-001768,5,2,1406.16,0.0,2812.32,1744.5
4000,UB-001768,3,1,1112.43,0.0,1112.43,724.04
4001,UB-001769,12,1,566.58,0.0,566.58,425.66
4002,UB-001770,94,3,745.85,0.0,2237.55,1615.08
4003,UB-001770,11,2,459.42,10.0,826.96,733.5
4004,UB-001771,109,1,160.86,0.0,160.86,98.8
4005,UB-001772,76,2,807.07,15.0,1372.02,1233.78
4006,UB-001772,83,2,866.7,10.0,1560.06,1414.0
4007,UB-001773,71,1,193.27,0.0,193.27,122.07
4008,UB-001773,52,1,644.7,15.0,548.0,457.32
4009,UB-001774,3,1,1162.36,0.0,1162.36,724.04
4010,UB-001774,38,3,1077.37,15.0,2747.29,2165.07
4011,UB-001775,122,1,656.22,0.0,656.22,508.02
4012,UB-001775,25,1,643.26,0.0,643.26,496.28
4013,UB-001775,1,1,301.98,0.0,301.98,210.31
4014,UB-001776,54,2,1014.49,0.0,2028.98,1614.36
4015,UB-001777,113,1,865.04,20.0,692.03,695.0
4016,UB-001778,11,3,453.79,0.0,1361.37,1100.25
4017,UB-001778,59,2,302.86,10.0,545.15,483.76
4018,UB-001779,127,3,293.52,10.0,792.5,666.78
4019,UB-001779,14,3,741.98,5.0,2114.64,1708.92
4020,UB-001779,19,2,674.91,5.0,1282.33,948.42
4021,UB-001779,33,2,428.55,0.0,857.1,593.12
4022,UB-001779,13,1,377.76,0.0,377.76,235.91
4023,UB-001780,107,2,321.18,15.0,546.01,456.9
4024,UB-001780,18,1,843.96,10.0,759.56,648.71
4025,UB-001781,47,1,105.18,20.0,84.14,87.48
4026,UB-001782,20,1,959.85,0.0,959.85,674.24
4027,UB-001782,93,1,91.03,5.0,86.48,72.83
4028,UB-001783,34,2,165.56,10.0,298.01,276.06
4029,UB-001784,96,4,497.92,0.0,1991.68,1468.88
4030,UB-001784,112,2,464.26,0.0,928.52,676.08
4031,UB-001785,139,2,705.83,5.0,1341.08,1008.32
4032,UB-001786,73,1,996.78,20.0,797.42,662.98
4033,UB-001786,6,4,972.47,0.0,3889.88,2769.16
4034,UB-001786,19,1,687.5,5.0,653.12,474.21
4035,UB-001787,51,3,240.69,0.0,722.07,476.97
4036,UB-001787,9,1,683.41,0.0,683.41,501.69
4037,UB-001788,45,1,829.36,0.0,829.36,610.87
4038,UB-001788,76,2,827.43,20.0,1323.89,1233.78
4039,UB-001788,47,1,104.34,5.0,99.12,87.48
4040,UB-001789,42,1,604.2,20.0,483.36,398.38
4041,UB-001790,110,1,946.45,5.0,899.13,679.34
4042,UB-001790,120,1,715.48,0.0,715.48,488.5
4043,UB-001790,59,1,305.98,0.0,305.98,241.88
4044,UB-001790,134,2,922.83,10.0,1661.09,1266.4
4045,UB-001791,136,1,1352.0,0.0,1352.0,866.98
4046,UB-001791,95,1,487.95,5.0,463.55,369.8
4047,UB-001791,133,2,507.87,5.0,964.95,640.74
4048,UB-001792,19,1,687.85,10.0,619.07,474.21
4049,UB-001792,110,2,953.62,15.0,1621.15,1358.68
4050,UB-001793,24,1,95.39,5.0,90.62,61.51
4051,UB-001793,66,3,953.18,15.0,2430.61,2149.05
4052,UB-001793,100,1,205.77,0.0,205.77,158.88
4053,UB-001794,44,2,786.25,5.0,1493.88,1175.62
4054,UB-001795,77,2,282.43,0.0,564.86,391.26
4055,UB-001795,61,1,1125.66,0.0,1125.66,828.14
4056,UB-001796,17,2,865.48,0.0,1730.96,1289.28
4057,UB-001796,118,1,619.59,15.0,526.65,421.79
4058,UB-001796,141,1,284.15,0.0,284.15,185.67
4059,UB-001797,87,1,380.59,0.0,380.59,296.68
4060,UB-001798,128,2,168.75,5.0,320.62,283.82
4061,UB-001799,113,2,897.37,5.0,1705.0,1390.0
4062,UB-001799,122,1,650.71,0.0,650.71,508.02
4063,UB-001800,105,2,1261.36,20.0,2018.18,1777.9
4064,UB-001800,80,3,407.85,0.0,1223.55,907.74
4065,UB-001801,7,5,1039.73,10.0,4678.78,3768.75
4066,UB-001802,101,1,1147.31,0.0,1147.31,893.27
4067,UB-001802,72,1,976.66,5.0,927.83,741.6
4068,UB-001802,90,1,706.04,0.0,706.04,507.26
4069,UB-001802,88,1,710.83,15.0,604.21,553.89
4070,UB-001803,125,2,335.0,0.0,670.0,427.46
4071,UB-001803,46,4,212.72,20.0,680.7,671.24
4072,UB-001804,120,1,724.56,5.0,688.33,488.5
4073,UB-001805,30,3,1319.57,0.0,3958.71,2595.33
4074,UB-001806,52,3,654.13,15.0,1668.03,1371.96
4075,UB-001807,72,1,962.21,0.0,962.21,741.6
4076,UB-001807,78,2,773.74,0.0,1547.48,1089.5
4077,UB-001807,51,1,228.77,20.0,183.02,158.99
4078,UB-001807,13,1,359.46,0.0,359.46,235.91
4079,UB-001807,100,1,198.69,10.0,178.82,158.88
4080,UB-001808,18,1,816.96,5.0,776.11,648.71
4081,UB-001808,14,1,742.76,0.0,742.76,569.64
4082,UB-001808,32,2,106.27,0.0,212.54,159.7
4083,UB-001809,48,2,365.06,0.0,730.12,509.26
4084,UB-001809,95,5,483.49,0.0,2417.45,1849.0
4085,UB-001809,60,1,187.17,0.0,187.17,144.82
4086,UB-001810,43,1,164.48,15.0,139.81,116.88
4087,UB-001810,39,1,850.44,20.0,680.35,614.07
4088,UB-001810,33,3,446.0,10.0,1204.2,889.68
4089,UB-001811,43,3,173.83,0.0,521.49,350.64
4090,UB-001811,100,1,208.11,5.0,197.7,158.88
4091,UB-001812,30,1,1372.11,10.0,1234.9,865.11
4092,UB-001812,101,2,1138.35,15.0,1935.19,1786.54
4093,UB-001812,135,1,598.67,0.0,598.67,397.42
4094,UB-001812,35,2,814.74,5.0,1548.01,1135.26
4095,UB-001813,14,2,740.67,5.0,1407.27,1139.28
4096,UB-001814,105,3,1267.55,5.0,3612.52,2666.85
4097,UB-001814,40,2,379.16,0.0,758.32,511.88
4098,UB-001814,55,2,892.47,0.0,1784.94,1212.28
4099,UB-001814,104,2,1234.08,0.0,2468.16,1759.84
4100,UB-001815,29,2,718.84,10.0,1293.91,1072.64
4101,UB-001815,103,1,923.35,10.0,831.01,681.52
4102,UB-001816,84,1,1252.09,20.0,1001.67,812.12
4103,UB-001816,9,1,698.96,10.0,629.06,501.69
4104,UB-001816,8,3,381.39,10.0,1029.75,880.32
4105,UB-001816,13,2,368.5,0.0,737.0,471.82
4106,UB-001817,6,1,963.71,0.0,963.71,692.29
4107,UB-001817,73,1,991.81,0.0,991.81,662.98
4108,UB-001817,97,1,1150.54,0.0,1150.54,712.55
4109,UB-001817,83,1,878.55,0.0,878.55,707.0
4110,UB-001817,111,3,671.65,15.0,1712.71,1670.37
4111,UB-001818,45,2,821.51,10.0,1478.72,1221.74
4112,UB-001819,28,1,865.6,5.0,822.32,673.25
4113,UB-001820,38,2,1082.86,10.0,1949.15,1443.38
4114,UB-001820,66,1,974.33,20.0,779.46,716.35
4115,UB-001821,88,4,679.77,15.0,2311.22,2215.56
4116,UB-001821,49,4,959.83,15.0,3263.42,2456.16
4117,UB-001822,83,1,875.66,0.0,875.66,707.0
4118,UB-001823,32,2,105.79,5.0,201.0,159.7
4119,UB-001823,90,1,684.56,0.0,684.56,507.26
4120,UB-001823,135,2,602.1,0.0,1204.2,794.84
4121,UB-001824,118,1,635.9,0.0,635.9,421.79
4122,UB-001825,23,3,913.93,5.0,2604.7,1882.62
4123,UB-001825,69,2,311.69,0.0,623.38,469.2
4124,UB-001825,58,1,583.26,10.0,524.93,356.56
4125,UB-001826,78,2,809.19,10.0,1456.54,1089.5
4126,UB-001826,29,2,737.42,0.0,1474.84,1072.64
4127,UB-001826,134,1,932.76,0.0,932.76,633.2
4128,UB-001826,59,3,292.25,10.0,789.08,725.64
4129,UB-001827,94,3,749.31,0.0,2247.93,1615.08
4130,UB-001827,5,1,1352.5,15.0,1149.62,872.25
4131,UB-001827,115,1,1205.4,0.0,1205.4,798.92
4132,UB-001827,1,1,309.75,10.0,278.78,210.31
4133,UB-001827,98,2,594.23,5.0,1129.04,934.66
4134,UB-001828,137,1,1281.91,0.0,1281.91,816.22
4135,UB-001829,119,2,600.68,0.0,1201.36,955.0
4136,UB-001830,121,4,927.41,0.0,3709.64,2734.76
4137,UB-001830,18,1,808.53,0.0,808.53,648.71
4138,UB-001830,83,1,883.18,0.0,883.18,707.0
4139,UB-001830,131,1,929.69,0.0,929.69,688.03
4140,UB-001831,119,2,571.39,15.0,971.36,955.0
4141,UB-001831,115,1,1178.22,0.0,1178.22,798.92
4142,UB-001831,28,1,913.16,0.0,913.16,673.25
4143,UB-001832,21,1,775.91,0.0,775.91,582.06
4144,UB-001833,138,1,891.92,5.0,847.32,604.6
4145,UB-001833,134,2,933.56,10.0,1680.41,1266.4
4146,UB-001833,125,2,324.29,0.0,648.58,427.46
4147,UB-001834,78,3,792.74,15.0,2021.49,1634.25
4148,UB-001835,36,3,820.51,0.0,2461.53,1601.34
4149,UB-001835,67,2,152.8,5.0,290.32,192.4
4150,UB-001835,22,1,656.31,0.0,656.31,475.66
4151,UB-001836,100,1,197.88,0.0,197.88,158.88
4152,UB-001837,89,2,574.87,20.0,919.79,838.3
4153,UB-001837,9,1,669.49,0.0,669.49,501.69
4154,UB-001838,42,2,602.52,20.0,964.03,796.76
4155,UB-001838,80,1,393.87,0.0,393.87,302.58
4156,UB-001839,14,2,769.01,0.0,1538.02,1139.28
4157,UB-001839,124,1,527.76,0.0,527.76,445.56
4158,UB-001839,66,1,976.25,5.0,927.44,716.35
4159,UB-001839,95,1,489.18,0.0,489.18,369.8
4160,UB-001840,97,1,1168.28,5.0,1109.87,712.55
4161,UB-001840,53,1,1315.68,15.0,1118.33,865.12
4162,UB-001840,132,1,1256.39,0.0,1256.39,810.08
4163,UB-001840,101,2,1137.33,0.0,2274.66,1786.54
4164,UB-001841,6,1,974.64,0.0,974.64,692.29
4165,UB-001842,125,1,321.61,0.0,321.61,213.73
4166,UB-001843,2,2,503.5,10.0,906.3,742.44
4167,UB-001844,113,2,886.26,15.0,1506.64,1390.0
4168,UB-001845,101,3,1096.91,0.0,3290.73,2679.81
4169,UB-001845,45,2,835.37,15.0,1420.13,1221.74
4170,UB-001846,142,1,472.14,0.0,472.14,406.29
4171,UB-001846,97,1,1121.23,10.0,1009.11,712.55
4172,UB-001847,39,2,857.42,5.0,1629.1,1228.14
4173,UB-001847,103,1,904.65,0.0,904.65,681.52
4174,UB-001848,94,1,740.4,0.0,740.4,538.36
4175,UB-001849,64,1,316.93,0.0,316.93,214.27
4176,UB-001849,17,1,847.05,10.0,762.35,644.64
4177,UB-001849,101,1,1139.8,20.0,911.84,893.27
4178,UB-001850,97,3,1155.1,10.0,3118.77,2137.65
4179,UB-001851,81,2,1049.34,0.0,2098.68,1420.96
4180,UB-001852,120,2,733.67,0.0,1467.34,977.0
4181,UB-001852,24,2,94.68,10.0,170.42,123.02
4182,UB-001853,58,2,577.71,0.0,1155.42,713.12
4183,UB-001854,49,3,989.24,10.0,2670.95,1842.12
4184,UB-001855,22,1,672.63,0.0,672.63,475.66
4185,UB-001855,120,2,731.14,0.0,1462.28,977.0
4186,UB-001856,64,1,315.86,0.0,315.86,214.27
4187,UB-001856,50,1,426.99,15.0,362.94,327.69
4188,UB-001856,10,1,100.09,0.0,100.09,70.79
4189,UB-001857,119,2,578.24,0.0,1156.48,955.0
4190,UB-001858,33,1,428.99,0.0,428.99,296.56
4191,UB-001859,109,1,159.15,0.0,159.15,98.8
4192,UB-001859,120,1,740.07,10.0,666.06,488.5
4193,UB-001860,30,2,1382.29,0.0,2764.58,1730.22
4194,UB-001860,100,1,206.97,0.0,206.97,158.88
4195,UB-001860,15,5,1197.95,0.0,5989.75,4276.65
4196,UB-001861,37,3,1078.57,0.0,3235.71,2494.35
4197,UB-001862,132,2,1224.32,15.0,2081.34,1620.16
4198,UB-001863,96,1,518.49,0.0,518.49,367.22
4199,UB-001863,127,2,295.9,0.0,591.8,444.52
4200,UB-001863,21,1,805.29,0.0,805.29,582.06
4201,UB-001864,137,2,1309.54,0.0,2619.08,1632.44
4202,UB-001864,128,1,176.1,5.0,167.29,141.91
4203,UB-001865,104,2,1224.88,0.0,2449.76,1759.84
4204,UB-001866,47,1,108.05,15.0,91.84,87.48
4205,UB-001867,11,1,474.41,0.0,474.41,366.75
4206,UB-001867,79,3,741.94,0.0,2225.82,1436.64
4207,UB-001868,142,1,470.51,0.0,470.51,406.29
4208,UB-001868,40,3,370.13,10.0,999.35,767.82
4209,UB-001868,53,3,1255.26,0.0,3765.78,2595.36
4210,UB-001869,5,1,1367.46,0.0,1367.46,872.25
4211,UB-001869,65,2,738.13,10.0,1328.63,1051.2
4212,UB-001870,62,1,379.35,10.0,341.42,260.55
4213,UB-001871,62,5,378.68,0.0,1893.4,1302.75
4214,UB-001872,23,1,906.62,0.0,906.62,627.54
4215,UB-001872,105,1,1248.59,0.0,1248.59,888.95
4216,UB-001872,96,2,489.88,15.0,832.8,734.44
4217,UB-001873,143,1,818.96,5.0,778.01,614.71
4218,UB-001873,70,3,1413.97,0.0,4241.91,2593.77
4219,UB-001873,40,1,372.89,0.0,372.89,255.94
4220,UB-001873,104,2,1253.42,15.0,2130.81,1759.84
4221,UB-001874,23,3,903.68,5.0,2575.49,1882.62
4222,UB-001874,121,2,909.29,0.0,1818.58,1367.38
4223,UB-001875,133,1,511.02,10.0,459.92,320.37
4224,UB-001875,48,5,367.6,5.0,1746.1,1273.15
4225,UB-001875,7,1,1016.06,10.0,914.45,753.75
4226,UB-001876,22,2,658.67,0.0,1317.34,951.32
4227,UB-001877,139,1,713.77,20.0,571.02,504.16
4228,UB-001878,86,2,488.86,0.0,977.72,819.36
4229,UB-001878,5,1,1409.08,0.0,1409.08,872.25
4230,UB-001879,82,2,1034.47,0.0,2068.94,1370.66
4231,UB-001879,96,1,510.61,0.0,510.61,367.22
4232,UB-001880,11,1,457.22,10.0,411.5,366.75
4233,UB-001880,79,1,775.82,10.0,698.24,478.88
4234,UB-001880,114,2,1002.36,0.0,2004.72,1291.74
4235,UB-001881,59,3,304.44,10.0,821.99,725.64
4236,UB-001882,65,1,741.84,0.0,741.84,525.6
4237,UB-001883,28,99,894.38,10.0,3219.77,2693.0
4238,UB-001883,100,1,205.14,0.0,205.14,158.88
4239,UB-001884,144,1,427.89,10.0,385.1,300.62
4240,UB-001885,114,2,992.95,0.0,1985.9,1291.74
4241,UB-001886,34,1,159.43,5.0,151.46,138.03
4242,UB-001887,130,2,934.03,5.0,1774.66,1307.06
4243,UB-001887,70,1,1407.74,20.0,1126.19,864.59
4244,UB-001887,106,1,1050.7,15.0,893.1,719.76
4245,UB-001887,29,2,730.68,0.0,1461.36,1072.64
4246,UB-001888,143,2,826.53,15.0,1405.1,1229.42
4247,UB-001888,94,3,732.9,0.0,2198.7,1615.08
4248,UB-001889,74,1,1179.3,5.0,1120.33,882.89
4249,UB-001889,98,1,567.11,15.0,482.04,467.33
4250,UB-001890,101,3,1142.19,0.0,3426.57,2679.81
4251,UB-001890,85,4,334.67,0.0,1338.68,930.72
4252,UB-001891,126,1,1274.36,0.0,1274.36,803.5
4253,UB-001891,139,1,716.28,0.0,716.28,504.16
4254,UB-001892,66,2,969.38,5.0,1841.82,1432.7
4255,UB-001893,101,4,1150.78,5.0,4372.96,3573.08
4256,UB-001894,63,1,261.22,20.0,208.98,167.23
4257,UB-001894,122,2,637.54,0.0,1275.08,1016.04
4258,UB-001894,98,1,589.62,0.0,589.62,467.33
4259,UB-001895,120,1,707.06,0.0,707.06,488.5
4260,UB-001895,2,2,488.92,0.0,977.84,742.44
4261,UB-001895,112,2,464.13,20.0,742.61,676.08
4262,UB-001895,133,1,505.83,10.0,455.25,320.37
4263,UB-001896,10,1,100.24,0.0,100.24,70.79
4264,UB-001896,59,1,298.83,0.0,298.83,241.88
4265,UB-001897,132,2,1270.1,0.0,2540.2,1620.16
4266,UB-001897,48,1,351.57,15.0,298.83,254.63
4267,UB-001898,101,2,1127.42,0.0,2254.84,1786.54
4268,UB-001899,29,3,725.64,0.0,2176.92,1608.96
4269,UB-001900,83,2,847.13,0.0,1694.26,1414.0
4270,UB-001901,31,1,744.88,10.0,670.39,581.59
4271,UB-001901,25,1,671.74,0.0,671.74,496.28
4272,UB-001901,94,1,747.59,0.0,747.59,538.36
4273,UB-001902,39,3,862.24,0.0,2586.72,1842.21
4274,UB-001903,72,2,992.26,10.0,1786.07,1483.2
4275,UB-001903,144,1,433.16,0.0,433.16,300.62
4276,UB-001904,48,2,366.31,5.0,695.99,509.26
4277,UB-001904,116,1,750.14,0.0,750.14,498.56
4278,UB-001904,1,5,311.38,0.0,1556.9,1051.55
4279,UB-001904,127,1,292.57,0.0,292.57,222.26
4280,UB-001905,42,2,619.9,5.0,1177.81,796.76
4281,UB-001905,60,3,193.05,10.0,521.24,434.46
4282,UB-001906,109,1,156.78,0.0,156.78,98.8
4283,UB-001906,99,1,116.21,0.0,116.21,80.94
4284,UB-001907,80,1,409.47,0.0,409.47,302.58
4285,UB-001907,138,1,927.62,0.0,927.62,604.6
4286,UB-001907,125,2,331.71,10.0,597.08,427.46
4287,UB-001908,136,3,1381.2,0.0,4143.6,2600.94
4288,UB-001909,115,1,1204.91,0.0,1204.91,798.92
4289,UB-001909,136,4,1352.91,15.0,4599.89,3467.92
4290,UB-001909,6,1,984.21,20.0,787.37,692.29
4291,UB-001910,137,1,1261.22,0.0,1261.22,816.22
4292,UB-001910,101,1,1133.23,0.0,1133.23,893.27
4293,UB-001911,113,1,860.29,0.0,860.29,695.0
4294,UB-001912,48,2,347.57,0.0,695.14,509.26
4295,UB-001912,119,2,601.84,15.0,1023.13,955.0
4296,UB-001912,129,2,1198.81,10.0,2157.86,1533.7
4297,UB-001912,114,3,1013.42,0.0,3040.26,1937.61
4298,UB-001913,26,2,219.25,20.0,350.8,276.98
4299,UB-001914,107,1,328.86,0.0,328.86,228.45
4300,UB-001914,96,1,518.32,0.0,518.32,367.22
4301,UB-001914,85,1,338.14,5.0,321.23,232.68
4302,UB-001915,76,1,793.37,0.0,793.37,616.89
4303,UB-001915,46,2,212.43,0.0,424.86,335.62
4304,UB-001915,143,2,802.82,10.0,1445.08,1229.42
4305,UB-001915,98,2,590.93,0.0,1181.86,934.66
4306,UB-001916,20,1,936.92,0.0,936.92,674.24
4307,UB-001917,50,1,433.11,0.0,433.11,327.69
4308,UB-001917,24,2,95.97,0.0,191.94,123.02
4309,UB-001917,56,2,519.16,15.0,882.57,697.56
4310,UB-001917,41,2,947.75,0.0,1895.5,1487.92
4311,UB-001918,32,2,102.82,0.0,205.64,159.7
4312,UB-001918,12,2,550.7,15.0,936.19,851.32
4313,UB-001919,36,3,841.98,0.0,2525.94,1601.34
4314,UB-001919,93,4,93.31,0.0,373.24,291.32
4315,UB-001919,71,1,184.91,0.0,184.91,122.07
4316,UB-001920,66,1,961.04,0.0,961.04,716.35
4317,UB-001921,103,2,933.8,0.0,1867.6,1363.04
4318,UB-001922,32,4,102.06,5.0,387.83,319.4
4319,UB-001923,41,1,933.45,10.0,840.11,743.96
4320,UB-001923,7,2,1066.11,0.0,2132.22,1507.5
4321,UB-001923,67,1,153.34,0.0,153.34,96.2
4322,UB-001924,64,1,329.55,0.0,329.55,214.27
4323,UB-001925,92,1,837.17,0.0,837.17,524.51
4324,UB-001925,86,1,497.99,10.0,448.19,409.68
4325,UB-001925,52,2,662.61,0.0,1325.22,914.64
4326,UB-001925,29,1,747.47,0.0,747.47,536.32
4327,UB-001925,76,1,804.09,5.0,763.89,616.89
4328,UB-001926,25,1,642.49,0.0,642.49,496.28
4329,UB-001927,125,2,335.66,0.0,671.32,427.46
4330,UB-001927,1,1,298.28,0.0,298.28,210.31
4331,UB-001927,19,1,674.5,0.0,674.5,474.21
4332,UB-001928,140,2,304.11,0.0,608.22,390.12
4333,UB-001928,136,3,1343.63,0.0,4030.89,2600.94
4334,UB-001929,115,3,1190.1,0.0,3570.3,2396.76
4335,UB-001929,1,2,302.45,0.0,604.9,420.62
4336,UB-001930,21,2,799.45,10.0,1439.01,1164.12
4337,UB-001931,63,1,261.09,10.0,234.98,167.23
4338,UB-001931,143,1,784.87,5.0,745.63,614.71
4339,UB-001931,46,1,224.65,5.0,213.42,167.81
4340,UB-001932,40,2,369.36,0.0,738.72,511.88
4341,UB-001933,60,3,191.18,0.0,573.54,434.46
4342,UB-001933,59,4,291.08,15.0,989.67,967.52
4343,UB-001933,138,3,927.54,0.0,2782.62,1813.8
4344,UB-001933,73,1,1014.95,10.0,913.46,662.98
4345,UB-001934,23,2,907.47,0.0,1814.94,1255.08
4346,UB-001935,134,3,973.18,5.0,2773.56,1899.6
4347,UB-001935,118,2,623.66,15.0,1060.22,843.58
4348,UB-001935,90,1,691.51,0.0,691.51,507.26
4349,UB-001936,98,1,592.78,10.0,533.5,467.33
4350,UB-001936,109,3,158.33,10.0,427.49,296.4
4351,UB-001936,51,4,233.08,20.0,745.86,635.96
4352,UB-001937,18,1,843.26,0.0,843.26,648.71
4353,UB-001938,116,1,779.81,15.0,662.84,498.56
4354,UB-001938,19,1,681.63,5.0,647.55,474.21
4355,UB-001938,80,3,396.36,0.0,1189.08,907.74
4356,UB-001938,144,2,432.42,0.0,864.84,601.24
4357,UB-001939,32,2,106.52,15.0,181.08,159.7
4358,UB-001939,9,1,681.65,15.0,579.4,501.69
4359,UB-001940,64,1,316.91,10.0,285.22,214.27
4360,UB-001940,106,2,1040.69,15.0,1769.17,1439.52
4361,UB-001940,124,1,538.83,0.0,538.83,445.56
4362,UB-001941,91,1,454.09,10.0,408.68,321.07
4363,UB-001941,74,1,1181.84,10.0,1063.66,882.89
4364,UB-001941,94,2,746.86,5.0,1419.03,1076.72
4365,UB-001942,74,1,1153.48,5.0,1095.81,882.89
4366,UB-001942,12,2,558.01,20.0,892.82,851.32
4367,UB-001942,113,2,876.01,0.0,1752.02,1390.0
4368,UB-001943,114,4,1026.32,5.0,3900.02,2583.48
4369,UB-001943,108,2,1128.86,0.0,2257.72,1591.1
4370,UB-001943,43,1,165.6,0.0,165.6,116.88
4371,UB-001943,137,1,1295.89,20.0,1036.71,816.22
4372,UB-001944,64,1,315.24,0.0,315.24,214.27
4373,UB-001945,24,1,96.35,5.0,91.53,61.51
4374,UB-001945,55,1,883.64,15.0,751.09,606.14
4375,UB-001946,20,2,932.14,0.0,1864.28,1348.48
4376,UB-001947,40,1,373.43,15.0,317.42,255.94
4377,UB-001948,131,1,909.76,15.0,773.3,688.03
4378,UB-001948,10,2,99.07,5.0,188.23,141.58
4379,UB-001949,123,3,479.17,5.0,1365.63,986.7
4380,UB-001950,110,1,910.48,15.0,773.91,679.34
4381,UB-001950,12,1,562.81,5.0,534.67,425.66
4382,UB-001951,129,2,1208.44,0.0,2416.88,1533.7
4383,UB-001951,11,1,453.26,0.0,453.26,366.75
4384,UB-001951,81,1,1055.3,0.0,1055.3,710.48
4385,UB-001952,135,1,607.97,0.0,607.97,397.42
4386,UB-001952,142,4,489.5,20.0,1566.4,1625.16
4387,UB-001952,29,1,750.89,0.0,750.89,536.32
4388,UB-001952,138,2,904.38,0.0,1808.76,1209.2
4389,UB-001953,96,2,491.06,0.0,982.12,734.44
4390,UB-001953,22,2,671.96,0.0,1343.92,951.32
4391,UB-001953,92,2,844.19,0.0,1688.38,1049.02
4392,UB-001954,119,1,594.49,15.0,505.32,477.5
4393,UB-001955,54,1,1047.72,0.0,1047.72,807.18
4394,UB-001956,19,2,680.11,5.0,1292.21,948.42
4395,UB-001957,38,4,1032.34,0.0,4129.36,2886.76
4396,UB-001958,105,2,1273.81,0.0,2547.62,1777.9
4397,UB-001958,62,1,373.66,5.0,354.98,260.55
4398,UB-001959,142,1,479.51,0.0,479.51,406.29
4399,UB-001960,91,2,447.72,10.0,805.9,642.14
4400,UB-001960,33,2,440.19,20.0,704.3,593.12
4401,UB-001961,90,1,691.6,0.0,691.6,507.26
4402,UB-001961,119,3,576.64,0.0,1729.92,1432.5
4403,UB-001961,130,3,915.36,0.0,2746.08,1960.59
4404,UB-001961,106,2,1048.23,10.0,1886.81,1439.52
4405,UB-001962,66,1,977.99,0.0,977.99,716.35
4406,UB-001962,65,1,726.39,0.0,726.39,525.6
4407,UB-001962,45,3,803.83,10.0,2170.34,1832.61
4408,UB-001963,22,1,676.83,10.0,609.15,475.66
4409,UB-001963,53,3,1284.24,0.0,3852.72,2595.36
4410,UB-001963,95,1,482.87,0.0,482.87,369.8
4411,UB-001964,90,1,688.91,0.0,688.91,507.26
4412,UB-001964,24,1,92.24,0.0,92.24,61.51
4413,UB-001964,58,2,581.13,5.0,1104.15,713.12
4414,UB-001965,59,3,300.95,0.0,902.85,725.64
4415,UB-001965,92,1,804.16,20.0,643.33,524.51
4416,UB-001965,107,1,313.17,0.0,313.17,228.45
4417,UB-001965,48,2,354.19,0.0,708.38,509.26
4418,UB-001966,5,2,1366.69,0.0,2733.38,1744.5
4419,UB-001966,116,3,741.15,0.0,2223.45,1495.68
4420,UB-001966,93,1,93.82,0.0,93.82,72.83
4421,UB-001966,73,1,1004.59,15.0,853.9,662.98
4422,UB-001967,138,1,922.17,20.0,737.74,604.6
4423,UB-001967,37,1,1077.74,0.0,1077.74,831.45
4424,UB-001968,61,1,1074.05,5.0,1020.35,828.14
4425,UB-001968,15,1,1210.8,0.0,1210.8,855.33
4426,UB-001969,75,1,873.11,15.0,742.14,587.78
4427,UB-001969,34,1,159.68,0.0,159.68,138.03
4428,UB-001970,31,1,738.12,15.0,627.4,581.59
4429,UB-001971,81,1,1024.39,0.0,1024.39,710.48
4430,UB-001971,1,1,304.29,0.0,304.29,210.31
4431,UB-001972,94,2,771.2,0.0,1542.4,1076.72
4432,UB-001972,27,1,1096.17,0.0,1096.17,891.38
4433,UB-001972,69,1,319.33,0.0,319.33,234.6
4434,UB-001973,89,1,569.03,0.0,569.03,419.15
4435,UB-001973,129,1,1185.81,5.0,1126.52,766.85
4436,UB-001973,35,1,799.25,10.0,719.33,567.63
4437,UB-001973,125,1,326.27,10.0,293.64,213.73
4438,UB-001974,122,1,637.82,20.0,510.26,508.02
4439,UB-001975,136,1,1367.16,10.0,1230.44,866.98
4440,UB-001975,130,1,924.45,5.0,878.23,653.53
4441,UB-001976,62,1,372.6,0.0,372.6,260.55
4442,UB-001976,90,1,689.98,5.0,655.48,507.26
4443,UB-001977,33,1,427.61,0.0,427.61,296.56
4444,UB-001977,67,3,155.32,0.0,465.96,288.6
4445,UB-001977,16,1,1082.78,0.0,1082.78,816.38
4446,UB-001978,78,3,795.93,15.0,2029.62,1634.25
4447,UB-001979,101,2,1147.35,0.0,2294.7,1786.54
4448,UB-001979,49,1,939.27,5.0,892.31,614.04
4449,UB-001979,139,3,719.04,0.0,2157.12,1512.48
4450,UB-001980,143,1,818.35,0.0,818.35,614.71
4451,UB-001980,68,1,220.83,0.0,220.83,161.19
4452,UB-001980,62,1,388.17,0.0,388.17,260.55
4453,UB-001980,3,1,1149.23,0.0,1149.23,724.04
4454,UB-001981,91,2,457.42,0.0,914.84,642.14
4455,UB-001981,73,2,999.22,5.0,1898.52,1325.96
4456,UB-001981,30,1,1374.73,10.0,1237.26,865.11
4457,UB-001981,97,1,1109.36,10.0,998.42,712.55
4458,UB-001981,54,3,1026.44,0.0,3079.32,2421.54
4459,UB-001982,81,1,1069.79,0.0,1069.79,710.48
4460,UB-001982,100,1,203.25,0.0,203.25,158.88
4461,UB-001983,139,1,728.26,5.0,691.85,504.16
4462,UB-001983,31,3,728.02,0.0,2184.06,1744.77
4463,UB-001984,79,1,770.74,5.0,732.2,478.88
4464,UB-001984,119,3,574.6,20.0,1379.04,1432.5
4465,UB-001984,109,3,157.71,0.0,473.13,296.4
4466,UB-001985,88,2,712.04,15.0,1210.47,1107.78
4467,UB-001986,84,1,1241.24,10.0,1117.12,812.12
4468,UB-001986,70,2,1377.89,0.0,2755.78,1729.18
4469,UB-001986,107,3,328.0,5.0,934.8,685.35
4470,UB-001986,138,2,916.31,10.0,1649.36,1209.2
4471,UB-001987,118,4,646.73,0.0,2586.92,1687.16
4472,UB-001988,115,3,1219.4,0.0,3658.2,2396.76
4473,UB-001988,42,3,612.4,5.0,1745.34,1195.14
4474,UB-001989,54,3,1019.7,0.0,3059.1,2421.54
4475,UB-001989,142,3,475.17,15.0,1211.68,1218.87
4476,UB-001989,120,3,714.46,10.0,1929.04,1465.5
4477,UB-001990,121,4,907.23,5.0,3447.47,2734.76
4478,UB-001990,117,2,538.75,0.0,1077.5,820.86
4479,UB-001990,97,1,1117.88,0.0,1117.88,712.55
4480,UB-001991,24,1,95.24,5.0,90.48,61.51
4481,UB-001991,77,3,282.45,0.0,847.35,586.89
4482,UB-001992,102,3,1173.15,0.0,3519.45,2488.14
4483,UB-001992,108,1,1143.22,5.0,1086.06,795.55
4484,UB-001993,132,2,1269.34,0.0,2538.68,1620.16
4485,UB-001993,120,2,736.04,0.0,1472.08,977.0
4486,UB-001994,38,1,1065.79,5.0,1012.5,721.69
4487,UB-001994,89,1,592.26,5.0,562.65,419.15
4488,UB-001994,12,3,560.46,10.0,1513.24,1276.98
4489,UB-001994,18,1,823.29,10.0,740.96,648.71
4490,UB-001995,3,3,1113.14,10.0,3005.48,2172.12
4491,UB-001995,1,3,315.71,0.0,947.13,630.93
4492,UB-001996,116,1,758.77,0.0,758.77,498.56
4493,UB-001996,79,3,755.34,0.0,2266.02,1436.64
4494,UB-001996,18,1,844.45,15.0,717.78,648.71
4495,UB-001996,51,1,238.76,0.0,238.76,158.99
4496,UB-001996,82,1,1062.01,0.0,1062.01,685.33
4497,UB-001997,27,3,1095.34,0.0,3286.02,2674.14
4498,UB-001997,71,1,188.41,0.0,188.41,122.07
4499,UB-001997,126,1,1270.25,0.0,1270.25,803.5
4500,UB-001998,121,2,885.78,5.0,1682.98,1367.38
4501,UB-001998,115,2,1238.99,10.0,2230.18,1597.84
4502,UB-001998,96,3,500.75,0.0,1502.25,1101.66
4503,UB-001999,23,2,883.69,0.0,1767.38,1255.08
4504,UB-001999,102,1,1213.9,0.0,1213.9,829.38
4505,UB-002000,10,1,100.19,10.0,90.17,70.79
4506,UB-002001,29,1,714.6,10.0,643.14,536.32
4507,UB-002001,115,1,1196.27,0.0,1196.27,798.92
4508,UB-002001,116,4,774.48,10.0,2788.13,1994.24
4509,UB-002002,90,1,685.57,15.0,582.73,507.26
4510,UB-002002,65,1,713.6,0.0,713.6,525.6
4511,UB-002002,20,1,933.99,10.0,840.59,674.24
4512,UB-002002,48,2,361.55,5.0,686.94,509.26
4513,UB-002003,105,1,1261.2,0.0,1261.2,888.95
4514,UB-002003,125,3,340.74,0.0,1022.22,641.19
4515,UB-002004,73,1,990.05,0.0,990.05,662.98
4516,UB-002005,143,2,786.56,0.0,1573.12,1229.42
4517,UB-002006,93,1,93.03,5.0,88.38,72.83
4518,UB-002006,90,5,712.59,15.0,3028.51,2536.3
4519,UB-002006,121,2,893.69,0.0,1787.38,1367.38
4520,UB-002007,32,1,106.28,0.0,106.28,79.85
4521,UB-002008,10,3,100.13,0.0,300.39,212.37
4522,UB-002008,2,1,508.1,15.0,431.88,371.22
4523,UB-002009,59,1,292.8,0.0,292.8,241.88
4524,UB-002009,28,2,889.34,5.0,1689.75,1346.5
4525,UB-002010,44,1,770.4,5.0,731.88,587.81
4526,UB-002010,21,1,795.09,10.0,715.58,582.06
4527,UB-002011,132,3,1231.97,10.0,3326.32,2430.24
4528,UB-002012,110,1,940.77,5.0,893.73,679.34
4529,UB-002013,84,2,1288.78,5.0,2448.68,1624.24
4530,UB-002013,113,1,895.74,0.0,895.74,695.0
4531,UB-002014,130,1,913.42,5.0,867.75,653.53
4532,UB-002014,61,1,1115.09,0.0,1115.09,828.14
4533,UB-002014,103,2,935.8,0.0,1871.6,1363.04
4534,UB-002014,93,1,93.53,0.0,93.53,72.83
4535,UB-002015,25,1,652.21,15.0,554.38,496.28
4536,UB-002016,64,1,318.24,5.0,302.33,214.27
4537,UB-002016,119,2,595.13,0.0,1190.26,955.0
4538,UB-002016,28,1,903.8,5.0,858.61,673.25
4539,UB-002016,14,1,761.08,5.0,723.03,569.64
4540,UB-002017,114,2,1029.05,5.0,1955.19,1291.74
4541,UB-002018,135,1,597.48,0.0,597.48,397.42
4542,UB-002018,10,3,94.99,0.0,284.97,212.37
4543,UB-002018,59,1,305.48,10.0,274.93,241.88
4544,UB-002019,52,1,660.84,0.0,660.84,457.32
4545,UB-002019,38,1,1063.04,10.0,956.74,721.69
4546,UB-002020,14,2,757.56,0.0,1515.12,1139.28
4547,UB-002020,86,1,493.56,0.0,493.56,409.68
4548,UB-002021,85,2,333.71,0.0,667.42,465.36
4549,UB-002021,72,1,967.74,0.0,967.74,741.6
4550,UB-002022,119,4,573.55,0.0,2294.2,1910.0
4551,UB-002022,16,2,1080.77,0.0,2161.54,1632.76
4552,UB-002022,49,1,956.18,0.0,956.18,614.04
4553,UB-002023,11,3,469.99,5.0,1339.47,1100.25
4554,UB-002023,106,2,1046.94,5.0,1989.19,1439.52
4555,UB-002023,46,1,219.93,0.0,219.93,167.81
4556,UB-002024,9,2,668.35,0.0,1336.7,1003.38
4557,UB-002024,19,1,674.02,10.0,606.62,474.21
4558,UB-002024,6,4,993.12,5.0,3773.86,2769.16
4559,UB-002025,133,5,492.14,15.0,2091.59,1601.85
4560,UB-002025,77,1,286.42,0.0,286.42,195.63
4561,UB-002026,101,3,1097.31,0.0,3291.93,2679.81
4562,UB-002026,127,1,300.93,0.0,300.93,222.26
4563,UB-002027,110,3,947.9,20.0,2274.96,2038.02
4564,UB-002027,43,1,168.09,0.0,168.09,116.88
4565,UB-002027,75,1,897.99,5.0,853.09,587.78
4566,UB-002028,43,1,166.17,20.0,132.94,116.88
4567,UB-002028,56,1,504.23,0.0,504.23,348.78
4568,UB-002028,38,2,1078.43,10.0,1941.17,1443.38
4569,UB-002029,96,1,501.01,0.0,501.01,367.22
4570,UB-002029,6,1,995.8,0.0,995.8,692.29
4571,UB-002029,120,1,721.33,20.0,577.06,488.5
4572,UB-002029,34,2,165.7,0.0,331.4,276.06
4573,UB-002029,19,3,676.83,0.0,2030.49,1422.63
4574,UB-002030,83,2,881.0,5.0,1673.9,1414.0
4575,UB-002030,98,2,563.03,0.0,1126.06,934.66
4576,UB-002031,142,1,487.16,0.0,487.16,406.29
4577,UB-002031,94,1,744.83,0.0,744.83,538.36
4578,UB-002031,80,3,396.77,15.0,1011.76,907.74
4579,UB-002032,80,3,409.47,0.0,1228.41,907.74
4580,UB-002032,61,1,1118.87,0.0,1118.87,828.14
4581,UB-002032,114,4,986.67,20.0,3157.34,2583.48
4582,UB-002033,14,2,745.68,15.0,1267.66,1139.28
4583,UB-002034,19,1,661.89,0.0,661.89,474.21
4584,UB-002034,117,2,547.63,20.0,876.21,820.86
4585,UB-002035,76,1,799.71,0.0,799.71,616.89
4586,UB-002035,144,4,417.59,20.0,1336.29,1202.48
4587,UB-002035,6,4,951.45,5.0,3615.51,2769.16
4588,UB-002036,40,5,360.5,5.0,1712.38,1279.7
4589,UB-002036,72,1,981.12,5.0,932.06,741.6
4590,UB-002037,1,1,300.18,15.0,255.15,210.31
4591,UB-002038,90,1,711.05,0.0,711.05,507.26
4592,UB-002039,109,3,155.91,20.0,374.18,296.4
4593,UB-002040,136,2,1398.44,10.0,2517.19,1733.96
4594,UB-002041,141,3,280.08,0.0,840.24,557.01
4595,UB-002041,61,1,1076.91,20.0,861.53,828.14
4596,UB-002042,15,2,1257.1,0.0,2514.2,1710.66
4597,UB-002042,124,1,547.74,5.0,520.35,445.56
4598,UB-002042,94,3,747.61,15.0,1906.41,1615.08
4599,UB-002042,2,1,490.62,0.0,490.62,371.22
4600,UB-002043,26,1,219.23,15.0,186.35,138.49
4601,UB-002043,38,1,1081.98,10.0,973.78,721.69
4602,UB-002043,132,3,1251.12,0.0,3753.36,2430.24
4603,UB-002044,3,4,1118.14,0.0,4472.56,2896.16
4604,UB-002044,67,1,155.14,0.0,155.14,96.2
4605,UB-002044,85,2,338.29,0.0,676.58,465.36
4606,UB-002045,23,2,902.71,0.0,1805.42,1255.08
4607,UB-002045,15,2,1195.05,0.0,2390.1,1710.66
4608,UB-002045,102,2,1205.62,0.0,2411.24,1658.76
4609,UB-002045,43,2,171.4,0.0,342.8,233.76
4610,UB-002046,88,1,684.97,0.0,684.97,553.89
4611,UB-002046,97,1,1106.68,10.0,996.01,712.55
4612,UB-002047,133,2,507.77,0.0,1015.54,640.74
4613,UB-002048,72,1,960.68,5.0,912.65,741.6
4614,UB-002048,67,1,157.42,0.0,157.42,96.2
4615,UB-002049,99,3,114.99,0.0,344.97,242.82
4616,UB-002049,64,3,330.49,0.0,991.47,642.81
4617,UB-002049,134,4,964.71,10.0,3472.96,2532.8
4618,UB-002050,35,3,776.73,0.0,2330.19,1702.89
4619,UB-002050,144,1,417.41,0.0,417.41,300.62
4620,UB-002051,31,2,719.29,0.0,1438.58,1163.18
4621,UB-002051,144,2,432.91,0.0,865.82,601.24
4622,UB-002052,19,2,678.72,0.0,1357.44,948.42
4623,UB-002053,49,1,955.61,0.0,955.61,614.04
4624,UB-002053,142,1,494.88,0.0,494.88,406.29
4625,UB-002054,73,1,988.89,0.0,988.89,662.98
4626,UB-002054,6,2,996.85,5.0,1894.01,1384.58
4627,UB-002055,27,1,1073.92,5.0,1020.22,891.38
4628,UB-002055,107,2,326.73,0.0,653.46,456.9
4629,UB-002056,13,1,358.53,0.0,358.53,235.91
4630,UB-002057,87,1,374.63,0.0,374.63,296.68
4631,UB-002057,61,1,1108.26,0.0,1108.26,828.14
4632,UB-002058,126,4,1240.54,5.0,4714.05,3214.0
4633,UB-002058,138,1,898.84,5.0,853.9,604.6
4634,UB-002058,68,1,229.42,0.0,229.42,161.19
4635,UB-002059,5,4,1391.87,15.0,4732.36,3489.0
4636,UB-002060,102,2,1205.76,0.0,2411.52,1658.76
4637,UB-002061,71,1,184.47,0.0,184.47,122.07
4638,UB-002061,135,2,629.89,0.0,1259.78,794.84
4639,UB-002061,35,1,786.43,0.0,786.43,567.63
4640,UB-002062,55,1,930.93,5.0,884.38,606.14
4641,UB-002063,138,3,926.92,5.0,2641.72,1813.8
4642,UB-002063,123,2,468.03,0.0,936.06,657.8
4643,UB-002063,26,3,218.29,0.0,654.87,415.47
4644,UB-002063,96,2,503.75,0.0,1007.5,734.44
4645,UB-002063,57,1,749.22,0.0,749.22,567.7
4646,UB-002064,112,1,460.23,10.0,414.21,338.04
4647,UB-002065,104,1,1262.11,0.0,1262.11,879.92
4648,UB-002066,59,1,299.94,0.0,299.94,241.88
4649,UB-002067,120,1,720.88,0.0,720.88,488.5
4650,UB-002067,86,1,475.34,5.0,451.57,409.68
4651,UB-002067,100,1,199.62,0.0,199.62,158.88
4652,UB-002067,94,3,740.91,10.0,2000.46,1615.08
4653,UB-002068,97,3,1117.13,10.0,3016.25,2137.65
4654,UB-002068,136,2,1345.11,5.0,2555.71,1733.96
4655,UB-002069,68,1,221.77,5.0,210.68,161.19
4656,UB-002070,40,3,369.5,0.0,1108.5,767.82
4657,UB-002070,95,2,476.72,5.0,905.77,739.6
4658,UB-002070,115,1,1185.07,0.0,1185.07,798.92
4659,UB-002070,93,1,93.15,0.0,93.15,72.83
4660,UB-002071,77,3,273.86,0.0,821.58,586.89
4661,UB-002072,8,1,373.61,0.0,373.61,293.44
4662,UB-002073,116,2,767.43,0.0,1534.86,997.12
4663,UB-002073,64,3,321.1,5.0,915.13,642.81
4664,UB-002074,123,2,480.06,0.0,960.12,657.8
4665,UB-002075,42,1,588.64,10.0,529.78,398.38
4666,UB-002075,97,1,1167.56,10.0,1050.8,712.55
4667,UB-002076,82,1,1020.28,15.0,867.24,685.33
4668,UB-002077,102,1,1226.24,10.0,1103.62,829.38
4669,UB-002077,29,2,735.23,0.0,1470.46,1072.64
4670,UB-002077,115,2,1228.12,0.0,2456.24,1597.84
4671,UB-002077,142,1,471.42,0.0,471.42,406.29
4672,UB-002077,81,1,1060.44,0.0,1060.44,710.48
4673,UB-002078,127,2,303.04,0.0,606.08,444.52
4674,UB-002078,29,3,741.56,5.0,2113.45,1608.96
4675,UB-002079,95,2,470.86,0.0,941.72,739.6
4676,UB-002079,101,2,1105.37,0.0,2210.74,1786.54
4677,UB-002079,96,1,514.13,0.0,514.13,367.22
4678,UB-002080,116,5,762.63,5.0,3622.49,2492.8
4679,UB-002080,85,1,339.82,0.0,339.82,232.68
4680,UB-002081,36,1,841.79,10.0,757.61,533.78
4681,UB-002081,103,1,886.31,0.0,886.31,681.52
4682,UB-002082,43,2,167.47,0.0,334.94,233.76
4683,UB-002082,19,1,663.07,0.0,663.07,474.21
4684,UB-002083,31,2,720.93,10.0,1297.67,1163.18
4685,UB-002084,55,2,933.29,5.0,1773.25,1212.28
4686,UB-002084,89,1,599.32,15.0,509.42,419.15
4687,UB-002085,70,2,1353.59,0.0,2707.18,1729.18
4688,UB-002086,98,2,566.94,10.0,1020.49,934.66
4689,UB-002086,122,1,650.41,15.0,552.85,508.02
4690,UB-002086,26,1,224.16,10.0,201.74,138.49
4691,UB-002087,113,2,865.74,10.0,1558.33,1390.0
4692,UB-002087,140,1,294.96,0.0,294.96,195.06
4693,UB-002087,72,1,958.2,0.0,958.2,741.6
4694,UB-002087,120,1,731.25,10.0,658.12,488.5
4695,UB-002087,11,1,451.21,5.0,428.65,366.75
4696,UB-002088,90,1,699.72,5.0,664.73,507.26
4697,UB-002088,89,3,579.57,10.0,1564.84,1257.45
4698,UB-002088,18,2,829.18,0.0,1658.36,1297.42
4699,UB-002089,4,2,809.42,0.0,1618.84,1216.68
4700,UB-002090,33,1,425.27,0.0,425.27,296.56
4701,UB-002090,92,2,809.5,0.0,1619.0,1049.02
4702,UB-002090,115,1,1226.52,10.0,1103.87,798.92
4703,UB-002091,96,1,498.94,5.0,473.99,367.22
4704,UB-002091,86,1,494.56,5.0,469.83,409.68
4705,UB-002091,78,4,773.54,0.0,3094.16,2179.0
4706,UB-002092,30,2,1340.92,10.0,2413.66,1730.22
4707,UB-002092,96,1,494.89,0.0,494.89,367.22
4708,UB-002092,124,2,541.58,5.0,1029.0,891.12
4709,UB-002093,75,5,867.93,0.0,4339.65,2938.9
4710,UB-002093,100,1,201.25,0.0,201.25,158.88
4711,UB-002094,88,2,710.9,0.0,1421.8,1107.78
4712,UB-002094,81,2,1021.2,0.0,2042.4,1420.96
4713,UB-002094,35,1,801.5,5.0,761.42,567.63
4714,UB-002094,8,3,383.42,0.0,1150.26,880.32
4715,UB-002095,3,2,1114.88,10.0,2006.78,1448.08
4716,UB-002096,126,1,1285.61,5.0,1221.33,803.5
4717,UB-002097,8,1,370.79,15.0,315.17,293.44
4718,UB-002097,83,1,876.0,20.0,700.8,707.0
4719,UB-002097,3,1,1138.44,0.0,1138.44,724.04
4720,UB-002098,54,1,1042.62,10.0,938.36,807.18
4721,UB-002099,71,1,185.76,10.0,167.18,122.07
4722,UB-002100,120,1,749.74,10.0,674.77,488.5
4723,UB-002100,39,5,875.88,20.0,3503.52,3070.35
4724,UB-002100,114,3,1030.01,10.0,2781.03,1937.61
4725,UB-002101,30,1,1358.37,0.0,1358.37,865.11
4726,UB-002102,66,2,932.38,0.0,1864.76,1432.7
4727,UB-002102,34,1,166.95,5.0,158.6,138.03
4728,UB-002102,91,1,448.49,0.0,448.49,321.07
4729,UB-002103,136,1,1419.23,10.0,1277.31,866.98
4730,UB-002103,128,1,171.15,5.0,162.59,141.91
4731,UB-002104,75,1,876.34,5.0,832.52,587.78
4732,UB-002104,120,1,740.53,10.0,666.48,488.5
4733,UB-002105,79,1,745.6,0.0,745.6,478.88
4734,UB-002105,68,1,229.56,0.0,229.56,161.19
4735,UB-002106,58,1,581.98,20.0,465.58,356.56
4736,UB-002106,111,3,673.18,10.0,1817.59,1670.37
4737,UB-002106,31,1,713.35,10.0,642.01,581.59
4738,UB-002106,76,1,796.5,0.0,796.5,616.89
4739,UB-002107,131,2,923.36,0.0,1846.72,1376.06
4740,UB-002108,54,1,1032.35,10.0,929.11,807.18
4741,UB-002109,19,1,686.65,10.0,617.99,474.21
4742,UB-002109,99,3,116.01,0.0,348.03,242.82
4743,UB-002110,75,1,874.09,0.0,874.09,587.78
4744,UB-002111,86,3,498.64,0.0,1495.92,1229.04
4745,UB-002111,142,1,484.7,5.0,460.46,406.29
4746,UB-002112,30,1,1331.13,10.0,1198.02,865.11
4747,UB-002112,59,3,296.95,0.0,890.85,725.64
4748,UB-002113,47,1,103.37,0.0,103.37,87.48
4749,UB-002113,122,1,644.6,5.0,612.37,508.02
4750,UB-002113,49,4,949.37,0.0,3797.48,2456.16
4751,UB-002114,99,1,113.76,0.0,113.76,80.94
4752,UB-002114,57,1,776.35,0.0,776.35,567.7
4753,UB-002114,125,2,333.17,0.0,666.34,427.46
4754,UB-002114,49,3,972.47,0.0,2917.41,1842.12
4755,UB-002115,24,3,95.78,0.0,287.34,184.53
4756,UB-002115,13,1,377.33,5.0,358.46,235.91
4757,UB-002115,63,1,262.25,5.0,249.14,167.23
4758,UB-002115,26,1,214.69,0.0,214.69,138.49
4759,UB-002116,67,1,150.44,0.0,150.44,96.2
4760,UB-002117,66,1,971.06,0.0,971.06,716.35
4761,UB-002117,49,1,982.32,0.0,982.32,614.04
4762,UB-002118,60,1,186.87,5.0,177.53,144.82
4763,UB-002118,40,1,359.82,0.0,359.82,255.94
4764,UB-002118,108,2,1115.2,0.0,2230.4,1591.1
4765,UB-002118,16,1,1047.89,5.0,995.5,816.38
4766,UB-002119,58,2,569.43,0.0,1138.86,713.12
4767,UB-002119,70,1,1369.49,0.0,1369.49,864.59
4768,UB-002119,112,3,467.32,5.0,1331.86,1014.12
4769,UB-002120,9,2,674.33,0.0,1348.66,1003.38
4770,UB-002120,81,1,1020.67,0.0,1020.67,710.48
4771,UB-002120,51,1,240.75,0.0,240.75,158.99
4772,UB-002120,135,1,630.4,5.0,598.88,397.42
4773,UB-002121,102,1,1184.24,15.0,1006.6,829.38
4774,UB-002121,1,2,298.86,0.0,597.72,420.62
4775,UB-002122,116,3,746.12,5.0,2126.44,1495.68
4776,UB-002122,90,2,706.8,0.0,1413.6,1014.52
4777,UB-002122,5,2,1421.76,20.0,2274.82,1744.5
4778,UB-002122,124,1,545.77,5.0,518.48,445.56
4779,UB-002122,20,5,971.83,5.0,4616.19,3371.2
4780,UB-002123,123,1,477.13,0.0,477.13,328.9
4781,UB-002124,8,2,386.66,0.0,773.32,586.88
4782,UB-002124,37,1,1032.94,20.0,826.35,831.45
4783,UB-002124,24,1,95.22,10.0,85.7,61.51
4784,UB-002124,64,1,319.49,5.0,303.52,214.27
4785,UB-002125,103,2,887.48,10.0,1597.46,1363.04
4786,UB-002125,72,2,955.16,0.0,1910.32,1483.2
4787,UB-002125,4,1,803.98,5.0,763.78,608.34
4788,UB-002125,129,4,1160.92,0.0,4643.68,3067.4
4789,UB-002126,63,1,259.7,0.0,259.7,167.23
4790,UB-002126,36,1,840.09,0.0,840.09,533.78
4791,UB-002126,113,3,852.45,0.0,2557.35,2085.0
4792,UB-002127,139,2,702.05,0.0,1404.1,1008.32
4793,UB-002127,113,1,863.59,20.0,690.87,695.0
4794,UB-002128,32,1,107.46,0.0,107.46,79.85
4795,UB-002128,54,1,1019.85,0.0,1019.85,807.18
4796,UB-002128,63,1,260.9,15.0,221.76,167.23
4797,UB-002129,25,1,655.33,0.0,655.33,496.28
4798,UB-002129,16,1,1073.86,0.0,1073.86,816.38
4799,UB-002130,94,1,730.8,0.0,730.8,538.36
4800,UB-002130,6,3,979.23,0.0,2937.69,2076.87
4801,UB-002131,44,3,795.37,0.0,2386.11,1763.43
4802,UB-002131,70,1,1376.32,0.0,1376.32,864.59
4803,UB-002131,52,1,636.76,15.0,541.25,457.32
4804,UB-002131,84,1,1258.6,0.0,1258.6,812.12
4805,UB-002132,88,1,691.39,0.0,691.39,553.89
4806,UB-002133,122,4,650.49,0.0,2601.96,2032.08
4807,UB-002133,58,2,578.04,10.0,1040.47,713.12
4808,UB-002133,93,1,93.24,0.0,93.24,72.83
4809,UB-002134,114,2,1042.06,0.0,2084.12,1291.74
4810,UB-002135,12,1,552.72,0.0,552.72,425.66
4811,UB-002136,85,1,328.53,5.0,312.1,232.68
4812,UB-002137,68,3,223.01,0.0,669.03,483.57
4813,UB-002138,20,4,983.95,0.0,3935.8,2696.96
4814,UB-002139,29,2,752.2,15.0,1278.74,1072.64
4815,UB-002139,30,3,1329.64,0.0,3988.92,2595.33
4816,UB-002139,31,2,736.38,0.0,1472.76,1163.18
4817,UB-002139,123,2,478.02,0.0,956.04,657.8
4818,UB-002140,31,1,742.12,5.0,705.01,581.59
4819,UB-002141,5,2,1362.55,0.0,2725.1,1744.5
4820,UB-002142,134,1,946.91,10.0,852.22,633.2
4821,UB-002142,135,2,627.44,10.0,1129.39,794.84
4822,UB-002143,1,1,310.78,0.0,310.78,210.31
4823,UB-002143,18,1,853.08,0.0,853.08,648.71
4824,UB-002143,111,1,653.43,0.0,653.43,556.79
4825,UB-002144,26,3,221.23,10.0,597.32,415.47
4826,UB-002144,24,2,92.12,10.0,165.82,123.02
4827,UB-002145,105,1,1235.53,0.0,1235.53,888.95
4828,UB-002145,131,2,904.26,0.0,1808.52,1376.06
4829,UB-002146,135,1,606.74,0.0,606.74,397.42
4830,UB-002146,7,1,1007.17,0.0,1007.17,753.75
4831,UB-002147,143,1,783.45,10.0,705.11,614.71
4832,UB-002147,59,2,288.94,10.0,520.09,483.76
4833,UB-002148,121,5,931.54,10.0,4191.93,3418.45
4834,UB-002148,110,2,920.17,0.0,1840.34,1358.68
4835,UB-002148,124,1,534.98,0.0,534.98,445.56
4836,UB-002148,83,1,871.33,0.0,871.33,707.0
4837,UB-002149,2,2,487.61,0.0,975.22,742.44
4838,UB-002149,144,2,425.3,0.0,850.6,601.24
4839,UB-002150,85,2,324.14,15.0,551.04,465.36
4840,UB-002150,29,3,711.01,0.0,2133.03,1608.96
4841,UB-002150,48,1,350.38,0.0,350.38,254.63
4842,UB-002150,24,1,93.43,10.0,84.09,61.51
4843,UB-002151,122,3,652.81,0.0,1958.43,1524.06
4844,UB-002151,111,1,645.42,0.0,645.42,556.79
4845,UB-002151,69,3,319.94,0.0,959.82,703.8
4846,UB-002151,142,3,488.25,0.0,1464.75,1218.87
4847,UB-002152,132,1,1258.49,10.0,1132.64,810.08
4848,UB-002152,68,2,217.06,0.0,434.12,322.38
4849,UB-002152,58,2,577.0,0.0,1154.0,713.12
4850,UB-002152,114,1,1014.28,0.0,1014.28,645.87
4851,UB-002153,115,1,1228.82,0.0,1228.82,798.92
4852,UB-002153,121,1,905.75,0.0,905.75,683.69
4853,UB-002153,88,1,698.37,15.0,593.61,553.89
4854,UB-002154,57,1,790.33,5.0,750.81,567.7
4855,UB-002154,115,4,1216.67,10.0,4380.01,3195.68
4856,UB-002155,10,1,98.45,10.0,88.61,70.79
4857,UB-002155,59,2,295.62,5.0,561.68,483.76
4858,UB-002155,28,1,872.17,10.0,784.95,673.25
4859,UB-002156,2,1,506.62,5.0,481.29,371.22
4860,UB-002156,83,1,877.26,0.0,877.26,707.0
4861,UB-002157,7,1,1055.33,5.0,1002.56,753.75
4862,UB-002157,39,1,868.07,5.0,824.67,614.07
4863,UB-002157,94,1,743.69,0.0,743.69,538.36
4864,UB-002158,68,2,221.16,15.0,375.97,322.38
4865,UB-002159,107,2,313.49,0.0,626.98,456.9
4866,UB-002159,23,2,895.3,0.0,1790.6,1255.08
4867,UB-002160,38,4,1025.74,10.0,3692.66,2886.76
4868,UB-002161,97,1,1121.96,10.0,1009.76,712.55
4869,UB-002161,32,4,102.6,15.0,348.84,319.4
4870,UB-002162,59,2,303.76,5.0,577.14,483.76
4871,UB-002162,89,1,581.1,0.0,581.1,419.15
4872,UB-002163,10,1,96.36,0.0,96.36,70.79
4873,UB-002164,78,3,793.94,5.0,2262.73,1634.25
4874,UB-002164,50,2,442.56,0.0,885.12,655.38
4875,UB-002164,19,2,673.44,0.0,1346.88,948.42
4876,UB-002165,55,5,881.41,0.0,4407.05,3030.7
4877,UB-002165,110,1,911.63,0.0,911.63,679.34
4878,UB-002166,46,2,213.55,0.0,427.1,335.62
4879,UB-002166,88,2,697.87,5.0,1325.95,1107.78
4880,UB-002166,41,1,916.02,5.0,870.22,743.96
4881,UB-002166,127,1,297.79,0.0,297.79,222.26
4882,UB-002166,61,3,1084.54,10.0,2928.26,2484.42
4883,UB-002167,79,3,754.99,0.0,2264.97,1436.64
4884,UB-002168,95,1,492.45,5.0,467.83,369.8
4885,UB-002169,68,1,220.49,0.0,220.49,161.19
4886,UB-002169,22,2,660.41,0.0,1320.82,951.32
4887,UB-002170,49,2,958.7,10.0,1725.66,1228.08
4888,UB-002170,43,1,166.43,0.0,166.43,116.88
4889,UB-002170,50,3,441.01,0.0,1323.03,983.07
4890,UB-002171,124,2,530.54,0.0,1061.08,891.12
4891,UB-002172,106,5,1035.43,5.0,4918.29,3598.8
4892,UB-002173,80,1,407.56,0.0,407.56,302.58
4893,UB-002173,130,2,902.95,0.0,1805.9,1307.06
4894,UB-002174,110,3,934.7,5.0,2663.9,2038.02
4895,UB-002175,126,1,1246.29,0.0,1246.29,803.5
4896,UB-002175,29,2,716.05,10.0,1288.89,1072.64
4897,UB-002175,110,4,919.84,0.0,3679.36,2717.36
4898,UB-002175,107,2,316.86,0.0,633.72,456.9
4899,UB-002175,34,1,167.21,0.0,167.21,138.03
4900,UB-002176,92,1,826.51,15.0,702.53,524.51
4901,UB-002176,118,1,638.65,20.0,510.92,421.79
4902,UB-002176,141,1,272.0,5.0,258.4,185.67
4903,UB-002177,80,4,401.0,0.0,1604.0,1210.32
4904,UB-002177,99,1,110.96,20.0,88.77,80.94
4905,UB-002177,27,1,1070.55,15.0,909.97,891.38
4906,UB-002178,83,1,880.41,0.0,880.41,707.0
4907,UB-002178,96,1,495.27,5.0,470.51,367.22
4908,UB-002178,35,1,784.86,10.0,706.37,567.63
4909,UB-002179,131,1,911.95,10.0,820.76,688.03
4910,UB-002179,73,2,1011.53,0.0,2023.06,1325.96
4911,UB-002180,23,2,879.98,0.0,1759.96,1255.08
4912,UB-002180,41,1,909.14,5.0,863.68,743.96
4913,UB-002180,137,3,1287.84,0.0,3863.52,2448.66
4914,UB-002180,25,2,644.82,0.0,1289.64,992.56
4915,UB-002181,137,3,1290.13,5.0,3676.87,2448.66
4916,UB-002182,131,1,900.46,5.0,855.44,688.03
4917,UB-002182,86,1,483.22,0.0,483.22,409.68
4918,UB-002182,90,1,698.6,5.0,663.67,507.26
4919,UB-002183,88,2,690.92,15.0,1174.56,1107.78
4920,UB-002183,103,3,907.13,15.0,2313.18,2044.56
4921,UB-002183,41,1,922.51,5.0,876.38,743.96
4922,UB-002184,9,2,687.67,0.0,1375.34,1003.38
4923,UB-002184,94,1,733.52,0.0,733.52,538.36
4924,UB-002185,78,2,776.65,10.0,1397.97,1089.5
4925,UB-002185,126,1,1264.48,0.0,1264.48,803.5
4926,UB-002185,71,1,184.44,5.0,175.22,122.07
4927,UB-002186,50,2,422.45,0.0,844.9,655.38
4928,UB-002186,61,1,1081.34,0.0,1081.34,828.14
4929,UB-002186,129,1,1195.01,0.0,1195.01,766.85
4930,UB-002187,80,4,409.84,0.0,1639.36,1210.32
4931,UB-002187,34,1,167.16,10.0,150.44,138.03
4932,UB-002188,65,2,740.52,5.0,1406.99,1051.2
4933,UB-002188,140,1,291.28,0.0,291.28,195.06
4934,UB-002188,108,1,1101.86,0.0,1101.86,795.55
4935,UB-002189,116,1,755.5,10.0,679.95,498.56
4936,UB-002190,76,1,817.92,20.0,654.34,616.89
4937,UB-002190,112,2,450.0,0.0,900.0,676.08
4938,UB-002190,99,1,111.43,5.0,105.86,80.94
4939,UB-002190,6,2,986.68,10.0,1776.02,1384.58
4940,UB-002191,66,2,932.85,0.0,1865.7,1432.7
4941,UB-002191,31,1,714.18,5.0,678.47,581.59
4942,UB-002191,112,3,452.06,5.0,1288.37,1014.12
4943,UB-002192,128,1,173.67,10.0,156.3,141.91
4944,UB-002192,38,1,1078.69,0.0,1078.69,721.69
4945,UB-002192,96,2,494.62,0.0,989.24,734.44
4946,UB-002193,136,2,1379.46,0.0,2758.92,1733.96
4947,UB-002194,95,1,481.56,0.0,481.56,369.8
4948,UB-002194,23,3,877.36,0.0,2632.08,1882.62
4949,UB-002194,6,1,975.84,0.0,975.84,692.29
4950,UB-002195,54,1,1038.3,0.0,1038.3,807.18
4951,UB-002195,119,1,589.66,0.0,589.66,477.5
4952,UB-002196,43,3,167.78,0.0,503.34,350.64
4953,UB-002196,31,2,707.57,0.0,1415.14,1163.18
4954,UB-002196,23,1,922.87,10.0,830.58,627.54
4955,UB-002197,90,1,688.16,10.0,619.34,507.26
4956,UB-002197,40,2,380.17,0.0,760.34,511.88
4957,UB-002197,108,1,1143.93,10.0,1029.54,795.55
4958,UB-002198,102,1,1196.82,20.0,957.46,829.38
4959,UB-002198,130,1,906.36,5.0,861.04,653.53
4960,UB-002198,34,3,166.05,10.0,448.34,414.09
4961,UB-002199,133,2,487.35,0.0,974.7,640.74
4962,UB-002199,139,2,716.9,10.0,1290.42,1008.32
4963,UB-002199,141,1,277.88,0.0,277.88,185.67
4964,UB-002200,124,2,543.17,15.0,923.39,891.12
4965,UB-002200,126,3,1251.06,0.0,3753.18,2410.5
4966,UB-002201,25,3,650.97,10.0,1757.62,1488.84
4967,UB-002202,77,1,274.75,5.0,261.01,195.63
4968,UB-002202,124,3,524.14,15.0,1336.56,1336.68
4969,UB-002203,44,1,798.58,10.0,718.72,587.81
4970,UB-002203,67,1,155.49,5.0,147.72,96.2
4971,UB-002204,140,1,292.07,0.0,292.07,195.06
4972,UB-002205,97,1,1164.66,0.0,1164.66,712.55
4973,UB-002205,72,2,973.43,0.0,1946.86,1483.2
4974,UB-002205,140,2,305.95,0.0,611.9,390.12
4975,UB-002206,12,1,566.25,0.0,566.25,425.66
4976,UB-002206,116,1,764.42,0.0,764.42,498.56
4977,UB-002206,66,1,976.45,0.0,976.45,716.35
4978,UB-002206,84,2,1257.27,0.0,2514.54,1624.24
4979,UB-002207,84,1,1252.47,0.0,1252.47,812.12
4980,UB-002208,133,1,514.82,0.0,514.82,320.37
4981,UB-002208,19,1,683.27,0.0,683.27,474.21
4982,UB-002208,64,2,330.45,5.0,627.85,428.54
4983,UB-002208,65,3,720.94,0.0,2162.82,1576.8
4984,UB-002209,69,1,313.46,5.0,297.79,234.6
4985,UB-002210,140,2,293.96,10.0,529.13,390.12
4986,UB-002210,90,4,691.39,20.0,2212.45,2029.04
4987,UB-002211,106,3,1049.8,0.0,3149.4,2159.28
4988,UB-002212,135,2,618.24,10.0,1112.83,794.84
4989,UB-002212,4,2,778.9,0.0,1557.8,1216.68
4990,UB-002212,55,1,910.47,0.0,910.47,606.14
4991,UB-002213,5,1,1371.99,15.0,1166.19,872.25
4992,UB-002213,95,1,481.86,0.0,481.86,369.8
4993,UB-002214,126,1,1277.86,0.0,1277.86,803.5
4994,UB-002214,21,2,759.75,10.0,1367.55,1164.12
4995,UB-002215,124,1,542.83,0.0,542.83,445.56
4996,UB-002215,69,2,303.87,0.0,607.74,469.2
4997,UB-002215,9,1,702.82,0.0,702.82,501.69
4998,UB-002216,127,1,304.99,0.0,304.99,222.26
4999,UB-002217,63,2,250.56,0.0,501.12,334.46
5000,UB-002217,98,1,570.76,20.0,456.61,467.33
5001,UB-002218,13,2,371.47,5.0,705.79,471.82
5002,UB-002218,18,1,829.48,10.0,746.53,648.71
5003,UB-002219,120,5,715.28,0.0,3576.4,2442.5
5004,UB-002219,6,2,970.6,0.0,1941.2,1384.58
5005,UB-002220,23,3,874.37,5.0,2491.95,1882.62
5006,UB-002221,5,1,1353.0,5.0,1285.35,872.25
5007,UB-002222,13,1,365.04,0.0,365.04,235.91
5008,UB-002223,74,2,1169.82,10.0,2105.68,1765.78
5009,UB-002223,41,1,914.07,20.0,731.26,743.96
5010,UB-002224,100,1,200.07,10.0,180.06,158.88
5011,UB-002225,36,1,853.91,0.0,853.91,533.78
5012,UB-002225,40,1,376.04,0.0,376.04,255.94
5013,UB-002226,25,1,654.51,0.0,654.51,496.28
5014,UB-002227,122,1,653.5,0.0,653.5,508.02
5015,UB-002227,142,1,496.87,5.0,472.03,406.29
5016,UB-002227,23,1,911.18,0.0,911.18,627.54
5017,UB-002228,115,1,1191.63,15.0,1012.89,798.92
5018,UB-002228,53,2,1271.78,10.0,2289.2,1730.24
5019,UB-002229,65,1,713.47,0.0,713.47,525.6
5020,UB-002229,12,1,552.93,10.0,497.64,425.66
5021,UB-002230,42,2,600.7,0.0,1201.4,796.76
5022,UB-002230,85,2,331.02,10.0,595.84,465.36
5023,UB-002231,81,2,1016.17,0.0,2032.34,1420.96
5024,UB-002231,138,1,894.17,10.0,804.75,604.6
5025,UB-002232,126,2,1268.19,10.0,2282.74,1607.0
5026,UB-002232,97,3,1109.23,0.0,3327.69,2137.65
5027,UB-002232,82,1,1059.6,10.0,953.64,685.33
5028,UB-002232,120,1,735.54,0.0,735.54,488.5
5029,UB-002233,37,2,1026.2,15.0,1744.54,1662.9
5030,UB-002233,101,1,1128.5,15.0,959.23,893.27
5031,UB-002233,117,1,548.9,0.0,548.9,410.43
5032,UB-002234,117,1,547.28,20.0,437.82,410.43
5033,UB-002234,103,2,883.35,10.0,1590.03,1363.04
5034,UB-002234,13,1,379.87,0.0,379.87,235.91
5035,UB-002235,102,1,1172.51,0.0,1172.51,829.38
5036,UB-002236,109,1,159.01,5.0,151.06,98.8
5037,UB-002236,14,1,778.01,0.0,778.01,569.64
5038,UB-002236,20,1,946.16,5.0,898.85,674.24
5039,UB-002236,119,1,603.89,5.0,573.7,477.5
5040,UB-002236,21,3,794.66,10.0,2145.58,1746.18
5041,UB-002237,49,1,954.02,0.0,954.02,614.04
5042,UB-002237,124,1,534.32,0.0,534.32,445.56
5043,UB-002237,19,2,662.63,0.0,1325.26,948.42
5044,UB-002237,112,1,470.92,10.0,423.83,338.04
5045,UB-002238,49,1,937.51,0.0,937.51,614.04
5046,UB-002238,15,1,1235.6,5.0,1173.82,855.33
5047,UB-002239,138,4,910.17,0.0,3640.68,2418.4
5048,UB-002239,32,4,104.09,0.0,416.36,319.4
5049,UB-002240,93,4,93.6,20.0,299.52,291.32
5050,UB-002241,59,2,304.09,0.0,608.18,483.76
5051,UB-002242,131,1,886.68,0.0,886.68,688.03
5052,UB-002242,3,1,1139.17,0.0,1139.17,724.04
5053,UB-002243,93,1,93.32,0.0,93.32,72.83
5054,UB-002243,28,1,886.6,15.0,753.61,673.25
5055,UB-002244,119,2,583.68,0.0,1167.36,955.0
5056,UB-002244,70,2,1342.23,5.0,2550.24,1729.18
5057,UB-002244,78,1,819.38,0.0,819.38,544.75
5058,UB-002245,84,1,1305.73,0.0,1305.73,812.12
5059,UB-002245,108,1,1099.58,10.0,989.62,795.55
5060,UB-002245,104,1,1248.05,10.0,1123.24,879.92
5061,UB-002246,125,1,336.0,0.0,336.0,213.73
5062,UB-002247,36,1,822.92,0.0,822.92,533.78
5063,UB-002247,127,1,300.5,10.0,270.45,222.26
5064,UB-002247,54,1,1050.83,0.0,1050.83,807.18
5065,UB-002248,18,2,847.13,0.0,1694.26,1297.42
5066,UB-002249,128,3,173.71,0.0,521.13,425.73
5067,UB-002249,132,1,1266.46,0.0,1266.46,810.08
5068,UB-002249,31,4,730.11,0.0,2920.44,2326.36
5069,UB-002249,134,1,926.94,10.0,834.25,633.2
5070,UB-002250,47,2,106.74,0.0,213.48,174.96
5071,UB-002251,95,1,474.59,0.0,474.59,369.8
5072,UB-002251,102,1,1234.74,0.0,1234.74,829.38
5073,UB-002251,18,1,815.53,0.0,815.53,648.71
5074,UB-002251,48,2,367.93,5.0,699.07,509.26
5075,UB-002252,16,2,1091.87,0.0,2183.74,1632.76
5076,UB-002252,47,1,105.28,5.0,100.02,87.48
5077,UB-002253,144,2,427.26,0.0,854.52,601.24
5078,UB-002253,109,1,154.25,5.0,146.54,98.8
5079,UB-002254,73,2,966.89,10.0,1740.4,1325.96
5080,UB-002255,142,1,489.98,20.0,391.98,406.29
5081,UB-002256,135,2,602.06,0.0,1204.12,794.84
5082,UB-002256,68,1,226.92,0.0,226.92,161.19
5083,UB-002256,53,1,1280.08,5.0,1216.08,865.12
5084,UB-002256,56,1,514.25,5.0,488.54,348.78
5085,UB-002256,35,1,774.79,15.0,658.57,567.63
5086,UB-002257,49,1,941.37,0.0,941.37,614.04
5087,UB-002257,83,2,851.23,0.0,1702.46,1414.0
5088,UB-002258,143,2,789.84,0.0,1579.68,1229.42
5089,UB-002258,36,3,844.72,10.0,2280.74,1601.34
5090,UB-002259,97,1,1158.89,0.0,1158.89,712.55
5091,UB-002259,129,1,1199.33,5.0,1139.36,766.85
5092,UB-002259,5,1,1368.16,5.0,1299.75,872.25
5093,UB-002260,90,2,687.07,5.0,1305.43,1014.52
5094,UB-002260,2,1,505.15,0.0,505.15,371.22
5095,UB-002261,137,3,1255.44,0.0,3766.32,2448.66
5096,UB-002261,47,2,103.46,5.0,196.57,174.96
5097,UB-002261,1,1,311.23,0.0,311.23,210.31
5098,UB-002262,78,1,818.77,0.0,818.77,544.75
5099,UB-002262,130,1,898.9,0.0,898.9,653.53
5100,UB-002263,65,1,732.11,10.0,658.9,525.6
5101,UB-002263,79,1,777.24,10.0,699.52,478.88
5102,UB-002263,125,3,324.81,20.0,779.54,641.19
5103,UB-002263,120,2,720.29,0.0,1440.58,977.0
5104,UB-002264,19,2,660.58,0.0,1321.16,948.42
5105,UB-002264,22,2,662.48,0.0,1324.96,951.32
5106,UB-002265,144,1,416.24,5.0,395.43,300.62
5107,UB-002265,123,1,468.58,0.0,468.58,328.9
5108,UB-002265,131,1,889.89,0.0,889.89,688.03
5109,UB-002266,141,1,276.48,0.0,276.48,185.67
5110,UB-002266,2,1,494.74,5.0,470.0,371.22
5111,UB-002266,109,1,159.49,20.0,127.59,98.8
5112,UB-002266,30,2,1345.6,0.0,2691.2,1730.22
5113,UB-002266,91,3,461.74,0.0,1385.22,963.21
5114,UB-002267,3,1,1132.2,5.0,1075.59,724.04
5115,UB-002268,19,1,665.93,5.0,632.63,474.21
5116,UB-002268,134,1,961.61,0.0,961.61,633.2
5117,UB-002268,109,3,159.35,0.0,478.05,296.4
5118,UB-002269,104,1,1232.79,10.0,1109.51,879.92
5119,UB-002269,46,4,220.08,0.0,880.32,671.24
5120,UB-002269,42,3,617.23,0.0,1851.69,1195.14
5121,UB-002269,18,2,825.65,5.0,1568.73,1297.42
5122,UB-002270,38,1,1063.59,0.0,1063.59,721.69
5123,UB-002270,116,1,761.47,0.0,761.47,498.56
5124,UB-002270,108,2,1134.79,0.0,2269.58,1591.1
5125,UB-002270,107,1,325.98,15.0,277.08,228.45
5126,UB-002270,34,2,161.74,10.0,291.13,276.06
5127,UB-002271,98,1,567.28,0.0,567.28,467.33
5128,UB-002272,101,1,1110.36,0.0,1110.36,893.27
5129,UB-002272,33,1,440.11,0.0,440.11,296.56
5130,UB-002272,45,2,807.22,5.0,1533.72,1221.74
5131,UB-002272,69,5,306.19,0.0,1530.95,1173.0
5132,UB-002273,127,2,299.0,0.0,598.0,444.52
5133,UB-002273,40,1,374.55,5.0,355.82,255.94
5134,UB-002273,4,2,812.57,0.0,1625.14,1216.68
5135,UB-002274,101,1,1140.79,10.0,1026.71,893.27
5136,UB-002274,22,2,653.47,5.0,1241.59,951.32
5137,UB-002275,71,1,185.0,10.0,166.5,122.07
5138,UB-002276,110,2,921.95,10.0,1659.51,1358.68
5139,UB-002277,2,1,504.17,5.0,478.96,371.22
5140,UB-002278,128,2,169.18,10.0,304.52,283.82
5141,UB-002279,17,1,864.78,10.0,778.3,644.64
5142,UB-002279,28,1,891.15,0.0,891.15,673.25
5143,UB-002279,69,3,303.07,10.0,818.29,703.8
5144,UB-002280,95,1,490.76,10.0,441.68,369.8
5145,UB-002280,115,2,1235.95,0.0,2471.9,1597.84
5146,UB-002281,65,1,722.44,0.0,722.44,525.6
5147,UB-002282,95,2,489.49,10.0,881.08,739.6
5148,UB-002282,124,2,533.61,0.0,1067.22,891.12
5149,UB-002282,46,1,217.82,0.0,217.82,167.81
5150,UB-002283,64,1,327.69,0.0,327.69,214.27
5151,UB-002283,41,1,906.17,10.0,815.55,743.96
5152,UB-002284,57,3,750.73,0.0,2252.19,1703.1
5153,UB-002284,142,1,493.55,5.0,468.87,406.29
5154,UB-002284,86,1,489.3,5.0,464.83,409.68
5155,UB-002285,37,2,1056.45,0.0,2112.9,1662.9
5156,UB-002286,32,1,101.8,0.0,101.8,79.85
5157,UB-002286,90,1,702.3,5.0,667.18,507.26
5158,UB-002286,99,1,112.15,0.0,112.15,80.94
5159,UB-002286,40,2,377.34,0.0,754.68,511.88
5160,UB-002287,108,2,1133.68,0.0,2267.36,1591.1
5161,UB-002287,128,2,177.12,10.0,318.82,283.82
5162,UB-002288,88,2,684.8,5.0,1301.12,1107.78
5163,UB-002289,136,1,1391.43,0.0,1391.43,866.98
5164,UB-002289,58,2,582.29,15.0,989.89,713.12
5165,UB-002290,119,1,591.15,10.0,532.03,477.5
5166,UB-002291,65,2,701.31,0.0,1402.62,1051.2
5167,UB-002291,121,2,906.93,10.0,1632.47,1367.38
5168,UB-002291,18,2,819.21,0.0,1638.42,1297.42
5169,UB-002291,131,1,931.62,0.0,931.62,688.03
5170,UB-002291,140,1,300.39,0.0,300.39,195.06
5171,UB-002292,36,3,825.06,0.0,2475.18,1601.34
5172,UB-002292,142,1,474.53,0.0,474.53,406.29
5173,UB-002292,135,1,605.23,10.0,544.71,397.42
5174,UB-002292,9,1,689.19,15.0,585.81,501.69
5175,UB-002292,23,2,892.03,0.0,1784.06,1255.08
5176,UB-002293,46,1,221.88,10.0,199.69,167.81
5177,UB-002293,111,3,655.01,0.0,1965.03,1670.37
5178,UB-002294,31,2,736.58,10.0,1325.84,1163.18
5179,UB-002294,113,4,876.1,10.0,3153.96,2780.0
5180,UB-002294,10,1,96.9,0.0,96.9,70.79
5181,UB-002294,13,1,361.7,10.0,325.53,235.91
5182,UB-002295,121,1,927.39,0.0,927.39,683.69
5183,UB-002296,128,1,171.15,15.0,145.48,141.91
5184,UB-002296,98,3,596.18,5.0,1699.11,1401.99
5185,UB-002297,48,2,361.81,10.0,651.26,509.26
5186,UB-002297,5,1,1400.46,0.0,1400.46,872.25
5187,UB-002298,20,2,986.63,10.0,1775.93,1348.48
5188,UB-002299,88,1,699.76,20.0,559.81,553.89
5189,UB-002299,52,2,657.95,0.0,1315.9,914.64
5190,UB-002299,69,1,305.09,0.0,305.09,234.6
5191,UB-002300,84,1,1281.92,0.0,1281.92,812.12
5192,UB-002300,2,1,489.28,0.0,489.28,371.22
5193,UB-002300,13,2,376.59,0.0,753.18,471.82
5194,UB-002301,66,2,974.83,0.0,1949.66,1432.7
5195,UB-002301,58,1,573.51,0.0,573.51,356.56
5196,UB-002302,21,2,758.84,0.0,1517.68,1164.12
5197,UB-002303,144,1,414.18,15.0,352.05,300.62
5198,UB-002303,57,1,790.7,0.0,790.7,567.7
5199,UB-002304,109,2,159.7,0.0,319.4,197.6
5200,UB-002305,103,1,890.24,0.0,890.24,681.52
5201,UB-002305,21,1,789.56,15.0,671.13,582.06
5202,UB-002305,101,2,1139.93,5.0,2165.87,1786.54
5203,UB-002306,43,2,173.75,10.0,312.75,233.76
5204,UB-002306,142,1,493.26,10.0,443.93,406.29
5205,UB-002307,46,1,223.05,0.0,223.05,167.81
5206,UB-002307,26,2,221.8,0.0,443.6,276.98
5207,UB-002307,98,1,596.9,0.0,596.9,467.33
5208,UB-002308,97,2,1106.48,0.0,2212.96,1425.1
5209,UB-002308,133,1,503.06,10.0,452.75,320.37
5210,UB-002309,88,1,688.56,0.0,688.56,553.89
5211,UB-002309,119,1,593.02,0.0,593.02,477.5
5212,UB-002310,69,2,313.9,0.0,627.8,469.2
5213,UB-002310,144,1,427.41,0.0,427.41,300.62
5214,UB-002310,16,1,1053.0,0.0,1053.0,816.38
5215,UB-002311,104,2,1256.72,20.0,2010.75,1759.84
5216,UB-002312,38,1,1038.48,0.0,1038.48,721.69
5217,UB-002313,49,2,954.97,10.0,1718.95,1228.08
5218,UB-002314,38,1,1067.25,0.0,1067.25,721.69
5219,UB-002315,38,1,1041.25,0.0,1041.25,721.69
5220,UB-002315,45,1,803.78,10.0,723.4,610.87
5221,UB-002315,67,1,155.05,15.0,131.79,96.2
5222,UB-002316,54,3,1058.76,15.0,2699.84,2421.54
5223,UB-002316,38,2,1083.04,20.0,1732.86,1443.38
5224,UB-002317,134,2,933.05,5.0,1772.79,1266.4
5225,UB-002317,109,5,160.88,0.0,804.4,494.0
5226,UB-002318,125,1,340.61,20.0,272.49,213.73
5227,UB-002319,5,3,1412.35,15.0,3601.49,2616.75
5228,UB-002319,14,1,769.82,0.0,769.82,569.64
5229,UB-002319,80,1,395.43,0.0,395.43,302.58
5230,UB-002320,105,1,1223.6,0.0,1223.6,888.95
5231,UB-002320,112,1,454.96,15.0,386.72,338.04
5232,UB-002320,46,3,223.05,0.0,669.15,503.43
5233,UB-002320,133,1,499.15,5.0,474.19,320.37
5234,UB-002321,96,1,507.0,5.0,481.65,367.22
5235,UB-002322,144,2,423.47,0.0,846.94,601.24
5236,UB-002322,1,4,301.8,10.0,1086.48,841.24
5237,UB-002323,93,1,92.55,0.0,92.55,72.83
5238,UB-002324,49,1,989.87,10.0,890.88,614.04
5239,UB-002325,20,2,961.23,0.0,1922.46,1348.48
5240,UB-002326,67,4,150.27,0.0,601.08,384.8
5241,UB-002327,5,3,1415.07,15.0,3608.43,2616.75
5242,UB-002328,129,1,1168.31,0.0,1168.31,766.85
5243,UB-002329,132,2,1236.78,5.0,2349.88,1620.16
5244,UB-002329,109,1,157.26,20.0,125.81,98.8
5245,UB-002329,104,1,1285.18,0.0,1285.18,879.92
5246,UB-002329,14,4,770.81,0.0,3083.24,2278.56
5247,UB-002329,125,2,324.84,0.0,649.68,427.46
5248,UB-002330,35,2,798.62,0.0,1597.24,1135.26
5249,UB-002330,78,2,782.39,0.0,1564.78,1089.5
5250,UB-002331,13,2,378.66,5.0,719.45,471.82
5251,UB-002332,18,5,840.62,0.0,4203.1,3243.55
5252,UB-002332,53,1,1302.99,5.0,1237.84,865.12
5253,UB-002332,6,1,951.55,15.0,808.82,692.29
5254,UB-002332,32,3,106.68,10.0,288.04,239.55
5255,UB-002332,132,2,1220.84,10.0,2197.51,1620.16
5256,UB-002333,3,1,1111.01,0.0,1111.01,724.04
5257,UB-002333,138,2,909.64,10.0,1637.35,1209.2
5258,UB-002333,97,1,1107.51,0.0,1107.51,712.55
5259,UB-002333,80,1,407.78,0.0,407.78,302.58
5260,UB-002334,11,1,471.19,0.0,471.19,366.75
5261,UB-002334,78,3,804.6,10.0,2172.42,1634.25
5262,UB-002335,85,2,336.83,0.0,673.66,465.36
5263,UB-002335,99,1,115.39,0.0,115.39,80.94
5264,UB-002336,62,1,392.94,0.0,392.94,260.55
5265,UB-002336,131,1,880.91,0.0,880.91,688.03
5266,UB-002337,72,1,945.02,0.0,945.02,741.6
5267,UB-002338,90,1,701.36,0.0,701.36,507.26
5268,UB-002339,55,1,912.82,10.0,821.54,606.14
5269,UB-002339,67,1,157.82,20.0,126.26,96.2
5270,UB-002339,74,1,1148.34,5.0,1090.92,882.89
5271,UB-002339,1,2,312.91,10.0,563.24,420.62
5272,UB-002340,93,3,90.01,0.0,270.03,218.49
5273,UB-002340,2,5,508.15,5.0,2413.71,1856.1
5274,UB-002341,25,3,644.16,20.0,1545.98,1488.84
5275,UB-002341,58,1,570.14,0.0,570.14,356.56
5276,UB-002341,71,1,191.35,0.0,191.35,122.07
5277,UB-002341,118,1,639.69,10.0,575.72,421.79
5278,UB-002342,96,3,502.62,15.0,1281.68,1101.66
5279,UB-002342,4,1,783.8,0.0,783.8,608.34
5280,UB-002342,61,3,1075.07,10.0,2902.69,2484.42
5281,UB-002343,48,1,354.77,0.0,354.77,254.63
5282,UB-002343,45,4,793.22,10.0,2855.59,2443.48
5283,UB-002343,59,2,304.0,15.0,516.8,483.76
5284,UB-002343,55,1,894.24,15.0,760.1,606.14
5285,UB-002344,27,1,1084.87,0.0,1084.87,891.38
5286,UB-002344,28,1,882.69,5.0,838.56,673.25
5287,UB-002344,106,2,1021.78,10.0,1839.2,1439.52
5288,UB-002345,26,1,217.82,0.0,217.82,138.49
5289,UB-002345,29,1,733.2,0.0,733.2,536.32
5290,UB-002345,43,1,168.33,0.0,168.33,116.88
5291,UB-002346,131,2,927.81,15.0,1577.28,1376.06
5292,UB-002346,33,4,429.63,10.0,1546.67,1186.24
5293,UB-002347,58,3,566.57,15.0,1444.75,1069.68
5294,UB-002347,126,2,1216.81,0.0,2433.62,1607.0
5295,UB-002347,63,2,255.39,0.0,510.78,334.46
5296,UB-002348,142,1,477.33,0.0,477.33,406.29
5297,UB-002349,103,3,935.32,15.0,2385.07,2044.56
5298,UB-002349,50,3,430.09,0.0,1290.27,983.07
5299,UB-002350,119,1,583.03,5.0,553.88,477.5
5300,UB-002351,69,1,303.42,10.0,273.08,234.6
5301,UB-002352,114,4,995.14,0.0,3980.56,2583.48
5302,UB-002352,111,1,662.93,15.0,563.49,556.79
5303,UB-002352,38,4,1074.06,0.0,4296.24,2886.76
5304,UB-002352,136,1,1349.93,0.0,1349.93,866.98
5305,UB-002353,127,2,298.32,20.0,477.31,444.52
5306,UB-002353,83,1,835.91,0.0,835.91,707.0
5307,UB-002353,104,1,1221.28,0.0,1221.28,879.92
5308,UB-002353,98,1,585.78,0.0,585.78,467.33
5309,UB-002354,105,1,1270.04,5.0,1206.54,888.95
5310,UB-002355,12,1,560.23,15.0,476.2,425.66
5311,UB-002355,137,3,1312.81,10.0,3544.59,2448.66
5312,UB-002355,6,1,947.8,0.0,947.8,692.29
5313,UB-002355,103,2,914.11,0.0,1828.22,1363.04
5314,UB-002356,61,3,1074.9,0.0,3224.7,2484.42
5315,UB-002356,47,4,103.98,10.0,374.33,349.92
5316,UB-002356,45,1,830.7,5.0,789.16,610.87
5317,UB-002356,54,2,1023.72,15.0,1740.32,1614.36
5318,UB-002357,35,5,800.54,0.0,4002.7,2838.15
5319,UB-002357,141,3,272.9,5.0,777.76,557.01
5320,UB-002358,121,1,921.3,15.0,783.1,683.69
5321,UB-002358,57,1,764.9,10.0,688.41,567.7
5322,UB-002358,47,2,103.78,5.0,197.18,174.96
5323,UB-002359,10,1,99.7,5.0,94.72,70.79
5324,UB-002360,84,2,1262.41,0.0,2524.82,1624.24
5325,UB-002360,76,1,792.96,5.0,753.31,616.89
5326,UB-002361,47,1,107.84,0.0,107.84,87.48
5327,UB-002361,81,2,1042.67,20.0,1668.27,1420.96
5328,UB-002362,41,3,906.96,5.0,2584.84,2231.88
5329,UB-002362,42,2,614.32,10.0,1105.78,796.76
5330,UB-002362,127,3,304.35,0.0,913.05,666.78
5331,UB-002363,131,2,891.44,10.0,1604.59,1376.06
5332,UB-002364,103,1,904.03,0.0,904.03,681.52
5333,UB-002365,136,2,1357.93,10.0,2444.27,1733.96
5334,UB-002366,98,2,576.41,0.0,1152.82,934.66
5335,UB-002367,3,2,1156.12,0.0,2312.24,1448.08
5336,UB-002367,24,2,96.21,20.0,153.94,123.02
5337,UB-002367,23,3,922.75,20.0,2214.6,1882.62
5338,UB-002367,11,1,470.92,0.0,470.92,366.75
5339,UB-002368,110,1,941.22,0.0,941.22,679.34
5340,UB-002368,47,2,109.61,15.0,186.34,174.96
5341,UB-002369,61,2,1081.39,15.0,1838.36,1656.28
5342,UB-002370,66,1,961.66,0.0,961.66,716.35
5343,UB-002370,129,1,1207.44,10.0,1086.7,766.85
5344,UB-002370,35,1,808.36,0.0,808.36,567.63
5345,UB-002371,53,1,1304.88,0.0,1304.88,865.12
5346,UB-002371,51,1,230.84,5.0,219.3,158.99
5347,UB-002371,34,1,160.64,10.0,144.58,138.03
5348,UB-002372,65,2,725.95,15.0,1234.12,1051.2
5349,UB-002372,87,1,384.71,15.0,327.0,296.68
5350,UB-002372,77,4,282.51,0.0,1130.04,782.52
5351,UB-002372,74,1,1146.06,0.0,1146.06,882.89
5352,UB-002372,26,5,225.02,0.0,1125.1,692.45
5353,UB-002373,46,1,217.4,5.0,206.53,167.81
5354,UB-002374,72,1,968.49,0.0,968.49,741.6
5355,UB-002374,64,1,324.71,0.0,324.71,214.27
5356,UB-002374,2,1,498.03,10.0,448.23,371.22
5357,UB-002374,79,1,736.29,0.0,736.29,478.88
5358,UB-002375,126,2,1277.7,0.0,2555.4,1607.0
5359,UB-002375,75,1,869.61,0.0,869.61,587.78
5360,UB-002376,79,2,763.63,0.0,1527.26,957.76
5361,UB-002376,132,1,1214.68,15.0,1032.48,810.08
5362,UB-002376,71,1,186.31,0.0,186.31,122.07
5363,UB-002376,14,2,736.34,5.0,1399.05,1139.28
5364,UB-002377,110,1,950.23,5.0,902.72,679.34
5365,UB-002377,12,1,550.28,20.0,440.22,425.66
5366,UB-002378,45,1,803.41,10.0,723.07,610.87
5367,UB-002379,132,2,1217.69,5.0,2313.61,1620.16
5368,UB-002379,105,2,1243.25,0.0,2486.5,1777.9
5369,UB-002379,49,2,990.11,10.0,1782.2,1228.08
5370,UB-002379,62,1,375.66,0.0,375.66,260.55
5371,UB-002380,125,5,328.72,10.0,1479.24,1068.65
5372,UB-002380,137,1,1327.42,0.0,1327.42,816.22
5373,UB-002380,71,3,187.56,0.0,562.68,366.21
5374,UB-002380,72,1,992.09,0.0,992.09,741.6
5375,UB-002381,107,1,312.63,10.0,281.37,228.45
5376,UB-002381,127,1,308.94,0.0,308.94,222.26
5377,UB-002382,37,1,1054.38,0.0,1054.38,831.45
5378,UB-002382,76,1,802.0,15.0,681.7,616.89
5379,UB-002382,139,2,709.64,0.0,1419.28,1008.32
5380,UB-002383,80,3,400.1,0.0,1200.3,907.74
5381,UB-002384,31,2,736.43,15.0,1251.93,1163.18
5382,UB-002385,64,1,327.44,0.0,327.44,214.27
5383,UB-002385,117,1,560.56,0.0,560.56,410.43
5384,UB-002385,115,1,1221.0,0.0,1221.0,798.92
5385,UB-002386,134,1,949.22,0.0,949.22,633.2
5386,UB-002386,74,1,1153.63,0.0,1153.63,882.89
5387,UB-002387,70,1,1375.07,0.0,1375.07,864.59
5388,UB-002388,52,1,662.4,0.0,662.4,457.32
5389,UB-002389,136,1,1389.48,0.0,1389.48,866.98
5390,UB-002390,100,2,206.17,0.0,412.34,317.76
5391,UB-002391,66,1,982.35,0.0,982.35,716.35
5392,UB-002391,26,1,222.53,5.0,211.4,138.49
5393,UB-002392,4,2,782.13,0.0,1564.26,1216.68
5394,UB-002393,86,4,497.09,0.0,1988.36,1638.72
5395,UB-002393,111,5,649.2,0.0,3246.0,2783.95
5396,UB-002393,128,3,177.32,0.0,531.96,425.73
5397,UB-002394,7,1,1041.19,0.0,1041.19,753.75
5398,UB-002395,132,1,1260.1,10.0,1134.09,810.08
5399,UB-002395,81,1,1063.45,10.0,957.11,710.48
5400,UB-002395,82,2,1015.64,15.0,1726.59,1370.66
5401,UB-002396,31,1,715.9,0.0,715.9,581.59
5402,UB-002396,143,2,827.97,10.0,1490.35,1229.42
5403,UB-002396,102,1,1184.02,0.0,1184.02,829.38
5404,UB-002396,7,2,1010.5,15.0,1717.85,1507.5
5405,UB-002396,20,2,978.8,10.0,1761.84,1348.48
5406,UB-002397,26,2,220.58,0.0,441.16,276.98
5407,UB-002398,46,3,214.96,15.0,548.15,503.43
5408,UB-002399,50,1,433.89,0.0,433.89,327.69
5409,UB-002400,14,2,756.18,0.0,1512.36,1139.28
5410,UB-002401,102,1,1176.95,0.0,1176.95,829.38
5411,UB-002401,53,2,1278.92,0.0,2557.84,1730.24
5412,UB-002401,84,1,1253.73,0.0,1253.73,812.12
5413,UB-002402,121,3,905.78,0.0,2717.34,2051.07
5414,UB-002402,132,3,1253.24,0.0,3759.72,2430.24
5415,UB-002402,137,2,1304.61,10.0,2348.3,1632.44
5416,UB-002402,23,2,921.44,0.0,1842.88,1255.08
5417,UB-002403,119,1,603.17,10.0,542.85,477.5
5418,UB-002403,60,1,182.28,5.0,173.17,144.82
5419,UB-002404,106,1,1046.65,10.0,941.99,719.76
5420,UB-002405,5,2,1362.23,10.0,2452.01,1744.5
5421,UB-002405,107,2,317.33,10.0,571.19,456.9
5422,UB-002405,61,2,1083.55,15.0,1842.03,1656.28
5423,UB-002406,52,1,657.41,0.0,657.41,457.32
5424,UB-002407,32,2,105.1,0.0,210.2,159.7
5425,UB-002407,123,5,475.83,10.0,2141.24,1644.5
5426,UB-002408,114,1,1027.12,5.0,975.76,645.87
5427,UB-002409,80,1,414.11,0.0,414.11,302.58
5428,UB-002409,106,5,1047.55,0.0,5237.75,3598.8
5429,UB-002410,8,4,371.98,5.0,1413.52,1173.76
5430,UB-002410,67,1,157.96,20.0,126.37,96.2
5431,UB-002411,105,4,1265.08,0.0,5060.32,3555.8
5432,UB-002411,45,1,814.41,10.0,732.97,610.87
5433,UB-002412,18,1,820.95,0.0,820.95,648.71
5434,UB-002413,10,1,95.44,0.0,95.44,70.79
5435,UB-002414,122,1,631.33,15.0,536.63,508.02
5436,UB-002415,67,5,158.94,10.0,715.23,481.0
5437,UB-002416,136,1,1410.2,0.0,1410.2,866.98
5438,UB-002416,78,1,783.13,5.0,743.97,544.75
5439,UB-002417,11,3,468.85,0.0,1406.55,1100.25
5440,UB-002417,108,2,1097.26,0.0,2194.52,1591.1
5441,UB-002418,11,2,453.52,0.0,907.04,733.5
5442,UB-002419,66,3,979.24,5.0,2790.83,2149.05
5443,UB-002419,39,1,851.86,0.0,851.86,614.07
5444,UB-002420,119,1,577.57,0.0,577.57,477.5
5445,UB-002421,5,1,1371.15,0.0,1371.15,872.25
5446,UB-002421,75,2,903.68,0.0,1807.36,1175.56
5447,UB-002421,129,1,1210.81,15.0,1029.19,766.85
5448,UB-002422,128,2,170.12,15.0,289.2,283.82
5449,UB-002422,21,1,776.13,0.0,776.13,582.06
5450,UB-002423,14,2,750.74,10.0,1351.33,1139.28
5451,UB-002423,40,1,361.44,0.0,361.44,255.94
5452,UB-002423,116,1,779.73,0.0,779.73,498.56
5453,UB-002423,1,5,304.06,0.0,1520.3,1051.55
5454,UB-002423,55,3,889.58,10.0,2401.87,1818.42
5455,UB-002424,142,1,472.54,5.0,448.91,406.29
5456,UB-002424,116,1,760.0,0.0,760.0,498.56
5457,UB-002424,27,1,1076.4,10.0,968.76,891.38
5458,UB-002425,126,1,1265.31,10.0,1138.78,803.5
5459,UB-002425,57,1,756.53,0.0,756.53,567.7
5460,UB-002426,124,1,530.73,5.0,504.19,445.56
5461,UB-002426,76,1,816.61,0.0,816.61,616.89
5462,UB-002426,48,4,353.74,0.0,1414.96,1018.52
5463,UB-002427,3,1,1126.81,0.0,1126.81,724.04
5464,UB-002427,23,1,908.74,10.0,817.87,627.54
5465,UB-002428,60,4,187.6,0.0,750.4,579.28
5466,UB-002429,98,2,563.22,15.0,957.47,934.66
5467,UB-002430,79,1,774.45,0.0,774.45,478.88
5468,UB-002430,28,1,873.93,0.0,873.93,673.25
5469,UB-002431,32,2,102.57,15.0,174.37,159.7
5470,UB-002431,72,2,981.5,10.0,1766.7,1483.2
5471,UB-002431,90,3,686.13,0.0,2058.39,1521.78
5472,UB-002432,67,1,153.83,0.0,153.83,96.2
5473,UB-002432,114,3,987.38,0.0,2962.14,1937.61
5474,UB-002433,64,3,322.36,5.0,918.73,642.81
5475,UB-002433,106,3,1045.9,5.0,2980.82,2159.28
5476,UB-002433,112,2,458.55,0.0,917.1,676.08
5477,UB-002434,109,2,161.78,5.0,307.38,197.6
5478,UB-002434,19,2,692.79,10.0,1247.02,948.42
5479,UB-002434,129,1,1193.83,0.0,1193.83,766.85
5480,UB-002435,14,3,772.6,5.0,2201.91,1708.92
5481,UB-002435,34,1,164.14,0.0,164.14,138.03
5482,UB-002436,90,1,694.91,0.0,694.91,507.26
5483,UB-002436,83,1,872.94,0.0,872.94,707.0
5484,UB-002436,17,1,851.63,15.0,723.89,644.64
5485,UB-002437,94,3,761.6,0.0,2284.8,1615.08
5486,UB-002437,93,1,92.73,15.0,78.82,72.83
5487,UB-002438,107,1,319.56,0.0,319.56,228.45
5488,UB-002439,91,1,456.24,15.0,387.8,321.07
5489,UB-002439,78,2,777.99,5.0,1478.18,1089.5
5490,UB-002440,29,4,713.89,0.0,2855.56,2145.28
5491,UB-002441,19,1,693.47,5.0,658.8,474.21
5492,UB-002441,65,2,707.99,10.0,1274.38,1051.2
5493,UB-002442,82,1,1040.1,5.0,988.09,685.33
5494,UB-002442,129,2,1153.61,0.0,2307.22,1533.7
5495,UB-002442,78,1,811.78,10.0,730.6,544.75
5496,UB-002443,49,5,967.28,10.0,4352.76,3070.2
5497,UB-002443,51,2,237.37,15.0,403.53,317.98
5498,UB-002443,68,1,218.28,5.0,207.37,161.19
5499,UB-002443,55,1,923.07,20.0,738.46,606.14
5500,UB-002444,47,3,108.1,5.0,308.08,262.44
5501,UB-002445,57,1,757.65,20.0,606.12,567.7
5502,UB-002445,14,1,736.21,0.0,736.21,569.64
5503,UB-002445,56,1,502.23,10.0,452.01,348.78
5504,UB-002446,23,3,918.64,0.0,2755.92,1882.62
5505,UB-002446,94,2,753.98,0.0,1507.96,1076.72
5506,UB-002446,37,1,1042.84,0.0,1042.84,831.45
5507,UB-002447,116,1,740.9,0.0,740.9,498.56
5508,UB-002448,97,1,1128.79,0.0,1128.79,712.55
5509,UB-002449,85,1,337.41,15.0,286.8,232.68
5510,UB-002450,121,2,913.21,0.0,1826.42,1367.38
5511,UB-002451,128,2,170.82,10.0,307.48,283.82
5512,UB-002452,83,1,878.83,5.0,834.89,707.0
5513,UB-002453,73,1,997.35,15.0,847.75,662.98
5514,UB-002454,47,1,106.59,5.0,101.26,87.48
5515,UB-002454,132,1,1279.79,5.0,1215.8,810.08
5516,UB-002455,20,1,971.45,5.0,922.88,674.24
5517,UB-002455,61,2,1088.89,5.0,2068.89,1656.28
5518,UB-002455,81,3,1065.89,0.0,3197.67,2131.44
5519,UB-002455,60,1,190.93,20.0,152.74,144.82
5520,UB-002455,87,3,382.78,0.0,1148.34,890.04
5521,UB-002456,76,3,813.24,0.0,2439.72,1850.67
5522,UB-002457,62,1,387.91,0.0,387.91,260.55
5523,UB-002458,29,1,745.88,5.0,708.59,536.32
5524,UB-002458,68,1,218.02,10.0,196.22,161.19
5525,UB-002458,92,2,829.15,0.0,1658.3,1049.02
5526,UB-002458,51,1,238.26,10.0,214.43,158.99
5527,UB-002458,78,2,801.89,0.0,1603.78,1089.5
5528,UB-002459,96,1,504.01,0.0,504.01,367.22
5529,UB-002459,104,2,1287.49,15.0,2188.73,1759.84
5530,UB-002459,79,1,767.7,10.0,690.93,478.88
5531,UB-002459,15,1,1236.45,0.0,1236.45,855.33
5532,UB-002460,57,2,791.34,20.0,1266.14,1135.4
5533,UB-002460,18,1,834.74,0.0,834.74,648.71
5534,UB-002460,24,1,95.42,0.0,95.42,61.51
5535,UB-002460,111,1,648.16,0.0,648.16,556.79
5536,UB-002461,5,2,1408.37,10.0,2535.07,1744.5
5537,UB-002461,117,2,534.53,5.0,1015.61,820.86
5538,UB-002461,78,1,792.48,0.0,792.48,544.75
5539,UB-002461,6,1,964.87,15.0,820.14,692.29
5540,UB-002461,53,1,1314.72,10.0,1183.25,865.12
5541,UB-002462,52,3,664.69,10.0,1794.66,1371.96
5542,UB-002462,32,1,103.37,15.0,87.86,79.85
5543,UB-002462,13,1,365.54,5.0,347.26,235.91
5544,UB-002462,95,1,484.94,0.0,484.94,369.8
5545,UB-002463,120,1,709.85,0.0,709.85,488.5
5546,UB-002463,18,2,847.0,5.0,1609.3,1297.42
5547,UB-002463,95,5,478.2,0.0,2391.0,1849.0
5548,UB-002464,122,2,657.86,0.0,1315.72,1016.04
5549,UB-002464,81,1,1051.6,20.0,841.28,710.48
5550,UB-002465,46,1,217.02,10.0,195.32,167.81
5551,UB-002466,25,2,661.61,0.0,1323.22,992.56
5552,UB-002466,84,2,1250.33,0.0,2500.66,1624.24
5553,UB-002466,58,2,570.78,0.0,1141.56,713.12
5554,UB-002467,78,2,794.92,0.0,1589.84,1089.5
5555,UB-002468,41,1,901.9,0.0,901.9,743.96
5556,UB-002468,119,1,590.63,0.0,590.63,477.5
5557,UB-002469,123,1,477.99,5.0,454.09,328.9
5558,UB-002469,129,2,1203.7,0.0,2407.4,1533.7
5559,UB-002469,5,3,1371.21,5.0,3907.95,2616.75
5560,UB-002469,79,3,764.71,5.0,2179.42,1436.64
5561,UB-002470,64,1,320.89,0.0,320.89,214.27
5562,UB-002470,92,1,836.81,5.0,794.97,524.51
5563,UB-002471,50,2,431.46,5.0,819.77,655.38
5564,UB-002471,81,2,1052.39,0.0,2104.78,1420.96
5565,UB-002471,28,2,908.46,0.0,1816.92,1346.5
5566,UB-002472,33,1,446.82,0.0,446.82,296.56
5567,UB-002472,125,1,327.74,20.0,262.19,213.73
5568,UB-002472,67,1,154.99,5.0,147.24,96.2
5569,UB-002472,121,2,900.31,15.0,1530.53,1367.38
5570,UB-002472,8,1,376.02,10.0,338.42,293.44
5571,UB-002473,112,3,454.85,0.0,1364.55,1014.12
5572,UB-002473,90,1,679.13,0.0,679.13,507.26
5573,UB-002473,89,1,595.3,5.0,565.53,419.15
5574,UB-002474,110,1,924.11,0.0,924.11,679.34
5575,UB-002474,61,1,1061.3,15.0,902.1,828.14
5576,UB-002474,62,1,390.75,5.0,371.21,260.55
5577,UB-002474,133,2,488.37,0.0,976.74,640.74
5578,UB-002475,67,1,151.69,0.0,151.69,96.2
5579,UB-002475,144,2,416.26,5.0,790.89,601.24
5580,UB-002476,136,2,1356.8,15.0,2306.56,1733.96
5581,UB-002476,44,1,760.94,0.0,760.94,587.81
5582,UB-002476,8,2,377.41,0.0,754.82,586.88
5583,UB-002477,120,1,747.18,5.0,709.82,488.5
5584,UB-002478,126,3,1254.4,0.0,3763.2,2410.5
5585,UB-002478,68,1,221.08,0.0,221.08,161.19
5586,UB-002479,48,2,357.06,0.0,714.12,509.26
5587,UB-002479,3,1,1147.45,0.0,1147.45,724.04
5588,UB-002479,30,1,1399.36,10.0,1259.42,865.11
5589,UB-002480,53,1,1271.03,0.0,1271.03,865.12
5590,UB-002480,16,3,1076.65,0.0,3229.95,2449.14
5591,UB-002481,133,1,510.25,0.0,510.25,320.37
5592,UB-002482,10,2,99.36,0.0,198.72,141.58
5593,UB-002482,131,1,927.89,0.0,927.89,688.03
5594,UB-002483,23,1,884.0,0.0,884.0,627.54
5595,UB-002483,75,1,889.9,0.0,889.9,587.78
5596,UB-002484,23,1,889.04,5.0,844.59,627.54
5597,UB-002484,81,1,1024.58,0.0,1024.58,710.48
5598,UB-002484,8,2,376.84,0.0,753.68,586.88
5599,UB-002485,15,2,1214.25,0.0,2428.5,1710.66
5600,UB-002486,101,2,1091.48,10.0,1964.66,1786.54
5601,UB-002486,60,2,189.55,15.0,322.24,289.64
5602,UB-002487,109,1,155.5,15.0,132.17,98.8
5603,UB-002487,81,1,1040.38,5.0,988.36,710.48
5604,UB-002487,27,2,1088.88,0.0,2177.76,1782.76
5605,UB-002487,96,1,507.48,0.0,507.48,367.22
5606,UB-002488,5,1,1349.76,10.0,1214.78,872.25
5607,UB-002488,57,1,788.21,0.0,788.21,567.7
5608,UB-002488,58,1,584.47,0.0,584.47,356.56
5609,UB-002489,49,2,935.62,0.0,1871.24,1228.08
5610,UB-002489,21,1,781.31,0.0,781.31,582.06
5611,UB-002489,144,3,421.36,0.0,1264.08,901.86
5612,UB-002490,36,1,854.01,0.0,854.01,533.78
5613,UB-002491,53,2,1295.25,5.0,2460.97,1730.24
5614,UB-002491,118,4,633.0,0.0,2532.0,1687.16
5615,UB-002491,115,1,1235.61,10.0,1112.05,798.92
5616,UB-002492,38,1,1084.29,0.0,1084.29,721.69
5617,UB-002492,140,1,288.86,10.0,259.97,195.06
5618,UB-002492,46,1,218.12,10.0,196.31,167.81
5619,UB-002493,7,1,1012.0,0.0,1012.0,753.75
5620,UB-002493,9,2,702.84,10.0,1265.11,1003.38
5621,UB-002493,113,1,875.91,15.0,744.52,695.0
5622,UB-002494,76,1,829.66,0.0,829.66,616.89
5623,UB-002494,50,1,441.26,0.0,441.26,327.69
5624,UB-002494,56,1,521.13,10.0,469.02,348.78
5625,UB-002495,37,1,1042.47,0.0,1042.47,831.45
5626,UB-002496,102,1,1199.08,0.0,1199.08,829.38
5627,UB-002496,19,1,682.18,0.0,682.18,474.21
5628,UB-002496,111,2,676.3,0.0,1352.6,1113.58
5629,UB-002497,47,3,108.77,0.0,326.31,262.44
5630,UB-002497,116,1,769.79,10.0,692.81,498.56
5631,UB-002497,122,1,653.99,5.0,621.29,508.02
5632,UB-002498,106,1,1045.1,20.0,836.08,719.76
5633,UB-002498,133,1,500.5,0.0,500.5,320.37
5634,UB-002498,132,1,1250.08,0.0,1250.08,810.08
5635,UB-002499,13,1,364.99,0.0,364.99,235.91
5636,UB-002499,139,1,701.54,5.0,666.46,504.16
5637,UB-002499,41,1,918.04,0.0,918.04,743.96
5638,UB-002500,42,2,612.42,0.0,1224.84,796.76
5639,UB-002500,104,1,1274.27,0.0,1274.27,879.92
5640,UB-002500,111,3,660.59,0.0,1981.77,1670.37
5641,UB-002501,91,5,462.65,5.0,2197.59,1605.35
5642,UB-002501,138,1,886.47,5.0,842.15,604.6
5643,UB-002501,136,3,1414.87,5.0,4032.38,2600.94
5644,UB-002502,69,1,305.24,5.0,289.98,234.6
5645,UB-002502,143,3,789.04,15.0,2012.05,1844.13
5646,UB-002503,6,2,988.87,0.0,1977.74,1384.58
5647,UB-002503,86,1,498.53,5.0,473.6,409.68
5648,UB-002503,82,1,1017.76,10.0,915.98,685.33
5649,UB-002504,71,2,190.08,0.0,380.16,244.14
5650,UB-002505,62,1,374.67,10.0,337.2,260.55
5651,UB-002505,86,2,501.68,10.0,903.02,819.36
5652,UB-002506,132,1,1253.79,0.0,1253.79,810.08
5653,UB-002506,117,1,555.18,5.0,527.42,410.43
5654,UB-002506,116,1,769.24,0.0,769.24,498.56
5655,UB-002506,130,4,923.15,5.0,3507.97,2614.12
5656,UB-002507,103,2,889.03,0.0,1778.06,1363.04
5657,UB-002507,72,2,956.04,5.0,1816.48,1483.2
5658,UB-002508,93,2,93.93,0.0,187.86,145.66
5659,UB-002508,124,1,533.38,10.0,480.04,445.56
5660,UB-002508,123,2,480.53,10.0,864.95,657.8
5661,UB-002508,84,1,1243.05,10.0,1118.74,812.12
5662,UB-002509,54,1,1041.46,0.0,1041.46,807.18
5663,UB-002509,37,4,1024.45,10.0,3688.02,3325.8
5664,UB-002509,17,1,853.3,0.0,853.3,644.64
5665,UB-002510,53,1,1255.23,5.0,1192.47,865.12
5666,UB-002511,49,2,956.05,5.0,1816.49,1228.08
5667,UB-002511,45,2,823.16,10.0,1481.69,1221.74
5668,UB-002512,82,2,1019.03,0.0,2038.06,1370.66
5669,UB-002513,135,1,627.85,0.0,627.85,397.42
5670,UB-002513,81,3,1035.99,20.0,2486.38,2131.44
5671,UB-002513,30,2,1396.97,0.0,2793.94,1730.22
5672,UB-002514,52,1,642.36,0.0,642.36,457.32
5673,UB-002515,92,2,818.71,15.0,1391.81,1049.02
5674,UB-002515,6,1,979.27,15.0,832.38,692.29
5675,UB-002515,51,1,232.59,0.0,232.59,158.99
5676,UB-002516,86,1,499.75,0.0,499.75,409.68
5677,UB-002516,126,1,1271.42,0.0,1271.42,803.5
5678,UB-002517,114,1,1026.16,0.0,1026.16,645.87
5679,UB-002517,38,3,1048.83,0.0,3146.49,2165.07
5680,UB-002517,124,1,527.51,5.0,501.13,445.56
5681,UB-002517,27,1,1047.04,20.0,837.63,891.38
5682,UB-002517,57,1,752.73,20.0,602.18,567.7
5683,UB-002518,60,2,183.15,0.0,366.3,289.64
5684,UB-002518,103,1,929.61,0.0,929.61,681.52
5685,UB-002519,97,5,1107.68,0.0,5538.4,3562.75
5686,UB-002520,39,1,848.57,0.0,848.57,614.07
5687,UB-002520,83,1,850.06,0.0,850.06,707.0
5688,UB-002520,96,1,491.94,5.0,467.34,367.22
5689,UB-002521,77,1,277.79,0.0,277.79,195.63
5690,UB-002522,34,2,164.29,0.0,328.58,276.06
5691,UB-002522,77,2,281.49,0.0,562.98,391.26
5692,UB-002522,12,3,559.39,0.0,1678.17,1276.98
5693,UB-002523,91,1,460.64,5.0,437.61,321.07
5694,UB-002523,66,2,956.45,0.0,1912.9,1432.7
5695,UB-002524,98,3,568.91,10.0,1536.06,1401.99
5696,UB-002525,5,1,1347.42,0.0,1347.42,872.25
5697,UB-002526,102,3,1205.56,0.0,3616.68,2488.14
5698,UB-002526,38,1,1028.05,0.0,1028.05,721.69
5699,UB-002527,143,3,818.98,5.0,2334.09,1844.13
5700,UB-002528,134,3,917.52,0.0,2752.56,1899.6
5701,UB-002529,102,3,1186.21,10.0,3202.77,2488.14
5702,UB-002530,94,1,771.12,0.0,771.12,538.36
5703,UB-002530,120,3,707.02,10.0,1908.95,1465.5
5704,UB-002531,25,2,650.92,0.0,1301.84,992.56
5705,UB-002532,1,1,302.18,10.0,271.96,210.31
5706,UB-002532,57,2,775.85,20.0,1241.36,1135.4
5707,UB-002533,6,4,989.18,0.0,3956.72,2769.16
5708,UB-002533,101,4,1132.78,10.0,4078.01,3573.08
5709,UB-002533,129,3,1189.96,0.0,3569.88,2300.55
5710,UB-002534,59,2,304.33,5.0,578.23,483.76
5711,UB-002534,124,3,530.12,5.0,1510.84,1336.68
5712,UB-002535,47,1,107.22,5.0,101.86,87.48
5713,UB-002535,61,1,1068.65,0.0,1068.65,828.14
5714,UB-002536,133,1,509.68,0.0,509.68,320.37
5715,UB-002536,138,1,907.75,0.0,907.75,604.6
5716,UB-002536,71,1,185.58,0.0,185.58,122.07
5717,UB-002536,32,1,107.08,10.0,96.37,79.85
5718,UB-002537,13,1,375.77,0.0,375.77,235.91
5719,UB-002537,28,3,867.65,0.0,2602.95,2019.75
5720,UB-002537,113,1,859.81,0.0,859.81,695.0
5721,UB-002538,116,3,770.76,10.0,2081.05,1495.68
5722,UB-002538,45,4,818.17,0.0,3272.68,2443.48
5723,UB-002539,126,1,1243.64,10.0,1119.28,803.5
5724,UB-002539,61,2,1089.61,0.0,2179.22,1656.28
5725,UB-002540,58,1,576.13,5.0,547.32,356.56
5726,UB-002540,96,1,511.25,5.0,485.69,367.22
5727,UB-002540,93,3,91.06,5.0,259.52,218.49
5728,UB-002541,44,1,763.69,0.0,763.69,587.81
5729,UB-002541,99,1,116.48,10.0,104.83,80.94
5730,UB-002542,73,1,983.06,10.0,884.75,662.98
5731,UB-002543,105,1,1274.53,0.0,1274.53,888.95
5732,UB-002544,121,1,897.86,0.0,897.86,683.69
5733,UB-002544,132,2,1271.87,15.0,2162.18,1620.16
5734,UB-002544,118,1,618.48,0.0,618.48,421.79
5735,UB-002545,36,4,822.61,5.0,3125.92,2135.12
5736,UB-002545,15,1,1223.37,0.0,1223.37,855.33
5737,UB-002546,96,2,512.23,0.0,1024.46,734.44
5738,UB-002547,136,1,1380.02,5.0,1311.02,866.98
5739,UB-002547,88,2,711.18,15.0,1209.01,1107.78
5740,UB-002548,104,2,1288.11,5.0,2447.41,1759.84
5741,UB-002549,30,1,1377.75,20.0,1102.2,865.11
5742,UB-002550,45,2,787.6,20.0,1260.16,1221.74
5743,UB-002550,109,2,159.38,15.0,270.95,197.6
5744,UB-002550,137,3,1309.2,5.0,3731.22,2448.66
5745,UB-002551,58,1,554.89,0.0,554.89,356.56
5746,UB-002551,48,1,359.02,0.0,359.02,254.63
5747,UB-002551,83,2,857.23,5.0,1628.74,1414.0
5748,UB-002551,56,1,509.77,5.0,484.28,348.78
5749,UB-002552,135,3,609.41,0.0,1828.23,1192.26
5750,UB-002552,1,2,306.47,10.0,551.65,420.62
5751,UB-002553,48,3,362.3,0.0,1086.9,763.89
5752,UB-002553,52,1,638.95,0.0,638.95,457.32
5753,UB-002553,15,4,1255.66,5.0,4771.51,3421.32
5754,UB-002554,2,1,497.89,10.0,448.1,371.22
5755,UB-002554,130,3,916.51,0.0,2749.53,1960.59
5756,UB-002554,56,2,503.0,0.0,1006.0,697.56
5757,UB-002554,96,2,511.45,10.0,920.61,734.44
5758,UB-002555,107,2,329.57,0.0,659.14,456.9
5759,UB-002555,79,1,756.1,0.0,756.1,478.88
5760,UB-002556,19,2,673.32,15.0,1144.64,948.42
5761,UB-002556,42,1,609.24,0.0,609.24,398.38
5762,UB-002556,21,2,792.96,0.0,1585.92,1164.12
5763,UB-002557,114,2,1010.62,0.0,2021.24,1291.74
5764,UB-002558,17,3,845.36,0.0,2536.08,1933.92
5765,UB-002559,105,1,1256.5,0.0,1256.5,888.95
5766,UB-002559,28,2,873.97,0.0,1747.94,1346.5
5767,UB-002560,17,5,868.17,0.0,4340.85,3223.2
5768,UB-002560,121,1,882.39,0.0,882.39,683.69
5769,UB-002561,24,1,95.98,10.0,86.38,61.51
5770,UB-002561,35,1,770.76,0.0,770.76,567.63
5771,UB-002562,122,4,642.26,10.0,2312.14,2032.08
5772,UB-002562,55,1,879.78,0.0,879.78,606.14
5773,UB-002562,41,2,940.81,20.0,1505.3,1487.92
5774,UB-002563,95,1,476.67,10.0,429.0,369.8
5775,UB-002563,120,2,725.32,0.0,1450.64,977.0
5776,UB-002563,33,2,449.42,0.0,898.84,593.12
5777,UB-002564,142,1,475.81,5.0,452.02,406.29
5778,UB-002564,69,1,318.42,0.0,318.42,234.6
5779,UB-002565,54,1,1051.46,0.0,1051.46,807.18
5780,UB-002566,47,3,106.54,0.0,319.62,262.44
5781,UB-002566,27,1,1099.41,10.0,989.47,891.38
5782,UB-002567,120,1,709.51,0.0,709.51,488.5
5783,UB-002567,59,1,298.05,0.0,298.05,241.88
5784,UB-002567,84,1,1261.28,20.0,1009.02,812.12
5785,UB-002568,8,2,383.33,0.0,766.66,586.88
5786,UB-002569,81,1,1036.31,0.0,1036.31,710.48
5787,UB-002570,56,4,530.76,0.0,2123.04,1395.12
5788,UB-002570,8,4,371.7,0.0,1486.8,1173.76
5789,UB-002570,140,1,303.43,0.0,303.43,195.06
5790,UB-002571,18,1,812.07,10.0,730.86,648.71
5791,UB-002572,63,2,258.47,0.0,516.94,334.46
5792,UB-002573,30,1,1343.88,10.0,1209.49,865.11
5793,UB-002573,26,1,223.68,0.0,223.68,138.49
5794,UB-002573,105,5,1258.07,15.0,5346.8,4444.75
5795,UB-002573,19,1,695.67,10.0,626.1,474.21
5796,UB-002573,108,1,1134.16,0.0,1134.16,795.55
5797,UB-002574,33,1,450.16,5.0,427.65,296.56
5798,UB-002575,68,2,222.14,10.0,399.85,322.38
5799,UB-002576,102,1,1198.33,0.0,1198.33,829.38
5800,UB-002576,36,1,827.07,5.0,785.72,533.78
5801,UB-002577,17,1,857.78,10.0,772.0,644.64
5802,UB-002577,54,3,1007.02,0.0,3021.06,2421.54
5803,UB-002577,83,1,879.48,0.0,879.48,707.0
5804,UB-002577,15,1,1229.9,15.0,1045.41,855.33
5805,UB-002577,36,4,829.9,5.0,3153.62,2135.12
5806,UB-002578,29,1,739.57,15.0,628.63,536.32
5807,UB-002579,27,2,1086.67,5.0,2064.67,1782.76
5808,UB-002580,72,1,957.46,0.0,957.46,741.6
5809,UB-002581,74,2,1128.84,10.0,2031.91,1765.78
5810,UB-002581,90,1,706.6,0.0,706.6,507.26
5811,UB-002582,99,2,109.8,0.0,219.6,161.88
5812,UB-002582,17,2,874.78,0.0,1749.56,1289.28
5813,UB-002582,64,2,329.85,0.0,659.7,428.54
5814,UB-002583,100,1,204.48,0.0,204.48,158.88
5815,UB-002583,111,3,670.96,5.0,1912.24,1670.37
5816,UB-002584,50,1,431.46,10.0,388.31,327.69
5817,UB-002584,94,1,754.62,0.0,754.62,538.36
5818,UB-002585,27,1,1080.13,0.0,1080.13,891.38
5819,UB-002585,94,3,758.62,0.0,2275.86,1615.08
5820,UB-002585,83,1,840.32,5.0,798.3,707.0
5821,UB-002586,115,1,1188.61,0.0,1188.61,798.92
5822,UB-002586,29,3,728.45,10.0,1966.82,1608.96
5823,UB-002586,105,2,1233.03,0.0,2466.06,1777.9
5824,UB-002587,106,3,1051.45,0.0,3154.35,2159.28
5825,UB-002588,120,1,727.14,0.0,727.14,488.5
5826,UB-002588,60,1,192.84,5.0,183.2,144.82
5827,UB-002588,55,2,915.04,10.0,1647.07,1212.28
5828,UB-002589,61,3,1089.9,0.0,3269.7,2484.42
5829,UB-002589,74,3,1126.13,10.0,3040.55,2648.67
5830,UB-002590,47,2,107.25,5.0,203.77,174.96
5831,UB-002590,101,1,1143.81,20.0,915.05,893.27
5832,UB-002591,54,3,1005.93,0.0,3017.79,2421.54
5833,UB-002592,127,1,306.79,0.0,306.79,222.26
5834,UB-002593,45,1,812.68,20.0,650.14,610.87
5835,UB-002593,37,1,1039.13,0.0,1039.13,831.45
5836,UB-002594,20,4,947.32,0.0,3789.28,2696.96
5837,UB-002595,30,1,1328.61,15.0,1129.32,865.11
5838,UB-002595,86,1,480.34,0.0,480.34,409.68
5839,UB-002595,26,2,220.11,5.0,418.21,276.98
5840,UB-002595,59,1,289.76,0.0,289.76,241.88
5841,UB-002595,42,1,587.76,0.0,587.76,398.38
5842,UB-002596,59,1,298.61,0.0,298.61,241.88
5843,UB-002596,75,2,876.4,5.0,1665.16,1175.56
5844,UB-002597,63,1,253.76,0.0,253.76,167.23
5845,UB-002598,103,4,890.14,10.0,3204.5,2726.08
5846,UB-002598,11,3,463.61,5.0,1321.29,1100.25
5847,UB-002598,28,1,905.99,0.0,905.99,673.25
5848,UB-002599,53,1,1296.55,0.0,1296.55,865.12
5849,UB-002599,25,1,651.23,0.0,651.23,496.28
5850,UB-002600,81,1,1012.58,10.0,911.32,710.48
5851,UB-002600,36,1,862.03,10.0,775.83,533.78
5852,UB-002600,117,1,547.99,0.0,547.99,410.43
5853,UB-002600,53,1,1290.41,5.0,1225.89,865.12
5854,UB-002600,37,2,1077.53,10.0,1939.55,1662.9
5855,UB-002601,120,1,715.71,5.0,679.92,488.5
5856,UB-002601,29,2,742.26,10.0,1336.07,1072.64
5857,UB-002602,2,1,504.35,10.0,453.92,371.22
5858,UB-002602,80,3,396.42,15.0,1010.87,907.74
5859,UB-002602,4,4,779.17,5.0,2960.85,2433.36
5860,UB-002602,58,1,589.02,5.0,559.57,356.56
5861,UB-002602,45,2,791.36,0.0,1582.72,1221.74
5862,UB-002603,106,1,1033.55,0.0,1033.55,719.76
5863,UB-002604,140,1,299.41,5.0,284.44,195.06
5864,UB-002604,47,1,106.66,5.0,101.33,87.48
5865,UB-002605,72,3,991.81,0.0,2975.43,2224.8
5866,UB-002606,94,3,748.26,0.0,2244.78,1615.08
5867,UB-002606,87,5,389.13,0.0,1945.65,1483.4
5868,UB-002607,30,5,1334.63,0.0,6673.15,4325.55
5869,UB-002608,119,3,595.55,0.0,1786.65,1432.5
5870,UB-002608,48,5,353.9,15.0,1504.08,1273.15
5871,UB-002609,35,1,812.83,0.0,812.83,567.63
5872,UB-002610,25,1,670.7,0.0,670.7,496.28
5873,UB-002610,12,1,574.23,5.0,545.52,425.66
5874,UB-002611,104,1,1257.39,15.0,1068.78,879.92
5875,UB-002612,23,1,878.79,0.0,878.79,627.54
5876,UB-002612,113,2,854.09,0.0,1708.18,1390.0
5877,UB-002612,45,1,794.03,0.0,794.03,610.87
5878,UB-002613,110,3,933.47,5.0,2660.39,2038.02
5879,UB-002613,89,2,593.48,20.0,949.57,838.3
5880,UB-002614,75,1,909.69,0.0,909.69,587.78
5881,UB-002614,46,1,218.25,15.0,185.51,167.81
5882,UB-002614,19,3,676.43,0.0,2029.29,1422.63
5883,UB-002614,27,1,1052.75,15.0,894.84,891.38
5884,UB-002615,62,1,394.5,10.0,355.05,260.55
5885,UB-002615,6,1,984.99,15.0,837.24,692.29
5886,UB-002615,73,2,978.53,0.0,1957.06,1325.96
5887,UB-002616,10,4,98.6,0.0,394.4,283.16
5888,UB-002617,128,1,172.89,0.0,172.89,141.91
5889,UB-002618,20,2,944.95,0.0,1889.9,1348.48
5890,UB-002618,59,2,305.38,5.0,580.22,483.76
5891,UB-002619,71,1,193.2,0.0,193.2,122.07
5892,UB-002619,3,3,1118.95,5.0,3189.01,2172.12
5893,UB-002620,68,1,226.94,20.0,181.55,161.19
5894,UB-002620,23,3,882.1,0.0,2646.3,1882.62
5895,UB-002620,40,4,366.82,15.0,1247.19,1023.76
5896,UB-002620,21,2,790.91,5.0,1502.73,1164.12
5897,UB-002621,90,2,688.46,0.0,1376.92,1014.52
5898,UB-002621,122,2,629.75,15.0,1070.58,1016.04
5899,UB-002621,31,1,729.39,10.0,656.45,581.59
5900,UB-002621,26,1,217.87,0.0,217.87,138.49
5901,UB-002621,144,3,420.89,0.0,1262.67,901.86
5902,UB-002622,1,1,307.81,10.0,277.03,210.31
5903,UB-002623,144,1,422.76,10.0,380.48,300.62
5904,UB-002623,39,4,860.28,0.0,3441.12,2456.28
5905,UB-002623,141,1,270.42,0.0,270.42,185.67
5906,UB-002624,134,5,925.66,0.0,4628.3,3166.0
5907,UB-002624,118,1,642.06,5.0,609.96,421.79
5908,UB-002625,76,1,823.51,0.0,823.51,616.89
5909,UB-002625,48,2,357.02,15.0,606.93,509.26
5910,UB-002625,44,3,795.15,0.0,2385.45,1763.43
5911,UB-002625,18,1,817.19,20.0,653.75,648.71
5912,UB-002626,53,1,1308.04,15.0,1111.83,865.12
5913,UB-002626,92,1,823.78,0.0,823.78,524.51
5914,UB-002627,114,1,1026.03,0.0,1026.03,645.87
5915,UB-002628,97,5,1113.94,0.0,5569.7,3562.75
5916,UB-002628,69,3,307.57,0.0,922.71,703.8
5917,UB-002628,1,1,299.07,10.0,269.16,210.31
5918,UB-002629,14,2,774.21,0.0,1548.42,1139.28
5919,UB-002629,140,3,296.6,0.0,889.8,585.18
5920,UB-002630,57,1,760.59,0.0,760.59,567.7
5921,UB-002631,100,1,200.83,15.0,170.71,158.88
5922,UB-002631,87,2,392.86,0.0,785.72,593.36
5923,UB-002631,129,1,1156.99,0.0,1156.99,766.85
5924,UB-002631,140,1,301.78,0.0,301.78,195.06
5925,UB-002631,130,1,930.13,15.0,790.61,653.53
5926,UB-002632,66,1,943.8,0.0,943.8,716.35
5927,UB-002632,104,1,1242.64,5.0,1180.51,879.92
5928,UB-002633,27,1,1081.07,5.0,1027.02,891.38
5929,UB-002633,142,1,497.23,5.0,472.37,406.29
5930,UB-002633,2,1,486.1,10.0,437.49,371.22
5931,UB-002633,91,2,466.79,0.0,933.58,642.14
5932,UB-002633,141,1,274.59,0.0,274.59,185.67
5933,UB-002634,65,2,713.42,5.0,1355.5,1051.2
5934,UB-002634,136,1,1362.78,0.0,1362.78,866.98
5935,UB-002635,86,1,484.6,0.0,484.6,409.68
5936,UB-002635,14,2,763.17,10.0,1373.71,1139.28
5937,UB-002635,133,1,493.19,0.0,493.19,320.37
5938,UB-002636,126,1,1235.99,15.0,1050.59,803.5
5939,UB-002636,61,1,1074.73,0.0,1074.73,828.14
5940,UB-002636,85,2,337.09,20.0,539.34,465.36
5941,UB-002636,27,1,1058.74,0.0,1058.74,891.38
5942,UB-002637,30,1,1320.03,0.0,1320.03,865.11
5943,UB-002638,42,2,615.2,5.0,1168.88,796.76
5944,UB-002638,24,1,94.03,15.0,79.93,61.51
5945,UB-002639,118,5,629.9,0.0,3149.5,2108.95
5946,UB-002639,138,1,911.17,5.0,865.61,604.6
5947,UB-002639,136,1,1408.27,15.0,1197.03,866.98
5948,UB-002639,7,3,1030.29,0.0,3090.87,2261.25
5949,UB-002640,97,3,1118.38,10.0,3019.63,2137.65
5950,UB-002641,109,2,161.38,15.0,274.35,197.6
5951,UB-002641,47,1,106.77,0.0,106.77,87.48
5952,UB-002642,7,1,1028.18,0.0,1028.18,753.75
5953,UB-002643,88,1,691.15,10.0,622.03,553.89
5954,UB-002644,108,1,1128.37,5.0,1071.95,795.55
5955,UB-002644,138,1,901.44,10.0,811.3,604.6
5956,UB-002645,50,1,432.66,15.0,367.76,327.69
5957,UB-002646,142,1,485.64,10.0,437.08,406.29
5958,UB-002646,36,1,837.34,0.0,837.34,533.78
5959,UB-002646,19,3,698.84,0.0,2096.52,1422.63
5960,UB-002646,47,2,109.02,5.0,207.14,174.96
5961,UB-002647,130,2,931.25,0.0,1862.5,1307.06
5962,UB-002647,82,1,1069.11,0.0,1069.11,685.33
5963,UB-002648,140,1,288.93,15.0,245.59,195.06
5964,UB-002648,4,2,791.87,15.0,1346.18,1216.68
5965,UB-002648,104,1,1239.12,0.0,1239.12,879.92
5966,UB-002649,131,1,934.4,15.0,794.24,688.03
5967,UB-002649,132,1,1217.69,0.0,1217.69,810.08
5968,UB-002650,47,1,105.93,0.0,105.93,87.48
5969,UB-002650,43,2,167.37,0.0,334.74,233.76
5970,UB-002650,19,3,688.81,10.0,1859.79,1422.63
5971,UB-002650,89,1,600.89,15.0,510.76,419.15
5972,UB-002650,78,2,786.99,10.0,1416.58,1089.5
5973,UB-002651,30,1,1388.7,15.0,1180.39,865.11
5974,UB-002651,90,1,672.7,10.0,605.43,507.26
5975,UB-002651,51,1,236.0,10.0,212.4,158.99
5976,UB-002651,43,3,171.52,0.0,514.56,350.64
5977,UB-002651,103,4,904.27,10.0,3255.37,2726.08
5978,UB-002652,140,1,301.89,10.0,271.7,195.06
5979,UB-002652,114,1,1043.97,10.0,939.57,645.87
5980,UB-002652,7,1,1051.37,20.0,841.1,753.75
5981,UB-002653,90,1,692.19,5.0,657.58,507.26
5982,UB-002654,105,3,1281.58,0.0,3844.74,2666.85
5983,UB-002655,44,1,767.74,15.0,652.58,587.81
5984,UB-002656,11,2,476.99,0.0,953.98,733.5
5985,UB-002656,73,2,969.99,10.0,1745.98,1325.96
5986,UB-002657,32,1,105.33,5.0,100.06,79.85
5987,UB-002658,49,3,980.59,10.0,2647.59,1842.12
5988,UB-002658,91,2,465.2,20.0,744.32,642.14
5989,UB-002659,61,2,1066.09,5.0,2025.57,1656.28
5990,UB-002659,102,1,1226.22,0.0,1226.22,829.38
5991,UB-002660,19,2,686.48,10.0,1235.66,948.42
5992,UB-002661,53,1,1315.91,5.0,1250.11,865.12
5993,UB-002661,114,1,993.26,0.0,993.26,645.87
5994,UB-002662,123,1,477.69,0.0,477.69,328.9
5995,UB-002662,120,2,739.83,5.0,1405.68,977.0
5996,UB-002663,77,1,273.17,0.0,273.17,195.63
5997,UB-002664,136,1,1400.47,0.0,1400.47,866.98
5998,UB-002665,144,2,410.71,5.0,780.35,601.24
5999,UB-002665,126,1,1262.93,5.0,1199.78,803.5
6000,UB-002665,109,1,153.97,0.0,153.97,98.8
6001,UB-002666,12,1,573.96,0.0,573.96,425.66
6002,UB-002667,140,2,294.85,0.0,589.7,390.12
6003,UB-002668,27,1,1088.72,0.0,1088.72,891.38
6004,UB-002668,1,1,311.19,10.0,280.07,210.31
6005,UB-002669,78,3,785.23,0.0,2355.69,1634.25
6006,UB-002670,28,2,877.78,20.0,1404.45,1346.5
6007,UB-002670,43,2,174.11,20.0,278.58,233.76
6008,UB-002671,89,1,602.99,0.0,602.99,419.15
6009,UB-002671,128,1,169.38,0.0,169.38,141.91
6010,UB-002671,95,1,470.8,0.0,470.8,369.8
6011,UB-002672,128,1,177.65,10.0,159.89,141.91
6012,UB-002672,13,1,363.02,0.0,363.02,235.91
6013,UB-002672,112,3,449.35,0.0,1348.05,1014.12
6014,UB-002673,72,1,965.82,5.0,917.53,741.6
6015,UB-002674,109,1,161.38,0.0,161.38,98.8
6016,UB-002675,120,1,724.09,5.0,687.89,488.5
6017,UB-002675,55,1,911.59,0.0,911.59,606.14
6018,UB-002675,94,3,741.06,0.0,2223.18,1615.08
6019,UB-002675,109,2,154.65,0.0,309.3,197.6
6020,UB-002676,137,1,1256.45,10.0,1130.81,816.22
6021,UB-002676,103,1,922.27,15.0,783.93,681.52
6022,UB-002676,58,1,570.73,0.0,570.73,356.56
6023,UB-002676,32,1,107.42,0.0,107.42,79.85
6024,UB-002677,137,1,1323.16,0.0,1323.16,816.22
6025,UB-002678,41,2,901.01,0.0,1802.02,1487.92
6026,UB-002678,142,2,494.93,10.0,890.87,812.58
6027,UB-002678,98,3,594.84,15.0,1516.84,1401.99
6028,UB-002678,79,2,776.66,5.0,1475.65,957.76
6029,UB-002679,76,1,812.38,10.0,731.14,616.89
6030,UB-002679,16,1,1050.94,20.0,840.75,816.38
6031,UB-002679,18,1,819.01,0.0,819.01,648.71
6032,UB-002680,54,3,1050.12,0.0,3150.36,2421.54
6033,UB-002681,87,1,382.0,0.0,382.0,296.68
6034,UB-002682,45,1,822.11,0.0,822.11,610.87
6035,UB-002682,75,3,889.21,5.0,2534.25,1763.34
6036,UB-002682,54,1,1013.59,10.0,912.23,807.18
6037,UB-002683,3,1,1130.02,20.0,904.02,724.04
6038,UB-002684,25,2,649.31,0.0,1298.62,992.56
6039,UB-002685,96,1,498.11,0.0,498.11,367.22
6040,UB-002685,130,2,912.47,10.0,1642.45,1307.06
6041,UB-002685,50,2,420.79,20.0,673.26,655.38
6042,UB-002686,35,2,807.77,5.0,1534.76,1135.26
6043,UB-002687,98,2,592.75,0.0,1185.5,934.66
6044,UB-002688,80,1,404.8,0.0,404.8,302.58
6045,UB-002688,13,1,364.99,0.0,364.99,235.91
6046,UB-002689,108,1,1144.84,10.0,1030.36,795.55
6047,UB-002689,6,1,997.46,20.0,797.97,692.29
6048,UB-002689,123,1,460.09,0.0,460.09,328.9
6049,UB-002690,20,1,962.07,5.0,913.97,674.24
6050,UB-002691,69,1,320.26,5.0,304.25,234.6
6051,UB-002691,107,4,316.73,5.0,1203.57,913.8
6052,UB-002691,77,2,278.3,0.0,556.6,391.26
6053,UB-002691,31,1,715.51,15.0,608.18,581.59
6054,UB-002692,44,2,799.05,0.0,1598.1,1175.62
6055,UB-002692,121,2,917.6,10.0,1651.68,1367.38
6056,UB-002692,103,2,936.47,15.0,1592.0,1363.04
6057,UB-002692,109,3,156.14,0.0,468.42,296.4
6058,UB-002693,130,1,900.41,0.0,900.41,653.53
6059,UB-002693,2,1,497.79,5.0,472.9,371.22
6060,UB-002694,59,1,294.21,0.0,294.21,241.88
6061,UB-002694,107,1,315.61,0.0,315.61,228.45
6062,UB-002694,60,3,189.87,10.0,512.65,434.46
6063,UB-002694,142,1,497.16,0.0,497.16,406.29
6064,UB-002695,47,2,105.8,0.0,211.6,174.96
6065,UB-002696,139,2,730.67,5.0,1388.27,1008.32
6066,UB-002696,116,1,779.82,0.0,779.82,498.56
6067,UB-002696,97,2,1155.49,20.0,1848.78,1425.1
6068,UB-002696,16,1,1048.64,0.0,1048.64,816.38
6069,UB-002696,31,2,739.4,0.0,1478.8,1163.18
6070,UB-002697,136,1,1374.58,0.0,1374.58,866.98
6071,UB-002697,50,2,430.75,0.0,861.5,655.38
6072,UB-002698,77,3,270.22,0.0,810.66,586.89
6073,UB-002698,18,1,809.61,10.0,728.65,648.71
6074,UB-002698,52,1,664.53,0.0,664.53,457.32
6075,UB-002698,118,2,633.65,5.0,1203.93,843.58
6076,UB-002698,108,4,1100.33,0.0,4401.32,3182.2
6077,UB-002699,111,1,667.16,0.0,667.16,556.79
6078,UB-002700,21,2,781.04,0.0,1562.08,1164.12
6079,UB-002700,70,1,1394.33,0.0,1394.33,864.59
6080,UB-002701,22,2,645.07,0.0,1290.14,951.32
6081,UB-002702,60,2,183.58,0.0,367.16,289.64
6082,UB-002702,18,4,843.7,0.0,3374.8,2594.84
6083,UB-002703,37,2,1033.96,0.0,2067.92,1662.9
6084,UB-002704,64,1,333.43,15.0,283.42,214.27
6085,UB-002704,127,2,297.36,20.0,475.78,444.52
6086,UB-002704,4,1,806.02,10.0,725.42,608.34
6087,UB-002704,59,2,299.86,0.0,599.72,483.76
6088,UB-002705,100,1,205.97,0.0,205.97,158.88
6089,UB-002706,85,1,334.38,10.0,300.94,232.68
6090,UB-002706,136,2,1352.81,10.0,2435.06,1733.96
6091,UB-002706,129,1,1188.94,20.0,951.15,766.85
6092,UB-002707,56,1,525.23,15.0,446.45,348.78
6093,UB-002707,16,1,1102.4,0.0,1102.4,816.38
6094,UB-002707,131,2,889.11,0.0,1778.22,1376.06
6095,UB-002707,95,1,481.04,10.0,432.94,369.8
6096,UB-002708,86,1,501.56,10.0,451.4,409.68
6097,UB-002708,10,2,95.93,0.0,191.86,141.58
6098,UB-002708,16,1,1070.22,0.0,1070.22,816.38
6099,UB-002709,33,5,435.87,0.0,2179.35,1482.8
6100,UB-002709,89,1,585.16,0.0,585.16,419.15
6101,UB-002709,84,1,1249.34,15.0,1061.94,812.12
6102,UB-002709,121,5,907.09,10.0,4081.9,3418.45
6103,UB-002710,61,1,1087.32,10.0,978.59,828.14
6104,UB-002711,112,2,458.25,0.0,916.5,676.08
6105,UB-002711,39,4,895.01,0.0,3580.04,2456.28
6106,UB-002711,7,1,1019.65,5.0,968.67,753.75
6107,UB-002712,36,2,856.43,5.0,1627.22,1067.56
6108,UB-002712,54,3,1026.57,10.0,2771.74,2421.54
6109,UB-002713,113,2,894.24,0.0,1788.48,1390.0
6110,UB-002714,48,2,356.84,10.0,642.31,509.26
6111,UB-002715,11,2,455.74,0.0,911.48,733.5
6112,UB-002715,73,2,968.33,5.0,1839.83,1325.96
6113,UB-002715,9,1,690.47,0.0,690.47,501.69
6114,UB-002716,93,1,90.76,15.0,77.15,72.83
6115,UB-002716,77,1,271.82,0.0,271.82,195.63
6116,UB-002716,80,2,404.64,0.0,809.28,605.16
6117,UB-002716,60,2,187.98,0.0,375.96,289.64
6118,UB-002716,107,2,317.76,5.0,603.74,456.9
6119,UB-002717,53,2,1278.63,0.0,2557.26,1730.24
6120,UB-002717,138,4,915.66,0.0,3662.64,2418.4
6121,UB-002717,33,2,441.09,0.0,882.18,593.12
6122,UB-002718,36,3,840.56,0.0,2521.68,1601.34
6123,UB-002718,48,1,365.29,10.0,328.76,254.63
6124,UB-002718,128,4,173.35,10.0,624.06,567.64
6125,UB-002718,32,1,105.61,10.0,95.05,79.85
6126,UB-002719,11,4,460.21,0.0,1840.84,1467.0
6127,UB-002719,121,1,904.93,15.0,769.19,683.69
6128,UB-002719,106,3,1028.06,0.0,3084.18,2159.28
6129,UB-002720,15,1,1255.71,0.0,1255.71,855.33
6130,UB-002721,18,1,812.86,0.0,812.86,648.71
6131,UB-002721,131,3,919.47,10.0,2482.57,2064.09
6132,UB-002721,61,2,1075.98,15.0,1829.17,1656.28
6133,UB-002722,82,1,1046.31,0.0,1046.31,685.33
6134,UB-002722,55,1,898.18,0.0,898.18,606.14
6135,UB-002723,94,1,742.75,0.0,742.75,538.36
6136,UB-002723,34,1,163.91,5.0,155.71,138.03
6137,UB-002724,128,3,175.62,0.0,526.86,425.73
6138,UB-002724,20,2,947.64,0.0,1895.28,1348.48
6139,UB-002725,127,2,300.35,0.0,600.7,444.52
6140,UB-002726,33,2,436.69,0.0,873.38,593.12
6141,UB-002727,52,3,637.22,10.0,1720.49,1371.96
6142,UB-002727,70,1,1345.35,0.0,1345.35,864.59
6143,UB-002727,36,1,819.18,20.0,655.34,533.78
6144,UB-002728,101,1,1126.46,0.0,1126.46,893.27
6145,UB-002729,81,2,1063.04,5.0,2019.78,1420.96
6146,UB-002729,54,5,1017.85,0.0,5089.25,4035.9
6147,UB-002730,122,2,641.46,5.0,1218.77,1016.04
6148,UB-002731,115,1,1179.15,0.0,1179.15,798.92
6149,UB-002731,85,1,339.92,10.0,305.93,232.68
6150,UB-002731,56,1,508.75,15.0,432.44,348.78
6151,UB-002732,33,1,433.71,0.0,433.71,296.56
6152,UB-002732,84,2,1305.48,5.0,2480.41,1624.24
6153,UB-002732,98,4,564.23,5.0,2144.07,1869.32
6154,UB-002733,53,4,1253.49,0.0,5013.96,3460.48
6155,UB-002733,55,2,903.62,10.0,1626.52,1212.28
6156,UB-002733,23,2,895.01,5.0,1700.52,1255.08
6157,UB-002733,110,2,906.12,0.0,1812.24,1358.68
6158,UB-002734,81,1,1049.99,0.0,1049.99,710.48
6159,UB-002734,6,1,958.94,15.0,815.1,692.29
6160,UB-002734,101,1,1127.74,0.0,1127.74,893.27
6161,UB-002735,102,1,1229.28,0.0,1229.28,829.38
6162,UB-002736,134,1,963.89,0.0,963.89,633.2
6163,UB-002737,3,1,1140.47,5.0,1083.45,724.04
6164,UB-002738,26,2,220.04,10.0,396.07,276.98
6165,UB-002738,69,5,306.54,5.0,1456.07,1173.0
6166,UB-002739,141,1,273.27,0.0,273.27,185.67
6167,UB-002739,20,1,969.0,5.0,920.55,674.24
6168,UB-002740,16,2,1073.96,10.0,1933.13,1632.76
6169,UB-002740,104,1,1270.6,0.0,1270.6,879.92
6170,UB-002741,128,1,176.63,5.0,167.8,141.91
6171,UB-002741,130,1,906.28,0.0,906.28,653.53
6172,UB-002741,107,1,313.64,0.0,313.64,228.45
6173,UB-002742,97,1,1139.81,0.0,1139.81,712.55
6174,UB-002742,96,1,513.31,15.0,436.31,367.22
6175,UB-002742,135,3,620.79,0.0,1862.37,1192.26
6176,UB-002742,69,2,320.7,10.0,577.26,469.2
6177,UB-002742,49,1,945.46,5.0,898.19,614.04
6178,UB-002743,3,2,1136.05,5.0,2158.49,1448.08
6179,UB-002744,128,1,177.8,0.0,177.8,141.91
6180,UB-002744,88,2,690.03,0.0,1380.06,1107.78
6181,UB-002744,5,1,1386.4,10.0,1247.76,872.25
6182,UB-002745,15,1,1239.64,0.0,1239.64,855.33
6183,UB-002745,137,3,1267.5,10.0,3422.25,2448.66
6184,UB-002746,78,3,786.03,0.0,2358.09,1634.25
6185,UB-002747,57,1,777.84,5.0,738.95,567.7
6186,UB-002748,141,2,286.37,0.0,572.74,371.34
6187,UB-002749,144,3,434.89,20.0,1043.74,901.86
6188,UB-002749,31,1,706.73,0.0,706.73,581.59
6189,UB-002749,111,1,659.97,0.0,659.97,556.79
6190,UB-002750,123,4,480.08,5.0,1824.3,1315.6
6191,UB-002751,75,1,901.06,0.0,901.06,587.78
6192,UB-002751,144,2,427.38,10.0,769.28,601.24
6193,UB-002752,68,2,223.47,10.0,402.25,322.38
6194,UB-002752,118,1,637.07,0.0,637.07,421.79
6195,UB-002752,97,1,1134.02,0.0,1134.02,712.55
6196,UB-002752,65,1,725.61,0.0,725.61,525.6
6197,UB-002753,60,1,192.29,10.0,173.06,144.82
6198,UB-002753,3,1,1141.81,5.0,1084.72,724.04
6199,UB-002753,106,1,1073.06,0.0,1073.06,719.76
6200,UB-002753,67,2,157.91,10.0,284.24,192.4
6201,UB-002753,121,1,929.96,15.0,790.47,683.69
6202,UB-002754,60,1,187.62,10.0,168.86,144.82
6203,UB-002755,21,1,760.2,0.0,760.2,582.06
6204,UB-002756,66,3,960.9,0.0,2882.7,2149.05
6205,UB-002756,53,1,1283.18,0.0,1283.18,865.12
6206,UB-002756,96,4,491.74,0.0,1966.96,1468.88
6207,UB-002757,114,1,1009.66,5.0,959.18,645.87
6208,UB-002757,3,4,1168.65,0.0,4674.6,2896.16
6209,UB-002758,105,1,1256.62,0.0,1256.62,888.95
6210,UB-002758,104,1,1275.71,0.0,1275.71,879.92
6211,UB-002758,7,2,1041.0,0.0,2082.0,1507.5
6212,UB-002759,54,2,1045.67,0.0,2091.34,1614.36
6213,UB-002759,36,1,861.86,10.0,775.67,533.78
6214,UB-002759,61,1,1099.31,5.0,1044.34,828.14
6215,UB-002760,28,1,886.51,0.0,886.51,673.25
6216,UB-002760,128,2,176.3,0.0,352.6,283.82
6217,UB-002760,99,2,116.07,15.0,197.32,161.88
6218,UB-002761,53,2,1268.28,5.0,2409.73,1730.24
6219,UB-002761,102,1,1190.21,10.0,1071.19,829.38
6220,UB-002761,74,1,1118.45,20.0,894.76,882.89
6221,UB-002762,118,1,632.65,0.0,632.65,421.79
6222,UB-002762,34,1,159.39,0.0,159.39,138.03
6223,UB-002763,106,1,1061.78,0.0,1061.78,719.76
6224,UB-002764,88,2,677.01,0.0,1354.02,1107.78
6225,UB-002764,103,1,889.0,0.0,889.0,681.52
6226,UB-002765,32,1,103.39,5.0,98.22,79.85
6227,UB-002765,85,2,330.3,10.0,594.54,465.36
6228,UB-002765,35,1,789.37,0.0,789.37,567.63
6229,UB-002766,43,2,165.86,0.0,331.72,233.76
6230,UB-002766,22,1,651.61,0.0,651.61,475.66
6231,UB-002766,77,1,270.92,0.0,270.92,195.63
6232,UB-002766,48,4,364.16,0.0,1456.64,1018.52
6233,UB-002767,16,1,1083.14,0.0,1083.14,816.38
6234,UB-002767,26,2,218.01,15.0,370.62,276.98
6235,UB-002768,143,1,804.14,0.0,804.14,614.71
6236,UB-002769,35,1,772.56,0.0,772.56,567.63
6237,UB-002769,50,3,429.04,15.0,1094.05,983.07
6238,UB-002770,9,2,688.35,0.0,1376.7,1003.38
6239,UB-002771,62,1,385.77,0.0,385.77,260.55
6240,UB-002771,44,1,792.09,0.0,792.09,587.81
6241,UB-002772,132,3,1258.39,5.0,3586.41,2430.24
6242,UB-002772,136,1,1341.06,0.0,1341.06,866.98
6243,UB-002772,77,1,282.14,10.0,253.93,195.63
6244,UB-002773,140,1,301.5,15.0,256.27,195.06
6245,UB-002774,44,2,780.79,10.0,1405.42,1175.62
6246,UB-002775,78,1,814.75,5.0,774.01,544.75
6247,UB-002775,26,1,214.51,0.0,214.51,138.49
6248,UB-002776,12,3,559.78,0.0,1679.34,1276.98
6249,UB-002776,128,1,172.59,0.0,172.59,141.91
6250,UB-002776,101,1,1141.24,10.0,1027.12,893.27
6251,UB-002777,10,1,98.09,0.0,98.09,70.79
6252,UB-002777,82,1,1032.91,0.0,1032.91,685.33
6253,UB-002778,85,2,321.78,0.0,643.56,465.36
6254,UB-002778,93,3,94.12,0.0,282.36,218.49
6255,UB-002779,141,3,275.51,20.0,661.22,557.01
6256,UB-002780,15,5,1228.15,0.0,6140.75,4276.65
6257,UB-002780,79,1,759.77,5.0,721.78,478.88
6258,UB-002781,69,3,318.95,10.0,861.16,703.8
6259,UB-002781,76,2,818.24,0.0,1636.48,1233.78
6260,UB-002781,64,1,317.3,0.0,317.3,214.27
6261,UB-002781,85,1,337.07,10.0,303.36,232.68
6262,UB-002781,137,1,1256.85,0.0,1256.85,816.22
6263,UB-002782,86,4,487.97,0.0,1951.88,1638.72
6264,UB-002783,140,2,300.65,20.0,481.04,390.12
6265,UB-002783,27,3,1093.16,0.0,3279.48,2674.14
6266,UB-002783,102,2,1224.15,0.0,2448.3,1658.76
6267,UB-002784,87,1,389.19,10.0,350.27,296.68
6268,UB-002784,100,1,202.25,10.0,182.03,158.88
6269,UB-002785,20,2,935.34,0.0,1870.68,1348.48
6270,UB-002786,35,1,806.79,15.0,685.77,567.63
6271,UB-002786,20,4,956.78,0.0,3827.12,2696.96
6272,UB-002786,126,1,1262.07,0.0,1262.07,803.5
6273,UB-002787,70,2,1357.27,0.0,2714.54,1729.18
6274,UB-002788,125,4,328.14,0.0,1312.56,854.92
6275,UB-002788,14,1,752.42,15.0,639.56,569.64
6276,UB-002788,126,2,1287.37,10.0,2317.27,1607.0
6277,UB-002788,36,1,840.44,5.0,798.42,533.78
6278,UB-002788,33,2,442.09,5.0,839.97,593.12
6279,UB-002789,48,2,348.84,5.0,662.8,509.26
6280,UB-002789,124,1,538.04,10.0,484.24,445.56
6281,UB-002789,105,2,1256.71,0.0,2513.42,1777.9
6282,UB-002790,25,2,647.1,0.0,1294.2,992.56
6283,UB-002791,68,1,221.05,0.0,221.05,161.19
6284,UB-002791,13,1,370.92,5.0,352.37,235.91
6285,UB-002792,7,1,1031.73,0.0,1031.73,753.75
6286,UB-002792,109,2,159.01,0.0,318.02,197.6
6287,UB-002793,15,4,1197.97,15.0,4073.1,3421.32
6288,UB-002794,81,2,1068.52,0.0,2137.04,1420.96
6289,UB-002794,133,3,502.89,0.0,1508.67,961.11
6290,UB-002794,107,1,319.15,0.0,319.15,228.45
6291,UB-002795,54,1,1012.97,0.0,1012.97,807.18
6292,UB-002795,94,1,763.27,10.0,686.94,538.36
6293,UB-002796,116,1,779.47,5.0,740.5,498.56
6294,UB-002796,126,1,1215.76,0.0,1215.76,803.5
6295,UB-002796,13,1,366.66,10.0,329.99,235.91
6296,UB-002797,90,2,697.34,10.0,1255.21,1014.52
6297,UB-002797,58,1,578.73,10.0,520.86,356.56
6298,UB-002798,24,2,91.72,0.0,183.44,123.02
6299,UB-002798,124,1,537.92,0.0,537.92,445.56
6300,UB-002798,4,1,786.51,20.0,629.21,608.34
6301,UB-002798,74,1,1179.92,10.0,1061.93,882.89
6302,UB-002799,87,1,391.38,5.0,371.81,296.68
6303,UB-002799,60,1,185.81,0.0,185.81,144.82
6304,UB-002800,59,1,299.8,20.0,239.84,241.88
6305,UB-002800,137,2,1268.11,0.0,2536.22,1632.44
6306,UB-002800,39,1,892.35,10.0,803.12,614.07
6307,UB-002800,116,2,774.32,0.0,1548.64,997.12
6308,UB-002801,110,1,925.99,0.0,925.99,679.34
6309,UB-002802,49,2,952.89,15.0,1619.91,1228.08
6310,UB-002802,18,1,841.29,10.0,757.16,648.71
6311,UB-002803,19,1,675.35,0.0,675.35,474.21
6312,UB-002803,123,3,483.37,10.0,1305.1,986.7
6313,UB-002803,81,1,1023.53,0.0,1023.53,710.48
6314,UB-002803,79,3,742.99,5.0,2117.52,1436.64
6315,UB-002803,7,4,1053.47,10.0,3792.49,3015.0
6316,UB-002804,10,1,96.83,0.0,96.83,70.79
6317,UB-002804,28,3,875.16,0.0,2625.48,2019.75
6318,UB-002805,141,2,272.4,10.0,490.32,371.34
6319,UB-002806,50,2,439.51,0.0,879.02,655.38
6320,UB-002807,6,1,1001.32,20.0,801.06,692.29
6321,UB-002807,82,1,1027.75,5.0,976.36,685.33
6322,UB-002807,123,4,473.4,10.0,1704.24,1315.6
6323,UB-002808,79,1,745.96,0.0,745.96,478.88
6324,UB-002809,97,4,1127.97,5.0,4286.29,2850.2
6325,UB-002809,107,2,322.61,20.0,516.18,456.9
6326,UB-002810,101,3,1122.44,0.0,3367.32,2679.81
6327,UB-002810,12,1,559.81,10.0,503.83,425.66
6328,UB-002811,52,2,660.54,0.0,1321.08,914.64
6329,UB-002811,89,2,569.22,0.0,1138.44,838.3
6330,UB-002811,141,2,285.96,0.0,571.92,371.34
6331,UB-002811,133,2,514.18,0.0,1028.36,640.74
6332,UB-002812,117,2,535.56,0.0,1071.12,820.86
6333,UB-002812,5,3,1419.52,0.0,4258.56,2616.75
6334,UB-002812,93,1,93.64,10.0,84.28,72.83
6335,UB-002813,88,1,714.35,0.0,714.35,553.89
6336,UB-002813,85,1,334.9,15.0,284.66,232.68
6337,UB-002814,97,3,1149.0,0.0,3447.0,2137.65
6338,UB-002815,12,1,550.94,0.0,550.94,425.66
6339,UB-002815,107,2,320.95,15.0,545.62,456.9
6340,UB-002815,10,2,96.73,0.0,193.46,141.58
6341,UB-002815,6,1,983.13,20.0,786.5,692.29
6342,UB-002816,132,1,1265.96,0.0,1265.96,810.08
6343,UB-002817,93,1,90.61,10.0,81.55,72.83
6344,UB-002818,99,1,109.76,0.0,109.76,80.94
6345,UB-002819,110,2,948.89,0.0,1897.78,1358.68
6346,UB-002819,103,1,908.58,20.0,726.86,681.52
6347,UB-002820,74,2,1132.43,5.0,2151.62,1765.78
6348,UB-002820,60,1,192.69,0.0,192.69,144.82
6349,UB-002820,109,4,159.11,0.0,636.44,395.2
6350,UB-002821,139,3,709.86,20.0,1703.66,1512.48
6351,UB-002821,126,3,1285.98,5.0,3665.04,2410.5
6352,UB-002821,64,3,317.85,20.0,762.84,642.81
6353,UB-002822,115,2,1227.62,0.0,2455.24,1597.84
6354,UB-002822,43,3,173.32,5.0,493.96,350.64
6355,UB-002823,118,2,650.13,10.0,1170.23,843.58
6356,UB-002824,72,1,946.32,5.0,899.0,741.6
6357,UB-002824,15,2,1249.55,5.0,2374.14,1710.66
6358,UB-002825,123,1,469.96,0.0,469.96,328.9
6359,UB-002825,113,2,889.93,0.0,1779.86,1390.0
6360,UB-002826,2,1,492.86,0.0,492.86,371.22
6361,UB-002826,96,1,513.93,15.0,436.84,367.22
6362,UB-002827,98,1,593.65,0.0,593.65,467.33
6363,UB-002827,4,4,795.74,0.0,3182.96,2433.36
6364,UB-002827,49,1,957.64,0.0,957.64,614.04
6365,UB-002828,68,3,220.81,0.0,662.43,483.57
6366,UB-002828,31,1,732.19,15.0,622.36,581.59
6367,UB-002828,36,1,863.27,0.0,863.27,533.78
6368,UB-002829,36,1,833.75,0.0,833.75,533.78
6369,UB-002829,10,3,95.26,20.0,228.62,212.37
6370,UB-002829,54,1,999.89,5.0,949.9,807.18
6371,UB-002830,32,2,107.62,0.0,215.24,159.7
6372,UB-002830,29,1,750.83,15.0,638.21,536.32
6373,UB-002830,16,1,1065.26,0.0,1065.26,816.38
6374,UB-002830,93,1,90.25,0.0,90.25,72.83
6375,UB-002831,142,3,480.83,0.0,1442.49,1218.87
6376,UB-002832,6,1,979.97,15.0,832.97,692.29
6377,UB-002832,52,2,640.69,5.0,1217.31,914.64
6378,UB-002833,109,4,157.19,0.0,628.76,395.2
6379,UB-002833,117,1,545.69,5.0,518.41,410.43
6380,UB-002833,8,1,383.56,15.0,326.03,293.44
6381,UB-002833,33,1,445.48,0.0,445.48,296.56
6382,UB-002834,39,1,847.68,0.0,847.68,614.07
6383,UB-002834,98,1,590.53,5.0,561.0,467.33
6384,UB-002834,90,1,705.68,0.0,705.68,507.26
6385,UB-002834,46,1,220.55,0.0,220.55,167.81
6386,UB-002835,77,2,274.17,5.0,520.92,391.26
6387,UB-002835,129,1,1204.42,5.0,1144.2,766.85
6388,UB-002836,120,3,726.47,0.0,2179.41,1465.5
6389,UB-002836,62,1,379.56,0.0,379.56,260.55
6390,UB-002836,95,3,485.58,10.0,1311.07,1109.4
6391,UB-002837,8,4,384.71,15.0,1308.01,1173.76
6392,UB-002837,106,1,1050.23,10.0,945.21,719.76
6393,UB-002838,45,1,788.62,15.0,670.33,610.87
6394,UB-002838,40,1,360.17,0.0,360.17,255.94
6395,UB-002839,28,2,862.81,10.0,1553.06,1346.5
6396,UB-002840,98,1,584.07,0.0,584.07,467.33
6397,UB-002840,73,1,1018.39,0.0,1018.39,662.98
6398,UB-002840,100,2,206.12,10.0,371.02,317.76
6399,UB-002841,69,2,315.45,5.0,599.35,469.2
6400,UB-002841,52,2,655.19,0.0,1310.38,914.64
6401,UB-002842,26,1,220.61,10.0,198.55,138.49
6402,UB-002842,118,1,638.23,15.0,542.5,421.79
6403,UB-002843,40,3,361.6,5.0,1030.56,767.82
6404,UB-002843,131,1,908.24,0.0,908.24,688.03
6405,UB-002843,17,2,853.52,5.0,1621.69,1289.28
6406,UB-002843,126,2,1264.58,10.0,2276.24,1607.0
6407,UB-002844,91,1,451.84,5.0,429.25,321.07
6408,UB-002845,111,3,649.74,0.0,1949.22,1670.37
6409,UB-002845,86,1,478.03,10.0,430.23,409.68
6410,UB-002845,53,1,1283.93,15.0,1091.34,865.12
6411,UB-002845,142,2,483.26,0.0,966.52,812.58
6412,UB-002846,46,1,222.18,0.0,222.18,167.81
6413,UB-002846,50,2,424.96,10.0,764.93,655.38
6414,UB-002846,124,2,524.0,0.0,1048.0,891.12
6415,UB-002847,113,1,858.73,5.0,815.79,695.0
6416,UB-002847,29,1,713.18,0.0,713.18,536.32
6417,UB-002848,2,2,483.93,10.0,871.07,742.44
6418,UB-002848,72,1,990.87,0.0,990.87,741.6
6419,UB-002848,4,5,819.52,0.0,4097.6,3041.7
6420,UB-002848,35,1,798.72,0.0,798.72,567.63
6421,UB-002849,89,1,571.18,5.0,542.62,419.15
6422,UB-002849,118,2,618.62,10.0,1113.52,843.58
6423,UB-002850,8,1,373.82,15.0,317.75,293.44
6424,UB-002850,144,3,414.53,5.0,1181.41,901.86
6425,UB-002850,111,1,671.64,0.0,671.64,556.79
6426,UB-002851,92,2,804.52,0.0,1609.04,1049.02
6427,UB-002851,105,3,1217.85,5.0,3470.87,2666.85
6428,UB-002851,142,1,494.58,0.0,494.58,406.29
6429,UB-002852,67,2,154.92,15.0,263.36,192.4
6430,UB-002853,27,2,1072.06,10.0,1929.71,1782.76
6431,UB-002853,112,1,449.26,5.0,426.8,338.04
6432,UB-002853,42,1,607.99,0.0,607.99,398.38
6433,UB-002854,17,1,872.45,15.0,741.58,644.64
6434,UB-002854,70,1,1340.23,0.0,1340.23,864.59
6435,UB-002855,101,1,1145.0,5.0,1087.75,893.27
6436,UB-002855,65,2,724.97,5.0,1377.44,1051.2
6437,UB-002856,46,1,213.39,20.0,170.71,167.81
6438,UB-002857,128,1,173.84,0.0,173.84,141.91
6439,UB-002857,126,3,1216.07,0.0,3648.21,2410.5
6440,UB-002857,112,4,459.59,0.0,1838.36,1352.16
6441,UB-002858,136,1,1385.21,5.0,1315.95,866.98
6442,UB-002858,88,1,676.16,0.0,676.16,553.89
6443,UB-002858,82,1,1072.55,15.0,911.67,685.33
6444,UB-002858,1,1,299.17,0.0,299.17,210.31
6445,UB-002858,122,1,646.79,15.0,549.77,508.02
6446,UB-002859,97,1,1131.62,0.0,1131.62,712.55
6447,UB-002859,112,1,453.99,0.0,453.99,338.04
6448,UB-002859,111,1,673.93,0.0,673.93,556.79
6449,UB-002860,53,1,1310.19,0.0,1310.19,865.12
6450,UB-002860,100,2,202.2,5.0,384.18,317.76
6451,UB-002860,110,4,952.71,0.0,3810.84,2717.36
6452,UB-002861,76,3,823.11,0.0,2469.33,1850.67
6453,UB-002862,9,3,701.82,15.0,1789.64,1505.07
6454,UB-002863,37,1,1075.41,0.0,1075.41,831.45
6455,UB-002863,87,2,383.73,0.0,767.46,593.36
6456,UB-002864,82,4,1025.05,5.0,3895.19,2741.32
6457,UB-002865,5,1,1381.17,15.0,1173.99,872.25
6458,UB-002865,56,3,531.1,0.0,1593.3,1046.34
6459,UB-002865,136,1,1408.89,0.0,1408.89,866.98
6460,UB-002866,14,4,749.24,0.0,2996.96,2278.56
6461,UB-002866,42,1,597.74,5.0,567.85,398.38
6462,UB-002866,143,1,828.57,5.0,787.14,614.71
6463,UB-002867,5,5,1373.6,0.0,6868.0,4361.25
6464,UB-002867,49,2,981.09,10.0,1765.96,1228.08
6465,UB-002868,116,1,759.56,0.0,759.56,498.56
6466,UB-002868,102,1,1200.74,5.0,1140.7,829.38
6467,UB-002868,121,1,913.68,15.0,776.63,683.69
6468,UB-002869,122,2,643.24,0.0,1286.48,1016.04
6469,UB-002869,48,1,368.85,20.0,295.08,254.63
6470,UB-002869,115,1,1167.72,5.0,1109.33,798.92
6471,UB-002869,135,2,607.47,0.0,1214.94,794.84
6472,UB-002870,23,1,878.02,0.0,878.02,627.54
6473,UB-002870,89,1,595.37,0.0,595.37,419.15
6474,UB-002870,62,3,386.42,20.0,927.41,781.65
6475,UB-002870,45,3,834.6,10.0,2253.42,1832.61
6476,UB-002870,95,2,470.61,0.0,941.22,739.6
6477,UB-002871,21,2,791.84,10.0,1425.31,1164.12
6478,UB-002871,2,1,490.58,15.0,416.99,371.22
6479,UB-002872,126,3,1270.48,10.0,3430.3,2410.5
6480,UB-002873,94,2,767.35,0.0,1534.7,1076.72
6481,UB-002873,11,1,476.55,0.0,476.55,366.75
6482,UB-002873,101,1,1146.36,0.0,1146.36,893.27
6483,UB-002874,30,3,1328.38,10.0,3586.63,2595.33
6484,UB-002875,55,3,929.14,15.0,2369.31,1818.42
6485,UB-002876,71,2,185.22,5.0,351.92,244.14
6486,UB-002876,132,2,1212.48,15.0,2061.22,1620.16
6487,UB-002876,25,2,652.52,0.0,1305.04,992.56
6488,UB-002877,117,1,541.73,15.0,460.47,410.43
6489,UB-002877,15,2,1235.66,0.0,2471.32,1710.66
6490,UB-002878,15,2,1230.47,0.0,2460.94,1710.66
6491,UB-002879,26,3,217.58,0.0,652.74,415.47
6492,UB-002880,59,3,302.57,10.0,816.94,725.64
6493,UB-002880,127,2,308.61,10.0,555.5,444.52
6494,UB-002880,83,1,845.07,15.0,718.31,707.0
6495,UB-002881,12,2,559.59,10.0,1007.26,851.32
6496,UB-002881,103,1,909.47,0.0,909.47,681.52
6497,UB-002881,120,1,730.95,0.0,730.95,488.5
6498,UB-002882,98,1,592.69,10.0,533.42,467.33
6499,UB-002882,8,4,379.4,20.0,1214.08,1173.76
6500,UB-002882,76,1,792.81,20.0,634.25,616.89
6501,UB-002882,68,2,218.2,0.0,436.4,322.38
6502,UB-002883,106,1,1043.72,0.0,1043.72,719.76
6503,UB-002883,81,1,1038.68,10.0,934.81,710.48
6504,UB-002883,65,1,703.39,20.0,562.71,525.6
6505,UB-002884,73,1,995.76,0.0,995.76,662.98
6506,UB-002884,111,2,645.34,0.0,1290.68,1113.58
6507,UB-002884,130,1,903.56,5.0,858.38,653.53
6508,UB-002884,138,1,929.04,0.0,929.04,604.6
6509,UB-002885,6,1,950.77,5.0,903.23,692.29
6510,UB-002885,45,1,833.43,0.0,833.43,610.87
6511,UB-002886,53,1,1278.97,0.0,1278.97,865.12
6512,UB-002886,52,2,643.38,0.0,1286.76,914.64
6513,UB-002886,47,1,107.39,0.0,107.39,87.48
6514,UB-002886,36,1,830.06,0.0,830.06,533.78
6515,UB-002887,97,2,1114.07,0.0,2228.14,1425.1
6516,UB-002888,131,1,884.39,15.0,751.73,688.03
6517,UB-002888,5,1,1390.19,0.0,1390.19,872.25
6518,UB-002889,43,1,166.56,10.0,149.9,116.88
6519,UB-002889,73,1,1014.94,0.0,1014.94,662.98
6520,UB-002890,9,1,693.43,15.0,589.42,501.69
6521,UB-002890,106,1,1071.1,0.0,1071.1,719.76
6522,UB-002891,64,4,321.89,10.0,1158.8,857.08
6523,UB-002892,7,1,1012.58,0.0,1012.58,753.75
6524,UB-002892,97,1,1152.26,5.0,1094.65,712.55
6525,UB-002892,122,1,631.06,0.0,631.06,508.02
6526,UB-002892,86,1,492.7,15.0,418.79,409.68
6527,UB-002892,112,1,452.07,10.0,406.86,338.04
6528,UB-002893,143,2,801.23,0.0,1602.46,1229.42
6529,UB-002893,38,2,1030.12,0.0,2060.24,1443.38
6530,UB-002893,114,4,1023.89,5.0,3890.78,2583.48
6531,UB-002893,109,1,153.33,5.0,145.66,98.8
6532,UB-002894,22,2,656.35,0.0,1312.7,951.32
6533,UB-002894,75,1,865.44,15.0,735.62,587.78
6534,UB-002894,58,1,578.68,20.0,462.94,356.56
6535,UB-002895,12,1,574.64,0.0,574.64,425.66
6536,UB-002896,72,1,946.42,5.0,899.1,741.6
6537,UB-002897,62,1,381.2,5.0,362.14,260.55
6538,UB-002897,65,1,710.21,0.0,710.21,525.6
6539,UB-002898,125,2,333.91,20.0,534.26,427.46
6540,UB-002898,13,1,362.72,0.0,362.72,235.91
6541,UB-002899,110,1,952.05,0.0,952.05,679.34
6542,UB-002900,79,4,744.8,0.0,2979.2,1915.52
6543,UB-002901,47,1,108.37,0.0,108.37,87.48
6544,UB-002902,32,1,107.22,0.0,107.22,79.85
6545,UB-002902,126,2,1264.35,0.0,2528.7,1607.0
6546,UB-002902,59,1,296.07,0.0,296.07,241.88
6547,UB-002903,75,5,884.99,0.0,4424.95,2938.9
6548,UB-002903,108,1,1126.3,15.0,957.35,795.55
6549,UB-002904,97,3,1105.86,10.0,2985.82,2137.65
6550,UB-002904,65,1,717.25,20.0,573.8,525.6
6551,UB-002904,29,1,743.9,0.0,743.9,536.32
6552,UB-002905,105,1,1262.81,5.0,1199.67,888.95
6553,UB-002905,103,2,892.75,0.0,1785.5,1363.04
6554,UB-002906,37,1,1069.35,0.0,1069.35,831.45
6555,UB-002906,138,2,885.72,5.0,1682.87,1209.2
6556,UB-002907,45,3,834.5,0.0,2503.5,1832.61
6557,UB-002907,104,2,1272.61,20.0,2036.18,1759.84
6558,UB-002907,86,1,489.55,5.0,465.07,409.68
6559,UB-002908,73,1,1020.91,20.0,816.73,662.98
6560,UB-002909,37,1,1062.15,0.0,1062.15,831.45
6561,UB-002909,96,1,500.3,10.0,450.27,367.22
6562,UB-002910,30,3,1375.4,0.0,4126.2,2595.33
6563,UB-002911,26,3,215.2,0.0,645.6,415.47
6564,UB-002912,24,1,96.33,10.0,86.7,61.51
6565,UB-002913,74,1,1135.33,10.0,1021.8,882.89
6566,UB-002913,17,3,837.44,0.0,2512.32,1933.92
6567,UB-002914,9,3,685.34,10.0,1850.42,1505.07
6568,UB-002914,42,1,612.13,5.0,581.52,398.38
6569,UB-002914,90,1,685.56,5.0,651.28,507.26
6570,UB-002915,137,1,1264.2,0.0,1264.2,816.22
6571,UB-002915,102,2,1206.66,5.0,2292.65,1658.76
6572,UB-002915,79,1,763.84,0.0,763.84,478.88
6573,UB-002915,60,2,185.32,20.0,296.51,289.64
6574,UB-002916,120,1,733.22,0.0,733.22,488.5
6575,UB-002916,117,2,546.85,15.0,929.64,820.86
6576,UB-002916,136,1,1412.42,0.0,1412.42,866.98
6577,UB-002917,43,3,171.0,0.0,513.0,350.64
6578,UB-002918,87,4,383.11,10.0,1379.2,1186.72
6579,UB-002918,22,1,646.54,0.0,646.54,475.66
6580,UB-002918,28,1,863.21,10.0,776.89,673.25
6581,UB-002919,36,1,861.81,10.0,775.63,533.78
6582,UB-002920,7,2,1008.82,0.0,2017.64,1507.5
6583,UB-002921,45,3,827.94,20.0,1987.06,1832.61
6584,UB-002921,58,1,570.62,0.0,570.62,356.56
6585,UB-002921,10,1,97.26,5.0,92.4,70.79
6586,UB-002922,74,2,1156.38,15.0,1965.85,1765.78
6587,UB-002922,142,1,484.25,0.0,484.25,406.29
6588,UB-002922,13,1,376.52,0.0,376.52,235.91
6589,UB-002922,113,1,846.59,5.0,804.26,695.0
6590,UB-002923,49,3,975.99,0.0,2927.97,1842.12
6591,UB-002923,98,3,588.83,0.0,1766.49,1401.99
6592,UB-002923,140,2,302.04,5.0,573.88,390.12
6593,UB-002924,60,1,192.92,15.0,163.98,144.82
6594,UB-002924,75,4,869.23,0.0,3476.92,2351.12
6595,UB-002924,131,1,908.18,0.0,908.18,688.03
6596,UB-002924,133,2,502.13,0.0,1004.26,640.74
6597,UB-002925,26,1,223.25,0.0,223.25,138.49
6598,UB-002925,104,1,1224.04,0.0,1224.04,879.92
6599,UB-002925,69,2,317.59,0.0,635.18,469.2
6600,UB-002926,74,3,1119.08,0.0,3357.24,2648.67
6601,UB-002927,4,1,794.74,5.0,755.0,608.34
6602,UB-002927,104,2,1289.39,5.0,2449.84,1759.84
6603,UB-002927,107,1,326.68,0.0,326.68,228.45
6604,UB-002927,55,1,898.19,0.0,898.19,606.14
6605,UB-002928,39,3,847.82,0.0,2543.46,1842.21
6606,UB-002929,66,1,970.74,0.0,970.74,716.35
6607,UB-002930,29,1,727.46,15.0,618.34,536.32
6608,UB-002931,71,1,192.51,5.0,182.88,122.07
6609,UB-002932,118,3,623.73,0.0,1871.19,1265.37
6610,UB-002932,115,1,1178.57,0.0,1178.57,798.92
6611,UB-002933,129,3,1153.49,5.0,3287.45,2300.55
6612,UB-002933,6,2,1001.69,5.0,1903.21,1384.58
6613,UB-002933,11,1,474.17,0.0,474.17,366.75
6614,UB-002933,98,4,568.05,5.0,2158.59,1869.32
6615,UB-002933,136,1,1346.38,15.0,1144.42,866.98
6616,UB-002934,115,1,1226.31,0.0,1226.31,798.92
6617,UB-002934,98,1,583.89,15.0,496.31,467.33
6618,UB-002934,96,1,509.22,5.0,483.76,367.22
6619,UB-002935,87,2,389.58,15.0,662.29,593.36
6620,UB-002936,16,1,1069.8,10.0,962.82,816.38
6621,UB-002936,83,1,841.4,0.0,841.4,707.0
6622,UB-002936,88,1,715.44,0.0,715.44,553.89
6623,UB-002937,58,1,564.8,5.0,536.56,356.56
6624,UB-002938,47,2,108.84,0.0,217.68,174.96
6625,UB-002939,142,2,477.91,10.0,860.24,812.58
6626,UB-002939,29,1,710.65,10.0,639.59,536.32
6627,UB-002940,39,1,866.97,10.0,780.27,614.07
6628,UB-002940,71,1,190.58,10.0,171.52,122.07
6629,UB-002941,4,1,784.1,0.0,784.1,608.34
6630,UB-002941,105,1,1240.62,0.0,1240.62,888.95
6631,UB-002941,28,2,869.66,5.0,1652.35,1346.5
6632,UB-002942,133,1,498.41,10.0,448.57,320.37
6633,UB-002942,94,2,740.21,10.0,1332.38,1076.72
6634,UB-002943,26,2,221.72,10.0,399.1,276.98
6635,UB-002943,83,2,857.55,10.0,1543.59,1414.0
6636,UB-002943,10,3,98.48,5.0,280.67,212.37
6637,UB-002944,135,1,622.63,0.0,622.63,397.42
6638,UB-002945,82,1,1033.74,10.0,930.37,685.33
6639,UB-002945,18,3,812.85,0.0,2438.55,1946.13
6640,UB-002946,71,1,184.52,0.0,184.52,122.07
6641,UB-002947,125,1,336.37,5.0,319.55,213.73
6642,UB-002947,138,2,910.2,0.0,1820.4,1209.2
6643,UB-002948,49,3,963.15,10.0,2600.51,1842.12
6644,UB-002949,37,1,1070.05,0.0,1070.05,831.45
6645,UB-002950,109,1,161.22,0.0,161.22,98.8
6646,UB-002951,26,2,219.89,0.0,439.78,276.98
6647,UB-002952,93,2,94.61,0.0,189.22,145.66
6648,UB-002952,83,3,861.48,0.0,2584.44,2121.0
6649,UB-002952,4,1,794.62,10.0,715.16,608.34
6650,UB-002952,79,2,756.31,15.0,1285.73,957.76
6651,UB-002952,26,1,215.19,15.0,182.91,138.49
6652,UB-002953,61,1,1065.93,10.0,959.34,828.14
6653,UB-002953,3,2,1175.08,5.0,2232.65,1448.08
6654,UB-002954,16,1,1110.27,0.0,1110.27,816.38
6655,UB-002954,111,1,668.18,10.0,601.36,556.79
6656,UB-002954,101,4,1123.08,20.0,3593.86,3573.08
6657,UB-002954,122,1,638.45,10.0,574.61,508.02
6658,UB-002954,52,1,644.27,0.0,644.27,457.32
6659,UB-002955,111,1,657.32,0.0,657.32,556.79
6660,UB-002956,58,1,582.21,0.0,582.21,356.56
6661,UB-002956,65,4,741.81,0.0,2967.24,2102.4
6662,UB-002956,18,3,812.43,0.0,2437.29,1946.13
6663,UB-002956,66,1,946.11,0.0,946.11,716.35
6664,UB-002956,91,1,452.58,0.0,452.58,321.07
6665,UB-002957,2,2,489.99,10.0,881.98,742.44
6666,UB-002957,132,3,1270.95,5.0,3622.21,2430.24
6667,UB-002958,94,5,756.62,0.0,3783.1,2691.8
6668,UB-002958,100,3,204.23,0.0,612.69,476.64
6669,UB-002958,90,1,712.48,0.0,712.48,507.26
6670,UB-002959,87,2,390.53,10.0,702.95,593.36
6671,UB-002960,44,2,799.38,0.0,1598.76,1175.62
6672,UB-002960,55,1,930.61,0.0,930.61,606.14
6673,UB-002961,26,4,213.27,10.0,767.77,553.96
6674,UB-002961,66,3,947.66,0.0,2842.98,2149.05
6675,UB-002961,105,1,1278.46,10.0,1150.61,888.95
6676,UB-002962,34,2,163.52,10.0,294.34,276.06
6677,UB-002962,105,2,1212.8,0.0,2425.6,1777.9
6678,UB-002962,82,1,1048.02,0.0,1048.02,685.33
6679,UB-002963,48,1,366.79,0.0,366.79,254.63
6680,UB-002964,36,4,848.55,0.0,3394.2,2135.12
6681,UB-002964,138,2,922.57,0.0,1845.14,1209.2
6682,UB-002965,110,1,939.64,10.0,845.68,679.34
6683,UB-002966,20,1,937.92,10.0,844.13,674.24
6684,UB-002966,136,3,1401.91,0.0,4205.73,2600.94
6685,UB-002966,8,1,370.23,10.0,333.21,293.44
6686,UB-002967,67,1,150.61,0.0,150.61,96.2
6687,UB-002968,67,1,151.8,10.0,136.62,96.2
6688,UB-002968,108,1,1125.68,10.0,1013.11,795.55
6689,UB-002969,20,1,963.11,20.0,770.49,674.24
6690,UB-002969,112,4,469.95,0.0,1879.8,1352.16
6691,UB-002970,103,1,905.63,0.0,905.63,681.52
6692,UB-002971,118,4,640.73,0.0,2562.92,1687.16
6693,UB-002971,21,1,797.66,0.0,797.66,582.06
6694,UB-002972,65,1,726.07,5.0,689.77,525.6
6695,UB-002972,28,1,898.07,0.0,898.07,673.25
6696,UB-002973,45,1,822.91,15.0,699.47,610.87
6697,UB-002973,104,2,1223.81,0.0,2447.62,1759.84
6698,UB-002973,83,1,855.25,0.0,855.25,707.0
6699,UB-002973,8,1,384.2,10.0,345.78,293.44
6700,UB-002974,21,3,797.34,0.0,2392.02,1746.18
6701,UB-002974,91,2,453.0,0.0,906.0,642.14
6702,UB-002974,81,1,1041.84,15.0,885.56,710.48
6703,UB-002975,48,1,358.93,5.0,340.98,254.63
6704,UB-002976,9,2,682.64,0.0,1365.28,1003.38
6705,UB-002977,130,2,945.04,0.0,1890.08,1307.06
6706,UB-002978,144,1,435.08,15.0,369.82,300.62
6707,UB-002978,119,3,576.01,5.0,1641.63,1432.5
6708,UB-002979,57,1,762.41,0.0,762.41,567.7
6709,UB-002979,34,2,164.43,5.0,312.42,276.06
6710,UB-002980,5,4,1373.04,5.0,5217.55,3489.0
6711,UB-002981,10,1,98.44,0.0,98.44,70.79
6712,UB-002981,95,3,476.99,5.0,1359.42,1109.4
6713,UB-002981,73,3,1007.01,0.0,3021.03,1988.94
6714,UB-002981,54,2,1006.2,15.0,1710.54,1614.36
6715,UB-002982,56,1,503.62,5.0,478.44,348.78
6716,UB-002982,82,2,1015.72,10.0,1828.3,1370.66
6717,UB-002982,27,1,1099.22,0.0,1099.22,891.38
6718,UB-002983,126,1,1239.06,5.0,1177.11,803.5
6719,UB-002984,136,2,1381.16,10.0,2486.09,1733.96
6720,UB-002984,119,2,596.51,0.0,1193.02,955.0
6721,UB-002985,11,1,468.54,0.0,468.54,366.75
6722,UB-002985,78,1,781.34,5.0,742.27,544.75
6723,UB-002986,112,2,449.13,0.0,898.26,676.08
6724,UB-002987,19,2,689.06,0.0,1378.12,948.42
6725,UB-002987,36,2,849.24,0.0,1698.48,1067.56
6726,UB-002988,41,1,932.14,0.0,932.14,743.96
6727,UB-002989,33,1,450.17,0.0,450.17,296.56
6728,UB-002989,67,1,150.06,5.0,142.56,96.2
6729,UB-002990,7,1,1060.54,0.0,1060.54,753.75
6730,UB-002990,66,1,956.09,0.0,956.09,716.35
6731,UB-002990,62,1,394.19,0.0,394.19,260.55
6732,UB-002990,143,2,793.94,10.0,1429.09,1229.42
6733,UB-002991,111,1,650.31,5.0,617.79,556.79
6734,UB-002992,49,1,978.04,0.0,978.04,614.04
6735,UB-002993,1,0,301.22,5.0,572.32,420.62
6736,UB-002993,71,1,188.17,5.0,178.76,122.07
6737,UB-002994,79,1,747.79,0.0,747.79,478.88
6738,UB-002995,99,2,116.38,5.0,221.12,161.88
6739,UB-002995,33,3,433.87,0.0,1301.61,889.68
6740,UB-002995,137,4,1326.84,0.0,5307.36,3264.88
6741,UB-002995,70,2,1414.04,0.0,2828.08,1729.18
6742,UB-002996,117,1,554.43,5.0,526.71,410.43
6743,UB-002997,48,1,351.79,0.0,351.79,254.63
6744,UB-002997,110,1,928.05,10.0,835.25,679.34
6745,UB-002998,96,1,511.92,15.0,435.13,367.22
6746,UB-002999,47,1,109.61,5.0,104.13,87.48
6747,UB-002999,103,1,922.45,0.0,922.45,681.52
6748,UB-002999,122,1,626.76,0.0,626.76,508.02
6749,UB-003000,139,3,725.37,0.0,2176.11,1512.48
6750,UB-003001,97,2,1166.99,0.0,2333.98,1425.1
6751,UB-003001,27,3,1077.78,0.0,3233.34,2674.14
6752,UB-003001,80,1,394.27,20.0,315.42,302.58
6753,UB-003002,74,1,1153.44,15.0,980.42,882.89
6754,UB-003002,106,2,1069.7,5.0,2032.43,1439.52
6755,UB-003003,143,1,821.26,0.0,821.26,614.71
6756,UB-003004,63,3,253.43,0.0,760.29,501.69
6757,UB-003004,29,2,730.02,0.0,1460.04,1072.64
6758,UB-003005,24,1,91.5,0.0,91.5,61.51
6759,UB-003005,53,2,1305.61,15.0,2219.54,1730.24
6760,UB-003005,122,1,637.62,0.0,637.62,508.02
6761,UB-003005,102,3,1169.55,0.0,3508.65,2488.14
6762,UB-003006,110,1,923.35,0.0,923.35,679.34
6763,UB-003007,31,2,712.79,0.0,1425.58,1163.18
6764,UB-003007,42,1,612.48,10.0,551.23,398.38
6765,UB-003007,46,1,213.86,0.0,213.86,167.81
6766,UB-003007,45,2,809.96,10.0,1457.93,1221.74
6767,UB-003007,41,3,938.85,0.0,2816.55,2231.88
6768,UB-003008,105,1,1213.82,5.0,1153.13,888.95
6769,UB-003009,121,2,883.54,0.0,1767.08,1367.38
6770,UB-003009,8,1,380.25,0.0,380.25,293.44
6771,UB-003009,27,2,1083.26,0.0,2166.52,1782.76
6772,UB-003010,108,1,1121.41,0.0,1121.41,795.55
6773,UB-003010,33,1,441.8,0.0,441.8,296.56
6774,UB-003010,124,1,548.36,10.0,493.52,445.56
6775,UB-003010,141,1,272.85,15.0,231.92,185.67
6776,UB-003011,110,1,943.19,0.0,943.19,679.34
6777,UB-003011,144,2,430.54,0.0,861.08,601.24
6778,UB-003012,128,1,172.38,0.0,172.38,141.91
6779,UB-003013,54,2,1024.28,15.0,1741.28,1614.36
6780,UB-003013,56,2,524.3,0.0,1048.6,697.56
6781,UB-003014,98,2,595.27,0.0,1190.54,934.66
6782,UB-003014,33,1,450.35,0.0,450.35,296.56
6783,UB-003014,109,1,160.97,10.0,144.87,98.8
6784,UB-003015,63,1,258.79,0.0,258.79,167.23
6785,UB-003015,79,2,756.62,0.0,1513.24,957.76
6786,UB-003015,10,2,95.59,0.0,191.18,141.58
6787,UB-003016,114,1,1030.01,15.0,875.51,645.87
6788,UB-003016,8,2,369.88,0.0,739.76,586.88
6789,UB-003016,134,2,957.74,0.0,1915.48,1266.4
6790,UB-003016,59,1,299.23,0.0,299.23,241.88
6791,UB-003017,109,1,161.99,0.0,161.99,98.8
6792,UB-003017,32,3,101.78,5.0,290.07,239.55
6793,UB-003017,123,1,470.12,0.0,470.12,328.9
6794,UB-003018,3,2,1176.67,10.0,2118.01,1448.08
6795,UB-003019,111,4,646.51,0.0,2586.04,2227.16
6796,UB-003019,23,1,924.21,0.0,924.21,627.54
6797,UB-003019,39,4,895.09,0.0,3580.36,2456.28
6798,UB-003019,92,2,814.92,15.0,1385.36,1049.02
6799,UB-003020,50,2,420.14,0.0,840.28,655.38
6800,UB-003020,24,2,95.94,5.0,182.29,123.02
6801,UB-003020,141,1,272.7,0.0,272.7,185.67
6802,UB-003021,2,1,492.74,20.0,394.19,371.22
6803,UB-003021,102,1,1176.85,5.0,1118.01,829.38
6804,UB-003021,39,3,871.31,0.0,2613.93,1842.21
6805,UB-003022,114,1,1011.08,0.0,1011.08,645.87
6806,UB-003023,10,2,95.34,0.0,190.68,141.58
6807,UB-003023,120,1,739.37,0.0,739.37,488.5
6808,UB-003023,76,2,805.91,0.0,1611.82,1233.78
6809,UB-003023,67,2,150.69,0.0,301.38,192.4
6810,UB-003023,40,1,367.33,5.0,348.96,255.94
6811,UB-003024,33,2,426.32,5.0,810.01,593.12
6812,UB-003024,22,3,655.07,0.0,1965.21,1426.98
6813,UB-003024,18,2,835.84,0.0,1671.68,1297.42
6814,UB-003024,93,1,90.32,0.0,90.32,72.83
6815,UB-003024,118,3,635.26,0.0,1905.78,1265.37
6816,UB-003025,39,2,889.69,0.0,1779.38,1228.14
6817,UB-003026,27,1,1051.77,0.0,1051.77,891.38
6818,UB-003026,9,3,691.66,0.0,2074.98,1505.07
6819,UB-003026,2,2,484.15,0.0,968.3,742.44
6820,UB-003027,6,1,984.87,10.0,886.38,692.29
6821,UB-003027,55,1,933.07,0.0,933.07,606.14
6822,UB-003028,60,2,182.51,15.0,310.27,289.64
6823,UB-003029,54,3,1006.84,0.0,3020.52,2421.54
6824,UB-003029,89,1,568.49,0.0,568.49,419.15
6825,UB-003030,80,5,412.03,10.0,1854.13,1512.9
6826,UB-003030,45,2,813.34,0.0,1626.68,1221.74
6827,UB-003030,90,3,680.48,10.0,1837.3,1521.78
6828,UB-003031,108,2,1113.0,0.0,2226.0,1591.1
6829,UB-003031,81,1,1025.08,0.0,1025.08,710.48
6830,UB-003032,120,1,706.7,15.0,600.7,488.5
6831,UB-003032,137,3,1268.22,10.0,3424.19,2448.66
6832,UB-003032,132,2,1222.04,0.0,2444.08,1620.16
6833,UB-003033,5,1,1373.11,0.0,1373.11,872.25
6834,UB-003034,91,1,461.98,0.0,461.98,321.07
6835,UB-003035,109,2,157.59,10.0,283.66,197.6
6836,UB-003035,34,5,165.91,10.0,746.6,690.15
6837,UB-003036,10,1,98.98,0.0,98.98,70.79
6838,UB-003036,106,1,1057.86,0.0,1057.86,719.76
6839,UB-003036,78,4,788.92,0.0,3155.68,2179.0
6840,UB-003036,91,3,451.11,0.0,1353.33,963.21
6841,UB-003036,119,1,588.39,5.0,558.97,477.5
6842,UB-003037,85,1,323.85,5.0,307.66,232.68
6843,UB-003037,69,2,303.21,0.0,606.42,469.2
6844,UB-003038,77,2,280.06,10.0,504.11,391.26
6845,UB-003038,19,2,677.45,0.0,1354.9,948.42
6846,UB-003039,5,1,1369.91,5.0,1301.41,872.25
6847,UB-003039,62,2,384.17,10.0,691.51,521.1
6848,UB-003039,113,1,891.02,0.0,891.02,695.0
6849,UB-003040,113,2,873.37,0.0,1746.74,1390.0
6850,UB-003040,62,1,376.14,5.0,357.33,260.55
6851,UB-003041,53,1,1316.67,5.0,1250.84,865.12
6852,UB-003041,109,2,159.24,10.0,286.63,197.6
6853,UB-003041,87,1,385.45,10.0,346.9,296.68
6854,UB-003041,40,2,378.39,0.0,756.78,511.88
6855,UB-003041,41,1,931.48,10.0,838.33,743.96
6856,UB-003042,123,4,476.23,0.0,1904.92,1315.6
6857,UB-003043,91,3,458.33,0.0,1374.99,963.21
6858,UB-003043,118,1,623.57,0.0,623.57,421.79
6859,UB-003044,1,4,315.43,0.0,1261.72,841.24
6860,UB-003044,129,3,1207.99,0.0,3623.97,2300.55
6861,UB-003045,84,2,1266.49,10.0,2279.68,1624.24
6862,UB-003045,127,2,293.8,0.0,587.6,444.52
6863,UB-003045,50,1,437.71,0.0,437.71,327.69
6864,UB-003046,133,1,500.95,10.0,450.86,320.37
6865,UB-003047,64,1,316.63,0.0,316.63,214.27
6866,UB-003047,35,3,797.0,0.0,2391.0,1702.89
6867,UB-003047,118,3,623.28,0.0,1869.84,1265.37
6868,UB-003048,40,1,374.04,0.0,374.04,255.94
6869,UB-003048,74,4,1163.98,20.0,3724.74,3531.56
6870,UB-003049,140,1,294.72,5.0,279.98,195.06
6871,UB-003050,1,1,305.68,15.0,259.83,210.31
6872,UB-003050,92,1,819.9,5.0,778.9,524.51
6873,UB-003050,115,1,1183.15,10.0,1064.84,798.92
6874,UB-003051,133,1,505.8,0.0,505.8,320.37
6875,UB-003051,37,2,1052.84,5.0,2000.4,1662.9
6876,UB-003052,51,2,240.57,0.0,481.14,317.98
6877,UB-003053,32,1,103.45,20.0,82.76,79.85
6878,UB-003053,38,2,1081.39,5.0,2054.64,1443.38
6879,UB-003053,66,2,959.9,5.0,1823.81,1432.7
6880,UB-003054,99,2,110.02,0.0,220.04,161.88
6881,UB-003054,87,1,389.79,10.0,350.81,296.68
6882,UB-003054,123,1,456.42,0.0,456.42,328.9
6883,UB-003055,144,4,421.83,0.0,1687.32,1202.48
6884,UB-003056,4,2,785.35,0.0,1570.7,1216.68
6885,UB-003056,27,3,1095.37,0.0,3286.11,2674.14
6886,UB-003056,141,1,271.78,0.0,271.78,185.67
6887,UB-003057,103,3,905.23,0.0,2715.69,2044.56
6888,UB-003058,89,1,579.17,0.0,579.17,419.15
6889,UB-003058,73,1,967.37,10.0,870.63,662.98
6890,UB-003059,138,2,927.98,0.0,1855.96,1209.2
6891,UB-003059,74,1,1176.69,10.0,1059.02,882.89
6892,UB-003060,78,1,784.88,0.0,784.88,544.75
6893,UB-003060,98,1,585.17,20.0,468.14,467.33
6894,UB-003061,137,1,1296.58,20.0,1037.26,816.22
6895,UB-003061,77,1,280.51,0.0,280.51,195.63
6896,UB-003061,107,3,317.63,10.0,857.6,685.35
6897,UB-003061,124,2,549.36,0.0,1098.72,891.12
6898,UB-003061,40,2,360.77,0.0,721.54,511.88
6899,UB-003062,86,1,478.8,5.0,454.86,409.68
6900,UB-003062,138,3,915.18,20.0,2196.43,1813.8
6901,UB-003062,4,1,810.02,0.0,810.02,608.34
6902,UB-003062,96,1,514.11,5.0,488.4,367.22
6903,UB-003062,14,1,765.37,0.0,765.37,569.64
6904,UB-003063,65,1,722.58,0.0,722.58,525.6
6905,UB-003064,84,2,1241.5,5.0,2358.85,1624.24
6906,UB-003065,19,1,669.05,0.0,669.05,474.21
6907,UB-003065,32,2,107.44,0.0,214.88,159.7
6908,UB-003066,36,1,842.4,0.0,842.4,533.78
6909,UB-003066,57,1,778.39,0.0,778.39,567.7
6910,UB-003066,29,1,743.6,0.0,743.6,536.32
6911,UB-003066,3,2,1138.21,10.0,2048.78,1448.08
6912,UB-003066,91,4,462.13,5.0,1756.09,1284.28
6913,UB-003067,53,2,1301.91,0.0,2603.82,1730.24
6914,UB-003067,139,1,709.88,5.0,674.39,504.16
6915,UB-003068,6,1,965.73,0.0,965.73,692.29
6916,UB-003068,62,4,378.5,0.0,1514.0,1042.2
6917,UB-003069,93,1,93.84,15.0,79.76,72.83
6918,UB-003069,88,1,713.81,0.0,713.81,553.89
6919,UB-003070,91,2,460.0,5.0,874.0,642.14
6920,UB-003070,113,1,866.84,5.0,823.5,695.0
6921,UB-003071,10,2,100.15,0.0,200.3,141.58
6922,UB-003071,122,3,660.62,0.0,1981.86,1524.06
6923,UB-003071,126,2,1233.63,0.0,2467.26,1607.0
6924,UB-003072,139,2,694.3,15.0,1180.31,1008.32
6925,UB-003072,105,2,1210.44,15.0,2057.75,1777.9
6926,UB-003073,69,1,308.48,0.0,308.48,234.6
6927,UB-003073,16,1,1063.51,10.0,957.16,816.38
6928,UB-003073,71,1,195.24,20.0,156.19,122.07
6929,UB-003074,88,5,705.78,15.0,2999.56,2769.45
6930,UB-003074,14,2,773.76,15.0,1315.39,1139.28
6931,UB-003074,59,2,291.5,0.0,583.0,483.76
6932,UB-003074,111,1,644.25,0.0,644.25,556.79
6933,UB-003075,110,3,923.63,5.0,2632.35,2038.02
6934,UB-003075,114,2,1042.31,0.0,2084.62,1291.74
6935,UB-003075,36,1,851.98,5.0,809.38,533.78
6936,UB-003075,43,1,168.7,0.0,168.7,116.88
6937,UB-003076,93,2,92.64,0.0,185.28,145.66
6938,UB-003077,127,3,305.44,0.0,916.32,666.78
6939,UB-003077,83,1,862.59,15.0,733.2,707.0
6940,UB-003077,141,1,284.11,5.0,269.9,185.67
6941,UB-003078,40,1,371.2,10.0,334.08,255.94
6942,UB-003078,30,1,1332.78,0.0,1332.78,865.11
6943,UB-003079,45,2,794.85,0.0,1589.7,1221.74
6944,UB-003079,79,3,736.52,10.0,1988.6,1436.64
6945,UB-003079,73,3,968.83,10.0,2615.84,1988.94
6946,UB-003080,93,3,93.01,5.0,265.08,218.49
6947,UB-003080,16,1,1066.92,10.0,960.23,816.38
6948,UB-003081,64,1,319.9,5.0,303.9,214.27
6949,UB-003081,139,2,721.21,15.0,1226.06,1008.32
6950,UB-003082,19,1,692.31,0.0,692.31,474.21
6951,UB-003082,134,1,958.56,20.0,766.85,633.2
6952,UB-003082,68,4,228.55,0.0,914.2,644.76
6953,UB-003083,129,2,1168.65,10.0,2103.57,1533.7
6954,UB-003084,4,1,802.55,0.0,802.55,608.34
6955,UB-003085,65,4,730.42,5.0,2775.6,2102.4
6956,UB-003086,55,1,893.09,0.0,893.09,606.14
6957,UB-003087,101,2,1121.5,0.0,2243.0,1786.54
6958,UB-003087,116,1,751.78,0.0,751.78,498.56
6959,UB-003088,89,1,581.1,20.0,464.88,419.15
6960,UB-003088,57,3,770.25,10.0,2079.68,1703.1
6961,UB-003089,32,1,102.27,5.0,97.16,79.85
6962,UB-003090,122,1,659.13,5.0,626.17,508.02
6963,UB-003090,144,2,417.81,5.0,793.84,601.24
6964,UB-003090,86,1,480.49,10.0,432.44,409.68
6965,UB-003091,135,1,626.7,0.0,626.7,397.42
6966,UB-003092,122,4,633.39,0.0,2533.56,2032.08
6967,UB-003092,120,1,719.98,5.0,683.98,488.5
6968,UB-003092,27,1,1101.65,0.0,1101.65,891.38
6969,UB-003093,117,1,543.33,5.0,516.16,410.43
6970,UB-003093,80,2,397.82,15.0,676.29,605.16
6971,UB-003093,37,4,1020.34,0.0,4081.36,3325.8
6972,UB-003094,87,3,389.69,0.0,1169.07,890.04
6973,UB-003094,105,2,1261.81,0.0,2523.62,1777.9
6974,UB-003095,101,1,1120.33,5.0,1064.31,893.27
6975,UB-003095,129,1,1200.04,0.0,1200.04,766.85
6976,UB-003095,30,1,1331.38,5.0,1264.81,865.11
6977,UB-003096,69,1,313.46,0.0,313.46,234.6
6978,UB-003096,54,2,1040.17,15.0,1768.29,1614.36
6979,UB-003096,49,4,964.45,0.0,3857.8,2456.16
6980,UB-003097,24,4,93.16,0.0,372.64,246.04
6981,UB-003097,89,1,592.75,0.0,592.75,419.15
6982,UB-003097,141,2,279.49,0.0,558.98,371.34
6983,UB-003098,55,3,927.28,0.0,2781.84,1818.42
6984,UB-003099,49,1,943.84,0.0,943.84,614.04
6985,UB-003099,118,2,651.02,5.0,1236.94,843.58
6986,UB-003100,23,2,925.44,0.0,1850.88,1255.08
6987,UB-003101,54,1,1047.61,10.0,942.85,807.18
6988,UB-003101,128,2,175.2,5.0,332.88,283.82
6989,UB-003102,100,2,201.3,10.0,362.34,317.76
6990,UB-003103,130,1,919.16,0.0,919.16,653.53
6991,UB-003103,106,3,1074.8,20.0,2579.52,2159.28
6992,UB-003103,38,2,1059.54,5.0,2013.13,1443.38
6993,UB-003104,75,3,893.01,0.0,2679.03,1763.34
6994,UB-003104,98,4,587.49,0.0,2349.96,1869.32
6995,UB-003104,8,1,372.32,5.0,353.7,293.44
6996,UB-003104,22,1,669.27,15.0,568.88,475.66
6997,UB-003105,18,1,838.39,0.0,838.39,648.71
6998,UB-003105,144,2,415.85,0.0,831.7,601.24
6999,UB-003105,87,1,385.03,0.0,385.03,296.68
7000,UB-003106,104,2,1278.33,20.0,2045.33,1759.84
7001,UB-003107,75,1,906.35,5.0,861.03,587.78
7002,UB-003108,78,2,797.1,0.0,1594.2,1089.5
7003,UB-003108,6,1,958.16,10.0,862.34,692.29
7004,UB-003108,19,2,689.33,10.0,1240.79,948.42
7005,UB-003108,89,4,579.84,15.0,1971.46,1676.6
7006,UB-003108,118,1,642.03,20.0,513.62,421.79
7007,UB-003109,75,3,896.87,0.0,2690.61,1763.34
7008,UB-003109,48,2,356.78,0.0,713.56,509.26
7009,UB-003110,135,1,597.39,5.0,567.52,397.42
7010,UB-003110,112,4,462.39,0.0,1849.56,1352.16
7011,UB-003111,9,3,691.99,0.0,2075.97,1505.07
7012,UB-003112,22,1,645.14,5.0,612.88,475.66
7013,UB-003112,129,1,1176.97,10.0,1059.27,766.85
7014,UB-003112,121,1,892.12,0.0,892.12,683.69
7015,UB-003113,143,1,789.11,0.0,789.11,614.71
7016,UB-003113,81,1,1072.61,10.0,965.35,710.48
7017,UB-003114,111,2,649.03,0.0,1298.06,1113.58
7018,UB-003114,2,4,486.65,10.0,1751.94,1484.88
7019,UB-003115,92,5,840.93,15.0,3573.95,2622.55
7020,UB-003116,32,2,104.11,0.0,208.22,159.7
7021,UB-003116,139,1,719.94,0.0,719.94,504.16
7022,UB-003116,16,1,1054.3,5.0,1001.58,816.38
7023,UB-003117,81,2,1030.27,0.0,2060.54,1420.96
7024,UB-003118,98,2,587.59,5.0,1116.42,934.66
7025,UB-003119,133,3,498.98,10.0,1347.25,961.11
7026,UB-003120,60,2,187.1,15.0,318.07,289.64
7027,UB-003121,106,1,1053.06,15.0,895.1,719.76
7028,UB-003121,59,2,295.42,0.0,590.84,483.76
7029,UB-003122,120,2,714.04,15.0,1213.87,977.0
7030,UB-003122,18,1,848.32,0.0,848.32,648.71
7031,UB-003123,12,1,542.86,0.0,542.86,425.66
7032,UB-003124,60,1,190.84,5.0,181.3,144.82
7033,UB-003124,119,1,572.41,15.0,486.55,477.5
7034,UB-003125,71,1,187.46,0.0,187.46,122.07
7035,UB-003125,135,1,600.57,0.0,600.57,397.42
7036,UB-003125,132,2,1270.81,5.0,2414.54,1620.16
7037,UB-003125,57,1,776.26,5.0,737.45,567.7
7038,UB-003126,135,1,615.64,5.0,584.86,397.42
7039,UB-003126,128,3,176.71,0.0,530.13,425.73
7040,UB-003126,118,4,633.62,0.0,2534.48,1687.16
7041,UB-003127,15,1,1248.78,0.0,1248.78,855.33
7042,UB-003128,104,2,1244.34,0.0,2488.68,1759.84
7043,UB-003128,8,3,379.12,5.0,1080.49,880.32
7044,UB-003128,112,1,469.64,5.0,446.16,338.04
7045,UB-003128,27,1,1048.72,0.0,1048.72,891.38
7046,UB-003129,120,1,728.99,15.0,619.64,488.5
7047,UB-003129,110,1,949.0,5.0,901.55,679.34
7048,UB-003129,49,3,950.81,0.0,2852.43,1842.12
7049,UB-003129,10,1,97.25,5.0,92.39,70.79
7050,UB-003130,61,1,1120.64,5.0,1064.61,828.14
7051,UB-003130,120,3,736.01,0.0,2208.03,1465.5
7052,UB-003130,2,1,493.05,20.0,394.44,371.22
7053,UB-003130,127,4,301.6,0.0,1206.4,889.04
7054,UB-003130,46,2,212.25,10.0,382.05,335.62
7055,UB-003131,52,1,651.46,0.0,651.46,457.32
7056,UB-003131,13,4,365.69,0.0,1462.76,943.64
7057,UB-003132,50,2,444.31,5.0,844.19,655.38
7058,UB-003132,122,1,649.36,5.0,616.89,508.02
7059,UB-003132,93,2,94.98,0.0,189.96,145.66
7060,UB-003133,56,1,511.45,5.0,485.88,348.78
7061,UB-003133,117,3,541.54,0.0,1624.62,1231.29
7062,UB-003133,43,1,173.54,0.0,173.54,116.88
7063,UB-003134,109,2,156.65,0.0,313.3,197.6
7064,UB-003135,41,1,899.38,0.0,899.38,743.96
7065,UB-003135,39,2,864.95,10.0,1556.91,1228.14
7066,UB-003135,129,1,1153.13,0.0,1153.13,766.85
7067,UB-003135,28,2,889.78,5.0,1690.58,1346.5
7068,UB-003136,72,4,993.7,0.0,3974.8,2966.4
7069,UB-003137,133,1,501.01,0.0,501.01,320.37
7070,UB-003137,118,1,652.98,0.0,652.98,421.79
7071,UB-003137,54,3,1014.42,0.0,3043.26,2421.54
7072,UB-003138,138,2,894.7,0.0,1789.4,1209.2
7073,UB-003138,78,5,796.36,0.0,3981.8,2723.75
7074,UB-003138,24,1,92.16,0.0,92.16,61.51
7075,UB-003139,107,2,317.23,0.0,634.46,456.9
7076,UB-003139,41,1,915.33,15.0,778.03,743.96
7077,UB-003140,40,1,375.64,15.0,319.29,255.94
7078,UB-003140,76,2,813.25,0.0,1626.5,1233.78
7079,UB-003140,31,2,723.76,5.0,1375.14,1163.18
7080,UB-003140,99,2,115.62,0.0,231.24,161.88
7081,UB-003141,129,1,1173.27,0.0,1173.27,766.85
7082,UB-003141,78,1,775.72,0.0,775.72,544.75
7083,UB-003142,1,1,309.69,0.0,309.69,210.31
7084,UB-003142,78,1,784.42,0.0,784.42,544.75
7085,UB-003142,24,1,92.84,0.0,92.84,61.51
7086,UB-003143,10,2,95.89,0.0,191.78,141.58
7087,UB-003143,114,1,990.22,0.0,990.22,645.87
7088,UB-003144,90,1,683.94,15.0,581.35,507.26
7089,UB-003144,73,2,971.29,15.0,1651.19,1325.96
7090,UB-003144,44,3,768.06,5.0,2188.97,1763.43
7091,UB-003145,122,1,635.97,5.0,604.17,508.02
7092,UB-003145,95,1,493.39,10.0,444.05,369.8
7093,UB-003145,88,1,692.21,5.0,657.6,553.89
7094,UB-003145,121,3,891.05,0.0,2673.15,2051.07
7095,UB-003146,79,1,733.64,0.0,733.64,478.88
7096,UB-003146,18,1,811.88,0.0,811.88,648.71
7097,UB-003147,38,2,1033.12,0.0,2066.24,1443.38
7098,UB-003147,37,1,1021.83,0.0,1021.83,831.45
7099,UB-003147,42,1,607.05,5.0,576.7,398.38
7100,UB-003148,23,1,915.36,0.0,915.36,627.54
7101,UB-003149,4,1,812.5,15.0,690.62,608.34
7102,UB-003150,22,1,646.77,0.0,646.77,475.66
7103,UB-003151,108,3,1106.61,5.0,3153.84,2386.65
7104,UB-003151,134,1,951.76,0.0,951.76,633.2
7105,UB-003151,4,1,808.32,0.0,808.32,608.34
7106,UB-003152,34,1,168.53,10.0,151.68,138.03
7107,UB-003152,5,2,1378.57,0.0,2757.14,1744.5
7108,UB-003152,120,3,741.38,10.0,2001.73,1465.5
7109,UB-003153,39,3,865.38,10.0,2336.53,1842.21
7110,UB-003154,63,1,247.93,0.0,247.93,167.23
7111,UB-003155,8,1,371.5,0.0,371.5,293.44
7112,UB-003155,54,2,1029.41,0.0,2058.82,1614.36
7113,UB-003156,48,2,364.15,0.0,728.3,509.26
7114,UB-003156,43,2,166.14,0.0,332.28,233.76
7115,UB-003157,88,1,679.11,0.0,679.11,553.89
7116,UB-003157,131,2,915.57,10.0,1648.03,1376.06
7117,UB-003158,115,3,1224.43,10.0,3305.96,2396.76
7118,UB-003159,84,1,1259.41,0.0,1259.41,812.12
7119,UB-003159,105,3,1281.28,0.0,3843.84,2666.85
7120,UB-003160,140,2,302.72,0.0,605.44,390.12
7121,UB-003161,139,1,720.78,10.0,648.7,504.16
7122,UB-003161,104,1,1286.43,0.0,1286.43,879.92
7123,UB-003161,67,1,155.62,0.0,155.62,96.2
7124,UB-003161,84,2,1246.89,0.0,2493.78,1624.24
7125,UB-003162,101,2,1130.28,5.0,2147.53,1786.54
7126,UB-003162,53,1,1288.45,15.0,1095.18,865.12
7127,UB-003163,9,1,681.26,5.0,647.2,501.69
7128,UB-003163,119,1,593.71,5.0,564.02,477.5
7129,UB-003164,59,1,288.65,0.0,288.65,241.88
7130,UB-003165,77,1,274.0,0.0,274.0,195.63
7131,UB-003165,79,1,738.55,0.0,738.55,478.88
7132,UB-003165,37,1,1073.29,10.0,965.96,831.45
7133,UB-003165,48,5,363.8,0.0,1819.0,1273.15
7134,UB-003166,67,2,150.45,0.0,300.9,192.4
7135,UB-003166,111,1,661.15,5.0,628.09,556.79
7136,UB-003166,126,2,1216.89,20.0,1947.02,1607.0
7137,UB-003167,108,2,1117.35,0.0,2234.7,1591.1
7138,UB-003168,32,1,103.79,10.0,93.41,79.85
7139,UB-003168,118,1,654.66,0.0,654.66,421.79
7140,UB-003168,49,1,944.78,0.0,944.78,614.04
7141,UB-003169,98,4,563.68,20.0,1803.78,1869.32
7142,UB-003170,42,1,603.27,10.0,542.94,398.38
7143,UB-003171,7,1,1061.9,5.0,1008.81,753.75
7144,UB-003171,136,1,1350.2,15.0,1147.67,866.98
7145,UB-003171,118,3,652.44,10.0,1761.59,1265.37
7146,UB-003172,74,1,1135.83,0.0,1135.83,882.89
7147,UB-003172,35,1,777.61,0.0,777.61,567.63
7148,UB-003172,39,3,852.15,5.0,2428.63,1842.21
7149,UB-003173,72,1,975.54,0.0,975.54,741.6
7150,UB-003174,126,1,1219.1,15.0,1036.23,803.5
7151,UB-003174,119,2,593.9,0.0,1187.8,955.0
7152,UB-003175,73,3,973.16,10.0,2627.53,1988.94
7153,UB-003175,4,5,812.76,5.0,3860.61,3041.7
7154,UB-003175,121,2,904.8,0.0,1809.6,1367.38
7155,UB-003175,137,4,1294.36,0.0,5177.44,3264.88
7156,UB-003176,56,1,530.84,5.0,504.3,348.78
7157,UB-003177,79,3,746.28,0.0,2238.84,1436.64
7158,UB-003177,66,1,945.63,0.0,945.63,716.35
7159,UB-003177,27,1,1073.67,0.0,1073.67,891.38
7160,UB-003177,91,3,457.89,10.0,1236.3,963.21
7161,UB-003178,59,1,291.05,20.0,232.84,241.88
7162,UB-003179,57,2,753.27,10.0,1355.89,1135.4
7163,UB-003180,87,4,375.86,0.0,1503.44,1186.72
7164,UB-003181,6,2,992.72,0.0,1985.44,1384.58
7165,UB-003182,122,1,624.48,10.0,562.03,508.02
7166,UB-003183,95,1,470.55,0.0,470.55,369.8
7167,UB-003184,12,2,550.81,0.0,1101.62,851.32
7168,UB-003185,8,2,367.51,5.0,698.27,586.88
7169,UB-003185,92,2,809.65,10.0,1457.37,1049.02
7170,UB-003185,26,1,222.21,5.0,211.1,138.49
7171,UB-003185,112,1,458.32,10.0,412.49,338.04
7172,UB-003185,15,1,1253.44,0.0,1253.44,855.33
7173,UB-003186,84,2,1234.44,15.0,2098.55,1624.24
7174,UB-003186,12,2,564.57,10.0,1016.23,851.32
7175,UB-003186,23,1,904.41,5.0,859.19,627.54
7176,UB-003187,91,1,455.67,0.0,455.67,321.07
7177,UB-003187,126,1,1280.05,0.0,1280.05,803.5
7178,UB-003187,106,1,1037.46,0.0,1037.46,719.76
7179,UB-003187,140,1,305.02,10.0,274.52,195.06
7180,UB-003188,22,1,642.45,0.0,642.45,475.66
7181,UB-003188,84,1,1236.79,20.0,989.43,812.12
7182,UB-003188,13,1,374.9,15.0,318.66,235.91
7183,UB-003188,114,1,1032.13,0.0,1032.13,645.87
7184,UB-003188,21,2,799.94,0.0,1599.88,1164.12
7185,UB-003189,62,1,395.02,0.0,395.02,260.55
7186,UB-003190,91,1,466.63,0.0,466.63,321.07
7187,UB-003190,87,2,396.24,0.0,792.48,593.36
7188,UB-003190,2,1,508.37,5.0,482.95,371.22
7189,UB-003190,102,1,1216.01,0.0,1216.01,829.38
7190,UB-003191,105,1,1238.74,10.0,1114.87,888.95
7191,UB-003191,75,2,863.63,0.0,1727.26,1175.56
7192,UB-003191,29,1,751.91,10.0,676.72,536.32
7193,UB-003192,139,2,731.44,0.0,1462.88,1008.32
7194,UB-003193,115,1,1174.39,0.0,1174.39,798.92
7195,UB-003193,94,4,737.63,0.0,2950.52,2153.44
7196,UB-003193,43,1,170.9,0.0,170.9,116.88
7197,UB-003194,136,2,1348.16,0.0,2696.32,1733.96
7198,UB-003194,111,3,659.97,5.0,1880.91,1670.37
7199,UB-003194,66,3,969.02,0.0,2907.06,2149.05
7200,UB-003195,70,3,1344.93,5.0,3833.05,2593.77
7201,UB-003195,61,1,1091.07,5.0,1036.52,828.14
7202,UB-003196,95,1,481.4,0.0,481.4,369.8
7203,UB-003197,5,2,1407.53,5.0,2674.31,1744.5
7204,UB-003198,16,1,1065.55,5.0,1012.27,816.38
7205,UB-003198,129,2,1195.67,5.0,2271.77,1533.7
7206,UB-003199,118,1,653.82,0.0,653.82,421.79
7207,UB-003200,139,2,725.08,15.0,1232.64,1008.32
7208,UB-003200,12,1,561.46,0.0,561.46,425.66
7209,UB-003201,37,3,1036.27,15.0,2642.49,2494.35
7210,UB-003201,82,1,1044.08,0.0,1044.08,685.33
7211,UB-003202,118,2,620.55,15.0,1054.93,843.58
7212,UB-003202,10,1,95.83,0.0,95.83,70.79
7213,UB-003203,72,1,947.1,5.0,899.75,741.6
7214,UB-003203,17,1,836.25,20.0,669.0,644.64
7215,UB-003203,69,1,309.59,0.0,309.59,234.6
7216,UB-003204,113,2,864.1,5.0,1641.79,1390.0
7217,UB-003204,66,1,986.39,15.0,838.43,716.35
7218,UB-003204,29,1,750.84,0.0,750.84,536.32
7219,UB-003205,21,3,765.62,0.0,2296.86,1746.18
7220,UB-003206,114,1,1021.72,0.0,1021.72,645.87
7221,UB-003207,39,1,863.24,0.0,863.24,614.07
7222,UB-003207,37,1,1075.9,0.0,1075.9,831.45
7223,UB-003208,48,2,368.61,5.0,700.36,509.26
7224,UB-003208,54,3,1004.07,0.0,3012.21,2421.54
7225,UB-003208,2,5,507.1,0.0,2535.5,1856.1
7226,UB-003209,35,1,786.36,0.0,786.36,567.63
7227,UB-003210,7,1,1011.15,0.0,1011.15,753.75
7228,UB-003210,132,2,1213.28,10.0,2183.9,1620.16
7229,UB-003210,64,1,324.5,15.0,275.82,214.27
7230,UB-003210,38,1,1055.56,5.0,1002.78,721.69
7231,UB-003211,127,1,297.85,0.0,297.85,222.26
7232,UB-003211,5,1,1384.85,0.0,1384.85,872.25
7233,UB-003212,80,1,406.73,0.0,406.73,302.58
7234,UB-003212,1,1,306.35,0.0,306.35,210.31
7235,UB-003213,101,1,1123.99,0.0,1123.99,893.27
7236,UB-003214,32,1,101.59,20.0,81.27,79.85
7237,UB-003214,14,1,743.22,0.0,743.22,569.64
7238,UB-003214,58,2,574.58,5.0,1091.7,713.12
7239,UB-003215,13,1,369.46,0.0,369.46,235.91
7240,UB-003216,109,1,156.06,0.0,156.06,98.8
7241,UB-003216,135,1,614.65,0.0,614.65,397.42
7242,UB-003217,50,1,433.88,0.0,433.88,327.69
7243,UB-003217,144,1,424.17,5.0,402.96,300.62
7244,UB-003217,132,1,1237.28,0.0,1237.28,810.08
7245,UB-003217,131,2,923.39,15.0,1569.76,1376.06
7246,UB-003218,1,1,301.97,10.0,271.77,210.31
7247,UB-003218,31,4,723.07,10.0,2603.05,2326.36
7248,UB-003219,135,4,616.17,20.0,1971.74,1589.68
7249,UB-003220,11,3,476.99,0.0,1430.97,1100.25
7250,UB-003220,134,3,935.79,10.0,2526.63,1899.6
7251,UB-003221,10,1,100.29,0.0,100.29,70.79
7252,UB-003221,8,1,369.13,10.0,332.22,293.44
7253,UB-003222,136,1,1362.58,0.0,1362.58,866.98
7254,UB-003222,44,1,773.4,0.0,773.4,587.81
7255,UB-003222,6,1,958.44,0.0,958.44,692.29
7256,UB-003223,144,2,426.12,0.0,852.24,601.24
7257,UB-003224,15,2,1226.78,0.0,2453.56,1710.66
7258,UB-003225,18,1,850.74,0.0,850.74,648.71
7259,UB-003225,108,2,1112.16,10.0,2001.89,1591.1
7260,UB-003225,142,1,473.6,0.0,473.6,406.29
7261,UB-003226,38,2,1039.68,0.0,2079.36,1443.38
7262,UB-003227,24,2,93.15,5.0,176.99,123.02
7263,UB-003227,133,1,509.2,10.0,458.28,320.37
7264,UB-003228,8,2,365.89,20.0,585.42,586.88
7265,UB-003228,65,4,723.85,20.0,2316.32,2102.4
7266,UB-003229,122,1,634.27,5.0,602.56,508.02
7267,UB-003229,76,1,796.52,10.0,716.87,616.89
7268,UB-003229,20,2,948.09,10.0,1706.56,1348.48
7269,UB-003229,33,5,450.65,10.0,2027.92,1482.8
7270,UB-003230,7,2,1051.88,5.0,1998.57,1507.5
7271,UB-003231,86,1,500.41,5.0,475.39,409.68
7272,UB-003231,8,1,378.16,15.0,321.44,293.44
7273,UB-003232,59,1,305.12,5.0,289.86,241.88
7274,UB-003233,98,3,587.25,0.0,1761.75,1401.99
7275,UB-003233,120,2,721.95,15.0,1227.32,977.0
7276,UB-003234,9,3,669.3,5.0,1907.5,1505.07
7277,UB-003234,36,1,818.12,10.0,736.31,533.78
7278,UB-003234,84,1,1246.96,15.0,1059.92,812.12
7279,UB-003234,7,3,1055.13,10.0,2848.85,2261.25
7280,UB-003234,55,2,890.14,0.0,1780.28,1212.28
7281,UB-003235,10,1,99.35,0.0,99.35,70.79
7282,UB-003236,37,1,1076.1,0.0,1076.1,831.45
7283,UB-003236,139,1,696.63,5.0,661.8,504.16
7284,UB-003236,38,1,1067.31,0.0,1067.31,721.69
7285,UB-003236,30,2,1322.51,0.0,2645.02,1730.22
7286,UB-003236,70,1,1393.34,0.0,1393.34,864.59
7287,UB-003237,3,1,1153.1,0.0,1153.1,724.04
7288,UB-003237,123,1,460.22,5.0,437.21,328.9
7289,UB-003237,35,2,804.36,0.0,1608.72,1135.26
7290,UB-003237,29,4,731.78,5.0,2780.76,2145.28
7291,UB-003237,141,1,276.44,5.0,262.62,185.67
7292,UB-003238,85,2,339.54,10.0,611.17,465.36
7293,UB-003239,84,1,1274.89,0.0,1274.89,812.12
7294,UB-003239,67,1,151.71,0.0,151.71,96.2
7295,UB-003239,77,2,281.59,5.0,535.02,391.26
7296,UB-003240,139,1,694.46,0.0,694.46,504.16
7297,UB-003240,88,2,701.01,5.0,1331.92,1107.78
7298,UB-003240,87,1,394.57,0.0,394.57,296.68
7299,UB-003240,138,1,905.66,0.0,905.66,604.6
7300,UB-003240,110,1,951.86,0.0,951.86,679.34
7301,UB-003241,106,1,1038.28,5.0,986.37,719.76
7302,UB-003241,23,3,892.24,0.0,2676.72,1882.62
7303,UB-003241,41,1,948.16,10.0,853.34,743.96
7304,UB-003242,21,2,774.75,0.0,1549.5,1164.12
7305,UB-003243,10,3,100.24,0.0,300.72,212.37
7306,UB-003243,122,1,633.39,10.0,570.05,508.02
7307,UB-003243,77,2,279.58,0.0,559.16,391.26
7308,UB-003243,17,3,864.42,5.0,2463.6,1933.92
7309,UB-003244,99,3,110.48,0.0,331.44,242.82
7310,UB-003244,12,5,548.32,0.0,2741.6,2128.3
7311,UB-003245,144,1,413.45,0.0,413.45,300.62
7312,UB-003246,140,1,300.57,0.0,300.57,195.06
7313,UB-003246,134,1,954.07,5.0,906.37,633.2
7314,UB-003246,27,3,1060.06,15.0,2703.15,2674.14
7315,UB-003247,123,1,467.53,0.0,467.53,328.9
7316,UB-003247,82,1,1063.58,0.0,1063.58,685.33
7317,UB-003247,18,3,827.88,0.0,2483.64,1946.13
7318,UB-003248,84,3,1252.84,0.0,3758.52,2436.36
7319,UB-003249,58,1,562.8,10.0,506.52,356.56
7320,UB-003249,55,3,917.42,5.0,2614.65,1818.42
7321,UB-003250,39,2,871.53,5.0,1655.91,1228.14
7322,UB-003250,21,1,799.62,20.0,639.7,582.06
7323,UB-003250,29,2,736.86,0.0,1473.72,1072.64
7324,UB-003251,133,5,493.21,0.0,2466.05,1601.85
7325,UB-003252,64,2,318.17,10.0,572.71,428.54
7326,UB-003252,50,1,434.18,0.0,434.18,327.69
7327,UB-003252,120,1,730.02,10.0,657.02,488.5
7328,UB-003252,5,2,1408.51,0.0,2817.02,1744.5
7329,UB-003253,65,1,740.35,5.0,703.33,525.6
7330,UB-003254,67,1,152.1,10.0,136.89,96.2
7331,UB-003255,2,3,498.15,10.0,1345.0,1113.66
7332,UB-003255,9,5,704.59,5.0,3346.8,2508.45
7333,UB-003255,141,1,285.13,0.0,285.13,185.67
7334,UB-003255,105,1,1223.36,0.0,1223.36,888.95
7335,UB-003256,75,3,886.32,0.0,2658.96,1763.34
7336,UB-003257,82,1,1064.94,0.0,1064.94,685.33
7337,UB-003257,132,1,1279.3,0.0,1279.3,810.08
7338,UB-003257,108,4,1147.76,0.0,4591.04,3182.2
7339,UB-003258,21,3,770.81,0.0,2312.43,1746.18
7340,UB-003258,123,3,470.8,10.0,1271.16,986.7
7341,UB-003258,96,2,493.79,5.0,938.2,734.44
7342,UB-003259,143,1,800.2,20.0,640.16,614.71
7343,UB-003260,84,3,1289.4,0.0,3868.2,2436.36
7344,UB-003261,80,2,412.67,5.0,784.07,605.16
7345,UB-003261,88,1,689.16,0.0,689.16,553.89
7346,UB-003261,5,3,1361.92,0.0,4085.76,2616.75
7347,UB-003261,137,2,1253.56,5.0,2381.76,1632.44
7348,UB-003262,22,2,665.76,20.0,1065.22,951.32
7349,UB-003262,141,1,275.23,0.0,275.23,185.67
7350,UB-003262,60,2,191.58,0.0,383.16,289.64
7351,UB-003262,125,2,330.28,0.0,660.56,427.46
7352,UB-003263,32,3,102.08,0.0,306.24,239.55
7353,UB-003263,112,1,464.51,20.0,371.61,338.04
7354,UB-003263,38,1,1036.67,0.0,1036.67,721.69
7355,UB-003263,28,2,869.29,15.0,1477.79,1346.5
7356,UB-003264,12,2,566.51,0.0,1133.02,851.32
7357,UB-003264,102,1,1198.46,0.0,1198.46,829.38
7358,UB-003264,72,4,988.46,0.0,3953.84,2966.4
7359,UB-003264,84,1,1301.73,0.0,1301.73,812.12
7360,UB-003264,107,1,322.42,0.0,322.42,228.45
7361,UB-003265,135,5,597.78,0.0,2988.9,1987.1
7362,UB-003266,1,1,311.95,0.0,311.95,210.31
7363,UB-003267,135,2,610.31,0.0,1220.62,794.84
7364,UB-003268,136,3,1389.55,0.0,4168.65,2600.94
7365,UB-003268,39,1,875.49,0.0,875.49,614.07
7366,UB-003269,65,1,700.95,0.0,700.95,525.6
7367,UB-003269,133,2,514.12,0.0,1028.24,640.74
7368,UB-003270,45,4,815.96,0.0,3263.84,2443.48
7369,UB-003271,112,4,460.41,5.0,1749.56,1352.16
7370,UB-003271,45,5,801.65,0.0,4008.25,3054.35
7371,UB-003271,142,1,469.54,0.0,469.54,406.29
7372,UB-003271,95,4,492.71,0.0,1970.84,1479.2
7373,UB-003272,63,1,252.83,0.0,252.83,167.23
7374,UB-003272,50,1,433.19,0.0,433.19,327.69
7375,UB-003273,72,3,969.84,0.0,2909.52,2224.8
7376,UB-003273,75,1,885.23,5.0,840.97,587.78
7377,UB-003273,99,2,114.03,0.0,228.06,161.88
7378,UB-003273,6,1,1001.2,0.0,1001.2,692.29
7379,UB-003274,16,5,1064.34,5.0,5055.61,4081.9
7380,UB-003275,59,1,305.0,5.0,289.75,241.88
7381,UB-003276,44,1,769.36,0.0,769.36,587.81
7382,UB-003277,5,1,1390.46,0.0,1390.46,872.25
7383,UB-003277,46,2,218.02,0.0,436.04,335.62
7384,UB-003278,123,1,470.83,0.0,470.83,328.9
7385,UB-003279,26,2,213.92,0.0,427.84,276.98
7386,UB-003279,132,1,1233.41,5.0,1171.74,810.08
7387,UB-003280,61,1,1087.85,0.0,1087.85,828.14
7388,UB-003280,116,1,742.77,15.0,631.35,498.56
7389,UB-003280,80,1,396.95,0.0,396.95,302.58
7390,UB-003281,133,2,494.69,0.0,989.38,640.74
7391,UB-003281,142,5,469.42,15.0,1995.03,2031.45
7392,UB-003282,61,1,1073.49,5.0,1019.82,828.14
7393,UB-003282,45,1,791.63,10.0,712.47,610.87
7394,UB-003283,17,2,846.73,0.0,1693.46,1289.28
7395,UB-003283,29,2,716.82,0.0,1433.64,1072.64
7396,UB-003284,87,1,382.47,5.0,363.35,296.68
7397,UB-003284,34,1,167.26,15.0,142.17,138.03
7398,UB-003284,132,2,1229.18,0.0,2458.36,1620.16
7399,UB-003284,140,1,289.48,0.0,289.48,195.06
7400,UB-003284,142,3,497.71,0.0,1493.13,1218.87
7401,UB-003285,113,1,854.99,10.0,769.49,695.0
7402,UB-003285,29,1,711.85,0.0,711.85,536.32
7403,UB-003286,77,2,275.81,20.0,441.3,391.26
7404,UB-003287,94,1,734.27,0.0,734.27,538.36
7405,UB-003287,50,1,434.4,5.0,412.68,327.69
7406,UB-003288,84,4,1239.76,20.0,3967.23,3248.48
7407,UB-003288,107,3,325.27,5.0,927.02,685.35
7408,UB-003288,19,1,663.69,0.0,663.69,474.21
7409,UB-003289,66,1,945.54,5.0,898.26,716.35
7410,UB-003289,86,1,495.35,0.0,495.35,409.68
7411,UB-003290,48,2,350.31,0.0,700.62,509.26
7412,UB-003291,5,1,1360.66,10.0,1224.59,872.25
7413,UB-003291,27,2,1072.58,20.0,1716.13,1782.76
7414,UB-003291,107,1,330.97,15.0,281.32,228.45
7415,UB-003292,128,3,172.46,0.0,517.38,425.73
7416,UB-003292,85,2,339.67,10.0,611.41,465.36
7417,UB-003292,43,2,165.36,0.0,330.72,233.76
7418,UB-003293,49,1,985.43,0.0,985.43,614.04
7419,UB-003294,72,1,967.69,5.0,919.31,741.6
7420,UB-003295,116,1,777.52,15.0,660.89,498.56
7421,UB-003295,2,2,489.12,0.0,978.24,742.44
7422,UB-003296,5,1,1350.82,0.0,1350.82,872.25
7423,UB-003296,58,4,581.4,0.0,2325.6,1426.24
7424,UB-003296,54,4,1027.56,0.0,4110.24,3228.72
7425,UB-003297,9,1,685.68,0.0,685.68,501.69
7426,UB-003297,83,1,844.09,0.0,844.09,707.0
7427,UB-003298,25,1,672.22,20.0,537.78,496.28
7428,UB-003298,77,3,277.27,0.0,831.81,586.89
7429,UB-003299,122,1,654.59,0.0,654.59,508.02
7430,UB-003299,60,3,192.19,0.0,576.57,434.46
7431,UB-003299,120,5,729.83,0.0,3649.15,2442.5
7432,UB-003300,42,2,596.97,0.0,1193.94,796.76
7433,UB-003301,19,1,683.94,0.0,683.94,474.21
7434,UB-003301,72,2,947.23,0.0,1894.46,1483.2
7435,UB-003302,127,1,309.41,0.0,309.41,222.26
7436,UB-003302,52,1,665.04,0.0,665.04,457.32
7437,UB-003303,109,1,160.94,0.0,160.94,98.8
7438,UB-003303,6,1,982.23,0.0,982.23,692.29
7439,UB-003304,30,1,1399.72,0.0,1399.72,865.11
7440,UB-003304,50,1,439.64,0.0,439.64,327.69
7441,UB-003304,119,1,585.97,0.0,585.97,477.5
7442,UB-003305,60,1,184.15,0.0,184.15,144.82
7443,UB-003305,3,2,1168.64,0.0,2337.28,1448.08
7444,UB-003305,144,1,426.09,10.0,383.48,300.62
7445,UB-003305,26,1,213.57,15.0,181.53,138.49
7446,UB-003306,50,1,427.75,0.0,427.75,327.69
7447,UB-003306,27,1,1089.81,0.0,1089.81,891.38
7448,UB-003307,117,1,545.49,10.0,490.94,410.43
7449,UB-003307,23,4,883.55,0.0,3534.2,2510.16
7450,UB-003308,96,1,494.55,0.0,494.55,367.22
7451,UB-003309,77,3,270.72,15.0,690.34,586.89
7452,UB-003309,24,4,93.74,15.0,318.72,246.04
7453,UB-003309,11,3,459.54,5.0,1309.69,1100.25
7454,UB-003309,140,1,299.73,10.0,269.76,195.06
7455,UB-003310,24,1,94.54,0.0,94.54,61.51
7456,UB-003311,63,1,253.67,0.0,253.67,167.23
7457,UB-003312,25,2,669.48,10.0,1205.06,992.56
7458,UB-003312,111,3,648.3,0.0,1944.9,1670.37
7459,UB-003313,22,1,647.61,0.0,647.61,475.66
7460,UB-003314,64,1,327.35,0.0,327.35,214.27
7461,UB-003315,136,2,1362.48,5.0,2588.71,1733.96
7462,UB-003315,122,1,656.24,0.0,656.24,508.02
7463,UB-003316,98,1,580.54,0.0,580.54,467.33
7464,UB-003316,36,2,838.56,10.0,1509.41,1067.56
7465,UB-003316,125,3,326.01,0.0,978.03,641.19
7466,UB-003316,2,3,508.41,10.0,1372.71,1113.66
7467,UB-003317,131,2,926.27,0.0,1852.54,1376.06
7468,UB-003318,125,1,322.8,0.0,322.8,213.73
7469,UB-003319,132,2,1262.16,0.0,2524.32,1620.16
7470,UB-003320,33,1,432.81,0.0,432.81,296.56
7471,UB-003320,5,1,1407.89,10.0,1267.1,872.25
7472,UB-003321,74,1,1115.99,0.0,1115.99,882.89
7473,UB-003321,3,1,1173.46,0.0,1173.46,724.04
7474,UB-003322,59,1,302.8,15.0,257.38,241.88
7475,UB-003323,61,1,1105.02,0.0,1105.02,828.14
7476,UB-003323,72,3,949.13,5.0,2705.02,2224.8
7477,UB-003323,14,5,743.48,15.0,3159.79,2848.2
7478,UB-003324,46,4,217.31,0.0,869.24,671.24
7479,UB-003324,116,1,762.57,10.0,686.31,498.56
7480,UB-003324,144,2,418.63,0.0,837.26,601.24
7481,UB-003325,46,2,212.67,0.0,425.34,335.62
7482,UB-003325,45,3,793.66,0.0,2380.98,1832.61
7483,UB-003325,63,5,253.37,0.0,1266.85,836.15
7484,UB-003325,49,1,965.56,10.0,869.0,614.04
7485,UB-003325,137,1,1274.23,15.0,1083.1,816.22
7486,UB-003326,41,3,934.73,5.0,2663.98,2231.88
7487,UB-003327,27,2,1104.74,5.0,2099.01,1782.76
7488,UB-003327,75,2,899.2,5.0,1708.48,1175.56
7489,UB-003328,112,3,458.21,10.0,1237.17,1014.12
7490,UB-003328,15,1,1212.01,10.0,1090.81,855.33
7491,UB-003329,112,2,446.93,0.0,893.86,676.08
7492,UB-003329,80,1,402.17,10.0,361.95,302.58
7493,UB-003329,124,1,547.55,5.0,520.17,445.56
7494,UB-003329,95,2,497.6,5.0,945.44,739.6
7495,UB-003330,143,1,811.23,0.0,811.23,614.71
7496,UB-003331,8,1,382.21,15.0,324.88,293.44
7497,UB-003331,42,1,603.46,0.0,603.46,398.38
7498,UB-003332,53,2,1278.94,15.0,2174.2,1730.24
7499,UB-003333,105,2,1248.38,0.0,2496.76,1777.9
7500,UB-003334,83,2,842.45,10.0,1516.41,1414.0
7501,UB-003334,81,1,1069.46,20.0,855.57,710.48
7502,UB-003334,61,5,1080.05,0.0,5400.25,4140.7
7503,UB-003335,140,1,295.36,0.0,295.36,195.06
7504,UB-003335,120,1,744.77,10.0,670.29,488.5
7505,UB-003336,86,1,495.96,0.0,495.96,409.68
7506,UB-003336,98,1,576.77,15.0,490.25,467.33
7507,UB-003337,57,1,791.44,0.0,791.44,567.7
7508,UB-003337,55,1,885.7,10.0,797.13,606.14
7509,UB-003338,117,1,564.28,0.0,564.28,410.43
7510,UB-003338,6,1,948.81,10.0,853.93,692.29
7511,UB-003339,85,2,326.63,0.0,653.26,465.36
7512,UB-003339,103,5,904.53,0.0,4522.65,3407.6
7513,UB-003339,82,3,1045.9,0.0,3137.7,2055.99
7514,UB-003339,51,4,230.32,5.0,875.22,635.96
7515,UB-003340,50,1,426.05,0.0,426.05,327.69
7516,UB-003340,134,3,971.25,10.0,2622.38,1899.6
7517,UB-003341,7,1,1010.07,0.0,1010.07,753.75
7518,UB-003341,129,2,1149.22,5.0,2183.52,1533.7
7519,UB-003342,65,1,727.21,0.0,727.21,525.6
7520,UB-003342,3,1,1138.36,0.0,1138.36,724.04
7521,UB-003343,51,3,228.71,0.0,686.13,476.97
7522,UB-003343,42,1,613.78,0.0,613.78,398.38
7523,UB-003344,111,1,664.53,0.0,664.53,556.79
7524,UB-003345,84,1,1284.98,0.0,1284.98,812.12
7525,UB-003345,6,1,946.44,0.0,946.44,692.29
7526,UB-003346,131,1,919.71,5.0,873.72,688.03
7527,UB-003346,68,1,216.73,10.0,195.06,161.19
7528,UB-003347,114,3,1017.12,5.0,2898.79,1937.61
7529,UB-003347,32,4,104.74,0.0,418.96,319.4
7530,UB-003347,25,3,673.64,10.0,1818.83,1488.84
7531,UB-003347,59,2,288.93,0.0,577.86,483.76
7532,UB-003347,112,1,458.03,0.0,458.03,338.04
7533,UB-003348,98,3,591.28,15.0,1507.76,1401.99
7534,UB-003348,113,2,862.27,0.0,1724.54,1390.0
7535,UB-003349,137,1,1275.76,0.0,1275.76,816.22
7536,UB-003349,31,4,720.09,0.0,2880.36,2326.36
7537,UB-003349,83,1,872.51,15.0,741.63,707.0
7538,UB-003350,13,3,368.89,0.0,1106.67,707.73
7539,UB-003351,9,1,668.66,0.0,668.66,501.69
7540,UB-003351,79,1,754.26,0.0,754.26,478.88
7541,UB-003351,89,1,590.13,0.0,590.13,419.15
7542,UB-003352,144,1,411.09,0.0,411.09,300.62
7543,UB-003352,130,1,915.02,10.0,823.52,653.53
7544,UB-003352,92,1,838.33,0.0,838.33,524.51
7545,UB-003353,113,1,894.04,5.0,849.34,695.0
7546,UB-003353,48,1,352.84,0.0,352.84,254.63
7547,UB-003354,36,1,851.56,10.0,766.4,533.78
7548,UB-003354,77,3,282.37,0.0,847.11,586.89
7549,UB-003354,89,4,581.59,0.0,2326.36,1676.6
7550,UB-003355,24,2,95.72,5.0,181.87,123.02
7551,UB-003355,102,4,1172.04,0.0,4688.16,3317.52
7552,UB-003355,144,2,425.76,0.0,851.52,601.24
7553,UB-003356,7,1,1022.82,5.0,971.68,753.75
7554,UB-003356,82,3,1068.85,15.0,2725.57,2055.99
7555,UB-003357,74,1,1145.66,15.0,973.81,882.89
7556,UB-003358,122,1,644.82,0.0,644.82,508.02
7557,UB-003359,16,1,1104.25,0.0,1104.25,816.38
7558,UB-003359,126,4,1220.72,20.0,3906.3,3214.0
7559,UB-003359,57,2,768.92,5.0,1460.95,1135.4
7560,UB-003360,104,2,1273.01,0.0,2546.02,1759.84
7561,UB-003360,123,1,475.61,0.0,475.61,328.9
7562,UB-003360,88,1,688.35,0.0,688.35,553.89
7563,UB-003360,136,1,1417.67,15.0,1205.02,866.98
7564,UB-003361,51,1,232.0,10.0,208.8,158.99
7565,UB-003361,45,1,833.77,0.0,833.77,610.87
7566,UB-003362,49,2,941.73,20.0,1506.77,1228.08
7567,UB-003362,113,1,867.17,0.0,867.17,695.0
7568,UB-003362,139,1,709.12,0.0,709.12,504.16
7569,UB-003363,95,1,489.74,0.0,489.74,369.8
7570,UB-003363,87,1,373.94,10.0,336.55,296.68
7571,UB-003363,77,3,282.03,0.0,846.09,586.89
7572,UB-003364,86,3,477.81,0.0,1433.43,1229.04
7573,UB-003364,128,3,177.26,0.0,531.78,425.73
7574,UB-003365,29,1,733.33,0.0,733.33,536.32
7575,UB-003365,106,1,1078.92,0.0,1078.92,719.76
7576,UB-003366,27,1,1062.53,0.0,1062.53,891.38
7577,UB-003366,9,2,683.82,10.0,1230.88,1003.38
7578,UB-003367,7,2,1008.38,5.0,1915.92,1507.5
7579,UB-003367,18,1,834.19,5.0,792.48,648.71
7580,UB-003367,98,1,591.39,0.0,591.39,467.33
7581,UB-003368,97,1,1166.55,0.0,1166.55,712.55
7582,UB-003369,78,3,793.87,10.0,2143.45,1634.25
7583,UB-003369,52,2,661.2,0.0,1322.4,914.64
7584,UB-003370,5,1,1421.86,10.0,1279.67,872.25
7585,UB-003370,31,1,721.52,10.0,649.37,581.59
7586,UB-003370,14,1,766.97,0.0,766.97,569.64
7587,UB-003371,62,1,372.56,5.0,353.93,260.55
7588,UB-003372,39,1,893.59,0.0,893.59,614.07
7589,UB-003372,141,1,271.18,0.0,271.18,185.67
7590,UB-003373,46,1,224.59,0.0,224.59,167.81
7591,UB-003373,143,1,781.98,5.0,742.88,614.71
7592,UB-003374,113,1,850.1,0.0,850.1,695.0
7593,UB-003374,135,1,612.21,0.0,612.21,397.42
7594,UB-003375,16,1,1045.89,0.0,1045.89,816.38
7595,UB-003376,75,2,892.17,15.0,1516.69,1175.56
7596,UB-003376,102,1,1214.2,0.0,1214.2,829.38
7597,UB-003377,44,2,799.27,5.0,1518.61,1175.62
7598,UB-003377,14,4,780.11,0.0,3120.44,2278.56
7599,UB-003378,96,2,498.39,10.0,897.1,734.44
7600,UB-003379,45,2,835.05,5.0,1586.59,1221.74
7601,UB-003379,42,2,617.28,10.0,1111.1,796.76
7602,UB-003379,82,1,1066.73,20.0,853.38,685.33
7603,UB-003379,75,2,898.74,0.0,1797.48,1175.56
7604,UB-003379,85,2,326.31,0.0,652.62,465.36
7605,UB-003380,85,2,331.82,20.0,530.91,465.36
7606,UB-003380,35,5,774.11,0.0,3870.55,2838.15
7607,UB-003381,61,1,1063.75,0.0,1063.75,828.14
7608,UB-003381,73,3,1014.52,0.0,3043.56,1988.94
7609,UB-003382,107,1,312.0,5.0,296.4,228.45
7610,UB-003383,57,1,750.77,15.0,638.15,567.7
7611,UB-003383,51,2,230.24,0.0,460.48,317.98
7612,UB-003383,14,2,770.14,0.0,1540.28,1139.28
7613,UB-003384,129,1,1200.93,15.0,1020.79,766.85
7614,UB-003385,55,2,899.26,20.0,1438.82,1212.28
7615,UB-003385,96,2,515.26,0.0,1030.52,734.44
7616,UB-003386,39,5,847.84,0.0,4239.2,3070.35
7617,UB-003386,134,1,933.1,0.0,933.1,633.2
7618,UB-003387,138,1,927.22,20.0,741.78,604.6
7619,UB-003388,24,2,93.83,5.0,178.28,123.02
7620,UB-003388,79,3,760.03,15.0,1938.08,1436.64
7621,UB-003388,136,4,1377.63,0.0,5510.52,3467.92
7622,UB-003388,36,3,824.0,0.0,2472.0,1601.34
7623,UB-003389,144,1,435.62,5.0,413.84,300.62
7624,UB-003389,138,1,895.65,0.0,895.65,604.6
7625,UB-003390,57,1,757.2,0.0,757.2,567.7
7626,UB-003390,143,2,793.05,5.0,1506.79,1229.42
7627,UB-003391,76,1,826.09,0.0,826.09,616.89
7628,UB-003391,40,2,360.16,10.0,648.29,511.88
7629,UB-003392,58,1,566.86,0.0,566.86,356.56
7630,UB-003392,124,2,546.49,0.0,1092.98,891.12
7631,UB-003393,41,1,940.12,5.0,893.11,743.96
7632,UB-003393,43,2,166.19,0.0,332.38,233.76
7633,UB-003394,48,4,364.77,0.0,1459.08,1018.52
7634,UB-003395,8,2,377.92,10.0,680.26,586.88
7635,UB-003395,7,1,1059.48,10.0,953.53,753.75
7636,UB-003395,58,1,571.71,0.0,571.71,356.56
7637,UB-003395,128,2,170.35,0.0,340.7,283.82
7638,UB-003396,22,2,670.26,0.0,1340.52,951.32
7639,UB-003396,64,1,331.05,0.0,331.05,214.27
7640,UB-003396,115,2,1217.08,15.0,2069.04,1597.84
7641,UB-003396,56,1,513.99,5.0,488.29,348.78
7642,UB-003397,65,2,704.37,0.0,1408.74,1051.2
7643,UB-003397,135,1,623.63,15.0,530.09,397.42
7644,UB-003398,45,5,821.25,0.0,4106.25,3054.35
7645,UB-003398,37,3,1024.51,0.0,3073.53,2494.35
7646,UB-003398,48,1,360.74,0.0,360.74,254.63
7647,UB-003399,72,4,948.47,20.0,3035.1,2966.4
7648,UB-003399,86,1,497.44,0.0,497.44,409.68
7649,UB-003400,110,1,939.37,0.0,939.37,679.34
7650,UB-003400,7,3,1055.51,5.0,3008.2,2261.25
7651,UB-003400,59,1,290.09,0.0,290.09,241.88
7652,UB-003400,51,2,235.07,0.0,470.14,317.98
7653,UB-003401,28,1,902.73,10.0,812.46,673.25
7654,UB-003401,111,1,652.1,15.0,554.28,556.79
7655,UB-003402,14,1,772.8,0.0,772.8,569.64
7656,UB-003403,96,1,517.22,10.0,465.5,367.22
7657,UB-003403,14,2,761.31,5.0,1446.49,1139.28
7658,UB-003404,16,4,1097.21,20.0,3511.07,3265.52
7659,UB-003404,14,3,778.06,0.0,2334.18,1708.92
7660,UB-003405,86,2,474.01,0.0,948.02,819.36
7661,UB-003405,97,2,1154.26,0.0,2308.52,1425.1
7662,UB-003405,22,2,649.37,0.0,1298.74,951.32
7663,UB-003406,16,2,1088.73,0.0,2177.46,1632.76
7664,UB-003406,87,1,395.41,0.0,395.41,296.68
7665,UB-003407,60,2,192.28,15.0,326.88,289.64
7666,UB-003408,100,2,206.16,20.0,329.86,317.76
7667,UB-003409,10,1,97.52,0.0,97.52,70.79
7668,UB-003410,47,1,109.3,10.0,98.37,87.48
7669,UB-003411,98,2,588.17,15.0,999.89,934.66
7670,UB-003412,63,3,250.29,0.0,750.87,501.69
7671,UB-003413,118,1,621.02,0.0,621.02,421.79
7672,UB-003413,122,1,645.01,5.0,612.76,508.02
7673,UB-003414,119,2,598.69,5.0,1137.51,955.0
7674,UB-003414,103,3,916.48,10.0,2474.5,2044.56
7675,UB-003415,6,3,987.77,10.0,2666.98,2076.87
7676,UB-003415,106,1,1057.96,0.0,1057.96,719.76
7677,UB-003416,143,1,792.35,0.0,792.35,614.71
7678,UB-003417,85,2,325.17,10.0,585.31,465.36
7679,UB-003418,132,1,1253.3,0.0,1253.3,810.08
7680,UB-003419,66,1,953.41,10.0,858.07,716.35
7681,UB-003419,128,1,168.95,5.0,160.5,141.91
7682,UB-003419,112,1,454.6,5.0,431.87,338.04
7683,UB-003419,25,4,651.22,10.0,2344.39,1985.12
7684,UB-003420,57,1,773.45,0.0,773.45,567.7
7685,UB-003420,113,1,862.06,0.0,862.06,695.0
7686,UB-003420,30,1,1345.4,10.0,1210.86,865.11
7687,UB-003420,94,1,751.91,10.0,676.72,538.36
7688,UB-003421,9,1,678.89,10.0,611.0,501.69
7689,UB-003421,96,2,494.56,0.0,989.12,734.44
7690,UB-003422,141,2,276.26,0.0,552.52,371.34
7691,UB-003422,16,3,1064.36,0.0,3193.08,2449.14
7692,UB-003422,53,1,1256.3,15.0,1067.86,865.12
7693,UB-003423,114,1,1011.39,0.0,1011.39,645.87
7694,UB-003423,85,1,339.35,15.0,288.45,232.68
7695,UB-003424,130,1,911.25,0.0,911.25,653.53
7696,UB-003424,41,2,902.75,10.0,1624.95,1487.92
7697,UB-003425,25,2,643.88,0.0,1287.76,992.56
7698,UB-003425,100,2,209.53,15.0,356.2,317.76
7699,UB-003425,90,1,708.91,0.0,708.91,507.26
7700,UB-003426,140,2,301.86,5.0,573.53,390.12
7701,UB-003426,73,1,1007.02,0.0,1007.02,662.98
7702,UB-003427,36,3,828.05,0.0,2484.15,1601.34
7703,UB-003427,81,3,1063.12,0.0,3189.36,2131.44
7704,UB-003427,25,2,663.04,15.0,1127.17,992.56
7705,UB-003428,106,1,1044.66,15.0,887.96,719.76
7706,UB-003429,23,1,910.13,0.0,910.13,627.54
7707,UB-003430,73,1,1018.9,5.0,967.95,662.98
7708,UB-003430,143,1,799.34,0.0,799.34,614.71
7709,UB-003430,137,3,1266.44,0.0,3799.32,2448.66
7710,UB-003431,67,1,151.89,0.0,151.89,96.2
7711,UB-003432,95,2,495.52,10.0,891.94,739.6
7712,UB-003432,97,1,1133.88,0.0,1133.88,712.55
7713,UB-003433,108,1,1143.63,5.0,1086.45,795.55
7714,UB-003433,102,5,1229.9,0.0,6149.5,4146.9
7715,UB-003433,23,1,918.27,10.0,826.44,627.54
7716,UB-003433,141,2,272.85,0.0,545.7,371.34
7717,UB-003433,78,1,818.82,15.0,696.0,544.75
7718,UB-003434,29,2,733.04,0.0,1466.08,1072.64
7719,UB-003434,103,1,934.68,0.0,934.68,681.52
7720,UB-003434,133,1,516.84,0.0,516.84,320.37
7721,UB-003434,5,1,1366.17,15.0,1161.24,872.25
7722,UB-003435,68,2,221.09,0.0,442.18,322.38
7723,UB-003436,27,1,1102.09,5.0,1046.99,891.38
7724,UB-003437,93,2,92.09,5.0,174.97,145.66
7725,UB-003437,125,2,337.23,0.0,674.46,427.46
7726,UB-003438,12,5,558.25,0.0,2791.25,2128.3
7727,UB-003438,26,1,215.37,0.0,215.37,138.49
7728,UB-003438,82,2,1033.04,5.0,1962.78,1370.66
7729,UB-003439,40,1,360.55,10.0,324.5,255.94
7730,UB-003440,135,1,630.28,10.0,567.25,397.42
7731,UB-003440,69,2,317.86,0.0,635.72,469.2
7732,UB-003441,44,1,774.51,0.0,774.51,587.81
7733,UB-003441,121,1,886.61,0.0,886.61,683.69
7734,UB-003442,102,2,1221.43,0.0,2442.86,1658.76
7735,UB-003442,79,1,757.38,0.0,757.38,478.88
7736,UB-003443,52,1,669.57,5.0,636.09,457.32
7737,UB-003444,138,2,886.31,0.0,1772.62,1209.2
7738,UB-003444,9,1,694.43,15.0,590.27,501.69
7739,UB-003445,60,1,183.78,5.0,174.59,144.82
7740,UB-003446,78,1,794.81,0.0,794.81,544.75
7741,UB-003446,39,1,853.37,5.0,810.7,614.07
7742,UB-003447,47,4,109.21,0.0,436.84,349.92
7743,UB-003447,104,2,1220.79,0.0,2441.58,1759.84
7744,UB-003447,74,1,1146.58,0.0,1146.58,882.89
7745,UB-003448,137,3,1278.43,0.0,3835.29,2448.66
7746,UB-003448,115,2,1226.5,5.0,2330.35,1597.84
7747,UB-003449,75,3,902.04,0.0,2706.12,1763.34
7748,UB-003450,134,1,930.0,15.0,790.5,633.2
7749,UB-003450,19,2,665.88,0.0,1331.76,948.42
7750,UB-003450,132,1,1226.41,0.0,1226.41,810.08
7751,UB-003451,39,3,853.17,0.0,2559.51,1842.21
7752,UB-003451,98,2,591.39,0.0,1182.78,934.66
7753,UB-003452,47,1,108.74,0.0,108.74,87.48
7754,UB-003452,3,2,1141.77,15.0,1941.01,1448.08
7755,UB-003452,13,1,378.31,0.0,378.31,235.91
7756,UB-003452,25,2,644.66,0.0,1289.32,992.56
7757,UB-003452,14,3,754.2,15.0,1923.21,1708.92
7758,UB-003453,63,2,249.88,0.0,499.76,334.46
7759,UB-003453,74,1,1152.02,0.0,1152.02,882.89
7760,UB-003454,137,2,1255.44,0.0,2510.88,1632.44
7761,UB-003454,58,1,566.93,15.0,481.89,356.56
7762,UB-003455,20,1,980.26,0.0,980.26,674.24
7763,UB-003455,78,1,817.75,5.0,776.86,544.75
7764,UB-003455,88,1,705.01,0.0,705.01,553.89
7765,UB-003456,48,1,355.67,15.0,302.32,254.63
7766,UB-003457,65,1,728.55,5.0,692.12,525.6
7767,UB-003458,70,2,1382.91,5.0,2627.53,1729.18
7768,UB-003459,72,1,972.38,10.0,875.14,741.6
7769,UB-003460,124,1,522.65,0.0,522.65,445.56
7770,UB-003460,114,1,1007.61,0.0,1007.61,645.87
7771,UB-003460,90,2,694.66,10.0,1250.39,1014.52
7772,UB-003460,109,1,155.12,10.0,139.61,98.8
7773,UB-003461,15,2,1226.04,0.0,2452.08,1710.66
7774,UB-003461,142,1,472.95,10.0,425.65,406.29
7775,UB-003462,124,2,532.38,0.0,1064.76,891.12
7776,UB-003462,144,1,420.04,20.0,336.03,300.62
7777,UB-003462,93,1,91.61,5.0,87.03,72.83
7778,UB-003463,38,3,1023.21,20.0,2455.7,2165.07
7779,UB-003464,113,1,879.28,0.0,879.28,695.0
7780,UB-003465,123,2,473.37,10.0,852.07,657.8
7781,UB-003465,75,1,896.62,10.0,806.96,587.78
7782,UB-003466,49,1,953.24,0.0,953.24,614.04
7783,UB-003466,6,1,985.24,0.0,985.24,692.29
7784,UB-003466,32,1,103.51,5.0,98.33,79.85
7785,UB-003466,15,1,1203.53,15.0,1023.0,855.33
7786,UB-003467,25,1,641.53,0.0,641.53,496.28
7787,UB-003467,104,1,1287.47,10.0,1158.72,879.92
7788,UB-003468,58,1,564.6,0.0,564.6,356.56
7789,UB-003468,23,4,926.54,10.0,3335.54,2510.16
7790,UB-003469,11,4,453.87,10.0,1633.93,1467.0
7791,UB-003469,9,3,680.86,10.0,1838.32,1505.07
7792,UB-003469,86,1,480.52,10.0,432.47,409.68
7793,UB-003469,52,1,662.86,0.0,662.86,457.32
7794,UB-003469,89,2,575.24,0.0,1150.48,838.3
7795,UB-003470,101,2,1142.44,0.0,2284.88,1786.54
7796,UB-003471,7,3,1051.45,0.0,3154.35,2261.25
7797,UB-003472,48,3,352.99,0.0,1058.97,763.89
7798,UB-003473,107,2,313.12,0.0,626.24,456.9
7799,UB-003473,93,2,94.81,15.0,161.18,145.66
7800,UB-003473,112,3,458.62,0.0,1375.86,1014.12
7801,UB-003473,105,1,1233.48,0.0,1233.48,888.95
7802,UB-003473,61,2,1117.65,0.0,2235.3,1656.28
7803,UB-003474,32,3,102.75,0.0,308.25,239.55
7804,UB-003475,109,2,156.78,0.0,313.56,197.6
7805,UB-003475,107,1,328.46,0.0,328.46,228.45
7806,UB-003475,67,1,150.76,0.0,150.76,96.2
7807,UB-003476,29,1,752.15,10.0,676.93,536.32
7808,UB-003476,41,3,936.76,0.0,2810.28,2231.88
7809,UB-003476,12,3,570.97,10.0,1541.62,1276.98
7810,UB-003477,39,3,881.61,0.0,2644.83,1842.21
7811,UB-003477,46,2,223.91,10.0,403.04,335.62
7812,UB-003478,136,1,1377.57,15.0,1170.93,866.98
7813,UB-003479,15,2,1225.24,0.0,2450.48,1710.66
7814,UB-003479,76,2,828.15,10.0,1490.67,1233.78
7815,UB-003479,96,1,509.63,0.0,509.63,367.22
7816,UB-003479,8,1,372.67,0.0,372.67,293.44
7817,UB-003480,106,3,1082.97,0.0,3248.91,2159.28
7818,UB-003481,23,1,892.98,5.0,848.33,627.54
7819,UB-003482,75,4,860.62,0.0,3442.48,2351.12
7820,UB-003483,17,1,824.77,20.0,659.82,644.64
7821,UB-003483,39,2,846.17,0.0,1692.34,1228.14
7822,UB-003484,77,1,277.79,0.0,277.79,195.63
7823,UB-003485,105,1,1214.41,0.0,1214.41,888.95
7824,UB-003486,86,1,498.34,0.0,498.34,409.68
7825,UB-003487,101,1,1134.18,10.0,1020.76,893.27
7826,UB-003487,104,1,1241.52,0.0,1241.52,879.92
7827,UB-003488,105,1,1241.06,0.0,1241.06,888.95
7828,UB-003488,126,1,1288.67,10.0,1159.8,803.5
7829,UB-003488,1,2,313.2,0.0,626.4,420.62
7830,UB-003488,49,1,945.53,0.0,945.53,614.04
7831,UB-003489,40,1,360.52,0.0,360.52,255.94
7832,UB-003489,1,1,315.8,15.0,268.43,210.31
7833,UB-003489,138,3,932.07,0.0,2796.21,1813.8
7834,UB-003490,142,1,472.06,0.0,472.06,406.29
7835,UB-003491,43,2,169.83,0.0,339.66,233.76
7836,UB-003492,61,1,1085.52,0.0,1085.52,828.14
7837,UB-003492,103,1,884.38,10.0,795.94,681.52
7838,UB-003492,110,1,923.45,5.0,877.28,679.34
7839,UB-003493,142,1,472.58,0.0,472.58,406.29
7840,UB-003493,29,1,715.04,5.0,679.29,536.32
7841,UB-003493,92,2,831.29,0.0,1662.58,1049.02
7842,UB-003493,50,1,431.32,10.0,388.19,327.69
7843,UB-003494,142,1,476.82,5.0,452.98,406.29
7844,UB-003495,48,1,368.75,10.0,331.88,254.63
7845,UB-003496,24,1,95.26,0.0,95.26,61.51
7846,UB-003496,121,1,934.02,0.0,934.02,683.69
7847,UB-003496,84,1,1283.6,0.0,1283.6,812.12
7848,UB-003497,81,2,1031.36,10.0,1856.45,1420.96
7849,UB-003498,61,1,1117.38,0.0,1117.38,828.14
7850,UB-003498,91,3,451.23,5.0,1286.01,963.21
7851,UB-003498,53,3,1302.43,10.0,3516.56,2595.36
7852,UB-003498,62,1,385.08,0.0,385.08,260.55
7853,UB-003499,83,1,835.41,10.0,751.87,707.0
7854,UB-003499,136,1,1346.51,0.0,1346.51,866.98
7855,UB-003499,12,1,561.11,0.0,561.11,425.66
7856,UB-003500,5,1,1408.62,0.0,1408.62,872.25
7857,UB-003500,43,2,168.36,10.0,303.05,233.76
7858,UB-003500,113,1,873.89,10.0,786.5,695.0
7859,UB-003500,44,1,776.8,0.0,776.8,587.81
7860,UB-003501,36,2,850.78,15.0,1446.33,1067.56
7861,UB-003501,58,1,576.24,10.0,518.62,356.56
7862,UB-003502,129,1,1198.75,5.0,1138.81,766.85
7863,UB-003502,113,1,883.68,10.0,795.31,695.0
7864,UB-003503,15,1,1230.36,5.0,1168.84,855.33
7865,UB-003503,43,1,172.57,10.0,155.31,116.88
7866,UB-003503,68,1,229.07,0.0,229.07,161.19
7867,UB-003504,16,3,1105.04,0.0,3315.12,2449.14
7868,UB-003504,81,2,1014.18,5.0,1926.94,1420.96
7869,UB-003504,62,1,390.03,0.0,390.03,260.55
7870,UB-003504,48,1,355.58,15.0,302.24,254.63
7871,UB-003505,25,1,656.59,0.0,656.59,496.28
7872,UB-003506,33,4,443.09,0.0,1772.36,1186.24
7873,UB-003506,123,4,468.2,0.0,1872.8,1315.6
7874,UB-003506,94,1,736.21,0.0,736.21,538.36
7875,UB-003507,96,1,510.75,5.0,485.21,367.22
7876,UB-003507,22,1,647.76,0.0,647.76,475.66
7877,UB-003508,106,4,1073.35,0.0,4293.4,2879.04
7878,UB-003509,11,2,453.21,5.0,861.1,733.5
7879,UB-003510,9,1,667.57,0.0,667.57,501.69
7880,UB-003511,100,3,203.7,10.0,549.99,476.64
7881,UB-003512,102,2,1206.46,10.0,2171.63,1658.76
7882,UB-003512,129,4,1152.07,0.0,4608.28,3067.4
7883,UB-003512,14,1,742.46,5.0,705.34,569.64
7884,UB-003512,105,1,1284.06,0.0,1284.06,888.95
7885,UB-003513,33,2,426.53,0.0,853.06,593.12
7886,UB-003513,120,1,715.13,0.0,715.13,488.5
7887,UB-003514,80,2,410.13,15.0,697.22,605.16
7888,UB-003515,123,2,469.25,0.0,938.5,657.8
7889,UB-003515,52,1,668.57,0.0,668.57,457.32
7890,UB-003515,14,1,751.22,10.0,676.1,569.64
7891,UB-003516,139,2,723.42,10.0,1302.16,1008.32
7892,UB-003516,85,4,332.4,0.0,1329.6,930.72
7893,UB-003516,64,1,326.53,5.0,310.2,214.27
7894,UB-003516,29,1,733.56,0.0,733.56,536.32
7895,UB-003516,127,1,298.11,0.0,298.11,222.26
7896,UB-003517,130,1,939.73,0.0,939.73,653.53
7897,UB-003517,35,2,788.46,5.0,1498.07,1135.26
7898,UB-003518,27,1,1091.32,15.0,927.62,891.38
7899,UB-003519,28,1,891.03,0.0,891.03,673.25
7900,UB-003519,14,1,769.54,20.0,615.63,569.64
7901,UB-003519,93,2,91.65,10.0,164.97,145.66
7902,UB-003519,92,2,807.56,10.0,1453.61,1049.02
7903,UB-003519,69,4,316.33,0.0,1265.32,938.4
7904,UB-003520,127,1,301.21,0.0,301.21,222.26
7905,UB-003521,22,1,654.34,0.0,654.34,475.66
7906,UB-003522,9,1,666.76,0.0,666.76,501.69
7907,UB-003523,132,3,1246.39,0.0,3739.17,2430.24
7908,UB-003523,2,2,490.83,10.0,883.49,742.44
7909,UB-003524,111,2,646.5,0.0,1293.0,1113.58
7910,UB-003524,142,1,474.18,0.0,474.18,406.29
7911,UB-003524,99,2,114.86,0.0,229.72,161.88
7912,UB-003524,16,1,1105.53,15.0,939.7,816.38
7913,UB-003525,18,1,811.97,10.0,730.77,648.71
7914,UB-003525,136,1,1402.35,15.0,1192.0,866.98
7915,UB-003525,48,1,359.69,5.0,341.71,254.63
7916,UB-003526,62,1,373.62,0.0,373.62,260.55
7917,UB-003526,73,3,998.52,10.0,2696.0,1988.94
7918,UB-003526,9,1,703.16,20.0,562.53,501.69
7919,UB-003526,29,3,747.48,10.0,2018.2,1608.96
7920,UB-003527,71,3,187.9,15.0,479.15,366.21
7921,UB-003527,35,1,811.19,0.0,811.19,567.63
7922,UB-003527,120,1,734.23,0.0,734.23,488.5
7923,UB-003528,94,1,748.17,0.0,748.17,538.36
7924,UB-003528,90,2,679.05,0.0,1358.1,1014.52
7925,UB-003528,57,2,760.14,10.0,1368.25,1135.4
7926,UB-003528,87,4,393.38,5.0,1494.84,1186.72
7927,UB-003529,117,1,548.33,0.0,548.33,410.43
7928,UB-003530,103,2,931.85,5.0,1770.51,1363.04
7929,UB-003531,47,2,107.51,0.0,215.02,174.96
7930,UB-003531,12,2,567.36,15.0,964.51,851.32
7931,UB-003532,37,2,1053.94,10.0,1897.09,1662.9
7932,UB-003532,31,1,725.28,0.0,725.28,581.59
7933,UB-003533,129,1,1154.83,5.0,1097.09,766.85
7934,UB-003533,127,2,309.77,0.0,619.54,444.52
7935,UB-003534,109,1,158.68,0.0,158.68,98.8
7936,UB-003535,32,2,104.47,0.0,208.94,159.7
7937,UB-003536,86,2,496.94,0.0,993.88,819.36
7938,UB-003536,72,2,974.56,0.0,1949.12,1483.2
7939,UB-003537,34,1,161.59,0.0,161.59,138.03
7940,UB-003537,64,1,327.33,0.0,327.33,214.27
7941,UB-003537,55,3,928.78,0.0,2786.34,1818.42
7942,UB-003538,143,2,815.63,0.0,1631.26,1229.42
7943,UB-003539,73,1,980.27,0.0,980.27,662.98
7944,UB-003539,142,2,495.23,0.0,990.46,812.58
7945,UB-003540,16,1,1075.53,0.0,1075.53,816.38
7946,UB-003540,143,1,801.17,0.0,801.17,614.71
7947,UB-003540,83,1,865.14,0.0,865.14,707.0
7948,UB-003540,55,3,924.02,10.0,2494.85,1818.42
7949,UB-003540,120,1,747.33,0.0,747.33,488.5
7950,UB-003541,3,1,1134.76,0.0,1134.76,724.04
7951,UB-003541,112,4,452.73,0.0,1810.92,1352.16
7952,UB-003541,115,2,1203.41,0.0,2406.82,1597.84
7953,UB-003542,112,1,461.46,15.0,392.24,338.04
7954,UB-003542,77,4,285.08,20.0,912.26,782.52
7955,UB-003542,28,3,893.59,0.0,2680.77,2019.75
7956,UB-003542,63,2,257.9,0.0,515.8,334.46
7957,UB-003542,79,1,761.21,15.0,647.03,478.88
7958,UB-003543,75,1,909.48,0.0,909.48,587.78
7959,UB-003544,47,4,105.18,15.0,357.61,349.92
7960,UB-003544,6,1,1000.21,10.0,900.19,692.29
7961,UB-003545,19,1,686.13,5.0,651.82,474.21
7962,UB-003545,13,1,363.52,0.0,363.52,235.91
7963,UB-003545,122,2,630.62,0.0,1261.24,1016.04
7964,UB-003546,50,1,440.75,10.0,396.68,327.69
7965,UB-003547,129,1,1158.61,15.0,984.82,766.85
7966,UB-003547,103,2,912.76,0.0,1825.52,1363.04
7967,UB-003548,104,2,1216.95,0.0,2433.9,1759.84
7968,UB-003548,70,1,1391.03,0.0,1391.03,864.59
7969,UB-003548,52,2,641.97,0.0,1283.94,914.64
7970,UB-003548,107,1,329.7,15.0,280.25,228.45
7971,UB-003549,87,1,387.9,0.0,387.9,296.68
7972,UB-003549,49,2,952.5,0.0,1905.0,1228.08
7973,UB-003549,137,3,1317.12,0.0,3951.36,2448.66
7974,UB-003549,134,1,967.39,15.0,822.28,633.2
7975,UB-003550,48,2,348.26,15.0,592.04,509.26
7976,UB-003550,140,3,297.95,10.0,804.46,585.18
7977,UB-003551,11,3,458.77,0.0,1376.31,1100.25
7978,UB-003551,61,1,1087.78,0.0,1087.78,828.14
7979,UB-003552,62,1,379.91,0.0,379.91,260.55
7980,UB-003553,109,5,157.29,10.0,707.8,494.0
7981,UB-003553,46,1,212.44,0.0,212.44,167.81
7982,UB-003553,53,1,1316.19,15.0,1118.76,865.12
7983,UB-003553,98,1,572.93,10.0,515.64,467.33
7984,UB-003554,7,1,1023.06,0.0,1023.06,753.75
7985,UB-003554,98,1,564.47,0.0,564.47,467.33
7986,UB-003555,67,1,157.7,0.0,157.7,96.2
7987,UB-003555,106,1,1064.05,10.0,957.64,719.76
7988,UB-003555,11,1,464.28,0.0,464.28,366.75
7989,UB-003556,51,2,234.97,0.0,469.94,317.98
7990,UB-003556,88,3,683.18,0.0,2049.54,1661.67
7991,UB-003557,130,1,896.42,0.0,896.42,653.53
7992,UB-003557,125,2,337.75,0.0,675.5,427.46
7993,UB-003557,17,2,841.58,0.0,1683.16,1289.28
7994,UB-003558,69,1,315.47,0.0,315.47,234.6
7995,UB-003558,33,1,425.65,0.0,425.65,296.56
7996,UB-003558,31,2,727.17,15.0,1236.19,1163.18
7997,UB-003559,141,2,275.41,0.0,550.82,371.34
7998,UB-003559,123,1,483.45,10.0,435.11,328.9
7999,UB-003559,66,1,970.31,5.0,921.79,716.35
8000,UB-003559,10,1,97.34,5.0,92.47,70.79
8001,UB-003560,142,1,490.75,0.0,490.75,406.29
8002,UB-003561,53,2,1249.61,0.0,2499.22,1730.24
8003,UB-003561,27,3,1102.58,5.0,3142.35,2674.14
8004,UB-003562,73,1,975.62,0.0,975.62,662.98
8005,UB-003562,89,2,588.26,10.0,1058.87,838.3
8006,UB-003563,20,1,963.45,10.0,867.11,674.24
8007,UB-003563,53,2,1308.83,10.0,2355.89,1730.24
8008,UB-003563,120,1,710.05,0.0,710.05,488.5
8009,UB-003563,13,1,379.22,10.0,341.3,235.91
8010,UB-003563,111,1,678.08,0.0,678.08,556.79
8011,UB-003564,132,2,1281.32,0.0,2562.64,1620.16
8012,UB-003564,129,1,1173.52,0.0,1173.52,766.85
8013,UB-003564,86,2,484.38,5.0,920.32,819.36
8014,UB-003564,76,1,810.57,0.0,810.57,616.89
8015,UB-003564,109,1,155.83,0.0,155.83,98.8
8016,UB-003565,140,1,306.05,15.0,260.14,195.06
8017,UB-003566,61,3,1088.35,5.0,3101.8,2484.42
8018,UB-003566,105,1,1253.44,0.0,1253.44,888.95
8019,UB-003567,52,1,650.59,0.0,650.59,457.32
8020,UB-003568,27,3,1083.83,0.0,3251.49,2674.14
8021,UB-003568,116,2,762.33,20.0,1219.73,997.12
8022,UB-003568,140,2,297.45,0.0,594.9,390.12
8023,UB-003568,86,2,489.08,0.0,978.16,819.36
8024,UB-003568,43,1,169.49,0.0,169.49,116.88
8025,UB-003569,136,1,1375.74,0.0,1375.74,866.98
8026,UB-003569,31,1,720.48,0.0,720.48,581.59
8027,UB-003570,68,1,229.51,15.0,195.08,161.19
8028,UB-003570,122,5,637.85,5.0,3029.79,2540.1
8029,UB-003571,105,2,1223.53,5.0,2324.71,1777.9
8030,UB-003571,67,2,150.56,0.0,301.12,192.4
8031,UB-003571,46,3,223.71,0.0,671.13,503.43
8032,UB-003572,22,1,643.87,10.0,579.48,475.66
8033,UB-003572,113,2,888.24,0.0,1776.48,1390.0
8034,UB-003573,101,1,1103.87,5.0,1048.68,893.27
8035,UB-003574,112,1,455.33,0.0,455.33,338.04
8036,UB-003574,125,1,333.94,10.0,300.55,213.73
8037,UB-003575,55,4,887.89,0.0,3551.56,2424.56
8038,UB-003576,49,2,959.76,0.0,1919.52,1228.08
8039,UB-003576,139,1,696.33,0.0,696.33,504.16
8040,UB-003576,7,3,1036.0,5.0,2952.6,2261.25
8041,UB-003577,126,2,1219.8,0.0,2439.6,1607.0
8042,UB-003577,17,5,834.39,0.0,4171.95,3223.2
8043,UB-003577,29,1,734.08,0.0,734.08,536.32
8044,UB-003578,34,2,168.52,10.0,303.34,276.06
8045,UB-003579,129,1,1164.04,0.0,1164.04,766.85
8046,UB-003580,124,1,536.09,0.0,536.09,445.56
8047,UB-003580,94,1,757.25,5.0,719.39,538.36
8048,UB-003581,126,1,1226.35,10.0,1103.71,803.5
8049,UB-003581,128,3,173.33,10.0,467.99,425.73
8050,UB-003581,99,1,116.43,20.0,93.14,80.94
8051,UB-003581,45,1,824.86,0.0,824.86,610.87
8052,UB-003582,140,5,305.89,10.0,1376.5,975.3
8053,UB-003582,66,1,957.15,0.0,957.15,716.35
8054,UB-003583,115,2,1168.88,10.0,2103.98,1597.84
8055,UB-003583,91,2,456.83,0.0,913.66,642.14
8056,UB-003583,8,3,365.88,0.0,1097.64,880.32
8057,UB-003583,18,1,853.53,0.0,853.53,648.71
8058,UB-003583,48,1,356.52,0.0,356.52,254.63
8059,UB-003584,122,2,637.87,0.0,1275.74,1016.04
8060,UB-003584,134,1,922.61,20.0,738.09,633.2
8061,UB-003584,110,2,926.59,5.0,1760.52,1358.68
8062,UB-003585,77,2,284.85,10.0,512.73,391.26
8063,UB-003585,30,1,1386.03,0.0,1386.03,865.11
8064,UB-003586,137,3,1261.93,0.0,3785.79,2448.66
8065,UB-003586,142,1,472.32,0.0,472.32,406.29
8066,UB-003587,111,2,652.7,0.0,1305.4,1113.58
8067,UB-003587,124,3,536.52,0.0,1609.56,1336.68
8068,UB-003587,63,2,255.13,0.0,510.26,334.46
8069,UB-003587,91,1,451.35,0.0,451.35,321.07
8070,UB-003587,86,2,480.17,15.0,816.29,819.36
8071,UB-003588,81,1,1060.17,0.0,1060.17,710.48
8072,UB-003588,70,1,1376.72,0.0,1376.72,864.59
8073,UB-003588,122,2,624.54,5.0,1186.63,1016.04
8074,UB-003589,40,2,370.94,0.0,741.88,511.88
8075,UB-003590,31,3,710.22,0.0,2130.66,1744.77
8076,UB-003590,104,1,1284.32,0.0,1284.32,879.92
8077,UB-003591,6,3,997.29,10.0,2692.68,2076.87
8078,UB-003591,104,1,1256.34,0.0,1256.34,879.92
8079,UB-003591,76,1,820.39,10.0,738.35,616.89
8080,UB-003592,120,4,737.73,0.0,2950.92,1954.0
8081,UB-003593,39,1,855.91,10.0,770.32,614.07
8082,UB-003593,125,1,337.91,10.0,304.12,213.73
8083,UB-003594,28,1,913.18,0.0,913.18,673.25
8084,UB-003595,73,1,962.41,0.0,962.41,662.98
8085,UB-003595,113,3,886.96,5.0,2527.84,2085.0
8086,UB-003595,5,1,1403.8,0.0,1403.8,872.25
8087,UB-003596,21,1,789.1,0.0,789.1,582.06
8088,UB-003597,12,2,565.58,0.0,1131.16,851.32
8089,UB-003597,75,2,872.04,15.0,1482.47,1175.56
8090,UB-003598,79,1,737.36,0.0,737.36,478.88
8091,UB-003598,43,5,168.23,10.0,757.03,584.4
8092,UB-003599,21,2,800.98,0.0,1601.96,1164.12
8093,UB-003599,130,1,924.04,0.0,924.04,653.53
8094,UB-003599,5,3,1359.59,0.0,4078.77,2616.75
8095,UB-003600,24,1,95.42,5.0,90.65,61.51
8096,UB-003601,23,1,887.65,0.0,887.65,627.54
8097,UB-003601,17,3,851.72,10.0,2299.64,1933.92
8098,UB-003601,71,3,190.23,0.0,570.69,366.21
8099,UB-003602,131,1,884.93,10.0,796.44,688.03
8100,UB-003603,73,3,964.34,5.0,2748.37,1988.94
8101,UB-003603,47,1,105.09,0.0,105.09,87.48
8102,UB-003604,93,1,93.28,10.0,83.95,72.83
8103,UB-003605,27,4,1095.63,15.0,3725.14,3565.52
8104,UB-003606,99,3,114.11,5.0,325.21,242.82
8105,UB-003607,87,1,391.49,0.0,391.49,296.68
8106,UB-003607,96,1,505.04,5.0,479.79,367.22
8107,UB-003608,20,1,939.25,0.0,939.25,674.24
8108,UB-003609,102,1,1198.35,10.0,1078.51,829.38
8109,UB-003609,69,2,314.05,0.0,628.1,469.2
8110,UB-003609,63,1,259.55,15.0,220.62,167.23
8111,UB-003610,119,1,569.5,0.0,569.5,477.5
8112,UB-003610,64,3,331.55,0.0,994.65,642.81
8113,UB-003611,125,1,325.27,0.0,325.27,213.73
8114,UB-003611,1,1,309.39,5.0,293.92,210.31
8115,UB-003611,59,1,289.62,20.0,231.7,241.88
8116,UB-003612,82,3,1057.16,15.0,2695.76,2055.99
8117,UB-003612,52,1,642.8,0.0,642.8,457.32
8118,UB-003613,26,1,220.51,5.0,209.48,138.49
8119,UB-003613,51,1,227.33,0.0,227.33,158.99
8120,UB-003614,94,1,765.95,0.0,765.95,538.36
8121,UB-003614,55,1,905.19,0.0,905.19,606.14
8122,UB-003614,139,1,720.6,0.0,720.6,504.16
8123,UB-003614,16,2,1056.54,5.0,2007.43,1632.76
8124,UB-003615,6,1,997.19,5.0,947.33,692.29
8125,UB-003616,119,1,588.86,0.0,588.86,477.5
8126,UB-003617,45,2,793.81,0.0,1587.62,1221.74
8127,UB-003617,88,3,701.08,5.0,1998.08,1661.67
8128,UB-003618,73,1,1017.79,20.0,814.23,662.98
8129,UB-003618,24,1,92.33,10.0,83.1,61.51
8130,UB-003618,141,1,275.66,0.0,275.66,185.67
8131,UB-003619,76,2,818.0,5.0,1554.2,1233.78
8132,UB-003619,12,1,548.9,0.0,548.9,425.66
8133,UB-003619,99,4,113.19,0.0,452.76,323.76
8134,UB-003619,49,2,976.9,20.0,1563.04,1228.08
8135,UB-003620,119,1,575.79,10.0,518.21,477.5
8136,UB-003621,2,2,502.67,0.0,1005.34,742.44
8137,UB-003621,62,1,394.23,0.0,394.23,260.55
8138,UB-003622,50,2,428.59,0.0,857.18,655.38
8139,UB-003622,29,2,724.48,0.0,1448.96,1072.64
8140,UB-003622,101,2,1135.42,15.0,1930.21,1786.54
8141,UB-003623,123,1,457.92,15.0,389.23,328.9
8142,UB-003623,1,1,315.25,5.0,299.49,210.31
8143,UB-003623,4,2,806.71,5.0,1532.75,1216.68
8144,UB-003623,12,1,566.31,5.0,537.99,425.66
8145,UB-003624,6,3,960.14,10.0,2592.38,2076.87
8146,UB-003624,51,2,230.47,5.0,437.89,317.98
8147,UB-003624,96,2,508.02,20.0,812.83,734.44
8148,UB-003624,69,1,309.86,0.0,309.86,234.6
8149,UB-003625,130,1,903.73,0.0,903.73,653.53
8150,UB-003626,21,4,762.74,5.0,2898.41,2328.24
8151,UB-003627,92,1,837.02,0.0,837.02,524.51
8152,UB-003627,62,1,385.83,20.0,308.66,260.55
8153,UB-003627,129,2,1217.95,0.0,2435.9,1533.7
8154,UB-003627,64,1,317.1,10.0,285.39,214.27
8155,UB-003627,107,1,317.78,0.0,317.78,228.45
8156,UB-003628,49,1,957.71,5.0,909.82,614.04
8157,UB-003628,80,1,399.92,15.0,339.93,302.58
8158,UB-003628,93,2,89.79,5.0,170.6,145.66
8159,UB-003628,22,1,669.52,15.0,569.09,475.66
8160,UB-003628,131,4,903.33,5.0,3432.65,2752.12
8161,UB-003629,142,1,487.27,15.0,414.18,406.29
8162,UB-003629,69,2,319.87,15.0,543.78,469.2
8163,UB-003629,25,1,657.5,0.0,657.5,496.28
8164,UB-003629,70,2,1398.0,5.0,2656.2,1729.18
8165,UB-003630,108,1,1120.87,5.0,1064.83,795.55
8166,UB-003630,127,1,302.33,0.0,302.33,222.26
8167,UB-003631,113,2,880.88,0.0,1761.76,1390.0
8168,UB-003631,40,1,363.33,10.0,327.0,255.94
8169,UB-003631,140,1,300.59,5.0,285.56,195.06
8170,UB-003632,64,5,333.14,0.0,1665.7,1071.35
8171,UB-003632,81,4,1054.71,5.0,4007.9,2841.92
8172,UB-003633,4,1,814.85,10.0,733.37,608.34
8173,UB-003633,58,1,564.66,15.0,479.96,356.56
8174,UB-003633,53,1,1310.08,0.0,1310.08,865.12
8175,UB-003634,39,2,871.6,10.0,1568.88,1228.14
8176,UB-003634,47,3,107.08,20.0,256.99,262.44
8177,UB-003634,109,1,152.71,20.0,122.17,98.8
8178,UB-003635,26,1,217.59,0.0,217.59,138.49
8179,UB-003635,130,1,904.34,20.0,723.47,653.53
8180,UB-003635,144,1,426.16,5.0,404.85,300.62
8181,UB-003636,68,3,218.14,10.0,588.98,483.57
8182,UB-003636,84,3,1295.61,0.0,3886.83,2436.36
8183,UB-003637,139,2,718.96,0.0,1437.92,1008.32
8184,UB-003637,93,3,94.04,10.0,253.91,218.49
8185,UB-003638,77,1,285.48,0.0,285.48,195.63
8186,UB-003638,99,3,110.86,0.0,332.58,242.82
8187,UB-003639,79,2,750.19,5.0,1425.36,957.76
8188,UB-003639,57,1,790.22,10.0,711.2,567.7
8189,UB-003640,54,3,1009.47,0.0,3028.41,2421.54
8190,UB-003640,20,3,933.15,0.0,2799.45,2022.72
8191,UB-003640,10,3,95.72,0.0,287.16,212.37
8192,UB-003641,20,2,943.88,0.0,1887.76,1348.48
8193,UB-003642,34,1,166.74,0.0,166.74,138.03
8194,UB-003643,72,2,994.0,0.0,1988.0,1483.2
8195,UB-003643,96,1,513.22,0.0,513.22,367.22
8196,UB-003644,41,1,896.57,5.0,851.74,743.96
8197,UB-003644,32,1,103.72,0.0,103.72,79.85
8198,UB-003645,15,1,1252.43,10.0,1127.19,855.33
8199,UB-003645,12,3,561.34,10.0,1515.62,1276.98
8200,UB-003645,47,2,104.47,5.0,198.49,174.96
8201,UB-003645,14,1,774.41,5.0,735.69,569.64
8202,UB-003646,47,1,106.78,20.0,85.42,87.48
8203,UB-003647,44,3,759.48,0.0,2278.44,1763.43
8204,UB-003647,11,5,451.16,0.0,2255.8,1833.75
8205,UB-003648,70,1,1365.16,0.0,1365.16,864.59
8206,UB-003648,71,3,195.2,0.0,585.6,366.21
8207,UB-003648,51,1,228.67,0.0,228.67,158.99
8208,UB-003649,47,2,106.76,15.0,181.49,174.96
8209,UB-003649,137,1,1274.38,5.0,1210.66,816.22
8210,UB-003650,132,1,1240.11,10.0,1116.1,810.08
8211,UB-003650,89,1,596.61,5.0,566.78,419.15
8212,UB-003651,41,1,948.58,0.0,948.58,743.96
8213,UB-003652,27,2,1056.33,0.0,2112.66,1782.76
8214,UB-003652,69,1,317.52,5.0,301.64,234.6
8215,UB-003652,41,1,905.1,15.0,769.34,743.96
8216,UB-003652,95,1,473.42,15.0,402.41,369.8
8217,UB-003653,15,1,1214.08,5.0,1153.38,855.33
8218,UB-003654,35,2,779.21,0.0,1558.42,1135.26
8219,UB-003655,42,4,614.69,0.0,2458.76,1593.52
8220,UB-003656,24,2,92.64,0.0,185.28,123.02
8221,UB-003657,22,4,666.48,0.0,2665.92,1902.64
8222,UB-003657,8,1,373.72,20.0,298.98,293.44
8223,UB-003658,46,1,218.11,10.0,196.3,167.81
8224,UB-003659,125,1,338.3,0.0,338.3,213.73
8225,UB-003659,107,1,319.52,0.0,319.52,228.45
8226,UB-003660,62,1,388.48,0.0,388.48,260.55
8227,UB-003660,137,2,1292.55,10.0,2326.59,1632.44
8228,UB-003661,11,1,452.88,20.0,362.3,366.75
8229,UB-003661,50,1,431.42,10.0,388.28,327.69
8230,UB-003661,98,2,589.12,10.0,1060.42,934.66
8231,UB-003661,51,1,231.84,0.0,231.84,158.99
8232,UB-003662,37,1,1034.26,0.0,1034.26,831.45
8233,UB-003663,84,1,1286.1,0.0,1286.1,812.12
8234,UB-003663,74,4,1172.26,0.0,4689.04,3531.56
8235,UB-003663,129,2,1161.75,15.0,1974.97,1533.7
8236,UB-003664,2,1,509.49,5.0,484.02,371.22
8237,UB-003664,41,1,934.44,5.0,887.72,743.96
8238,UB-003665,7,2,1015.42,0.0,2030.84,1507.5
8239,UB-003666,52,3,647.56,0.0,1942.68,1371.96
8240,UB-003667,34,2,166.89,0.0,333.78,276.06
8241,UB-003667,70,4,1399.12,20.0,4477.18,3458.36
8242,UB-003668,7,1,1029.76,0.0,1029.76,753.75
8243,UB-003668,94,2,735.23,10.0,1323.41,1076.72
8244,UB-003668,78,1,813.92,0.0,813.92,544.75
8245,UB-003669,139,1,697.48,0.0,697.48,504.16
8246,UB-003670,7,3,1039.87,0.0,3119.61,2261.25
8247,UB-003670,136,1,1347.69,0.0,1347.69,866.98
8248,UB-003671,100,3,208.71,5.0,594.82,476.64
8249,UB-003672,17,1,863.08,15.0,733.62,644.64
8250,UB-003673,142,2,474.96,15.0,807.43,812.58
8251,UB-003673,18,1,842.76,0.0,842.76,648.71
8252,UB-003673,72,1,968.56,0.0,968.56,741.6
8253,UB-003673,54,1,1033.93,0.0,1033.93,807.18
8254,UB-003673,109,3,155.75,0.0,467.25,296.4
8255,UB-003674,66,1,943.3,0.0,943.3,716.35
8256,UB-003675,23,1,901.14,0.0,901.14,627.54
8257,UB-003675,51,1,227.69,0.0,227.69,158.99
8258,UB-003675,34,1,163.47,10.0,147.12,138.03
8259,UB-003675,141,1,283.63,0.0,283.63,185.67
8260,UB-003675,10,2,95.57,0.0,191.14,141.58
8261,UB-003676,112,4,465.82,0.0,1863.28,1352.16
8262,UB-003676,16,2,1109.8,0.0,2219.6,1632.76
8263,UB-003676,39,3,876.93,0.0,2630.79,1842.21
8264,UB-003677,113,2,855.01,10.0,1539.02,1390.0
8265,UB-003677,48,1,364.91,0.0,364.91,254.63
8266,UB-003677,17,2,849.84,0.0,1699.68,1289.28
8267,UB-003677,136,1,1367.52,0.0,1367.52,866.98
8268,UB-003677,45,4,811.97,0.0,3247.88,2443.48
8269,UB-003678,15,3,1193.57,0.0,3580.71,2565.99
8270,UB-003679,142,1,471.19,5.0,447.63,406.29
8271,UB-003679,15,1,1254.05,15.0,1065.94,855.33
8272,UB-003679,51,2,233.58,15.0,397.09,317.98
8273,UB-003679,72,2,982.79,0.0,1965.58,1483.2
8274,UB-003679,11,1,451.48,0.0,451.48,366.75
8275,UB-003680,122,3,640.29,5.0,1824.83,1524.06
8276,UB-003681,119,3,587.93,10.0,1587.41,1432.5
8277,UB-003681,140,1,290.55,10.0,261.5,195.06
8278,UB-003681,29,1,748.63,0.0,748.63,536.32
8279,UB-003682,136,2,1375.74,0.0,2751.48,1733.96
8280,UB-003683,5,1,1373.63,10.0,1236.27,872.25
8281,UB-003683,117,2,564.06,0.0,1128.12,820.86
8282,UB-003683,27,1,1065.7,0.0,1065.7,891.38
8283,UB-003684,141,3,270.9,0.0,812.7,557.01
8284,UB-003684,20,2,976.62,0.0,1953.24,1348.48
8285,UB-003685,10,1,97.3,10.0,87.57,70.79
8286,UB-003685,105,1,1267.43,5.0,1204.06,888.95
8287,UB-003686,66,2,982.95,20.0,1572.72,1432.7
8288,UB-003686,44,1,796.01,0.0,796.01,587.81
8289,UB-003687,90,2,679.33,0.0,1358.66,1014.52
8290,UB-003687,49,1,941.77,0.0,941.77,614.04
8291,UB-003687,62,1,373.55,0.0,373.55,260.55
8292,UB-003688,113,2,891.86,10.0,1605.35,1390.0
8293,UB-003688,61,1,1121.13,0.0,1121.13,828.14
8294,UB-003688,16,2,1059.82,0.0,2119.64,1632.76
8295,UB-003689,99,2,110.85,5.0,210.61,161.88
8296,UB-003689,32,1,106.6,10.0,95.94,79.85
8297,UB-003689,61,2,1116.69,10.0,2010.04,1656.28
8298,UB-003690,39,1,868.75,0.0,868.75,614.07
8299,UB-003690,107,4,314.22,20.0,1005.5,913.8
8300,UB-003691,57,3,750.59,10.0,2026.59,1703.1
8301,UB-003691,92,3,847.8,0.0,2543.4,1573.53
8302,UB-003692,59,3,304.05,15.0,775.33,725.64
8303,UB-003692,21,3,765.03,5.0,2180.34,1746.18
8304,UB-003692,92,2,830.44,0.0,1660.88,1049.02
8305,UB-003693,139,1,708.85,0.0,708.85,504.16
8306,UB-003693,80,2,401.42,0.0,802.84,605.16
8307,UB-003693,8,1,375.52,10.0,337.97,293.44
8308,UB-003694,137,1,1279.95,5.0,1215.95,816.22
8309,UB-003695,50,1,442.12,0.0,442.12,327.69
8310,UB-003696,3,2,1119.81,20.0,1791.7,1448.08
8311,UB-003696,111,3,647.43,10.0,1748.06,1670.37
8312,UB-003697,32,1,103.84,0.0,103.84,79.85
8313,UB-003697,69,1,303.41,5.0,288.24,234.6
8314,UB-003698,23,2,902.17,0.0,1804.34,1255.08
8315,UB-003698,122,1,655.4,5.0,622.63,508.02
8316,UB-003698,55,1,928.84,5.0,882.4,606.14
8317,UB-003698,57,1,793.49,0.0,793.49,567.7
8318,UB-003698,86,3,478.97,0.0,1436.91,1229.04
8319,UB-003699,62,1,394.32,0.0,394.32,260.55
8320,UB-003699,82,2,1065.84,0.0,2131.68,1370.66
8321,UB-003699,83,1,854.9,0.0,854.9,707.0
8322,UB-003699,22,3,650.5,0.0,1951.5,1426.98
8323,UB-003700,77,1,270.2,5.0,256.69,195.63
8324,UB-003701,63,1,260.98,0.0,260.98,167.23
8325,UB-003701,72,1,951.54,0.0,951.54,741.6
8326,UB-003702,23,2,895.22,20.0,1432.35,1255.08
8327,UB-003702,64,1,327.3,0.0,327.3,214.27
8328,UB-003702,100,1,208.9,10.0,188.01,158.88
8329,UB-003703,99,4,116.06,10.0,417.82,323.76
8330,UB-003703,67,1,156.7,10.0,141.03,96.2
8331,UB-003704,67,1,153.45,0.0,153.45,96.2
8332,UB-003704,138,1,927.49,0.0,927.49,604.6
8333,UB-003704,115,2,1198.47,0.0,2396.94,1597.84
8334,UB-003705,13,2,367.82,0.0,735.64,471.82
8335,UB-003705,78,3,809.14,0.0,2427.42,1634.25
8336,UB-003706,7,1,1009.59,0.0,1009.59,753.75
8337,UB-003706,115,3,1234.32,10.0,3332.66,2396.76
8338,UB-003707,125,2,322.15,0.0,644.3,427.46
8339,UB-003707,100,1,203.18,5.0,193.02,158.88
8340,UB-003708,84,1,1309.49,0.0,1309.49,812.12
8341,UB-003708,130,1,925.05,0.0,925.05,653.53
8342,UB-003708,34,1,163.89,20.0,131.11,138.03
8343,UB-003708,73,2,988.0,20.0,1580.8,1325.96
8344,UB-003709,5,5,1347.55,0.0,6737.75,4361.25
8345,UB-003709,43,2,164.29,15.0,279.29,233.76
8346,UB-003709,64,2,314.7,0.0,629.4,428.54
8347,UB-003710,101,1,1142.34,0.0,1142.34,893.27
8348,UB-003710,86,2,494.49,10.0,890.08,819.36
8349,UB-003710,114,1,987.21,0.0,987.21,645.87
8350,UB-003711,133,4,500.78,5.0,1902.96,1281.48
8351,UB-003711,127,3,292.41,10.0,789.51,666.78
8352,UB-003711,84,1,1289.4,0.0,1289.4,812.12
8353,UB-003711,108,1,1128.23,10.0,1015.41,795.55
8354,UB-003712,119,2,582.69,0.0,1165.38,955.0
8355,UB-003712,95,3,488.09,10.0,1317.84,1109.4
8356,UB-003712,139,1,702.59,5.0,667.46,504.16
8357,UB-003713,124,1,535.13,15.0,454.86,445.56
8358,UB-003714,81,3,1021.88,5.0,2912.36,2131.44
8359,UB-003714,54,1,1021.16,20.0,816.93,807.18
8360,UB-003714,58,1,587.29,0.0,587.29,356.56
8361,UB-003715,16,1,1092.23,0.0,1092.23,816.38
8362,UB-003715,142,4,480.57,0.0,1922.28,1625.16
8363,UB-003715,144,2,429.37,0.0,858.74,601.24
8364,UB-003716,7,4,1063.24,0.0,4252.96,3015.0
8365,UB-003717,28,2,895.15,10.0,1611.27,1346.5
8366,UB-003717,63,1,258.09,0.0,258.09,167.23
8367,UB-003717,35,1,808.02,20.0,646.42,567.63
8368,UB-003718,19,3,667.81,0.0,2003.43,1422.63
8369,UB-003718,13,3,371.21,15.0,946.59,707.73
8370,UB-003718,28,1,868.53,0.0,868.53,673.25
8371,UB-003719,63,1,253.76,10.0,228.38,167.23
8372,UB-003719,91,1,452.17,0.0,452.17,321.07
8373,UB-003719,86,1,487.43,0.0,487.43,409.68
8374,UB-003720,31,1,733.06,0.0,733.06,581.59
8375,UB-003721,134,1,921.96,0.0,921.96,633.2
8376,UB-003721,110,2,957.35,0.0,1914.7,1358.68
8377,UB-003722,11,1,470.29,20.0,376.23,366.75
8378,UB-003722,77,2,273.61,15.0,465.14,391.26
8379,UB-003723,77,2,285.85,20.0,457.36,391.26
8380,UB-003723,104,1,1292.12,10.0,1162.91,879.92
8381,UB-003723,142,1,488.44,10.0,439.6,406.29
8382,UB-003724,22,3,672.4,0.0,2017.2,1426.98
8383,UB-003724,130,1,910.24,0.0,910.24,653.53
8384,UB-003724,143,1,803.12,10.0,722.81,614.71
8385,UB-003724,125,1,332.13,0.0,332.13,213.73
8386,UB-003724,53,1,1325.14,5.0,1258.88,865.12
8387,UB-003725,65,2,715.93,15.0,1217.08,1051.2
8388,UB-003725,26,3,215.32,0.0,645.96,415.47
8389,UB-003725,108,2,1100.09,10.0,1980.16,1591.1
8390,UB-003726,98,2,589.09,0.0,1178.18,934.66
8391,UB-003726,3,1,1112.75,5.0,1057.11,724.04
8392,UB-003727,20,1,986.92,0.0,986.92,674.24
8393,UB-003727,40,2,364.42,10.0,655.96,511.88
8394,UB-003727,1,1,300.49,10.0,270.44,210.31
8395,UB-003728,14,1,746.45,15.0,634.48,569.64
8396,UB-003728,71,1,192.8,10.0,173.52,122.07
8397,UB-003728,65,2,742.83,10.0,1337.09,1051.2
8398,UB-003729,139,2,704.32,0.0,1408.64,1008.32
8399,UB-003729,116,1,761.29,0.0,761.29,498.56
8400,UB-003730,92,1,804.31,0.0,804.31,524.51
8401,UB-003731,36,3,816.44,0.0,2449.32,1601.34
8402,UB-003732,43,3,174.03,15.0,443.78,350.64
8403,UB-003733,21,1,759.03,5.0,721.08,582.06
8404,UB-003733,43,2,164.58,0.0,329.16,233.76
8405,UB-003733,119,1,577.16,5.0,548.3,477.5
8406,UB-003734,77,1,270.13,10.0,243.12,195.63
8407,UB-003734,68,1,228.42,15.0,194.16,161.19
8408,UB-003734,3,1,1117.28,0.0,1117.28,724.04
8409,UB-003735,91,1,452.69,0.0,452.69,321.07
8410,UB-003735,143,1,816.79,0.0,816.79,614.71
8411,UB-003736,134,2,935.53,10.0,1683.95,1266.4
8412,UB-003736,76,1,821.87,10.0,739.68,616.89
8413,UB-003736,97,2,1103.72,5.0,2097.07,1425.1
8414,UB-003736,43,2,165.86,10.0,298.55,233.76
8415,UB-003737,39,2,871.79,0.0,1743.58,1228.14
8416,UB-003737,28,1,902.39,0.0,902.39,673.25
8417,UB-003738,128,1,170.88,0.0,170.88,141.91
8418,UB-003738,126,1,1214.88,0.0,1214.88,803.5
8419,UB-003739,26,1,214.69,10.0,193.22,138.49
8420,UB-003739,128,1,174.45,0.0,174.45,141.91
8421,UB-003739,132,1,1266.8,5.0,1203.46,810.08
8422,UB-003739,89,2,598.2,5.0,1136.58,838.3
8423,UB-003740,141,1,285.66,5.0,271.38,185.67
8424,UB-003741,126,3,1247.76,0.0,3743.28,2410.5
8425,UB-003742,132,2,1215.92,0.0,2431.84,1620.16
8426,UB-003743,63,1,249.78,10.0,224.8,167.23
8427,UB-003744,2,2,484.45,10.0,872.01,742.44
8428,UB-003744,138,3,917.18,0.0,2751.54,1813.8
8429,UB-003744,7,2,1041.22,20.0,1665.95,1507.5
8430,UB-003745,111,3,644.93,0.0,1934.79,1670.37
8431,UB-003745,114,1,1043.52,0.0,1043.52,645.87
8432,UB-003745,64,2,324.32,0.0,648.64,428.54
8433,UB-003746,97,2,1166.97,5.0,2217.24,1425.1
8434,UB-003747,24,2,91.62,10.0,164.92,123.02
8435,UB-003747,58,4,563.44,0.0,2253.76,1426.24
8436,UB-003747,137,1,1259.26,0.0,1259.26,816.22
8437,UB-003747,22,2,646.83,0.0,1293.66,951.32
8438,UB-003748,102,1,1215.99,15.0,1033.59,829.38
8439,UB-003748,74,1,1171.31,15.0,995.61,882.89
8440,UB-003748,35,2,801.66,10.0,1442.99,1135.26
8441,UB-003748,141,3,280.46,0.0,841.38,557.01
8442,UB-003749,121,1,930.21,0.0,930.21,683.69
8443,UB-003749,86,1,479.01,0.0,479.01,409.68
8444,UB-003749,50,1,431.21,0.0,431.21,327.69
8445,UB-003750,67,1,150.88,0.0,150.88,96.2
8446,UB-003750,80,2,395.97,0.0,791.94,605.16
8447,UB-003751,96,3,504.46,5.0,1437.71,1101.66
8448,UB-003752,68,1,227.59,15.0,193.45,161.19
8449,UB-003752,48,1,351.02,0.0,351.02,254.63
8450,UB-003753,47,2,107.04,15.0,181.97,174.96
8451,UB-003753,95,1,486.06,10.0,437.45,369.8
8452,UB-003754,124,1,524.0,0.0,524.0,445.56
8453,UB-003755,126,2,1253.1,0.0,2506.2,1607.0
8454,UB-003755,54,1,1007.01,0.0,1007.01,807.18
8455,UB-003755,133,1,506.72,10.0,456.05,320.37
8456,UB-003756,39,1,897.51,0.0,897.51,614.07
8457,UB-003756,117,2,549.28,0.0,1098.56,820.86
8458,UB-003756,110,2,940.67,20.0,1505.07,1358.68
8459,UB-003757,140,2,300.33,0.0,600.66,390.12
8460,UB-003758,70,1,1344.54,15.0,1142.86,864.59
8461,UB-003758,131,1,914.79,0.0,914.79,688.03
8462,UB-003758,83,1,881.05,0.0,881.05,707.0
8463,UB-003759,71,2,187.29,15.0,318.39,244.14
8464,UB-003760,119,2,580.3,0.0,1160.6,955.0
8465,UB-003760,113,2,890.59,0.0,1781.18,1390.0
8466,UB-003760,15,2,1230.73,20.0,1969.17,1710.66
8467,UB-003761,20,3,982.18,0.0,2946.54,2022.72
8468,UB-003761,15,1,1191.03,5.0,1131.48,855.33
8469,UB-003761,130,2,909.88,0.0,1819.76,1307.06
8470,UB-003761,111,1,640.77,15.0,544.65,556.79
8471,UB-003762,78,2,789.45,15.0,1342.07,1089.5
8472,UB-003762,106,2,1057.54,10.0,1903.57,1439.52
8473,UB-003763,83,2,877.22,0.0,1754.44,1414.0
8474,UB-003763,131,2,894.43,0.0,1788.86,1376.06
8475,UB-003764,28,1,887.68,15.0,754.53,673.25
8476,UB-003764,131,4,934.02,0.0,3736.08,2752.12
8477,UB-003764,36,1,851.87,10.0,766.68,533.78
8478,UB-003764,75,1,879.0,0.0,879.0,587.78
8479,UB-003764,139,1,723.19,0.0,723.19,504.16
8480,UB-003765,66,1,976.72,0.0,976.72,716.35
8481,UB-003765,34,4,166.12,10.0,598.03,552.12
8482,UB-003765,100,1,203.18,0.0,203.18,158.88
8483,UB-003766,124,1,543.4,0.0,543.4,445.56
8484,UB-003766,94,1,761.52,0.0,761.52,538.36
8485,UB-003767,13,1,378.42,0.0,378.42,235.91
8486,UB-003767,72,5,948.57,0.0,4742.85,3708.0
8487,UB-003768,136,3,1397.87,0.0,4193.61,2600.94
8488,UB-003768,122,1,638.95,5.0,607.0,508.02
8489,UB-003769,30,1,1373.02,5.0,1304.37,865.11
8490,UB-003769,89,2,590.19,0.0,1180.38,838.3
8491,UB-003769,17,1,852.42,10.0,767.18,644.64
8492,UB-003769,58,1,563.55,0.0,563.55,356.56
8493,UB-003769,1,1,308.45,0.0,308.45,210.31
8494,UB-003770,37,1,1055.19,5.0,1002.43,831.45
8495,UB-003771,6,3,981.8,0.0,2945.4,2076.87
8496,UB-003772,138,1,898.86,0.0,898.86,604.6
8497,UB-003772,78,1,786.42,5.0,747.1,544.75
8498,UB-003772,128,2,167.63,0.0,335.26,283.82
8499,UB-003772,67,2,157.81,5.0,299.84,192.4
8500,UB-003773,111,2,652.01,0.0,1304.02,1113.58
8501,UB-003774,20,1,939.92,0.0,939.92,674.24
8502,UB-003774,129,2,1214.35,0.0,2428.7,1533.7
8503,UB-003774,139,1,705.57,0.0,705.57,504.16
8504,UB-003775,132,2,1274.51,10.0,2294.12,1620.16
8505,UB-003776,27,1,1070.01,0.0,1070.01,891.38
8506,UB-003776,28,1,913.68,15.0,776.63,673.25
8507,UB-003776,106,4,1079.35,10.0,3885.66,2879.04
8508,UB-003777,45,1,805.85,0.0,805.85,610.87
8509,UB-003777,24,2,96.61,0.0,193.22,123.02
8510,UB-003778,41,4,917.15,0.0,3668.6,2975.84
8511,UB-003779,128,2,176.43,0.0,352.86,283.82
8512,UB-003779,111,2,678.76,0.0,1357.52,1113.58
8513,UB-003779,39,1,897.4,5.0,852.53,614.07
8514,UB-003779,48,1,357.33,0.0,357.33,254.63
8515,UB-003779,101,1,1111.57,10.0,1000.41,893.27
8516,UB-003780,50,1,435.92,0.0,435.92,327.69
8517,UB-003781,23,1,922.19,0.0,922.19,627.54
8518,UB-003782,137,1,1320.15,0.0,1320.15,816.22
8519,UB-003782,121,4,921.37,0.0,3685.48,2734.76
8520,UB-003782,89,2,592.14,15.0,1006.64,838.3
8521,UB-003783,107,2,313.76,5.0,596.14,456.9
8522,UB-003783,82,1,1057.62,0.0,1057.62,685.33
8523,UB-003783,77,1,271.26,0.0,271.26,195.63
8524,UB-003784,64,5,327.14,0.0,1635.7,1071.35
8525,UB-003785,124,1,523.83,0.0,523.83,445.56
8526,UB-003785,137,1,1298.75,0.0,1298.75,816.22
8527,UB-003785,82,2,1040.95,10.0,1873.71,1370.66
8528,UB-003786,1,1,313.44,5.0,297.77,210.31
8529,UB-003786,96,1,497.61,10.0,447.85,367.22
8530,UB-003786,59,2,300.95,0.0,601.9,483.76
8531,UB-003787,37,5,1058.03,0.0,5290.15,4157.25
8532,UB-003787,130,1,940.08,15.0,799.07,653.53
8533,UB-003787,120,1,720.42,10.0,648.38,488.5
8534,UB-003787,86,2,480.62,0.0,961.24,819.36
8535,UB-003788,6,1,953.79,0.0,953.79,692.29
8536,UB-003789,130,2,922.91,5.0,1753.53,1307.06
8537,UB-003789,116,3,736.67,10.0,1989.01,1495.68
8538,UB-003789,142,1,489.79,5.0,465.3,406.29
8539,UB-003790,144,1,434.4,0.0,434.4,300.62
8540,UB-003790,29,2,730.95,10.0,1315.71,1072.64
8541,UB-003791,75,1,861.98,0.0,861.98,587.78
8542,UB-003791,43,1,165.92,15.0,141.03,116.88
8543,UB-003791,136,2,1408.87,20.0,2254.19,1733.96
8544,UB-003792,121,1,901.39,0.0,901.39,683.69
8545,UB-003792,141,1,277.35,15.0,235.75,185.67
8546,UB-003792,12,4,559.71,0.0,2238.84,1702.64
8547,UB-003792,67,2,152.78,5.0,290.28,192.4
8548,UB-003792,52,1,650.84,0.0,650.84,457.32
8549,UB-003793,67,1,157.52,10.0,141.77,96.2
8550,UB-003793,93,3,92.23,0.0,276.69,218.49
8551,UB-003793,114,2,1037.8,0.0,2075.6,1291.74
8552,UB-003793,135,3,595.66,0.0,1786.98,1192.26
8553,UB-003793,82,4,1044.05,0.0,4176.2,2741.32
8554,UB-003794,28,1,883.6,0.0,883.6,673.25
8555,UB-003794,33,1,448.43,10.0,403.59,296.56
8556,UB-003794,32,2,105.57,20.0,168.91,159.7
8557,UB-003794,105,2,1264.8,0.0,2529.6,1777.9
8558,UB-003795,3,2,1159.87,0.0,2319.74,1448.08
8559,UB-003795,19,1,687.77,0.0,687.77,474.21
8560,UB-003795,8,3,375.76,5.0,1070.92,880.32
8561,UB-003796,63,2,259.5,20.0,415.2,334.46
8562,UB-003796,138,1,919.32,5.0,873.35,604.6
8563,UB-003797,88,1,716.42,5.0,680.6,553.89
8564,UB-003797,65,1,738.84,10.0,664.96,525.6
8565,UB-003797,66,1,971.74,0.0,971.74,716.35
8566,UB-003797,130,1,900.56,10.0,810.5,653.53
8567,UB-003798,35,1,815.85,10.0,734.26,567.63
8568,UB-003799,32,1,106.5,0.0,106.5,79.85
8569,UB-003800,73,1,1008.57,10.0,907.71,662.98
8570,UB-003800,10,3,96.0,5.0,273.6,212.37
8571,UB-003801,59,1,288.76,5.0,274.32,241.88
8572,UB-003802,30,1,1321.03,10.0,1188.93,865.11
8573,UB-003802,93,2,90.36,10.0,162.65,145.66
8574,UB-003803,23,1,883.14,0.0,883.14,627.54
8575,UB-003804,11,2,477.22,5.0,906.72,733.5
8576,UB-003804,27,2,1060.73,0.0,2121.46,1782.76
8577,UB-003804,106,1,1032.5,5.0,980.88,719.76
8578,UB-003805,40,2,361.09,20.0,577.74,511.88
8579,UB-003805,90,1,684.48,20.0,547.58,507.26
8580,UB-003806,84,2,1265.7,0.0,2531.4,1624.24
8581,UB-003806,41,3,925.95,15.0,2361.17,2231.88
8582,UB-003806,103,1,906.77,0.0,906.77,681.52
8583,UB-003806,93,1,89.79,0.0,89.79,72.83
8584,UB-003807,100,1,208.62,10.0,187.76,158.88
8585,UB-003808,91,1,465.43,15.0,395.62,321.07
8586,UB-003808,30,3,1334.54,0.0,4003.62,2595.33
8587,UB-003808,29,1,752.31,20.0,601.85,536.32
8588,UB-003808,59,3,299.71,0.0,899.13,725.64
8589,UB-003809,90,1,680.19,0.0,680.19,507.26
8590,UB-003809,45,1,801.1,0.0,801.1,610.87
8591,UB-003810,74,1,1143.12,0.0,1143.12,882.89
8592,UB-003810,131,1,895.69,0.0,895.69,688.03
8593,UB-003811,58,1,581.26,5.0,552.2,356.56
8594,UB-003811,19,3,698.39,15.0,1780.89,1422.63
8595,UB-003811,3,1,1115.19,5.0,1059.43,724.04
8596,UB-003812,9,2,685.0,0.0,1370.0,1003.38
8597,UB-003812,101,1,1117.12,15.0,949.55,893.27
8598,UB-003813,64,2,325.69,0.0,651.38,428.54
8599,UB-003813,79,5,762.54,15.0,3240.79,2394.4
8600,UB-003813,49,3,949.08,0.0,2847.24,1842.12
8601,UB-003814,103,1,883.9,5.0,839.7,681.52
8602,UB-003814,17,4,848.91,10.0,3056.08,2578.56
8603,UB-003814,27,2,1091.03,5.0,2072.96,1782.76
8604,UB-003815,29,3,740.04,0.0,2220.12,1608.96
8605,UB-003815,23,2,879.54,15.0,1495.22,1255.08
8606,UB-003816,116,1,764.77,0.0,764.77,498.56
8607,UB-003817,25,3,648.52,0.0,1945.56,1488.84
8608,UB-003817,18,1,847.33,5.0,804.96,648.71
8609,UB-003817,28,1,901.91,0.0,901.91,673.25
8610,UB-003818,114,1,1035.97,5.0,984.17,645.87
8611,UB-003818,37,5,1028.2,20.0,4112.8,4157.25
8612,UB-003818,92,2,813.94,5.0,1546.49,1049.02
8613,UB-003818,119,1,573.88,0.0,573.88,477.5
8614,UB-003819,131,2,906.21,0.0,1812.42,1376.06
8615,UB-003819,50,1,441.01,0.0,441.01,327.69
8616,UB-003820,20,1,950.57,10.0,855.51,674.24
8617,UB-003821,105,2,1265.16,0.0,2530.32,1777.9
8618,UB-003821,27,3,1072.8,10.0,2896.56,2674.14
8619,UB-003821,8,1,374.18,5.0,355.47,293.44
8620,UB-003822,87,1,382.54,0.0,382.54,296.68
8621,UB-003823,116,1,759.12,20.0,607.3,498.56
8622,UB-003823,110,1,934.34,0.0,934.34,679.34
8623,UB-003824,89,1,568.38,0.0,568.38,419.15
8624,UB-003824,110,3,912.82,5.0,2601.54,2038.02
8625,UB-003825,101,2,1089.82,0.0,2179.64,1786.54
8626,UB-003826,141,1,279.77,0.0,279.77,185.67
8627,UB-003826,77,2,284.89,0.0,569.78,391.26
8628,UB-003827,129,1,1196.56,0.0,1196.56,766.85
8629,UB-003827,16,2,1080.37,15.0,1836.63,1632.76
8630,UB-003827,58,1,554.85,0.0,554.85,356.56
8631,UB-003828,117,2,533.21,10.0,959.78,820.86
8632,UB-003829,5,1,1404.37,5.0,1334.15,872.25
8633,UB-003829,67,1,149.98,0.0,149.98,96.2
8634,UB-003829,103,1,886.86,15.0,753.83,681.52
8635,UB-003830,84,2,1303.45,0.0,2606.9,1624.24
8636,UB-003830,129,3,1163.28,0.0,3489.84,2300.55
8637,UB-003831,96,1,494.41,0.0,494.41,367.22
8638,UB-003832,121,1,894.32,10.0,804.89,683.69
8639,UB-003832,131,4,909.95,0.0,3639.8,2752.12
8640,UB-003832,138,2,894.48,0.0,1788.96,1209.2
8641,UB-003832,136,1,1343.93,0.0,1343.93,866.98
8642,UB-003833,124,1,545.98,0.0,545.98,445.56
8643,UB-003834,5,3,1368.19,0.0,4104.57,2616.75
8644,UB-003834,130,2,934.96,5.0,1776.42,1307.06
8645,UB-003834,98,1,587.52,0.0,587.52,467.33
8646,UB-003835,4,1,797.33,0.0,797.33,608.34
8647,UB-003835,111,2,673.35,10.0,1212.03,1113.58
8648,UB-003835,15,4,1249.45,0.0,4997.8,3421.32
8649,UB-003836,48,1,368.83,15.0,313.51,254.63
8650,UB-003837,100,1,206.08,0.0,206.08,158.88
8651,UB-003837,37,1,1021.04,0.0,1021.04,831.45
8652,UB-003837,35,2,815.1,10.0,1467.18,1135.26
8653,UB-003838,88,1,682.88,0.0,682.88,553.89
8654,UB-003838,81,1,1016.87,5.0,966.03,710.48
8655,UB-003839,7,4,1042.07,0.0,4168.28,3015.0
8656,UB-003839,115,1,1226.8,0.0,1226.8,798.92
8657,UB-003839,62,4,379.63,15.0,1290.74,1042.2
8658,UB-003839,60,3,191.42,0.0,574.26,434.46
8659,UB-003839,102,1,1185.46,0.0,1185.46,829.38
8660,UB-003840,131,1,920.31,5.0,874.29,688.03
8661,UB-003840,104,1,1249.79,0.0,1249.79,879.92
8662,UB-003841,10,3,95.42,10.0,257.63,212.37
8663,UB-003842,63,2,259.31,0.0,518.62,334.46
8664,UB-003842,123,5,481.87,10.0,2168.41,1644.5
8665,UB-003842,130,3,930.55,10.0,2512.48,1960.59
8666,UB-003843,71,2,187.76,0.0,375.52,244.14
8667,UB-003843,49,1,990.66,10.0,891.59,614.04
8668,UB-003844,5,1,1392.08,0.0,1392.08,872.25
8669,UB-003844,143,2,788.14,10.0,1418.65,1229.42
8670,UB-003844,79,2,772.36,0.0,1544.72,957.76
8671,UB-003844,48,5,359.66,5.0,1708.38,1273.15
8672,UB-003845,65,1,711.49,0.0,711.49,525.6
8673,UB-003845,32,1,106.03,0.0,106.03,79.85
8674,UB-003846,84,1,1257.94,15.0,1069.25,812.12
8675,UB-003846,15,3,1206.2,5.0,3437.67,2565.99
8676,UB-003846,122,1,649.25,0.0,649.25,508.02
8677,UB-003846,112,3,458.06,10.0,1236.76,1014.12
8678,UB-003847,134,2,948.61,0.0,1897.22,1266.4
8679,UB-003847,143,1,791.2,15.0,672.52,614.71
8680,UB-003848,6,2,974.75,0.0,1949.5,1384.58
8681,UB-003848,79,1,771.44,5.0,732.87,478.88
8682,UB-003849,1,1,313.28,0.0,313.28,210.31
8683,UB-003849,87,1,390.54,0.0,390.54,296.68
8684,UB-003849,132,1,1230.84,5.0,1169.3,810.08
8685,UB-003849,51,2,231.53,0.0,463.06,317.98
8686,UB-003850,134,2,952.1,0.0,1904.2,1266.4
8687,UB-003850,47,2,105.06,5.0,199.61,174.96
8688,UB-003851,5,1,1423.29,5.0,1352.13,872.25
8689,UB-003852,87,2,396.54,5.0,753.43,593.36
8690,UB-003853,100,2,208.93,15.0,355.18,317.76
8691,UB-003854,101,1,1138.79,10.0,1024.91,893.27
8692,UB-003854,110,1,942.85,0.0,942.85,679.34
8693,UB-003854,48,1,360.47,10.0,324.42,254.63
8694,UB-003854,123,1,479.98,0.0,479.98,328.9
8695,UB-003855,10,2,100.32,5.0,190.61,141.58
8696,UB-003855,29,1,725.59,0.0,725.59,536.32
8697,UB-003855,142,2,472.04,20.0,755.26,812.58
8698,UB-003855,36,2,849.72,0.0,1699.44,1067.56
8699,UB-003856,130,1,923.1,10.0,830.79,653.53
8700,UB-003856,124,1,531.66,0.0,531.66,445.56
8701,UB-003857,67,3,152.1,20.0,365.04,288.6
8702,UB-003857,10,1,99.54,10.0,89.59,70.79
8703,UB-003858,14,4,755.42,0.0,3021.68,2278.56
8704,UB-003858,93,2,91.03,0.0,182.06,145.66
8705,UB-003859,141,1,276.24,0.0,276.24,185.67
8706,UB-003859,108,5,1114.01,15.0,4734.54,3977.75
8707,UB-003860,2,1,483.59,0.0,483.59,371.22
8708,UB-003860,39,1,894.59,5.0,849.86,614.07
8709,UB-003860,14,1,749.48,15.0,637.06,569.64
8710,UB-003861,50,1,439.09,15.0,373.23,327.69
8711,UB-003862,94,1,753.91,0.0,753.91,538.36
8712,UB-003862,108,3,1158.12,0.0,3474.36,2386.65
8713,UB-003862,21,4,765.18,20.0,2448.58,2328.24
8714,UB-003862,25,1,666.5,15.0,566.52,496.28
8715,UB-003863,56,1,530.16,5.0,503.65,348.78
8716,UB-003863,90,1,676.58,0.0,676.58,507.26
8717,UB-003864,137,1,1285.8,5.0,1221.51,816.22
8718,UB-003864,28,3,896.41,0.0,2689.23,2019.75
8719,UB-003865,75,4,883.63,0.0,3534.52,2351.12
8720,UB-003866,44,3,782.81,0.0,2348.43,1763.43
8721,UB-003866,100,5,205.69,15.0,874.18,794.4
8722,UB-003866,114,3,1013.24,0.0,3039.72,1937.61
8723,UB-003866,66,4,947.69,5.0,3601.22,2865.4
8724,UB-003866,80,3,410.43,0.0,1231.29,907.74
8725,UB-003867,87,1,375.04,15.0,318.78,296.68
8726,UB-003867,112,2,458.87,15.0,780.08,676.08
8727,UB-003867,52,1,633.65,10.0,570.28,457.32
8728,UB-003868,84,1,1259.94,0.0,1259.94,812.12
8729,UB-003868,81,1,1027.54,10.0,924.79,710.48
8730,UB-003868,63,2,251.93,0.0,503.86,334.46
8731,UB-003868,80,1,415.87,10.0,374.28,302.58
8732,UB-003869,54,2,1013.49,0.0,2026.98,1614.36
8733,UB-003870,59,2,299.25,10.0,538.65,483.76
8734,UB-003870,69,1,304.58,15.0,258.89,234.6
8735,UB-003871,110,2,945.55,10.0,1701.99,1358.68
8736,UB-003872,110,1,928.87,0.0,928.87,679.34
8737,UB-003873,111,1,666.2,5.0,632.89,556.79
8738,UB-003874,117,1,542.7,0.0,542.7,410.43
8739,UB-003874,61,1,1080.2,0.0,1080.2,828.14
8740,UB-003875,76,2,793.29,5.0,1507.25,1233.78
8741,UB-003876,72,1,990.76,10.0,891.68,741.6
8742,UB-003877,27,4,1083.23,0.0,4332.92,3565.52
8743,UB-003877,143,3,806.76,10.0,2178.25,1844.13
8744,UB-003878,69,2,312.84,0.0,625.68,469.2
8745,UB-003878,103,2,917.35,15.0,1559.49,1363.04
8746,UB-003878,141,1,282.47,5.0,268.35,185.67
8747,UB-003878,18,2,842.0,10.0,1515.6,1297.42
8748,UB-003879,14,2,757.24,10.0,1363.03,1139.28
8749,UB-003879,98,2,567.5,0.0,1135.0,934.66
8750,UB-003879,85,1,322.08,5.0,305.98,232.68
8751,UB-003879,50,1,427.32,15.0,363.22,327.69
8752,UB-003880,46,1,214.32,0.0,214.32,167.81
8753,UB-003880,55,2,914.71,0.0,1829.42,1212.28
8754,UB-003880,62,2,382.15,0.0,764.3,521.1
8755,UB-003881,21,1,787.61,10.0,708.85,582.06
8756,UB-003881,130,4,898.64,10.0,3235.1,2614.12
8757,UB-003882,94,1,735.03,5.0,698.28,538.36
8758,UB-003882,99,2,110.43,0.0,220.86,161.88
8759,UB-003882,32,3,103.11,0.0,309.33,239.55
8760,UB-003883,106,1,1070.96,10.0,963.86,719.76
8761,UB-003883,21,4,779.5,10.0,2806.2,2328.24
8762,UB-003883,76,4,794.27,5.0,3018.23,2467.56
8763,UB-003884,114,1,1019.44,15.0,866.52,645.87
8764,UB-003885,64,4,320.04,0.0,1280.16,857.08
8765,UB-003885,14,4,776.16,0.0,3104.64,2278.56
8766,UB-003885,134,3,969.34,0.0,2908.02,1899.6
8767,UB-003886,103,1,935.04,0.0,935.04,681.52
8768,UB-003887,117,2,559.14,5.0,1062.37,820.86
8769,UB-003887,39,4,880.42,0.0,3521.68,2456.28
8770,UB-003887,30,1,1376.47,10.0,1238.82,865.11
8771,UB-003887,71,1,185.44,20.0,148.35,122.07
8772,UB-003888,29,1,715.24,20.0,572.19,536.32
8773,UB-003888,18,1,852.65,0.0,852.65,648.71
8774,UB-003888,69,1,308.9,5.0,293.45,234.6
8775,UB-003888,93,2,89.93,0.0,179.86,145.66
8776,UB-003889,94,2,763.62,0.0,1527.24,1076.72
8777,UB-003889,128,1,168.5,5.0,160.07,141.91
8778,UB-003889,72,4,970.45,0.0,3881.8,2966.4
8779,UB-003889,111,2,662.92,10.0,1193.26,1113.58
8780,UB-003890,28,1,888.71,5.0,844.27,673.25
8781,UB-003890,140,2,291.28,0.0,582.56,390.12
8782,UB-003891,37,1,1074.02,10.0,966.62,831.45
8783,UB-003891,111,2,661.55,0.0,1323.1,1113.58
8784,UB-003891,123,1,480.04,0.0,480.04,328.9
8785,UB-003891,136,2,1356.41,20.0,2170.26,1733.96
8786,UB-003892,5,2,1391.17,0.0,2782.34,1744.5
8787,UB-003892,56,2,525.81,0.0,1051.62,697.56
8788,UB-003893,41,1,947.97,15.0,805.77,743.96
8789,UB-003893,51,1,231.42,10.0,208.28,158.99
8790,UB-003893,128,1,168.13,0.0,168.13,141.91
8791,UB-003894,117,2,535.13,5.0,1016.75,820.86
8792,UB-003895,84,1,1283.47,20.0,1026.78,812.12
8793,UB-003895,29,1,741.73,0.0,741.73,536.32
8794,UB-003895,66,2,938.14,0.0,1876.28,1432.7
8795,UB-003895,46,4,217.47,0.0,869.88,671.24
8796,UB-003895,75,3,868.94,10.0,2346.14,1763.34
8797,UB-003896,34,1,166.18,15.0,141.25,138.03
8798,UB-003896,49,4,967.5,0.0,3870.0,2456.16
8799,UB-003897,31,1,725.8,0.0,725.8,581.59
8800,UB-003897,26,1,221.57,10.0,199.41,138.49
8801,UB-003897,104,1,1239.96,15.0,1053.97,879.92
8802,UB-003898,131,1,916.02,10.0,824.42,688.03
8803,UB-003898,22,1,677.64,0.0,677.64,475.66
8804,UB-003899,79,3,735.26,0.0,2205.78,1436.64
8805,UB-003900,22,1,643.11,5.0,610.95,475.66
8806,UB-003900,73,2,1017.92,20.0,1628.67,1325.96
8807,UB-003901,31,1,731.49,15.0,621.77,581.59
8808,UB-003901,62,2,376.47,20.0,602.35,521.1
8809,UB-003901,92,3,847.82,0.0,2543.46,1573.53
8810,UB-003901,7,1,1015.69,0.0,1015.69,753.75
8811,UB-003901,19,3,698.62,0.0,2095.86,1422.63
8812,UB-003902,83,2,871.33,0.0,1742.66,1414.0
8813,UB-003902,124,2,537.89,20.0,860.62,891.12
8814,UB-003902,114,1,1020.08,0.0,1020.08,645.87
8815,UB-003902,39,4,855.85,0.0,3423.4,2456.28
8816,UB-003903,43,2,169.45,0.0,338.9,233.76
8817,UB-003903,54,1,1017.6,0.0,1017.6,807.18
8818,UB-003904,4,1,809.03,0.0,809.03,608.34
8819,UB-003905,117,1,541.68,0.0,541.68,410.43
8820,UB-003905,94,1,757.47,10.0,681.72,538.36
8821,UB-003906,102,2,1216.62,10.0,2189.92,1658.76
8822,UB-003907,80,2,402.68,0.0,805.36,605.16
8823,UB-003907,44,1,775.82,10.0,698.24,587.81
8824,UB-003908,7,2,1007.12,15.0,1712.1,1507.5
8825,UB-003908,59,1,291.76,0.0,291.76,241.88
8826,UB-003909,19,1,683.95,10.0,615.56,474.21
8827,UB-003910,94,2,744.29,0.0,1488.58,1076.72
8828,UB-003910,80,3,411.87,5.0,1173.83,907.74
8829,UB-003911,75,2,911.14,0.0,1822.28,1175.56
8830,UB-003911,47,1,106.88,15.0,90.85,87.48
8831,UB-003911,67,1,153.44,0.0,153.44,96.2
8832,UB-003912,112,1,458.39,20.0,366.71,338.04
8833,UB-003913,78,1,812.42,0.0,812.42,544.75
8834,UB-003914,59,1,293.41,0.0,293.41,241.88
8835,UB-003914,109,1,157.88,15.0,134.2,98.8
8836,UB-003914,11,1,456.56,0.0,456.56,366.75
8837,UB-003915,109,1,155.55,0.0,155.55,98.8
8838,UB-003916,88,1,678.17,0.0,678.17,553.89
8839,UB-003917,111,1,670.17,0.0,670.17,556.79
8840,UB-003917,144,1,410.29,0.0,410.29,300.62
8841,UB-003917,129,1,1165.86,10.0,1049.27,766.85
8842,UB-003917,30,1,1359.38,0.0,1359.38,865.11
8843,UB-003917,107,1,324.53,0.0,324.53,228.45
8844,UB-003918,133,4,493.0,15.0,1676.2,1281.48
8845,UB-003919,55,2,927.13,5.0,1761.55,1212.28
8846,UB-003919,128,1,169.5,10.0,152.55,141.91
8847,UB-003919,116,1,776.75,0.0,776.75,498.56
8848,UB-003919,114,1,988.99,10.0,890.09,645.87
8849,UB-003920,120,3,731.55,0.0,2194.65,1465.5
8850,UB-003921,7,1,1032.39,5.0,980.77,753.75
8851,UB-003921,80,2,401.09,0.0,802.18,605.16
8852,UB-003922,76,1,812.81,15.0,690.89,616.89
8853,UB-003922,66,4,957.46,0.0,3829.84,2865.4
8854,UB-003922,3,1,1138.14,0.0,1138.14,724.04
8855,UB-003922,65,1,719.7,10.0,647.73,525.6
8856,UB-003922,61,1,1082.27,0.0,1082.27,828.14
8857,UB-003923,36,3,819.68,0.0,2459.04,1601.34
8858,UB-003923,116,0,762.43,20.0,1219.89,997.12
8859,UB-003924,15,2,1218.33,0.0,2436.66,1710.66
8860,UB-003924,54,1,1001.0,10.0,900.9,807.18
8861,UB-003924,87,3,380.27,0.0,1140.81,890.04
8862,UB-003924,23,2,894.46,0.0,1788.92,1255.08
8863,UB-003925,61,1,1077.0,0.0,1077.0,828.14
8864,UB-003926,16,3,1073.76,0.0,3221.28,2449.14
8865,UB-003926,97,5,1140.64,10.0,5132.88,3562.75
8866,UB-003926,55,1,879.57,10.0,791.61,606.14
8867,UB-003926,67,3,157.8,10.0,426.06,288.6
8868,UB-003927,111,1,671.43,0.0,671.43,556.79
8869,UB-003928,103,1,893.7,0.0,893.7,681.52
8870,UB-003928,24,2,92.58,5.0,175.9,123.02
8871,UB-003929,92,1,816.77,20.0,653.42,524.51
8872,UB-003929,110,1,907.27,0.0,907.27,679.34
8873,UB-003929,130,1,900.26,0.0,900.26,653.53
8874,UB-003930,94,2,763.27,0.0,1526.54,1076.72
8875,UB-003930,23,1,919.3,10.0,827.37,627.54
8876,UB-003931,51,1,239.57,15.0,203.63,158.99
8877,UB-003932,10,2,96.23,5.0,182.84,141.58
8878,UB-003932,86,2,486.02,0.0,972.04,819.36
8879,UB-003932,90,2,672.67,0.0,1345.34,1014.52
8880,UB-003933,117,2,553.39,0.0,1106.78,820.86
8881,UB-003934,139,3,711.09,0.0,2133.27,1512.48
8882,UB-003934,70,2,1344.71,20.0,2151.54,1729.18
8883,UB-003935,8,1,364.71,0.0,364.71,293.44
8884,UB-003935,107,1,325.06,0.0,325.06,228.45
8885,UB-003936,116,1,745.86,0.0,745.86,498.56
8886,UB-003936,140,1,305.03,10.0,274.53,195.06
8887,UB-003937,127,1,306.63,20.0,245.3,222.26
8888,UB-003937,44,1,765.89,0.0,765.89,587.81
8889,UB-003937,135,2,600.49,0.0,1200.98,794.84
8890,UB-003937,29,1,719.19,5.0,683.23,536.32
8891,UB-003938,64,2,319.06,0.0,638.12,428.54
8892,UB-003938,5,1,1350.17,5.0,1282.66,872.25
8893,UB-003939,129,1,1151.53,10.0,1036.38,766.85
8894,UB-003940,49,2,938.45,0.0,1876.9,1228.08
8895,UB-003940,47,3,106.93,20.0,256.63,262.44
8896,UB-003940,119,2,596.77,5.0,1133.86,955.0
8897,UB-003941,28,2,863.46,0.0,1726.92,1346.5
8898,UB-003941,93,4,94.51,0.0,378.04,291.32
8899,UB-003941,33,4,431.05,15.0,1465.57,1186.24
8900,UB-003941,29,1,746.29,0.0,746.29,536.32
8901,UB-003942,80,3,408.89,15.0,1042.67,907.74
8902,UB-003942,95,1,484.14,0.0,484.14,369.8
8903,UB-003943,83,3,862.86,0.0,2588.58,2121.0
8904,UB-003943,123,1,480.69,15.0,408.59,328.9
8905,UB-003944,141,1,275.31,0.0,275.31,185.67
8906,UB-003945,45,4,833.77,0.0,3335.08,2443.48
8907,UB-003945,73,3,1000.6,5.0,2851.71,1988.94
8908,UB-003946,54,2,1031.42,20.0,1650.27,1614.36
8909,UB-003947,36,2,834.42,0.0,1668.84,1067.56
8910,UB-003947,125,1,339.62,5.0,322.64,213.73
8911,UB-003947,118,1,629.09,0.0,629.09,421.79
8912,UB-003947,94,1,729.8,0.0,729.8,538.36
8913,UB-003948,43,1,171.97,0.0,171.97,116.88
8914,UB-003949,69,2,310.29,0.0,620.58,469.2
8915,UB-003949,39,3,887.25,0.0,2661.75,1842.21
8916,UB-003950,1,1,301.42,0.0,301.42,210.31
8917,UB-003951,87,2,392.7,10.0,706.86,593.36
8918,UB-003952,101,2,1090.96,10.0,1963.73,1786.54
8919,UB-003952,63,1,252.13,0.0,252.13,167.23
8920,UB-003952,51,1,234.88,0.0,234.88,158.99
8921,UB-003952,126,2,1285.27,0.0,2570.54,1607.0
8922,UB-003952,102,1,1182.58,0.0,1182.58,829.38
8923,UB-003953,62,1,373.58,0.0,373.58,260.55
8924,UB-003954,11,1,455.3,0.0,455.3,366.75
8925,UB-003954,67,2,157.23,0.0,314.46,192.4
8926,UB-003954,128,1,173.59,10.0,156.23,141.91
8927,UB-003954,29,1,732.12,0.0,732.12,536.32
8928,UB-003955,136,1,1409.84,5.0,1339.35,866.98
8929,UB-003956,53,1,1286.05,0.0,1286.05,865.12
8930,UB-003956,77,2,286.47,20.0,458.35,391.26
8931,UB-003956,143,2,795.16,10.0,1431.29,1229.42
8932,UB-003956,87,1,374.24,0.0,374.24,296.68
8933,UB-003957,130,2,926.31,5.0,1759.99,1307.06
8934,UB-003958,116,3,743.92,0.0,2231.76,1495.68
8935,UB-003958,127,1,292.69,5.0,278.06,222.26
8936,UB-003959,80,2,411.61,10.0,740.9,605.16
8937,UB-003959,84,1,1295.14,5.0,1230.38,812.12
8938,UB-003960,90,1,692.31,5.0,657.69,507.26
8939,UB-003960,7,2,1039.34,5.0,1974.75,1507.5
8940,UB-003960,27,3,1098.92,10.0,2967.08,2674.14
8941,UB-003960,17,1,871.75,10.0,784.58,644.64
8942,UB-003961,8,4,382.31,0.0,1529.24,1173.76
8943,UB-003961,75,4,858.32,10.0,3089.95,2351.12
8944,UB-003962,51,1,237.3,10.0,213.57,158.99
8945,UB-003963,99,3,113.22,0.0,339.66,242.82
8946,UB-003963,129,1,1193.91,5.0,1134.21,766.85
8947,UB-003963,94,4,732.82,0.0,2931.28,2153.44
8948,UB-003963,80,1,396.0,10.0,356.4,302.58
8949,UB-003964,51,5,231.05,15.0,981.96,794.95
8950,UB-003964,118,2,647.8,0.0,1295.6,843.58
8951,UB-003964,83,2,879.95,0.0,1759.9,1414.0
8952,UB-003965,103,1,903.22,0.0,903.22,681.52
8953,UB-003965,22,2,671.91,0.0,1343.82,951.32
8954,UB-003966,66,2,963.85,0.0,1927.7,1432.7
8955,UB-003967,13,1,360.28,0.0,360.28,235.91
8956,UB-003967,109,1,153.73,5.0,146.04,98.8
8957,UB-003968,28,2,862.81,10.0,1553.06,1346.5
8958,UB-003969,70,3,1411.08,5.0,4021.58,2593.77
8959,UB-003969,96,2,512.52,5.0,973.79,734.44
8960,UB-003969,118,1,621.22,0.0,621.22,421.79
8961,UB-003970,19,2,691.03,5.0,1312.96,948.42
8962,UB-003971,115,3,1200.14,0.0,3600.42,2396.76
8963,UB-003971,5,1,1377.39,0.0,1377.39,872.25
8964,UB-003971,80,2,393.25,5.0,747.17,605.16
8965,UB-003971,21,2,764.35,0.0,1528.7,1164.12
8966,UB-003972,86,1,484.94,5.0,460.69,409.68
8967,UB-003973,91,1,472.57,5.0,448.94,321.07
8968,UB-003973,87,2,390.53,0.0,781.06,593.36
8969,UB-003974,99,3,111.22,0.0,333.66,242.82
8970,UB-003975,134,2,921.97,5.0,1751.74,1266.4
8971,UB-003975,56,3,521.02,0.0,1563.06,1046.34
8972,UB-003975,97,3,1169.92,0.0,3509.76,2137.65
8973,UB-003976,107,1,330.59,5.0,314.06,228.45
8974,UB-003977,48,2,361.53,0.0,723.06,509.26
8975,UB-003977,101,2,1084.51,15.0,1843.67,1786.54
8976,UB-003977,132,1,1216.1,5.0,1155.29,810.08
8977,UB-003977,8,1,383.59,5.0,364.41,293.44
8978,UB-003978,129,1,1193.07,5.0,1133.42,766.85
8979,UB-003978,43,1,170.99,5.0,162.44,116.88
8980,UB-003979,85,1,321.14,0.0,321.14,232.68
8981,UB-003979,72,2,998.9,0.0,1997.8,1483.2
8982,UB-003980,7,1,1055.58,0.0,1055.58,753.75
8983,UB-003981,55,1,917.96,0.0,917.96,606.14
8984,UB-003981,137,3,1269.88,10.0,3428.68,2448.66
8985,UB-003982,32,1,104.09,0.0,104.09,79.85
8986,UB-003982,19,1,693.76,15.0,589.7,474.21
8987,UB-003983,61,3,1099.54,0.0,3298.62,2484.42
8988,UB-003983,6,1,973.56,0.0,973.56,692.29
8989,UB-003984,85,3,337.09,0.0,1011.27,698.04
8990,UB-003984,36,1,853.26,0.0,853.26,533.78
8991,UB-003984,134,2,930.25,10.0,1674.45,1266.4
8992,UB-003985,95,3,482.91,10.0,1303.86,1109.4
8993,UB-003985,6,1,955.72,0.0,955.72,692.29
8994,UB-003986,44,3,754.88,5.0,2151.41,1763.43
8995,UB-003986,90,2,672.82,0.0,1345.64,1014.52
8996,UB-003987,41,1,938.81,0.0,938.81,743.96
8997,UB-003987,6,1,982.47,0.0,982.47,692.29
8998,UB-003988,20,1,965.93,5.0,917.63,674.24
8999,UB-003989,97,1,1150.67,0.0,1150.67,712.55
9000,UB-003990,110,3,909.24,5.0,2591.33,2038.02
9001,UB-003990,19,3,665.47,15.0,1696.95,1422.63
9002,UB-003991,92,4,842.27,5.0,3200.63,2098.04
9003,UB-003991,118,3,630.72,0.0,1892.16,1265.37
9004,UB-003991,97,1,1105.1,0.0,1105.1,712.55
9005,UB-003992,58,2,580.58,0.0,1161.16,713.12
9006,UB-003993,126,2,1282.06,0.0,2564.12,1607.0
9007,UB-003994,93,1,93.68,5.0,89.0,72.83
9008,UB-003994,31,2,712.02,20.0,1139.23,1163.18
9009,UB-003995,58,1,565.73,0.0,565.73,356.56
9010,UB-003995,122,4,639.47,10.0,2302.09,2032.08
9011,UB-003995,19,1,677.08,5.0,643.23,474.21
9012,UB-003996,89,1,572.79,0.0,572.79,419.15
9013,UB-003997,70,2,1335.36,0.0,2670.72,1729.18
9014,UB-003997,116,1,766.57,10.0,689.91,498.56
9015,UB-003997,66,1,985.4,10.0,886.86,716.35
9016,UB-003998,68,2,226.64,0.0,453.28,322.38
9017,UB-003998,119,2,599.2,0.0,1198.4,955.0
9018,UB-003999,114,1,990.16,5.0,940.65,645.87
9019,UB-003999,117,1,564.13,5.0,535.92,410.43
9020,UB-003999,83,1,875.95,0.0,875.95,707.0
9021,UB-004000,105,2,1249.21,0.0,2498.42,1777.9
9022,UB-004001,80,1,397.13,0.0,397.13,302.58
9023,UB-004002,135,1,609.18,5.0,578.72,397.42
9024,UB-004002,69,1,309.79,0.0,309.79,234.6
9025,UB-004002,3,1,1157.83,0.0,1157.83,724.04
9026,UB-004003,68,2,221.71,5.0,421.25,322.38
9027,UB-004003,91,3,451.62,20.0,1083.89,963.21
9028,UB-004004,50,1,437.78,10.0,394.0,327.69
9029,UB-004005,129,1,1150.78,5.0,1093.24,766.85
9030,UB-004005,10,1,98.06,0.0,98.06,70.79
9031,UB-004005,92,3,846.43,5.0,2412.33,1573.53
9032,UB-004006,141,3,283.6,5.0,808.26,557.01
9033,UB-004006,116,1,746.62,0.0,746.62,498.56
9034,UB-004007,91,1,460.76,10.0,414.68,321.07
9035,UB-004008,66,1,948.83,0.0,948.83,716.35
9036,UB-004008,80,2,398.87,0.0,797.74,605.16
9037,UB-004008,78,1,805.56,0.0,805.56,544.75
9038,UB-004009,61,2,1065.77,20.0,1705.23,1656.28
9039,UB-004009,3,1,1145.88,0.0,1145.88,724.04
9040,UB-004010,134,3,951.32,0.0,2853.96,1899.6
9041,UB-004010,138,1,898.37,15.0,763.61,604.6
9042,UB-004011,113,3,847.0,15.0,2159.85,2085.0
9043,UB-004011,120,2,744.72,10.0,1340.5,977.0
9044,UB-004012,17,3,868.08,0.0,2604.24,1933.92
9045,UB-004012,70,1,1350.04,0.0,1350.04,864.59
9046,UB-004012,118,3,632.85,0.0,1898.55,1265.37
9047,UB-004013,56,1,515.84,15.0,438.46,348.78
9048,UB-004013,19,5,687.23,10.0,3092.54,2371.05
9049,UB-004013,34,1,168.54,20.0,134.83,138.03
9050,UB-004014,76,1,814.99,10.0,733.49,616.89
9051,UB-004014,16,1,1068.02,5.0,1014.62,816.38
9052,UB-004015,16,1,1062.87,15.0,903.44,816.38
9053,UB-004016,76,2,801.02,0.0,1602.04,1233.78
9054,UB-004017,113,1,870.26,5.0,826.75,695.0
9055,UB-004017,140,1,301.58,0.0,301.58,195.06
9056,UB-004017,41,1,913.75,0.0,913.75,743.96
9057,UB-004018,137,2,1316.93,0.0,2633.86,1632.44
9058,UB-004019,111,1,655.15,0.0,655.15,556.79
9059,UB-004020,56,3,519.8,0.0,1559.4,1046.34
9060,UB-004020,36,1,857.64,0.0,857.64,533.78
9061,UB-004021,66,1,967.85,0.0,967.85,716.35
9062,UB-004022,50,2,423.28,0.0,846.56,655.38
9063,UB-004023,81,1,1045.17,0.0,1045.17,710.48
9064,UB-004024,77,1,282.8,0.0,282.8,195.63
9065,UB-004024,93,1,94.93,0.0,94.93,72.83
9066,UB-004024,17,1,866.86,10.0,780.17,644.64
9067,UB-004025,119,1,593.53,5.0,563.85,477.5
9068,UB-004025,38,1,1068.56,15.0,908.28,721.69
9069,UB-004025,109,1,157.78,10.0,142.0,98.8
9070,UB-004026,140,1,296.4,0.0,296.4,195.06
9071,UB-004027,59,2,305.87,10.0,550.57,483.76
9072,UB-004027,12,1,549.42,15.0,467.01,425.66
9073,UB-004027,132,2,1251.52,0.0,2503.04,1620.16
9074,UB-004028,96,3,492.06,0.0,1476.18,1101.66
9075,UB-004028,25,1,653.06,10.0,587.75,496.28
9076,UB-004029,13,1,372.58,0.0,372.58,235.91
9077,UB-004029,114,3,999.65,0.0,2998.95,1937.61
9078,UB-004030,70,1,1351.83,0.0,1351.83,864.59
9079,UB-004031,7,2,1028.88,0.0,2057.76,1507.5
9080,UB-004031,127,4,307.8,20.0,984.96,889.04
9081,UB-004031,119,1,578.43,0.0,578.43,477.5
9082,UB-004031,38,2,1083.08,15.0,1841.24,1443.38
9083,UB-004032,64,3,317.38,10.0,856.93,642.81
9084,UB-004032,59,4,298.08,5.0,1132.7,967.52
9085,UB-004033,96,3,506.0,5.0,1442.1,1101.66
9086,UB-004034,27,2,1092.66,15.0,1857.52,1782.76
9087,UB-004034,23,2,917.14,20.0,1467.42,1255.08
9088,UB-004035,61,1,1124.49,0.0,1124.49,828.14
9089,UB-004036,22,1,663.43,5.0,630.26,475.66
9090,UB-004037,22,5,649.34,15.0,2759.7,2378.3
9091,UB-004038,2,4,498.82,0.0,1995.28,1484.88
9092,UB-004038,85,3,339.32,0.0,1017.96,698.04
9093,UB-004039,72,1,959.34,0.0,959.34,741.6
9094,UB-004039,13,1,378.06,0.0,378.06,235.91
9095,UB-004040,6,4,979.28,0.0,3917.12,2769.16
9096,UB-004040,143,1,783.45,15.0,665.93,614.71
9097,UB-004041,108,2,1111.53,5.0,2111.91,1591.1
9098,UB-004041,2,1,505.73,0.0,505.73,371.22
9099,UB-004041,34,1,163.14,0.0,163.14,138.03
9100,UB-004042,46,1,217.23,15.0,184.65,167.81
9101,UB-004043,75,3,872.83,15.0,2225.72,1763.34
9102,UB-004043,43,1,173.43,5.0,164.76,116.88
9103,UB-004044,94,2,737.01,5.0,1400.32,1076.72
9104,UB-004045,132,2,1246.36,5.0,2368.08,1620.16
9105,UB-004045,4,2,810.79,0.0,1621.58,1216.68
9106,UB-004045,35,4,791.58,10.0,2849.69,2270.52
9107,UB-004045,93,1,89.74,0.0,89.74,72.83
9108,UB-004046,10,1,95.37,15.0,81.06,70.79
9109,UB-004046,2,4,503.4,5.0,1912.92,1484.88
9110,UB-004046,103,4,906.17,20.0,2899.74,2726.08
9111,UB-004046,13,3,359.21,0.0,1077.63,707.73
9112,UB-004046,95,4,471.2,0.0,1884.8,1479.2
9113,UB-004047,76,1,808.02,0.0,808.02,616.89
9114,UB-004047,43,2,167.13,5.0,317.55,233.76
9115,UB-004048,40,1,372.49,20.0,297.99,255.94
9116,UB-004049,95,2,472.2,0.0,944.4,739.6
9117,UB-004049,42,2,615.03,0.0,1230.06,796.76
9118,UB-004050,9,1,682.93,0.0,682.93,501.69
9119,UB-004051,62,2,376.45,20.0,602.32,521.1
9120,UB-004051,52,1,662.37,0.0,662.37,457.32
9121,UB-004051,9,1,701.26,10.0,631.13,501.69
9122,UB-004051,97,1,1128.86,0.0,1128.86,712.55
9123,UB-004052,127,2,300.38,0.0,600.76,444.52
9124,UB-004052,35,2,809.93,0.0,1619.86,1135.26
9125,UB-004052,121,2,917.73,15.0,1560.14,1367.38
9126,UB-004052,101,1,1129.79,0.0,1129.79,893.27
9127,UB-004053,31,1,715.44,0.0,715.44,581.59
9128,UB-004053,42,1,611.7,10.0,550.53,398.38
9129,UB-004053,28,2,880.16,0.0,1760.32,1346.5
9130,UB-004054,8,1,367.31,0.0,367.31,293.44
9131,UB-004054,119,1,591.25,0.0,591.25,477.5
9132,UB-004055,129,1,1190.06,0.0,1190.06,766.85
9133,UB-004055,106,1,1040.82,5.0,988.78,719.76
9134,UB-004055,122,1,648.23,5.0,615.82,508.02
9135,UB-004056,125,1,330.19,5.0,313.68,213.73
9136,UB-004056,6,1,955.26,0.0,955.26,692.29
9137,UB-004056,74,1,1154.84,5.0,1097.1,882.89
9138,UB-004057,58,3,574.41,0.0,1723.23,1069.68
9139,UB-004057,51,2,235.69,0.0,471.38,317.98
9140,UB-004058,62,1,386.05,0.0,386.05,260.55
9141,UB-004058,83,1,845.76,0.0,845.76,707.0
9142,UB-004058,29,1,750.2,0.0,750.2,536.32
9143,UB-004059,23,1,883.58,0.0,883.58,627.54
9144,UB-004060,63,2,247.94,15.0,421.5,334.46
9145,UB-004061,35,1,771.59,15.0,655.85,567.63
9146,UB-004062,55,3,933.1,20.0,2239.44,1818.42
9147,UB-004062,32,1,101.92,0.0,101.92,79.85
9148,UB-004062,20,2,958.73,0.0,1917.46,1348.48
9149,UB-004063,9,1,678.06,0.0,678.06,501.69
9150,UB-004064,14,1,745.29,10.0,670.76,569.64
9151,UB-004065,48,1,362.85,5.0,344.71,254.63
9152,UB-004065,84,1,1239.41,0.0,1239.41,812.12
9153,UB-004065,87,1,396.17,10.0,356.55,296.68
9154,UB-004065,25,2,672.16,10.0,1209.89,992.56
9155,UB-004066,97,1,1122.7,15.0,954.29,712.55
9156,UB-004066,34,1,162.69,0.0,162.69,138.03
9157,UB-004066,87,2,384.82,5.0,731.16,593.36
9158,UB-004066,66,1,962.5,0.0,962.5,716.35
9159,UB-004066,58,1,582.51,0.0,582.51,356.56
9160,UB-004067,129,2,1160.3,0.0,2320.6,1533.7
9161,UB-004067,97,1,1144.12,15.0,972.5,712.55
9162,UB-004068,26,1,215.82,0.0,215.82,138.49
9163,UB-004068,110,1,932.33,10.0,839.1,679.34
9164,UB-004069,5,2,1385.3,15.0,2355.01,1744.5
9165,UB-004069,63,1,254.33,0.0,254.33,167.23
9166,UB-004070,44,3,783.0,0.0,2349.0,1763.43
9167,UB-004070,67,1,158.17,15.0,134.44,96.2
9168,UB-004071,11,1,469.15,0.0,469.15,366.75
9169,UB-004071,94,1,735.14,10.0,661.63,538.36
9170,UB-004071,106,1,1033.61,0.0,1033.61,719.76
9171,UB-004071,115,3,1177.05,10.0,3178.03,2396.76
9172,UB-004072,100,3,198.71,5.0,566.32,476.64
9173,UB-004072,82,1,1036.85,0.0,1036.85,685.33
9174,UB-004073,103,1,934.17,0.0,934.17,681.52
9175,UB-004074,56,1,516.2,10.0,464.58,348.78
9176,UB-004074,108,2,1135.69,0.0,2271.38,1591.1
9177,UB-004074,87,1,388.58,0.0,388.58,296.68
9178,UB-004075,135,1,628.16,0.0,628.16,397.42
9179,UB-004075,123,2,461.59,0.0,923.18,657.8
9180,UB-004076,4,2,807.77,0.0,1615.54,1216.68
9181,UB-004076,72,1,1000.39,0.0,1000.39,741.6
9182,UB-004076,40,1,378.47,0.0,378.47,255.94
9183,UB-004077,11,3,476.21,10.0,1285.77,1100.25
9184,UB-004078,31,1,739.58,0.0,739.58,581.59
9185,UB-004078,51,1,228.03,0.0,228.03,158.99
9186,UB-004078,90,1,698.6,0.0,698.6,507.26
9187,UB-004079,54,2,1020.49,15.0,1734.83,1614.36
9188,UB-004080,130,2,932.36,0.0,1864.72,1307.06
9189,UB-004080,91,3,463.9,0.0,1391.7,963.21
9190,UB-004081,142,1,479.45,0.0,479.45,406.29
9191,UB-004081,132,1,1240.87,0.0,1240.87,810.08
9192,UB-004081,138,2,936.8,0.0,1873.6,1209.2
9193,UB-004081,112,1,472.23,0.0,472.23,338.04
9194,UB-004082,63,1,252.74,0.0,252.74,167.23
9195,UB-004083,115,1,1218.17,0.0,1218.17,798.92
9196,UB-004083,107,5,311.93,0.0,1559.65,1142.25
9197,UB-004084,32,1,105.8,0.0,105.8,79.85
9198,UB-004084,76,1,814.21,15.0,692.08,616.89
9199,UB-004084,123,2,468.56,0.0,937.12,657.8
9200,UB-004084,34,2,159.25,5.0,302.57,276.06
9201,UB-004085,57,2,754.44,20.0,1207.1,1135.4
9202,UB-004085,82,2,1056.07,0.0,2112.14,1370.66
9203,UB-004086,121,1,924.44,0.0,924.44,683.69
9204,UB-004087,37,3,1034.8,10.0,2793.96,2494.35
9205,UB-004087,71,2,192.68,0.0,385.36,244.14
9206,UB-004087,93,1,91.12,15.0,77.45,72.83
9207,UB-004087,144,1,435.0,0.0,435.0,300.62
9208,UB-004087,10,1,96.76,15.0,82.25,70.79
9209,UB-004088,115,3,1214.33,0.0,3642.99,2396.76
9210,UB-004088,2,2,498.44,5.0,947.04,742.44
9211,UB-004089,3,3,1112.67,0.0,3338.01,2172.12
9212,UB-004090,133,2,499.22,10.0,898.6,640.74
9213,UB-004090,61,2,1113.07,0.0,2226.14,1656.28
9214,UB-004091,78,1,775.57,0.0,775.57,544.75
9215,UB-004092,107,1,317.55,0.0,317.55,228.45
9216,UB-004092,20,3,965.73,0.0,2897.19,2022.72
9217,UB-004092,2,1,504.97,0.0,504.97,371.22
9218,UB-004093,20,1,951.64,0.0,951.64,674.24
9219,UB-004093,63,1,255.24,20.0,204.19,167.23
9220,UB-004093,76,1,827.26,15.0,703.17,616.89
9221,UB-004094,119,1,597.9,0.0,597.9,477.5
9222,UB-004094,104,1,1277.18,0.0,1277.18,879.92
9223,UB-004095,61,1,1110.76,0.0,1110.76,828.14
9224,UB-004095,42,1,593.95,5.0,564.25,398.38
9225,UB-004096,88,2,677.92,5.0,1288.05,1107.78
9226,UB-004096,25,1,638.71,0.0,638.71,496.28
9227,UB-004097,3,3,1116.52,0.0,3349.56,2172.12
9228,UB-004097,52,1,649.97,0.0,649.97,457.32
9229,UB-004097,23,1,899.7,0.0,899.7,627.54
9230,UB-004097,66,1,952.79,0.0,952.79,716.35
9231,UB-004098,90,4,672.21,10.0,2419.96,2029.04
9232,UB-004098,20,1,955.33,5.0,907.56,674.24
9233,UB-004098,61,2,1069.63,5.0,2032.3,1656.28
9234,UB-004099,19,2,663.28,0.0,1326.56,948.42
9235,UB-004099,59,1,293.65,0.0,293.65,241.88
9236,UB-004099,41,1,908.11,5.0,862.7,743.96
9237,UB-004100,77,4,279.14,10.0,1004.9,782.52
9238,UB-004100,56,2,505.21,0.0,1010.42,697.56
9239,UB-004101,103,1,898.74,15.0,763.93,681.52
9240,UB-004101,100,3,199.17,0.0,597.51,476.64
9241,UB-004101,135,1,610.23,0.0,610.23,397.42
9242,UB-004101,79,2,768.04,20.0,1228.86,957.76
9243,UB-004102,84,1,1236.78,10.0,1113.1,812.12
9244,UB-004103,33,1,444.1,20.0,355.28,296.56
9245,UB-004103,123,1,477.05,0.0,477.05,328.9
9246,UB-004103,5,1,1405.18,15.0,1194.4,872.25
9247,UB-004103,116,4,773.05,0.0,3092.2,1994.24
9248,UB-004104,60,1,183.69,5.0,174.51,144.82
9249,UB-004104,105,2,1223.78,0.0,2447.56,1777.9
9250,UB-004105,94,1,733.47,15.0,623.45,538.36
9251,UB-004105,129,2,1167.8,0.0,2335.6,1533.7
9252,UB-004105,134,1,969.21,20.0,775.37,633.2
9253,UB-004105,137,1,1296.39,15.0,1101.93,816.22
9254,UB-004106,107,1,316.93,0.0,316.93,228.45
9255,UB-004107,129,1,1210.69,15.0,1029.09,766.85
9256,UB-004107,95,1,490.23,10.0,441.21,369.8
9257,UB-004108,49,1,990.11,0.0,990.11,614.04
9258,UB-004108,89,1,603.0,0.0,603.0,419.15
9259,UB-004108,52,2,661.86,0.0,1323.72,914.64
9260,UB-004108,31,1,706.83,20.0,565.46,581.59
9261,UB-004108,4,4,788.81,0.0,3155.24,2433.36
9262,UB-004109,45,3,835.64,0.0,2506.92,1832.61
9263,UB-004109,122,1,652.71,5.0,620.07,508.02
9264,UB-004109,75,3,909.11,15.0,2318.23,1763.34
9265,UB-004110,17,3,832.91,0.0,2498.73,1933.92
9266,UB-004111,52,1,642.33,20.0,513.86,457.32
9267,UB-004111,26,1,212.07,0.0,212.07,138.49
9268,UB-004111,20,1,932.09,5.0,885.49,674.24
9269,UB-004112,54,1,1017.81,20.0,814.25,807.18
9270,UB-004112,104,1,1280.66,0.0,1280.66,879.92
9271,UB-004112,44,1,772.52,20.0,618.02,587.81
9272,UB-004113,91,1,446.52,0.0,446.52,321.07
9273,UB-004113,109,1,152.67,5.0,145.04,98.8
9274,UB-004113,8,1,367.15,0.0,367.15,293.44
9275,UB-004114,44,1,763.95,15.0,649.36,587.81
9276,UB-004114,2,1,505.05,15.0,429.29,371.22
9277,UB-004114,108,2,1131.68,0.0,2263.36,1591.1
9278,UB-004115,64,4,322.36,10.0,1160.5,857.08
9279,UB-004116,107,1,315.6,0.0,315.6,228.45
9280,UB-004116,93,2,89.79,0.0,179.58,145.66
9281,UB-004117,45,2,813.94,10.0,1465.09,1221.74
9282,UB-004117,73,1,968.04,5.0,919.64,662.98
9283,UB-004117,62,1,387.41,0.0,387.41,260.55
9284,UB-004118,63,1,255.5,0.0,255.5,167.23
9285,UB-004118,79,4,772.1,5.0,2933.98,1915.52
9286,UB-004118,3,1,1159.13,15.0,985.26,724.04
9287,UB-004119,73,2,970.27,5.0,1843.51,1325.96
9288,UB-004119,53,1,1269.83,20.0,1015.86,865.12
9289,UB-004120,120,1,710.54,10.0,639.49,488.5
9290,UB-004121,132,1,1241.63,0.0,1241.63,810.08
9291,UB-004122,15,1,1231.24,0.0,1231.24,855.33
9292,UB-004122,127,1,300.88,0.0,300.88,222.26
9293,UB-004122,44,1,777.4,0.0,777.4,587.81
9294,UB-004123,124,2,528.02,0.0,1056.04,891.12
9295,UB-004124,54,1,1020.34,0.0,1020.34,807.18
9296,UB-004125,25,1,651.84,0.0,651.84,496.28
9297,UB-004125,55,1,900.44,5.0,855.42,606.14
9298,UB-004126,120,1,749.3,0.0,749.3,488.5
9299,UB-004126,133,2,489.07,5.0,929.23,640.74
9300,UB-004127,106,2,1037.23,15.0,1763.29,1439.52
9301,UB-004128,17,2,859.51,0.0,1719.02,1289.28
9302,UB-004129,92,2,821.63,20.0,1314.61,1049.02
9303,UB-004130,73,2,996.88,10.0,1794.38,1325.96
9304,UB-004130,32,1,105.84,10.0,95.26,79.85
9305,UB-004131,100,1,206.98,15.0,175.93,158.88
9306,UB-004131,73,1,965.32,10.0,868.79,662.98
9307,UB-004131,28,1,868.73,0.0,868.73,673.25
9308,UB-004131,111,1,674.23,20.0,539.38,556.79
9309,UB-004131,38,1,1071.41,15.0,910.7,721.69
9310,UB-004132,103,3,900.01,20.0,2160.02,2044.56
9311,UB-004132,10,2,95.82,20.0,153.31,141.58
9312,UB-004133,52,4,665.21,10.0,2394.76,1829.28
9313,UB-004134,90,2,706.36,0.0,1412.72,1014.52
9314,UB-004134,31,4,744.12,0.0,2976.48,2326.36
9315,UB-004134,88,3,700.32,5.0,1995.91,1661.67
9316,UB-004134,17,3,832.99,0.0,2498.97,1933.92
9317,UB-004135,44,1,788.45,0.0,788.45,587.81
9318,UB-004136,48,2,354.56,5.0,673.66,509.26
9319,UB-004136,118,1,634.09,0.0,634.09,421.79
9320,UB-004136,125,5,340.64,0.0,1703.2,1068.65
9321,UB-004137,100,2,205.97,0.0,411.94,317.76
9322,UB-004138,103,1,921.48,20.0,737.18,681.52
9323,UB-004138,15,5,1196.55,0.0,5982.75,4276.65
9324,UB-004139,15,2,1256.99,15.0,2136.88,1710.66
9325,UB-004139,8,2,386.19,10.0,695.14,586.88
9326,UB-004139,106,4,1065.54,5.0,4049.05,2879.04
9327,UB-004140,55,1,930.58,0.0,930.58,606.14
9328,UB-004140,64,1,319.44,0.0,319.44,214.27
9329,UB-004140,18,1,836.39,0.0,836.39,648.71
9330,UB-004141,138,2,919.98,15.0,1563.97,1209.2
9331,UB-004142,142,1,471.82,5.0,448.23,406.29
9332,UB-004142,137,3,1298.15,0.0,3894.45,2448.66
9333,UB-004142,112,3,456.84,0.0,1370.52,1014.12
9334,UB-004142,36,3,829.59,5.0,2364.33,1601.34
9335,UB-004142,40,2,373.01,0.0,746.02,511.88
9336,UB-004143,118,1,632.46,0.0,632.46,421.79
9337,UB-004144,93,1,91.42,0.0,91.42,72.83
9338,UB-004144,130,2,912.11,0.0,1824.22,1307.06
9339,UB-004144,112,2,471.63,0.0,943.26,676.08
9340,UB-004145,67,1,158.63,20.0,126.9,96.2
9341,UB-004145,125,3,323.33,0.0,969.99,641.19
9342,UB-004146,142,2,487.82,10.0,878.08,812.58
9343,UB-004146,81,1,1059.47,10.0,953.52,710.48
9344,UB-004146,35,1,790.65,0.0,790.65,567.63
9345,UB-004146,8,1,370.76,5.0,352.22,293.44
9346,UB-004146,67,1,151.72,5.0,144.13,96.2
9347,UB-004147,56,1,512.0,0.0,512.0,348.78
9348,UB-004148,122,2,640.21,0.0,1280.42,1016.04
9349,UB-004148,50,1,438.54,0.0,438.54,327.69
9350,UB-004148,55,1,926.8,0.0,926.8,606.14
9351,UB-004149,87,1,376.42,0.0,376.42,296.68
9352,UB-004150,136,1,1401.17,0.0,1401.17,866.98
9353,UB-004150,100,4,207.19,0.0,828.76,635.52
9354,UB-004151,41,1,932.17,0.0,932.17,743.96
9355,UB-004151,67,1,157.52,0.0,157.52,96.2
9356,UB-004151,10,1,94.74,10.0,85.27,70.79
9357,UB-004151,102,1,1172.39,0.0,1172.39,829.38
9358,UB-004152,138,1,893.91,0.0,893.91,604.6
9359,UB-004152,55,1,904.88,5.0,859.64,606.14
9360,UB-004153,139,1,724.99,10.0,652.49,504.16
9361,UB-004153,109,1,153.32,10.0,137.99,98.8
9362,UB-004154,74,1,1167.11,0.0,1167.11,882.89
9363,UB-004154,77,3,277.15,15.0,706.73,586.89
9364,UB-004154,63,1,251.63,0.0,251.63,167.23
9365,UB-004155,12,1,550.82,0.0,550.82,425.66
9366,UB-004155,34,2,168.29,0.0,336.58,276.06
9367,UB-004156,30,1,1335.71,0.0,1335.71,865.11
9368,UB-004156,63,1,254.01,5.0,241.31,167.23
9369,UB-004157,57,3,787.16,0.0,2361.48,1703.1
9370,UB-004158,12,2,549.47,10.0,989.05,851.32
9371,UB-004159,36,1,832.8,0.0,832.8,533.78
9372,UB-004160,110,2,924.36,0.0,1848.72,1358.68
9373,UB-004161,120,1,741.97,0.0,741.97,488.5
9374,UB-004161,95,2,489.5,5.0,930.05,739.6
9375,UB-004161,106,1,1047.06,0.0,1047.06,719.76
9376,UB-004162,142,1,481.42,10.0,433.28,406.29
9377,UB-004162,31,1,731.35,0.0,731.35,581.59
9378,UB-004163,78,4,820.37,0.0,3281.48,2179.0
9379,UB-004164,40,1,367.22,20.0,293.78,255.94
9380,UB-004164,26,1,222.98,0.0,222.98,138.49
9381,UB-004164,12,1,541.73,0.0,541.73,425.66
9382,UB-004165,41,1,914.92,20.0,731.94,743.96
9383,UB-004165,106,3,1049.28,0.0,3147.84,2159.28
9384,UB-004165,133,4,514.63,0.0,2058.52,1281.48
9385,UB-004166,83,4,868.63,0.0,3474.52,2828.0
9386,UB-004166,109,2,156.43,10.0,281.57,197.6
9387,UB-004166,54,1,1031.31,5.0,979.74,807.18
9388,UB-004167,86,1,484.21,15.0,411.58,409.68
9389,UB-004167,95,4,479.21,5.0,1821.0,1479.2
9390,UB-004167,46,1,219.14,15.0,186.27,167.81
9391,UB-004167,40,1,361.81,0.0,361.81,255.94
9392,UB-004168,121,2,907.56,10.0,1633.61,1367.38
9393,UB-004168,124,5,545.29,0.0,2726.45,2227.8
9394,UB-004169,47,3,108.72,0.0,326.16,262.44
9395,UB-004169,73,1,991.63,10.0,892.47,662.98
9396,UB-004170,21,1,780.74,5.0,741.7,582.06
9397,UB-004171,136,3,1393.3,10.0,3761.91,2600.94
9398,UB-004172,89,2,577.55,0.0,1155.1,838.3
9399,UB-004173,42,3,610.48,0.0,1831.44,1195.14
9400,UB-004174,89,1,575.72,0.0,575.72,419.15
9401,UB-004174,109,4,155.25,0.0,621.0,395.2
9402,UB-004174,75,1,901.97,0.0,901.97,587.78
9403,UB-004174,99,3,115.26,15.0,293.91,242.82
9404,UB-004175,144,1,429.56,5.0,408.08,300.62
9405,UB-004175,72,5,986.8,0.0,4934.0,3708.0
9406,UB-004176,90,1,671.92,10.0,604.73,507.26
9407,UB-004176,17,3,873.69,20.0,2096.86,1933.92
9408,UB-004177,115,2,1195.84,10.0,2152.51,1597.84
9409,UB-004177,65,3,706.1,0.0,2118.3,1576.8
9410,UB-004177,12,1,558.79,0.0,558.79,425.66
9411,UB-004177,76,4,828.41,0.0,3313.64,2467.56
9412,UB-004178,127,1,305.94,0.0,305.94,222.26
9413,UB-004178,67,2,156.77,0.0,313.54,192.4
9414,UB-004178,31,2,708.67,0.0,1417.34,1163.18
9415,UB-004178,137,2,1267.33,5.0,2407.93,1632.44
9416,UB-004179,95,1,479.1,0.0,479.1,369.8
9417,UB-004179,16,1,1071.83,0.0,1071.83,816.38
9418,UB-004179,70,3,1402.03,5.0,3995.79,2593.77
9419,UB-004180,93,1,92.69,0.0,92.69,72.83
9420,UB-004181,116,1,775.48,5.0,736.71,498.56
9421,UB-004181,105,3,1246.69,10.0,3366.06,2666.85
9422,UB-004182,70,1,1355.78,5.0,1287.99,864.59
9423,UB-004182,37,1,1056.13,0.0,1056.13,831.45
9424,UB-004182,55,2,881.41,0.0,1762.82,1212.28
9425,UB-004182,100,1,198.46,15.0,168.69,158.88
9426,UB-004183,28,1,890.94,0.0,890.94,673.25
9427,UB-004183,1,1,311.37,0.0,311.37,210.31
9428,UB-004184,95,4,488.51,0.0,1954.04,1479.2
9429,UB-004184,121,2,887.71,5.0,1686.65,1367.38
9430,UB-004184,10,2,95.61,0.0,191.22,141.58
9431,UB-004185,73,2,987.83,15.0,1679.31,1325.96
9432,UB-004185,110,1,902.99,5.0,857.84,679.34
9433,UB-004185,5,1,1340.97,0.0,1340.97,872.25
9434,UB-004186,67,3,156.09,20.0,374.62,288.6
9435,UB-004186,65,2,737.01,0.0,1474.02,1051.2
9436,UB-004186,72,3,946.74,20.0,2272.18,2224.8
9437,UB-004186,79,3,740.54,20.0,1777.3,1436.64
9438,UB-004187,25,1,658.62,0.0,658.62,496.28
9439,UB-004187,79,2,739.16,0.0,1478.32,957.76
9440,UB-004188,70,3,1372.88,10.0,3706.78,2593.77
9441,UB-004188,68,2,217.78,0.0,435.56,322.38
9442,UB-004188,36,1,841.78,0.0,841.78,533.78
9443,UB-004189,138,1,929.99,10.0,836.99,604.6
9444,UB-004189,89,2,582.2,0.0,1164.4,838.3
9445,UB-004189,39,2,887.24,15.0,1508.31,1228.14
9446,UB-004189,111,1,658.66,10.0,592.79,556.79
9447,UB-004190,141,1,277.99,0.0,277.99,185.67
9448,UB-004191,116,1,739.75,0.0,739.75,498.56
9449,UB-004192,16,1,1075.38,15.0,914.07,816.38
9450,UB-004192,88,1,715.05,0.0,715.05,553.89
9451,UB-004192,18,2,843.78,0.0,1687.56,1297.42
9452,UB-004193,134,4,917.19,0.0,3668.76,2532.8
9453,UB-004193,66,1,981.79,20.0,785.43,716.35
9454,UB-004194,95,1,484.13,5.0,459.92,369.8
9455,UB-004194,46,1,218.69,0.0,218.69,167.81
9456,UB-004194,11,2,462.06,0.0,924.12,733.5
9457,UB-004195,1,1,299.31,0.0,299.31,210.31
9458,UB-004195,105,1,1264.21,0.0,1264.21,888.95
9459,UB-004195,104,1,1224.62,0.0,1224.62,879.92
9460,UB-004196,100,1,206.71,20.0,165.37,158.88
9461,UB-004196,85,1,336.78,0.0,336.78,232.68
9462,UB-004197,112,2,465.94,0.0,931.88,676.08
9463,UB-004198,20,1,971.58,0.0,971.58,674.24
9464,UB-004198,17,3,852.22,0.0,2556.66,1933.92
9465,UB-004199,8,1,376.34,0.0,376.34,293.44
9466,UB-004200,97,2,1140.21,5.0,2166.4,1425.1
9467,UB-004200,123,1,479.81,0.0,479.81,328.9
9468,UB-004201,114,1,1011.01,0.0,1011.01,645.87
9469,UB-004202,4,1,789.95,15.0,671.46,608.34
9470,UB-004202,19,3,666.81,10.0,1800.39,1422.63
9471,UB-004203,142,3,496.57,0.0,1489.71,1218.87
9472,UB-004203,118,1,649.17,0.0,649.17,421.79
9473,UB-004204,143,1,781.01,10.0,702.91,614.71
9474,UB-004204,111,2,676.5,10.0,1217.7,1113.58
9475,UB-004204,64,1,315.6,5.0,299.82,214.27
9476,UB-004204,20,1,969.39,0.0,969.39,674.24
9477,UB-004205,119,1,570.44,0.0,570.44,477.5
9478,UB-004205,93,1,92.12,0.0,92.12,72.83
9479,UB-004206,3,2,1135.19,0.0,2270.38,1448.08
9480,UB-004206,15,2,1204.4,0.0,2408.8,1710.66
9481,UB-004207,82,1,1035.0,0.0,1035.0,685.33
9482,UB-004207,138,1,896.63,5.0,851.8,604.6
9483,UB-004208,111,1,651.39,10.0,586.25,556.79
9484,UB-004208,64,1,324.92,15.0,276.18,214.27
9485,UB-004209,86,1,488.61,0.0,488.61,409.68
9486,UB-004209,47,2,106.12,10.0,191.02,174.96
9487,UB-004210,41,1,941.25,5.0,894.19,743.96
9488,UB-004210,3,2,1138.43,15.0,1935.33,1448.08
9489,UB-004211,96,1,490.78,5.0,466.24,367.22
9490,UB-004211,26,3,213.07,0.0,639.21,415.47
9491,UB-004212,61,1,1083.43,0.0,1083.43,828.14
9492,UB-004212,52,4,634.88,0.0,2539.52,1829.28
9493,UB-004212,85,2,332.29,5.0,631.35,465.36
9494,UB-004213,108,1,1133.15,0.0,1133.15,795.55
9495,UB-004213,79,1,775.32,0.0,775.32,478.88
9496,UB-004214,39,1,877.32,0.0,877.32,614.07
9497,UB-004214,101,1,1090.65,0.0,1090.65,893.27
9498,UB-004214,143,1,800.45,0.0,800.45,614.71
9499,UB-004215,1,4,310.47,20.0,993.5,841.24
9500,UB-004216,98,1,596.15,10.0,536.53,467.33
9501,UB-004216,83,1,862.78,0.0,862.78,707.0
9502,UB-004216,48,1,367.45,5.0,349.08,254.63
9503,UB-004216,31,1,723.07,15.0,614.61,581.59
9504,UB-004216,99,3,113.52,15.0,289.48,242.82
9505,UB-004217,6,1,967.27,10.0,870.54,692.29
9506,UB-004217,45,3,807.6,10.0,2180.52,1832.61
9507,UB-004217,37,4,1018.82,10.0,3667.75,3325.8
9508,UB-004217,70,2,1394.4,0.0,2788.8,1729.18
9509,UB-004217,27,1,1047.3,5.0,994.93,891.38
9510,UB-004218,11,3,476.52,10.0,1286.6,1100.25
9511,UB-004219,27,2,1091.14,0.0,2182.28,1782.76
9512,UB-004220,58,3,561.93,5.0,1601.5,1069.68
9513,UB-004221,123,3,473.05,5.0,1348.19,986.7
9514,UB-004222,4,1,791.63,0.0,791.63,608.34
9515,UB-004222,122,2,655.37,10.0,1179.67,1016.04
9516,UB-004222,125,3,332.85,15.0,848.77,641.19
9517,UB-004223,123,1,478.83,10.0,430.95,328.9
9518,UB-004224,11,3,456.28,0.0,1368.84,1100.25
9519,UB-004224,55,1,903.39,20.0,722.71,606.14
9520,UB-004224,42,1,606.6,15.0,515.61,398.38
9521,UB-004225,131,2,889.97,10.0,1601.95,1376.06
9522,UB-004225,93,1,93.21,0.0,93.21,72.83
9523,UB-004225,110,2,946.11,0.0,1892.22,1358.68
9524,UB-004226,5,1,1407.97,10.0,1267.17,872.25
9525,UB-004226,134,4,925.51,0.0,3702.04,2532.8
9526,UB-004226,144,4,420.6,0.0,1682.4,1202.48
9527,UB-004227,143,1,802.58,0.0,802.58,614.71
9528,UB-004227,57,2,752.9,10.0,1355.22,1135.4
9529,UB-004228,42,1,588.26,0.0,588.26,398.38
9530,UB-004228,28,1,882.02,10.0,793.82,673.25
9531,UB-004229,101,1,1100.15,0.0,1100.15,893.27
9532,UB-004230,26,2,223.3,0.0,446.6,276.98
9533,UB-004231,19,2,675.8,0.0,1351.6,948.42
9534,UB-004231,97,1,1110.48,0.0,1110.48,712.55
9535,UB-004231,69,3,318.56,10.0,860.11,703.8
9536,UB-004232,87,1,376.24,15.0,319.8,296.68
9537,UB-004233,94,1,760.59,5.0,722.56,538.36
9538,UB-004233,67,1,158.92,20.0,127.14,96.2
9539,UB-004233,89,3,585.4,10.0,1580.58,1257.45
9540,UB-004233,56,1,516.77,15.0,439.25,348.78
9541,UB-004234,15,1,1251.24,0.0,1251.24,855.33
9542,UB-004234,66,3,961.5,10.0,2596.05,2149.05
9543,UB-004234,79,4,772.43,5.0,2935.23,1915.52
9544,UB-004234,35,1,770.29,5.0,731.78,567.63
9545,UB-004235,68,1,226.58,0.0,226.58,161.19
9546,UB-004236,118,1,637.62,0.0,637.62,421.79
9547,UB-004236,55,1,903.57,0.0,903.57,606.14
9548,UB-004236,112,3,470.91,20.0,1130.18,1014.12
9549,UB-004237,17,1,835.68,10.0,752.11,644.64
9550,UB-004238,24,1,95.23,10.0,85.71,61.51
9551,UB-004238,1,4,309.27,0.0,1237.08,841.24
9552,UB-004238,26,1,218.1,5.0,207.19,138.49
9553,UB-004239,101,1,1113.88,0.0,1113.88,893.27
9554,UB-004239,39,3,876.6,10.0,2366.82,1842.21
9555,UB-004239,105,1,1250.75,15.0,1063.14,888.95
9556,UB-004239,93,2,89.7,5.0,170.43,145.66
9557,UB-004239,31,3,735.2,0.0,2205.6,1744.77
9558,UB-004240,119,1,576.85,0.0,576.85,477.5
9559,UB-004241,141,2,279.78,15.0,475.63,371.34
9560,UB-004241,127,1,303.12,0.0,303.12,222.26
9561,UB-004241,21,2,778.98,5.0,1480.06,1164.12
9562,UB-004242,110,2,941.79,5.0,1789.4,1358.68
9563,UB-004242,134,2,971.25,0.0,1942.5,1266.4
9564,UB-004243,6,1,962.34,0.0,962.34,692.29
9565,UB-004244,104,1,1217.44,0.0,1217.44,879.92
9566,UB-004244,56,2,530.14,0.0,1060.28,697.56
9567,UB-004244,81,1,1023.21,0.0,1023.21,710.48
9568,UB-004244,2,4,491.57,15.0,1671.34,1484.88
9569,UB-004245,105,1,1221.9,0.0,1221.9,888.95
9570,UB-004246,39,2,870.76,10.0,1567.37,1228.14
9571,UB-004247,137,1,1266.4,0.0,1266.4,816.22
9572,UB-004247,38,2,1061.56,0.0,2123.12,1443.38
9573,UB-004247,92,2,806.25,0.0,1612.5,1049.02
9574,UB-004248,96,2,500.91,0.0,1001.82,734.44
9575,UB-004249,97,2,1124.01,0.0,2248.02,1425.1
9576,UB-004250,136,3,1369.98,0.0,4109.94,2600.94
9577,UB-004251,50,1,431.25,10.0,388.12,327.69
9578,UB-004251,13,1,363.15,0.0,363.15,235.91
9579,UB-004252,7,1,1019.14,10.0,917.23,753.75
9580,UB-004253,117,3,544.97,0.0,1634.91,1231.29
9581,UB-004254,26,1,219.72,0.0,219.72,138.49
9582,UB-004254,83,1,850.66,0.0,850.66,707.0
9583,UB-004255,16,1,1082.84,0.0,1082.84,816.38
9584,UB-004256,122,2,650.77,0.0,1301.54,1016.04
9585,UB-004257,70,1,1353.1,0.0,1353.1,864.59
9586,UB-004257,31,2,725.62,10.0,1306.12,1163.18
9587,UB-004258,16,1,1063.46,0.0,1063.46,816.38
9588,UB-004258,71,1,187.5,5.0,178.12,122.07
9589,UB-004258,65,1,721.68,0.0,721.68,525.6
9590,UB-004259,133,1,494.98,5.0,470.23,320.37
9591,UB-004259,72,1,972.17,0.0,972.17,741.6
9592,UB-004259,65,2,732.74,0.0,1465.48,1051.2
9593,UB-004259,5,1,1408.91,0.0,1408.91,872.25
9594,UB-004260,65,1,716.55,0.0,716.55,525.6
9595,UB-004260,124,1,533.4,5.0,506.73,445.56
9596,UB-004261,101,1,1135.76,15.0,965.4,893.27
9597,UB-004261,55,2,911.17,0.0,1822.34,1212.28
9598,UB-004261,131,2,908.45,0.0,1816.9,1376.06
9599,UB-004261,24,3,92.23,10.0,249.02,184.53
9600,UB-004262,26,1,221.97,10.0,199.77,138.49
9601,UB-004262,137,1,1309.99,0.0,1309.99,816.22
9602,UB-004262,92,3,839.58,5.0,2392.8,1573.53
9603,UB-004262,110,1,952.24,15.0,809.4,679.34
9604,UB-004262,38,1,1080.57,15.0,918.48,721.69
9605,UB-004263,104,4,1245.77,5.0,4733.93,3519.68
9606,UB-004264,70,2,1378.33,0.0,2756.66,1729.18
9607,UB-004265,100,1,199.89,0.0,199.89,158.88
9608,UB-004266,142,1,476.99,0.0,476.99,406.29
9609,UB-004266,68,1,226.66,0.0,226.66,161.19
9610,UB-004267,90,1,699.28,0.0,699.28,507.26
9611,UB-004267,19,1,676.02,0.0,676.02,474.21
9612,UB-004268,136,1,1358.38,20.0,1086.7,866.98
9613,UB-004268,118,5,642.71,5.0,3052.87,2108.95
9614,UB-004268,84,1,1269.14,5.0,1205.68,812.12
9615,UB-004269,50,1,432.15,0.0,432.15,327.69
9616,UB-004269,87,1,386.28,0.0,386.28,296.68
9617,UB-004270,91,1,466.17,0.0,466.17,321.07
9618,UB-004271,46,1,224.62,15.0,190.93,167.81
9619,UB-004271,82,1,1023.49,10.0,921.14,685.33
9620,UB-004272,46,1,214.02,10.0,192.62,167.81
9621,UB-004272,4,1,807.74,10.0,726.97,608.34
9622,UB-004273,80,3,394.3,0.0,1182.9,907.74
9623,UB-004273,77,2,280.29,0.0,560.58,391.26
9624,UB-004274,136,1,1395.04,0.0,1395.04,866.98
9625,UB-004274,7,3,1028.46,0.0,3085.38,2261.25
9626,UB-004275,143,2,814.77,15.0,1385.11,1229.42
9627,UB-004275,109,1,158.4,0.0,158.4,98.8
9628,UB-004275,141,1,285.72,5.0,271.43,185.67
9629,UB-004276,103,3,901.41,0.0,2704.23,2044.56
9630,UB-004277,116,1,754.94,0.0,754.94,498.56
9631,UB-004277,5,2,1390.9,0.0,2781.8,1744.5
9632,UB-004278,74,1,1178.36,0.0,1178.36,882.89
9633,UB-004278,72,2,1000.73,20.0,1601.17,1483.2
9634,UB-004279,7,1,1017.54,0.0,1017.54,753.75
9635,UB-004279,124,3,538.77,0.0,1616.31,1336.68
9636,UB-004279,46,1,213.05,0.0,213.05,167.81
9637,UB-004280,42,2,591.65,10.0,1064.97,796.76
9638,UB-004280,53,1,1277.88,10.0,1150.09,865.12
9639,UB-004281,88,1,695.31,10.0,625.78,553.89
9640,UB-004281,137,2,1287.09,0.0,2574.18,1632.44
9641,UB-004281,70,1,1346.15,0.0,1346.15,864.59
9642,UB-004281,110,2,929.52,10.0,1673.14,1358.68
9643,UB-004281,16,1,1087.11,0.0,1087.11,816.38
9644,UB-004282,120,1,741.03,10.0,666.93,488.5
9645,UB-004282,23,1,915.87,5.0,870.08,627.54
9646,UB-004283,12,3,563.35,5.0,1605.55,1276.98
9647,UB-004284,75,1,860.83,5.0,817.79,587.78
9648,UB-004285,144,3,412.98,10.0,1115.05,901.86
9649,UB-004285,11,1,455.4,0.0,455.4,366.75
9650,UB-004286,51,2,229.33,5.0,435.73,317.98
9651,UB-004286,69,2,304.83,10.0,548.69,469.2
9652,UB-004286,89,4,586.4,0.0,2345.6,1676.6
9653,UB-004287,20,1,983.92,15.0,836.33,674.24
9654,UB-004288,23,1,902.0,0.0,902.0,627.54
9655,UB-004289,135,1,599.41,10.0,539.47,397.42
9656,UB-004290,66,2,969.85,0.0,1939.7,1432.7
9657,UB-004291,101,1,1100.24,0.0,1100.24,893.27
9658,UB-004291,97,1,1137.44,0.0,1137.44,712.55
9659,UB-004291,29,1,715.57,0.0,715.57,536.32
9660,UB-004292,46,2,212.89,15.0,361.91,335.62
9661,UB-004292,55,2,926.81,0.0,1853.62,1212.28
9662,UB-004292,10,4,98.25,20.0,314.4,283.16
9663,UB-004292,111,1,644.96,5.0,612.71,556.79
9664,UB-004293,87,1,375.57,0.0,375.57,296.68
9665,UB-004293,103,4,918.18,0.0,3672.72,2726.08
9666,UB-004293,67,2,158.12,20.0,252.99,192.4
9667,UB-004294,102,1,1216.59,0.0,1216.59,829.38
9668,UB-004294,120,1,714.62,0.0,714.62,488.5
9669,UB-004294,79,3,759.31,5.0,2164.03,1436.64
9670,UB-004294,91,1,466.16,5.0,442.85,321.07
9671,UB-004294,113,3,862.76,0.0,2588.28,2085.0
9672,UB-004295,52,3,661.97,5.0,1886.61,1371.96
9673,UB-004296,73,1,1007.41,0.0,1007.41,662.98
9674,UB-004296,120,2,734.76,0.0,1469.52,977.0
9675,UB-004296,126,1,1234.94,5.0,1173.19,803.5
9676,UB-004297,58,2,559.55,0.0,1119.1,713.12
9677,UB-004297,74,1,1168.31,0.0,1168.31,882.89
9678,UB-004297,104,2,1267.42,5.0,2408.1,1759.84
9679,UB-004297,23,1,896.98,0.0,896.98,627.54
9680,UB-004297,87,3,391.4,0.0,1174.2,890.04
9681,UB-004298,58,1,560.17,0.0,560.17,356.56
9682,UB-004298,142,1,471.2,0.0,471.2,406.29
9683,UB-004298,43,1,165.82,5.0,157.53,116.88
9684,UB-004299,115,1,1206.08,15.0,1025.17,798.92
9685,UB-004300,116,2,753.61,15.0,1281.14,997.12
9686,UB-004301,92,1,843.9,5.0,801.7,524.51
9687,UB-004301,120,4,709.27,5.0,2695.23,1954.0
9688,UB-004301,44,3,781.3,0.0,2343.9,1763.43
9689,UB-004301,50,1,426.35,0.0,426.35,327.69
9690,UB-004301,5,1,1359.76,15.0,1155.8,872.25
9691,UB-004302,103,1,926.48,0.0,926.48,681.52
9692,UB-004303,22,1,673.76,0.0,673.76,475.66
9693,UB-004304,99,1,110.36,0.0,110.36,80.94
9694,UB-004305,140,3,301.93,0.0,905.79,585.18
9695,UB-004306,37,1,1050.36,0.0,1050.36,831.45
9696,UB-004306,104,1,1259.56,0.0,1259.56,879.92
9697,UB-004307,18,2,840.19,0.0,1680.38,1297.42
9698,UB-004307,7,1,1045.85,0.0,1045.85,753.75
9699,UB-004308,137,1,1263.44,0.0,1263.44,816.22
9700,UB-004309,105,1,1268.7,0.0,1268.7,888.95
9701,UB-004309,53,1,1259.68,10.0,1133.71,865.12
9702,UB-004310,90,2,686.16,0.0,1372.32,1014.52
9703,UB-004311,99,4,111.46,15.0,378.96,323.76
9704,UB-004311,8,1,386.47,0.0,386.47,293.44
9705,UB-004312,100,2,206.39,0.0,412.78,317.76
9706,UB-004312,131,2,906.32,0.0,1812.64,1376.06
9707,UB-004312,13,1,372.9,0.0,372.9,235.91
9708,UB-004313,22,2,662.99,0.0,1325.98,951.32
9709,UB-004313,6,1,988.27,10.0,889.44,692.29
9710,UB-004314,69,1,317.94,10.0,286.15,234.6
9711,UB-004315,43,1,168.03,0.0,168.03,116.88
9712,UB-004315,75,1,895.45,0.0,895.45,587.78
9713,UB-004315,130,1,911.49,5.0,865.92,653.53
9714,UB-004316,20,4,946.67,15.0,3218.68,2696.96
9715,UB-004316,8,1,370.94,10.0,333.85,293.44
9716,UB-004316,87,3,380.67,15.0,970.71,890.04
9717,UB-004316,18,1,819.88,5.0,778.89,648.71
9718,UB-004317,57,4,782.37,0.0,3129.48,2270.8
9719,UB-004317,43,1,168.39,5.0,159.97,116.88
9720,UB-004317,31,1,733.53,15.0,623.5,581.59
9721,UB-004318,77,1,272.56,0.0,272.56,195.63
9722,UB-004319,118,2,617.62,0.0,1235.24,843.58
9723,UB-004319,38,2,1028.91,5.0,1954.93,1443.38
9724,UB-004319,74,4,1141.73,0.0,4566.92,3531.56
9725,UB-004320,23,1,879.29,5.0,835.33,627.54
9726,UB-004320,132,3,1227.7,0.0,3683.1,2430.24
9727,UB-004321,45,1,821.61,20.0,657.29,610.87
9728,UB-004322,35,2,807.87,10.0,1454.17,1135.26
9729,UB-004322,93,1,93.18,0.0,93.18,72.83
9730,UB-004323,119,2,602.42,15.0,1024.11,955.0
9731,UB-004323,143,2,819.1,0.0,1638.2,1229.42
9732,UB-004323,132,1,1278.47,0.0,1278.47,810.08
9733,UB-004323,46,2,219.52,0.0,439.04,335.62
9734,UB-004324,79,1,758.07,5.0,720.17,478.88
9735,UB-004324,45,1,805.63,0.0,805.63,610.87
9736,UB-004325,76,1,834.76,0.0,834.76,616.89
9737,UB-004325,73,1,991.72,0.0,991.72,662.98
9738,UB-004325,46,2,219.12,5.0,416.33,335.62
9739,UB-004326,91,1,451.05,0.0,451.05,321.07
9740,UB-004326,43,1,169.19,10.0,152.27,116.88
9741,UB-004326,13,1,377.56,5.0,358.68,235.91
9742,UB-004327,39,2,875.16,10.0,1575.29,1228.14
9743,UB-004328,38,1,1070.34,0.0,1070.34,721.69
9744,UB-004328,67,1,155.41,15.0,132.1,96.2
9745,UB-004329,18,1,854.74,0.0,854.74,648.71
9746,UB-004329,35,2,801.11,10.0,1442.0,1135.26
9747,UB-004329,96,4,493.72,10.0,1777.39,1468.88
9748,UB-004330,82,2,1051.69,10.0,1893.04,1370.66
9749,UB-004331,78,4,812.06,0.0,3248.24,2179.0
9750,UB-004332,81,2,1024.36,0.0,2048.72,1420.96
9751,UB-004332,135,2,619.75,0.0,1239.5,794.84
9752,UB-004333,105,2,1215.72,0.0,2431.44,1777.9
9753,UB-004333,54,1,1049.9,10.0,944.91,807.18
9754,UB-004334,14,2,763.82,10.0,1374.88,1139.28
9755,UB-004334,18,1,850.51,0.0,850.51,648.71
9756,UB-004335,42,1,619.49,0.0,619.49,398.38
9757,UB-004335,86,1,483.05,0.0,483.05,409.68
9758,UB-004336,6,4,972.14,10.0,3499.7,2769.16
9759,UB-004337,126,2,1239.78,10.0,2231.6,1607.0
9760,UB-004337,96,1,500.15,20.0,400.12,367.22
9761,UB-004338,44,2,753.66,0.0,1507.32,1175.62
9762,UB-004339,140,1,296.85,10.0,267.17,195.06
9763,UB-004339,66,1,962.08,5.0,913.98,716.35
9764,UB-004340,36,1,820.1,0.0,820.1,533.78
9765,UB-004340,18,2,835.92,10.0,1504.66,1297.42
9766,UB-004340,47,2,106.62,5.0,202.58,174.96
9767,UB-004341,69,1,309.48,0.0,309.48,234.6
9768,UB-004341,7,2,1058.31,5.0,2010.79,1507.5
9769,UB-004342,111,1,658.43,10.0,592.59,556.79
9770,UB-004342,65,1,723.93,20.0,579.14,525.6
9771,UB-004343,85,1,331.85,0.0,331.85,232.68
9772,UB-004343,98,4,577.84,0.0,2311.36,1869.32
9773,UB-004343,20,1,968.62,15.0,823.33,674.24
9774,UB-004344,28,2,867.65,0.0,1735.3,1346.5
9775,UB-004344,1,2,301.49,15.0,512.53,420.62
9776,UB-004344,60,1,184.96,15.0,157.22,144.82
9777,UB-004345,59,1,291.66,10.0,262.49,241.88
9778,UB-004345,95,1,485.79,0.0,485.79,369.8
9779,UB-004346,100,1,201.21,5.0,191.15,158.88
9780,UB-004346,16,1,1075.69,0.0,1075.69,816.38
9781,UB-004346,31,1,711.46,5.0,675.89,581.59
9782,UB-004346,8,1,371.15,0.0,371.15,293.44
9783,UB-004346,11,1,464.14,5.0,440.93,366.75
9784,UB-004347,15,1,1195.39,5.0,1135.62,855.33
9785,UB-004348,118,4,639.84,5.0,2431.39,1687.16
9786,UB-004349,94,1,734.2,0.0,734.2,538.36
9787,UB-004350,33,1,449.0,0.0,449.0,296.56
9788,UB-004350,49,3,989.1,20.0,2373.84,1842.12
9789,UB-004350,142,1,497.29,10.0,447.56,406.29
9790,UB-004351,104,1,1282.46,0.0,1282.46,879.92
9791,UB-004351,53,2,1308.21,0.0,2616.42,1730.24
9792,UB-004351,94,2,740.22,10.0,1332.4,1076.72
9793,UB-004352,65,5,718.06,5.0,3410.78,2628.0
9794,UB-004352,123,1,458.42,10.0,412.58,328.9
9795,UB-004353,76,2,815.43,10.0,1467.77,1233.78
9796,UB-004353,19,2,672.6,15.0,1143.42,948.42
9797,UB-004353,92,2,830.29,10.0,1494.52,1049.02
9798,UB-004353,96,1,507.29,10.0,456.56,367.22
9799,UB-004354,7,3,1055.59,20.0,2533.42,2261.25
9800,UB-004354,118,3,631.81,5.0,1800.66,1265.37
9801,UB-004355,26,1,214.19,0.0,214.19,138.49
9802,UB-004355,56,1,528.17,10.0,475.35,348.78
9803,UB-004356,67,1,151.92,0.0,151.92,96.2
9804,UB-004357,56,1,528.71,0.0,528.71,348.78
9805,UB-004358,9,1,702.35,5.0,667.23,501.69
9806,UB-004358,64,1,329.34,0.0,329.34,214.27
9807,UB-004359,94,2,751.88,0.0,1503.76,1076.72
9808,UB-004360,79,2,770.3,5.0,1463.57,957.76
9809,UB-004360,49,1,934.46,0.0,934.46,614.04
9810,UB-004361,92,2,821.24,5.0,1560.36,1049.02
9811,UB-004361,99,2,111.02,0.0,222.04,161.88
9812,UB-004362,106,5,1035.79,0.0,5178.95,3598.8
9813,UB-004363,106,2,1054.01,0.0,2108.02,1439.52
9814,UB-004363,41,3,904.44,0.0,2713.32,2231.88
9815,UB-004363,45,1,795.03,20.0,636.02,610.87
9816,UB-004363,28,1,877.89,5.0,834.0,673.25
9817,UB-004364,54,1,1002.04,0.0,1002.04,807.18
9818,UB-004364,66,1,960.68,5.0,912.65,716.35
9819,UB-004364,5,1,1346.11,15.0,1144.19,872.25
9820,UB-004364,4,2,797.03,0.0,1594.06,1216.68
9821,UB-004365,91,2,449.24,0.0,898.48,642.14
9822,UB-004365,26,4,213.72,15.0,726.65,553.96
9823,UB-004365,128,2,173.72,10.0,312.7,283.82
9824,UB-004366,17,3,863.18,0.0,2589.54,1933.92
9825,UB-004367,67,1,157.3,0.0,157.3,96.2
9826,UB-004368,107,3,319.69,10.0,863.16,685.35
9827,UB-004368,37,2,1026.51,5.0,1950.37,1662.9
9828,UB-004369,87,1,384.25,0.0,384.25,296.68
9829,UB-004369,137,1,1308.52,0.0,1308.52,816.22
9830,UB-004369,25,1,647.01,5.0,614.66,496.28
9831,UB-004369,75,1,900.08,15.0,765.07,587.78
9832,UB-004370,67,1,152.33,5.0,144.71,96.2
9833,UB-004370,103,1,885.18,10.0,796.66,681.52
9834,UB-004370,56,1,521.75,10.0,469.57,348.78
9835,UB-004371,122,1,632.31,0.0,632.31,508.02
9836,UB-004371,13,1,366.89,0.0,366.89,235.91
9837,UB-004372,61,2,1093.75,5.0,2078.12,1656.28
9838,UB-004373,129,1,1193.39,5.0,1133.72,766.85
9839,UB-004373,126,1,1221.69,0.0,1221.69,803.5
9840,UB-004373,97,1,1159.84,0.0,1159.84,712.55
9841,UB-004374,25,1,649.66,10.0,584.69,496.28
9842,UB-004375,96,3,506.53,0.0,1519.59,1101.66
9843,UB-004375,132,2,1241.68,0.0,2483.36,1620.16
9844,UB-004376,137,4,1316.12,20.0,4211.58,3264.88
9845,UB-004376,103,1,892.65,10.0,803.38,681.52
9846,UB-004376,117,2,542.4,0.0,1084.8,820.86
9847,UB-004377,59,1,293.43,10.0,264.09,241.88
9848,UB-004378,33,4,428.95,5.0,1630.01,1186.24
9849,UB-004379,43,1,164.49,5.0,156.27,116.88
9850,UB-004380,97,1,1117.9,10.0,1006.11,712.55
9851,UB-004380,13,1,361.79,0.0,361.79,235.91
9852,UB-004381,14,1,775.34,5.0,736.57,569.64
9853,UB-004382,73,1,994.11,5.0,944.4,662.98
9854,UB-004382,109,3,160.76,0.0,482.28,296.4
9855,UB-004382,87,2,395.22,0.0,790.44,593.36
9856,UB-004382,82,1,1058.49,5.0,1005.57,685.33
9857,UB-004382,11,2,475.41,15.0,808.2,733.5
9858,UB-004383,15,1,1190.9,0.0,1190.9,855.33
9859,UB-004383,68,1,220.24,0.0,220.24,161.19
9860,UB-004384,69,2,313.05,20.0,500.88,469.2
9861,UB-004384,129,1,1190.94,0.0,1190.94,766.85
9862,UB-004384,135,1,610.4,10.0,549.36,397.42
9863,UB-004385,114,1,1013.16,0.0,1013.16,645.87
9864,UB-004386,5,1,1361.81,5.0,1293.72,872.25
9865,UB-004386,41,2,922.64,0.0,1845.28,1487.92
9866,UB-004387,94,1,761.23,0.0,761.23,538.36
9867,UB-004387,81,1,1024.22,0.0,1024.22,710.48
9868,UB-004387,47,1,107.3,0.0,107.3,87.48
9869,UB-004388,143,1,800.89,15.0,680.76,614.71
9870,UB-004389,75,1,910.0,0.0,910.0,587.78
9871,UB-004390,27,3,1090.07,5.0,3106.7,2674.14
9872,UB-004390,2,2,508.9,0.0,1017.8,742.44
9873,UB-004390,74,1,1162.49,0.0,1162.49,882.89
9874,UB-004391,121,2,921.37,0.0,1842.74,1367.38
9875,UB-004391,102,1,1218.55,0.0,1218.55,829.38
9876,UB-004391,22,5,679.43,0.0,3397.15,2378.3
9877,UB-004392,127,3,294.1,10.0,794.07,666.78
9878,UB-004392,67,1,154.26,0.0,154.26,96.2
9879,UB-004393,26,2,215.62,0.0,431.24,276.98
9880,UB-004393,15,1,1202.34,5.0,1142.22,855.33
9881,UB-004394,76,1,804.34,0.0,804.34,616.89
9882,UB-004395,80,1,398.15,15.0,338.43,302.58
9883,UB-004396,40,2,374.35,10.0,673.83,511.88
9884,UB-004397,114,1,1011.6,5.0,961.02,645.87
9885,UB-004397,86,2,498.67,10.0,897.61,819.36
9886,UB-004398,109,1,158.75,20.0,127.0,98.8
9887,UB-004398,83,4,861.27,15.0,2928.32,2828.0
9888,UB-004398,93,2,91.81,0.0,183.62,145.66
9889,UB-004398,80,4,394.76,0.0,1579.04,1210.32
9890,UB-004399,57,2,750.88,15.0,1276.5,1135.4
9891,UB-004399,64,2,328.67,10.0,591.61,428.54
9892,UB-004399,73,4,968.72,0.0,3874.88,2651.92
9893,UB-004400,50,2,439.88,0.0,879.76,655.38
9894,UB-004400,136,1,1341.2,10.0,1207.08,866.98
9895,UB-004400,89,1,580.99,0.0,580.99,419.15
9896,UB-004400,115,1,1187.06,0.0,1187.06,798.92
9897,UB-004401,6,3,984.33,0.0,2952.99,2076.87
9898,UB-004401,66,1,973.45,5.0,924.78,716.35
9899,UB-004401,23,3,907.36,0.0,2722.08,1882.62
9900,UB-004402,37,2,1027.68,20.0,1644.29,1662.9
9901,UB-004402,61,4,1069.11,5.0,4062.62,3312.56
9902,UB-004403,90,4,710.69,0.0,2842.76,2029.04
9903,UB-004403,71,1,194.97,0.0,194.97,122.07
9904,UB-004404,140,2,297.75,0.0,595.5,390.12
9905,UB-004404,44,1,798.61,5.0,758.68,587.81
9906,UB-004404,89,2,577.01,20.0,923.22,838.3
9907,UB-004405,123,3,459.35,10.0,1240.25,986.7
9908,UB-004405,2,1,498.58,5.0,473.65,371.22
9909,UB-004405,70,2,1355.38,0.0,2710.76,1729.18
9910,UB-004406,59,1,297.24,0.0,297.24,241.88
9911,UB-004407,94,3,749.12,0.0,2247.36,1615.08
9912,UB-004407,136,1,1340.04,0.0,1340.04,866.98
9913,UB-004407,120,1,722.5,15.0,614.12,488.5
9914,UB-004407,112,1,455.53,10.0,409.98,338.04
9915,UB-004408,144,2,414.17,10.0,745.51,601.24
9916,UB-004409,142,3,486.32,5.0,1386.01,1218.87
9917,UB-004410,128,3,169.49,15.0,432.2,425.73
9918,UB-004411,62,1,375.91,15.0,319.52,260.55
9919,UB-004411,6,1,948.3,0.0,948.3,692.29
9920,UB-004411,128,1,169.42,15.0,144.01,141.91
9921,UB-004411,52,1,655.18,20.0,524.14,457.32
9922,UB-004412,108,1,1132.46,0.0,1132.46,795.55
9923,UB-004412,71,1,191.67,5.0,182.09,122.07
9924,UB-004413,138,2,884.12,0.0,1768.24,1209.2
9925,UB-004413,62,1,388.7,10.0,349.83,260.55
9926,UB-004413,88,4,694.98,5.0,2640.92,2215.56
9927,UB-004413,56,1,530.25,0.0,530.25,348.78
9928,UB-004413,48,1,359.53,5.0,341.55,254.63
9929,UB-004414,124,2,542.08,0.0,1084.16,891.12
9930,UB-004414,83,2,853.82,0.0,1707.64,1414.0
9931,UB-004414,87,1,379.45,0.0,379.45,296.68
9932,UB-004415,119,1,600.4,0.0,600.4,477.5
9933,UB-004416,128,2,172.91,0.0,345.82,283.82
9934,UB-004416,38,3,1052.2,0.0,3156.6,2165.07
9935,UB-004416,77,2,272.2,0.0,544.4,391.26
9936,UB-004417,46,1,212.56,0.0,212.56,167.81
9937,UB-004418,26,1,213.46,15.0,181.44,138.49
9938,UB-004418,109,1,160.85,10.0,144.76,98.8
9939,UB-004418,112,1,460.23,10.0,414.21,338.04
9940,UB-004419,71,1,192.17,5.0,182.56,122.07
9941,UB-004419,98,1,583.52,10.0,525.17,467.33
9942,UB-004420,32,1,104.27,5.0,99.06,79.85
9943,UB-004420,36,1,816.3,0.0,816.3,533.78
9944,UB-004421,110,3,941.22,5.0,2682.48,2038.02
9945,UB-004422,5,1,1400.11,10.0,1260.1,872.25
9946,UB-004423,27,2,1068.85,0.0,2137.7,1782.76
9947,UB-004423,120,2,726.27,0.0,1452.54,977.0
9948,UB-004424,6,4,964.13,0.0,3856.52,2769.16
9949,UB-004424,66,1,951.95,15.0,809.16,716.35
9950,UB-004424,68,2,225.76,0.0,451.52,322.38
9951,UB-004424,54,3,1045.86,0.0,3137.58,2421.54
9952,UB-004425,54,1,1015.42,0.0,1015.42,807.18
9953,UB-004425,12,1,549.49,0.0,549.49,425.66
9954,UB-004426,115,1,1228.14,15.0,1043.92,798.92
9955,UB-004427,142,2,472.45,0.0,944.9,812.58
9956,UB-004427,84,1,1254.88,15.0,1066.65,812.12
9957,UB-004427,1,2,303.54,10.0,546.37,420.62
9958,UB-004428,22,1,653.09,10.0,587.78,475.66
9959,UB-004428,4,4,788.31,0.0,3153.24,2433.36
9960,UB-004428,48,2,351.1,5.0,667.09,509.26
9961,UB-004429,59,3,302.76,0.0,908.28,725.64
9962,UB-004430,70,3,1367.11,0.0,4101.33,2593.77
9963,UB-004431,77,1,276.12,0.0,276.12,195.63
9964,UB-004432,89,2,584.31,0.0,1168.62,838.3
9965,UB-004432,30,1,1337.57,0.0,1337.57,865.11
9966,UB-004433,57,1,778.19,0.0,778.19,567.7
9967,UB-004433,18,2,844.55,10.0,1520.19,1297.42
9968,UB-004434,11,1,470.41,0.0,470.41,366.75
9969,UB-004434,42,2,597.42,0.0,1194.84,796.76
9970,UB-004434,102,4,1186.33,0.0,4745.32,3317.52
9971,UB-004434,119,2,586.94,10.0,1056.49,955.0
9972,UB-004435,116,1,740.77,15.0,629.65,498.56
9973,UB-004436,64,1,330.97,0.0,330.97,214.27
9974,UB-004436,46,2,212.95,0.0,425.9,335.62
9975,UB-004436,69,1,315.04,0.0,315.04,234.6
9976,UB-004437,71,2,187.67,15.0,319.04,244.14
9977,UB-004437,133,1,496.05,0.0,496.05,320.37
9978,UB-004438,118,1,649.17,0.0,649.17,421.79
9979,UB-004438,93,2,90.7,0.0,181.4,145.66
9980,UB-004439,131,2,880.45,20.0,1408.72,1376.06
9981,UB-004440,58,1,555.16,5.0,527.4,356.56
9982,UB-004440,19,3,667.83,0.0,2003.49,1422.63
9983,UB-004441,133,1,500.94,0.0,500.94,320.37
9984,UB-004441,73,1,978.29,5.0,929.38,662.98
9985,UB-004441,45,3,793.96,0.0,2381.88,1832.61
9986,UB-004441,110,2,952.11,15.0,1618.59,1358.68
9987,UB-004442,122,4,643.17,0.0,2572.68,2032.08
9988,UB-004442,97,1,1136.06,10.0,1022.45,712.55
9989,UB-004442,23,2,893.36,0.0,1786.72,1255.08
9990,UB-004443,82,3,1042.33,5.0,2970.64,2055.99
9991,UB-004443,36,2,817.21,20.0,1307.54,1067.56
9992,UB-004444,107,1,312.65,0.0,312.65,228.45
9993,UB-004444,106,2,1038.9,0.0,2077.8,1439.52
9994,UB-004444,10,1,98.91,15.0,84.07,70.79
9995,UB-004445,70,1,1371.07,0.0,1371.07,864.59
9996,UB-004445,63,5,251.45,0.0,1257.25,836.15
9997,UB-004446,25,2,657.93,0.0,1315.86,992.56
9998,UB-004447,20,3,965.57,15.0,2462.2,2022.72
9999,UB-004447,136,1,1387.53,5.0,1318.15,866.98
10000,UB-004447,48,1,349.55,20.0,279.64,254.63
10001,UB-004447,137,1,1251.37,0.0,1251.37,816.22
10002,UB-004448,30,3,1324.42,20.0,3178.61,2595.33
10003,UB-004449,106,1,1023.14,0.0,1023.14,719.76
10004,UB-004449,22,4,659.91,10.0,2375.68,1902.64
10005,UB-004450,52,2,648.47,0.0,1296.94,914.64
10006,UB-004450,103,2,913.36,5.0,1735.38,1363.04
10007,UB-004451,8,1,377.85,0.0,377.85,293.44
10008,UB-004451,102,1,1176.61,0.0,1176.61,829.38
10009,UB-004451,124,1,525.86,0.0,525.86,445.56
10010,UB-004452,8,1,365.73,0.0,365.73,293.44
10011,UB-004452,45,4,797.84,0.0,3191.36,2443.48
10012,UB-004453,90,1,699.21,10.0,629.29,507.26
10013,UB-004453,124,1,543.84,0.0,543.84,445.56
10014,UB-004454,110,5,905.6,5.0,4301.6,3396.7
10015,UB-004454,109,1,162.03,0.0,162.03,98.8
10016,UB-004454,77,1,281.09,0.0,281.09,195.63
10017,UB-004454,144,3,432.53,10.0,1167.83,901.86
10018,UB-004454,128,2,170.29,0.0,340.58,283.82
10019,UB-004455,1,1,302.97,0.0,302.97,210.31
10020,UB-004455,5,2,1367.51,0.0,2735.02,1744.5
10021,UB-004455,102,1,1183.88,0.0,1183.88,829.38
10022,UB-004456,23,1,891.35,0.0,891.35,627.54
10023,UB-004456,95,2,478.7,10.0,861.66,739.6
10024,UB-004456,123,2,462.55,20.0,740.08,657.8
10025,UB-004456,46,1,219.07,15.0,186.21,167.81
10026,UB-004457,3,2,1144.64,5.0,2174.82,1448.08
10027,UB-004458,137,2,1272.99,0.0,2545.98,1632.44
10028,UB-004458,79,1,760.0,5.0,722.0,478.88
10029,UB-004458,88,2,685.87,5.0,1303.15,1107.78
10030,UB-004458,59,2,305.04,10.0,549.07,483.76
10031,UB-004458,81,1,1071.01,10.0,963.91,710.48
10032,UB-004459,15,1,1243.46,10.0,1119.11,855.33
10033,UB-004459,96,3,500.12,5.0,1425.34,1101.66
10034,UB-004460,124,2,521.89,5.0,991.59,891.12
10035,UB-004460,130,4,936.09,20.0,2995.49,2614.12
10036,UB-004460,27,2,1048.94,20.0,1678.3,1782.76
10037,UB-004460,37,1,1048.28,0.0,1048.28,831.45
10038,UB-004461,128,1,168.36,0.0,168.36,141.91
10039,UB-004461,90,1,682.36,0.0,682.36,507.26
10040,UB-004461,99,1,114.42,0.0,114.42,80.94
10041,UB-004462,91,1,471.95,0.0,471.95,321.07
10042,UB-004462,23,4,926.51,10.0,3335.44,2510.16
10043,UB-004463,132,3,1252.96,0.0,3758.88,2430.24
10044,UB-004463,74,1,1142.14,10.0,1027.93,882.89
10045,UB-004463,67,2,156.08,0.0,312.16,192.4
10046,UB-004464,133,2,501.34,0.0,1002.68,640.74
10047,UB-004465,13,5,359.8,0.0,1799.0,1179.55
10048,UB-004466,28,2,909.6,10.0,1637.28,1346.5
10049,UB-004466,63,3,259.55,0.0,778.65,501.69
10050,UB-004467,94,1,750.79,0.0,750.79,538.36
10051,UB-004467,144,2,410.78,0.0,821.56,601.24
10052,UB-004467,13,1,373.93,0.0,373.93,235.91
10053,UB-004468,133,1,505.81,0.0,505.81,320.37
10054,UB-004469,25,2,641.22,0.0,1282.44,992.56
10055,UB-004469,110,1,937.62,0.0,937.62,679.34
10056,UB-004469,85,2,329.52,10.0,593.14,465.36
10057,UB-004470,24,1,91.76,5.0,87.17,61.51
10058,UB-004471,116,1,748.2,0.0,748.2,498.56
10059,UB-004471,41,3,948.1,10.0,2559.87,2231.88
10060,UB-004472,32,1,106.62,0.0,106.62,79.85
10061,UB-004472,125,3,330.71,0.0,992.13,641.19
10062,UB-004473,35,2,775.83,15.0,1318.91,1135.26
10063,UB-004473,136,1,1421.08,5.0,1350.03,866.98
10064,UB-004474,100,1,201.34,10.0,181.21,158.88
10065,UB-004475,22,1,666.85,0.0,666.85,475.66
10066,UB-004476,96,1,508.19,10.0,457.37,367.22
10067,UB-004477,127,1,306.53,0.0,306.53,222.26
10068,UB-004477,103,2,912.78,5.0,1734.28,1363.04
10069,UB-004477,25,1,639.86,0.0,639.86,496.28
10070,UB-004477,14,1,746.75,15.0,634.74,569.64
10071,UB-004477,62,1,384.29,0.0,384.29,260.55
10072,UB-004478,126,1,1283.92,0.0,1283.92,803.5
10073,UB-004479,49,1,948.91,0.0,948.91,614.04
10074,UB-004480,80,3,395.18,5.0,1126.26,907.74
10075,UB-004481,49,1,986.99,10.0,888.29,614.04
10076,UB-004481,28,2,873.32,5.0,1659.31,1346.5
10077,UB-004482,136,1,1413.14,0.0,1413.14,866.98
10078,UB-004482,88,3,705.78,10.0,1905.61,1661.67
10079,UB-004482,54,2,1010.64,10.0,1819.15,1614.36
10080,UB-004482,38,2,1079.64,0.0,2159.28,1443.38
10081,UB-004482,8,2,384.14,10.0,691.45,586.88
10082,UB-004483,72,4,979.76,15.0,3331.18,2966.4
10083,UB-004483,116,2,739.83,0.0,1479.66,997.12
10084,UB-004484,24,2,95.42,0.0,190.84,123.02
10085,UB-004485,34,1,159.96,10.0,143.96,138.03
10086,UB-004485,133,1,487.68,0.0,487.68,320.37
10087,UB-004486,121,3,910.53,10.0,2458.43,2051.07
10088,UB-004486,126,2,1254.51,5.0,2383.57,1607.0
10089,UB-004486,89,1,573.93,5.0,545.23,419.15
10090,UB-004486,19,1,689.42,0.0,689.42,474.21
10091,UB-004487,9,2,700.21,5.0,1330.4,1003.38
10092,UB-004488,89,1,602.54,15.0,512.16,419.15
10093,UB-004488,12,1,568.46,0.0,568.46,425.66
10094,UB-004489,61,2,1120.94,0.0,2241.88,1656.28
10095,UB-004489,21,1,778.96,0.0,778.96,582.06
10096,UB-004490,104,1,1291.37,10.0,1162.23,879.92
10097,UB-004491,144,1,417.25,5.0,396.39,300.62
10098,UB-004492,26,1,219.86,0.0,219.86,138.49
10099,UB-004492,129,2,1203.08,0.0,2406.16,1533.7
10100,UB-004492,106,2,1031.91,0.0,2063.82,1439.52
10101,UB-004492,125,4,323.15,0.0,1292.6,854.92
10102,UB-004493,49,1,982.39,15.0,835.03,614.04
10103,UB-004494,19,3,677.75,0.0,2033.25,1422.63
10104,UB-004495,134,1,934.72,15.0,794.51,633.2
10105,UB-004495,30,3,1375.61,15.0,3507.81,2595.33
10106,UB-004495,125,2,341.02,0.0,682.04,427.46
10107,UB-004496,48,2,357.88,15.0,608.4,509.26
10108,UB-004496,121,2,909.24,0.0,1818.48,1367.38
10109,UB-004496,137,4,1272.69,10.0,4581.68,3264.88
10110,UB-004496,105,1,1243.41,15.0,1056.9,888.95
10111,UB-004497,114,3,992.97,15.0,2532.07,1937.61
10112,UB-004498,61,3,1088.39,5.0,3101.91,2484.42
10113,UB-004498,98,1,592.74,0.0,592.74,467.33
10114,UB-004498,41,1,927.78,15.0,788.61,743.96
10115,UB-004499,41,2,943.73,0.0,1887.46,1487.92
10116,UB-004499,79,1,774.02,10.0,696.62,478.88
10117,UB-004500,12,1,553.81,0.0,553.81,425.66
10118,UB-004500,120,1,712.61,0.0,712.61,488.5
10119,UB-004500,113,1,860.06,15.0,731.05,695.0
10120,UB-004501,27,2,1073.78,0.0,2147.56,1782.76
10121,UB-004501,38,1,1044.85,5.0,992.61,721.69
10122,UB-004502,115,1,1225.71,5.0,1164.42,798.92
10123,UB-004502,73,1,988.7,20.0,790.96,662.98
10124,UB-004502,111,1,662.11,15.0,562.79,556.79
10125,UB-004502,124,1,540.77,15.0,459.65,445.56
10126,UB-004503,126,3,1221.09,10.0,3296.94,2410.5
10127,UB-004504,96,2,500.75,20.0,801.2,734.44
10128,UB-004504,134,1,965.48,0.0,965.48,633.2
10129,UB-004504,1,1,299.06,0.0,299.06,210.31
10130,UB-004504,37,1,1064.24,0.0,1064.24,831.45
10131,UB-004505,119,4,601.84,0.0,2407.36,1910.0
10132,UB-004506,78,1,811.0,5.0,770.45,544.75
10133,UB-004506,91,2,447.68,10.0,805.82,642.14
10134,UB-004506,134,1,951.16,0.0,951.16,633.2
10135,UB-004506,111,2,643.52,0.0,1287.04,1113.58
10136,UB-004507,10,1,99.32,0.0,99.32,70.79
10137,UB-004508,129,2,1178.53,20.0,1885.65,1533.7
10138,UB-004509,103,2,889.08,10.0,1600.34,1363.04
10139,UB-004509,129,5,1172.9,10.0,5278.05,3834.25
10140,UB-004510,135,1,615.1,15.0,522.84,397.42
10141,UB-004511,80,2,408.94,0.0,817.88,605.16
10142,UB-004511,127,1,307.15,10.0,276.44,222.26
10143,UB-004511,63,1,253.78,15.0,215.71,167.23
10144,UB-004512,46,2,224.81,0.0,449.62,335.62
10145,UB-004512,61,4,1086.18,0.0,4344.72,3312.56
10146,UB-004512,98,1,572.78,10.0,515.5,467.33
10147,UB-004512,78,2,819.68,10.0,1475.42,1089.5
10148,UB-004513,63,1,256.25,0.0,256.25,167.23
10149,UB-004513,131,1,896.17,5.0,851.36,688.03
10150,UB-004514,21,3,798.52,15.0,2036.23,1746.18
10151,UB-004515,40,1,366.12,0.0,366.12,255.94
10152,UB-004515,107,3,324.79,5.0,925.65,685.35
10153,UB-004515,66,2,958.73,10.0,1725.71,1432.7
10154,UB-004516,49,3,953.48,0.0,2860.44,1842.12
10155,UB-004516,86,2,477.6,10.0,859.68,819.36
10156,UB-004517,16,1,1076.89,15.0,915.36,816.38
10157,UB-004518,8,1,365.13,10.0,328.62,293.44
10158,UB-004518,26,1,217.33,5.0,206.46,138.49
10159,UB-004518,58,1,571.66,0.0,571.66,356.56
10160,UB-004519,143,1,809.05,10.0,728.14,614.71
10161,UB-004519,131,1,928.68,0.0,928.68,688.03
10162,UB-004520,67,4,157.71,0.0,630.84,384.8
10163,UB-004520,1,4,312.55,0.0,1250.2,841.24
10164,UB-004520,92,1,814.61,5.0,773.88,524.51
10165,UB-004520,105,1,1257.65,5.0,1194.77,888.95
10166,UB-004521,72,1,991.65,15.0,842.9,741.6
10167,UB-004521,55,1,896.51,0.0,896.51,606.14
10168,UB-004522,13,1,378.79,5.0,359.85,235.91
10169,UB-004522,125,2,340.55,0.0,681.1,427.46
10170,UB-004522,19,3,686.59,0.0,2059.77,1422.63
10171,UB-004523,100,1,206.19,5.0,195.88,158.88
10172,UB-004523,13,2,360.35,0.0,720.7,471.82
10173,UB-004523,133,2,487.77,15.0,829.21,640.74
10174,UB-004524,130,3,944.4,0.0,2833.2,1960.59
10175,UB-004524,116,1,745.42,0.0,745.42,498.56
10176,UB-004524,43,1,171.8,5.0,163.21,116.88
10177,UB-004525,57,2,778.97,5.0,1480.04,1135.4
10178,UB-004525,110,3,944.89,10.0,2551.2,2038.02
10179,UB-004526,99,1,111.61,10.0,100.45,80.94
10180,UB-004527,26,2,217.66,0.0,435.32,276.98
10181,UB-004528,84,1,1243.47,5.0,1181.3,812.12
10182,UB-004528,71,3,187.4,5.0,534.09,366.21
10183,UB-004528,24,1,91.93,0.0,91.93,61.51
10184,UB-004529,101,1,1084.65,0.0,1084.65,893.27
10185,UB-004529,71,1,186.07,0.0,186.07,122.07
10186,UB-004530,141,2,283.9,5.0,539.41,371.34
10187,UB-004531,108,1,1116.0,0.0,1116.0,795.55
10188,UB-004532,66,1,969.89,15.0,824.41,716.35
10189,UB-004532,31,1,736.86,0.0,736.86,581.59
10190,UB-004532,88,2,697.32,5.0,1324.91,1107.78
10191,UB-004533,29,1,717.39,5.0,681.52,536.32
10192,UB-004534,55,2,901.61,0.0,1803.22,1212.28
10193,UB-004535,116,2,737.37,0.0,1474.74,997.12
10194,UB-004536,120,1,722.64,5.0,686.51,488.5
10195,UB-004537,72,2,973.36,0.0,1946.72,1483.2
10196,UB-004538,131,2,916.54,0.0,1833.08,1376.06
10197,UB-004538,19,1,679.48,15.0,577.56,474.21
10198,UB-004538,37,2,1055.36,5.0,2005.18,1662.9
10199,UB-004538,141,2,286.93,5.0,545.17,371.34
10200,UB-004538,25,3,663.3,0.0,1989.9,1488.84
10201,UB-004539,122,2,642.91,10.0,1157.24,1016.04
10202,UB-004539,119,1,581.68,5.0,552.6,477.5
10203,UB-004540,61,2,1080.59,0.0,2161.18,1656.28
10204,UB-004541,79,1,765.51,20.0,612.41,478.88
10205,UB-004541,64,1,329.49,10.0,296.54,214.27
10206,UB-004541,115,4,1221.87,10.0,4398.73,3195.68
10207,UB-004541,128,1,177.44,10.0,159.7,141.91
10208,UB-004541,36,1,816.98,0.0,816.98,533.78
10209,UB-004542,39,4,865.92,10.0,3117.31,2456.28
10210,UB-004543,134,2,924.7,0.0,1849.4,1266.4
10211,UB-004544,11,3,456.87,5.0,1302.08,1100.25
10212,UB-004545,31,1,728.37,5.0,691.95,581.59
10213,UB-004546,67,1,152.87,0.0,152.87,96.2
10214,UB-004546,23,1,890.96,0.0,890.96,627.54
10215,UB-004547,44,2,765.73,10.0,1378.31,1175.62
10216,UB-004548,60,2,193.06,10.0,347.51,289.64
10217,UB-004549,75,4,898.76,5.0,3415.29,2351.12
10218,UB-004549,29,1,729.35,10.0,656.42,536.32
10219,UB-004550,81,1,1017.21,10.0,915.49,710.48
10220,UB-004550,83,3,871.31,10.0,2352.54,2121.0
10221,UB-004550,18,1,812.85,5.0,772.21,648.71
10222,UB-004551,96,2,509.51,0.0,1019.02,734.44
10223,UB-004552,85,1,338.92,0.0,338.92,232.68
10224,UB-004553,60,2,186.18,20.0,297.89,289.64
10225,UB-004553,120,2,727.69,0.0,1455.38,977.0
10226,UB-004553,42,1,610.87,0.0,610.87,398.38
10227,UB-004553,110,2,934.15,0.0,1868.3,1358.68
10228,UB-004553,139,1,704.13,5.0,668.92,504.16
10229,UB-004554,57,3,776.07,0.0,2328.21,1703.1
10230,UB-004554,45,2,811.84,10.0,1461.31,1221.74
10231,UB-004555,47,1,106.18,15.0,90.25,87.48
10232,UB-004555,130,1,909.6,10.0,818.64,653.53
10233,UB-004556,76,1,797.29,0.0,797.29,616.89
10234,UB-004556,143,3,795.42,0.0,2386.26,1844.13
10235,UB-004557,138,5,897.96,0.0,4489.8,3023.0
10236,UB-004557,18,1,831.08,5.0,789.53,648.71
10237,UB-004557,101,5,1105.52,15.0,4698.46,4466.35
10238,UB-004557,42,1,601.58,15.0,511.34,398.38
10239,UB-004558,120,1,746.0,0.0,746.0,488.5
10240,UB-004558,95,2,476.22,0.0,952.44,739.6
10241,UB-004558,137,1,1327.23,5.0,1260.87,816.22
10242,UB-004559,135,1,608.23,0.0,608.23,397.42
10243,UB-004559,43,1,166.82,15.0,141.8,116.88
10244,UB-004559,124,3,519.9,20.0,1247.76,1336.68
10245,UB-004560,42,1,612.2,0.0,612.2,398.38
10246,UB-004560,137,1,1305.99,0.0,1305.99,816.22
10247,UB-004561,69,1,306.43,0.0,306.43,234.6
10248,UB-004562,3,1,1112.25,5.0,1056.64,724.04
10249,UB-004562,115,1,1238.85,0.0,1238.85,798.92
10250,UB-004562,116,1,764.0,0.0,764.0,498.56
10251,UB-004563,11,1,455.19,0.0,455.19,366.75
10252,UB-004563,58,4,562.23,20.0,1799.14,1426.24
10253,UB-004563,19,1,697.74,0.0,697.74,474.21
10254,UB-004564,61,2,1070.63,5.0,2034.2,1656.28
10255,UB-004564,136,3,1350.1,0.0,4050.3,2600.94
10256,UB-004564,36,1,843.05,0.0,843.05,533.78
10257,UB-004565,51,2,235.87,15.0,400.98,317.98
10258,UB-004565,54,1,1017.59,15.0,864.95,807.18
10259,UB-004566,115,1,1192.8,5.0,1133.16,798.92
10260,UB-004567,19,1,692.22,0.0,692.22,474.21
10261,UB-004567,77,2,283.46,20.0,453.54,391.26
10262,UB-004567,123,4,476.6,20.0,1525.12,1315.6
10263,UB-004568,127,1,309.12,0.0,309.12,222.26
10264,UB-004568,123,2,470.78,5.0,894.48,657.8
10265,UB-004568,111,1,679.19,0.0,679.19,556.79
10266,UB-004569,123,1,472.03,0.0,472.03,328.9
10267,UB-004570,27,1,1077.0,0.0,1077.0,891.38
10268,UB-004570,29,1,726.61,0.0,726.61,536.32
10269,UB-004571,35,3,810.47,15.0,2066.7,1702.89
10270,UB-004571,93,2,91.54,0.0,183.08,145.66
10271,UB-004571,97,2,1143.91,10.0,2059.04,1425.1
10272,UB-004572,126,1,1270.4,5.0,1206.88,803.5
10273,UB-004573,46,1,215.39,5.0,204.62,167.81
10274,UB-004574,36,1,850.95,15.0,723.31,533.78
10275,UB-004574,137,2,1256.21,5.0,2386.8,1632.44
10276,UB-004575,34,1,162.12,0.0,162.12,138.03
10277,UB-004576,11,2,471.76,10.0,849.17,733.5
10278,UB-004576,108,4,1118.38,0.0,4473.52,3182.2
10279,UB-004577,107,2,315.75,20.0,505.2,456.9
10280,UB-004577,100,2,202.84,10.0,365.11,317.76
10281,UB-004578,64,1,317.72,15.0,270.06,214.27
10282,UB-004578,32,1,103.74,20.0,82.99,79.85
10283,UB-004579,53,1,1323.52,5.0,1257.34,865.12
10284,UB-004580,108,1,1122.79,0.0,1122.79,795.55
10285,UB-004581,16,3,1091.56,0.0,3274.68,2449.14
10286,UB-004581,14,1,780.97,5.0,741.92,569.64
10287,UB-004581,61,1,1102.66,10.0,992.39,828.14
10288,UB-004581,98,2,564.62,10.0,1016.32,934.66
10289,UB-004581,46,2,224.96,0.0,449.92,335.62
10290,UB-004582,96,1,504.31,0.0,504.31,367.22
10291,UB-004582,99,4,115.77,0.0,463.08,323.76
10292,UB-004582,82,2,1037.87,0.0,2075.74,1370.66
10293,UB-004583,48,4,355.74,0.0,1422.96,1018.52
10294,UB-004584,129,1,1159.13,10.0,1043.22,766.85
10295,UB-004584,59,1,298.62,5.0,283.69,241.88
10296,UB-004584,131,1,929.56,0.0,929.56,688.03
10297,UB-004585,93,2,94.0,0.0,188.0,145.66
10298,UB-004585,24,2,92.98,10.0,167.36,123.02
10299,UB-004585,46,1,212.96,10.0,191.66,167.81
10300,UB-004586,106,1,1055.99,0.0,1055.99,719.76
10301,UB-004587,111,3,653.85,0.0,1961.55,1670.37
10302,UB-004588,1,3,302.92,0.0,908.76,630.93
10303,UB-004589,61,1,1115.74,0.0,1115.74,828.14
10304,UB-004590,9,2,676.33,0.0,1352.66,1003.38
10305,UB-004590,122,1,631.42,0.0,631.42,508.02
10306,UB-004590,43,2,165.9,15.0,282.03,233.76
10307,UB-004590,87,1,396.6,15.0,337.11,296.68
10308,UB-004591,21,1,793.08,15.0,674.12,582.06
10309,UB-004592,122,5,636.87,10.0,2865.91,2540.1
10310,UB-004592,6,1,965.75,5.0,917.46,692.29
10311,UB-004592,129,2,1185.9,0.0,2371.8,1533.7
10312,UB-004593,129,1,1194.33,0.0,1194.33,766.85
10313,UB-004593,114,3,1013.41,5.0,2888.22,1937.61
10314,UB-004593,103,1,884.77,10.0,796.29,681.52
10315,UB-004594,74,2,1122.39,0.0,2244.78,1765.78
10316,UB-004594,112,1,461.77,0.0,461.77,338.04
10317,UB-004594,100,1,204.39,0.0,204.39,158.88
10318,UB-004594,110,3,903.91,20.0,2169.38,2038.02
10319,UB-004595,144,2,432.27,20.0,691.63,601.24
10320,UB-004595,61,5,1110.1,0.0,5550.5,4140.7
10321,UB-004595,133,2,492.96,15.0,838.03,640.74
10322,UB-004595,1,1,311.8,5.0,296.21,210.31
10323,UB-004595,140,1,292.57,5.0,277.94,195.06
10324,UB-004596,51,1,240.01,5.0,228.01,158.99
10325,UB-004597,63,2,254.42,0.0,508.84,334.46
10326,UB-004597,22,3,664.39,0.0,1993.17,1426.98
10327,UB-004598,134,4,969.87,0.0,3879.48,2532.8
10328,UB-004599,138,1,885.22,0.0,885.22,604.6
10329,UB-004599,80,2,399.33,0.0,798.66,605.16
10330,UB-004600,112,3,451.96,0.0,1355.88,1014.12
10331,UB-004601,46,2,222.27,0.0,444.54,335.62
10332,UB-004602,12,1,565.9,0.0,565.9,425.66
10333,UB-004602,28,1,870.55,0.0,870.55,673.25
10334,UB-004602,133,1,490.96,10.0,441.86,320.37
10335,UB-004602,109,2,158.9,5.0,301.91,197.6
10336,UB-004603,38,1,1057.62,20.0,846.1,721.69
10337,UB-004603,22,1,643.7,0.0,643.7,475.66
10338,UB-004604,25,4,650.29,10.0,2341.04,1985.12
10339,UB-004605,100,4,205.15,0.0,820.6,635.52
10340,UB-004605,38,2,1045.67,0.0,2091.34,1443.38
10341,UB-004606,74,1,1163.83,10.0,1047.45,882.89
10342,UB-004606,24,2,93.87,0.0,187.74,123.02
10343,UB-004607,100,1,208.72,15.0,177.41,158.88
10344,UB-004607,113,1,878.61,0.0,878.61,695.0
10345,UB-004608,37,3,1034.69,0.0,3104.07,2494.35
10346,UB-004609,60,2,191.89,0.0,383.78,289.64
10347,UB-004609,3,1,1152.93,5.0,1095.28,724.04
10348,UB-004610,137,1,1285.54,5.0,1221.26,816.22
10349,UB-004610,80,1,409.45,0.0,409.45,302.58
10350,UB-004610,68,3,224.83,0.0,674.49,483.57
10351,UB-004610,65,1,738.91,0.0,738.91,525.6
10352,UB-004611,138,1,907.8,0.0,907.8,604.6
10353,UB-004612,104,1,1246.26,0.0,1246.26,879.92
10354,UB-004613,33,1,428.85,10.0,385.97,296.56
10355,UB-004614,107,2,330.36,15.0,561.61,456.9
10356,UB-004615,130,2,930.24,5.0,1767.46,1307.06
10357,UB-004616,8,2,380.67,0.0,761.34,586.88
10358,UB-004616,111,3,660.83,0.0,1982.49,1670.37
10359,UB-004616,36,1,859.53,0.0,859.53,533.78
10360,UB-004616,65,2,707.27,5.0,1343.81,1051.2
10361,UB-004617,9,1,688.76,5.0,654.32,501.69
10362,UB-004617,43,1,167.48,0.0,167.48,116.88
10363,UB-004617,33,3,428.81,5.0,1222.11,889.68
10364,UB-004618,54,4,1038.23,0.0,4152.92,3228.72
10365,UB-004619,48,1,363.07,0.0,363.07,254.63
10366,UB-004619,36,5,824.93,0.0,4124.65,2668.9
10367,UB-004620,67,1,154.97,5.0,147.22,96.2
10368,UB-004620,115,1,1232.69,0.0,1232.69,798.92
10369,UB-004621,58,4,588.12,0.0,2352.48,1426.24
10370,UB-004621,100,2,208.6,0.0,417.2,317.76
10371,UB-004621,106,1,1034.76,15.0,879.55,719.76
10372,UB-004622,31,2,720.0,0.0,1440.0,1163.18
10373,UB-004622,60,2,191.8,0.0,383.6,289.64
10374,UB-004622,140,3,294.41,0.0,883.23,585.18
10375,UB-004623,117,1,539.58,0.0,539.58,410.43
10376,UB-004624,78,1,792.12,0.0,792.12,544.75
10377,UB-004624,35,1,793.87,5.0,754.18,567.63
10378,UB-004624,71,1,188.94,0.0,188.94,122.07
10379,UB-004625,61,1,1076.87,0.0,1076.87,828.14
10380,UB-004625,89,1,575.12,0.0,575.12,419.15
10381,UB-004626,121,2,909.28,15.0,1545.78,1367.38
10382,UB-004627,12,1,551.48,0.0,551.48,425.66
10383,UB-004627,10,1,96.74,15.0,82.23,70.79
10384,UB-004628,94,1,770.76,0.0,770.76,538.36
10385,UB-004628,74,2,1125.08,5.0,2137.65,1765.78
10386,UB-004629,75,2,909.73,0.0,1819.46,1175.56
10387,UB-004630,125,1,333.73,0.0,333.73,213.73
10388,UB-004630,4,3,793.87,5.0,2262.53,1825.02
10389,UB-004631,144,3,415.18,0.0,1245.54,901.86
10390,UB-004631,86,4,494.2,10.0,1779.12,1638.72
10391,UB-004632,87,1,377.8,10.0,340.02,296.68
10392,UB-004632,91,2,464.27,5.0,882.11,642.14
10393,UB-004633,99,1,115.32,0.0,115.32,80.94
10394,UB-004634,78,3,814.07,0.0,2442.21,1634.25
10395,UB-004634,107,2,313.49,20.0,501.58,456.9
10396,UB-004635,71,1,189.8,0.0,189.8,122.07
10397,UB-004636,42,2,615.35,0.0,1230.7,796.76
10398,UB-004636,66,1,979.44,0.0,979.44,716.35
10399,UB-004637,93,4,92.66,15.0,315.04,291.32
10400,UB-004638,98,1,596.56,20.0,477.25,467.33
10401,UB-004639,99,1,111.9,15.0,95.12,80.94
10402,UB-004639,63,4,248.13,0.0,992.52,668.92
10403,UB-004639,113,2,861.9,0.0,1723.8,1390.0
10404,UB-004640,93,2,90.6,0.0,181.2,145.66
10405,UB-004641,14,1,752.76,0.0,752.76,569.64
10406,UB-004641,23,3,919.31,10.0,2482.14,1882.62
10407,UB-004641,40,1,359.86,0.0,359.86,255.94
10408,UB-004641,70,3,1408.37,0.0,4225.11,2593.77
10409,UB-004642,103,3,919.31,0.0,2757.93,2044.56
10410,UB-004643,86,1,488.7,0.0,488.7,409.68
10411,UB-004644,127,1,301.2,0.0,301.2,222.26
10412,UB-004645,132,4,1267.48,10.0,4562.93,3240.32
10413,UB-004646,40,1,362.5,0.0,362.5,255.94
10414,UB-004647,82,1,1038.78,20.0,831.02,685.33
10415,UB-004647,132,2,1216.02,0.0,2432.04,1620.16
10416,UB-004647,66,2,951.77,10.0,1713.19,1432.7
10417,UB-004648,6,1,982.83,0.0,982.83,692.29
10418,UB-004648,137,1,1274.74,10.0,1147.27,816.22
10419,UB-004649,132,1,1272.84,5.0,1209.2,810.08
10420,UB-004649,86,2,492.36,0.0,984.72,819.36
10421,UB-004649,59,3,297.49,5.0,847.85,725.64
10422,UB-004650,117,1,541.56,15.0,460.33,410.43
10423,UB-004650,120,3,716.83,0.0,2150.49,1465.5
10424,UB-004650,140,2,293.81,0.0,587.62,390.12
10425,UB-004650,9,2,690.2,10.0,1242.36,1003.38
10426,UB-004651,24,4,91.4,10.0,329.04,246.04
10427,UB-004651,62,1,393.22,0.0,393.22,260.55
10428,UB-004651,58,1,580.9,0.0,580.9,356.56
10429,UB-004651,36,1,836.39,0.0,836.39,533.78
10430,UB-004652,118,1,652.31,10.0,587.08,421.79
10431,UB-004653,10,2,96.14,0.0,192.28,141.58
10432,UB-004653,113,2,895.83,0.0,1791.66,1390.0
10433,UB-004653,93,4,93.7,0.0,374.8,291.32
10434,UB-004653,13,1,375.88,0.0,375.88,235.91
10435,UB-004653,138,2,931.98,0.0,1863.96,1209.2
10436,UB-004654,116,2,780.84,0.0,1561.68,997.12
10437,UB-004654,120,1,734.55,0.0,734.55,488.5
10438,UB-004654,50,3,432.71,15.0,1103.41,983.07
10439,UB-004655,32,1,105.98,10.0,95.38,79.85
10440,UB-004655,92,1,825.84,0.0,825.84,524.51
10441,UB-004655,29,2,748.79,0.0,1497.58,1072.64
10442,UB-004656,36,4,815.76,0.0,3263.04,2135.12
10443,UB-004656,35,3,807.27,0.0,2421.81,1702.89
10444,UB-004657,56,1,531.64,10.0,478.48,348.78
10445,UB-004657,22,1,661.18,15.0,562.0,475.66
10446,UB-004658,135,1,616.28,15.0,523.84,397.42
10447,UB-004658,136,1,1360.32,0.0,1360.32,866.98
10448,UB-004658,94,1,759.29,0.0,759.29,538.36
10449,UB-004659,137,1,1259.09,15.0,1070.23,816.22
10450,UB-004659,79,2,764.4,0.0,1528.8,957.76
10451,UB-004659,20,4,958.2,0.0,3832.8,2696.96
10452,UB-004659,52,1,662.41,0.0,662.41,457.32
10453,UB-004659,61,2,1080.75,5.0,2053.42,1656.28
10454,UB-004660,130,1,945.76,5.0,898.47,653.53
10455,UB-004660,39,2,862.97,0.0,1725.94,1228.14
10456,UB-004660,60,2,182.49,20.0,291.98,289.64
10457,UB-004660,98,1,590.55,5.0,561.02,467.33
10458,UB-004660,8,1,376.48,10.0,338.83,293.44
10459,UB-004661,138,2,917.68,0.0,1835.36,1209.2
10460,UB-004661,116,1,773.59,0.0,773.59,498.56
10461,UB-004662,79,2,739.8,5.0,1405.62,957.76
10462,UB-004662,112,2,447.23,15.0,760.29,676.08
10463,UB-004662,21,2,776.68,10.0,1398.02,1164.12
10464,UB-004662,99,2,114.25,0.0,228.5,161.88
10465,UB-004663,44,1,762.86,5.0,724.72,587.81
10466,UB-004663,69,2,314.96,10.0,566.93,469.2
10467,UB-004663,18,3,811.81,0.0,2435.43,1946.13
10468,UB-004664,105,2,1213.54,5.0,2305.73,1777.9
10469,UB-004664,77,2,282.57,5.0,536.88,391.26
10470,UB-004664,80,3,402.41,0.0,1207.23,907.74
10471,UB-004665,46,3,212.34,0.0,637.02,503.43
10472,UB-004665,93,1,89.94,0.0,89.94,72.83
10473,UB-004665,142,2,472.42,10.0,850.36,812.58
10474,UB-004666,126,3,1262.8,10.0,3409.56,2410.5
10475,UB-004666,112,3,469.74,0.0,1409.22,1014.12
10476,UB-004667,72,1,978.45,0.0,978.45,741.6
10477,UB-004667,3,1,1172.5,0.0,1172.5,724.04
10478,UB-004668,71,3,185.82,10.0,501.71,366.21
10479,UB-004668,24,1,93.46,10.0,84.11,61.51
10480,UB-004669,139,3,708.38,5.0,2018.88,1512.48
10481,UB-004670,37,1,1047.48,0.0,1047.48,831.45
10482,UB-004670,26,1,220.8,0.0,220.8,138.49
10483,UB-004671,52,1,649.98,10.0,584.98,457.32
10484,UB-004671,115,1,1232.54,0.0,1232.54,798.92
10485,UB-004671,141,4,274.27,0.0,1097.08,742.68
10486,UB-004671,53,2,1314.39,0.0,2628.78,1730.24
10487,UB-004672,101,2,1085.97,0.0,2171.94,1786.54
10488,UB-004672,73,4,969.57,15.0,3296.54,2651.92
10489,UB-004673,99,2,109.91,10.0,197.84,161.88
10490,UB-004673,61,4,1070.23,0.0,4280.92,3312.56
10491,UB-004674,136,1,1374.04,10.0,1236.64,866.98
10492,UB-004674,32,1,103.8,20.0,83.04,79.85
10493,UB-004674,113,1,869.66,0.0,869.66,695.0
10494,UB-004674,114,4,991.31,5.0,3766.98,2583.48
10495,UB-004675,74,2,1132.81,0.0,2265.62,1765.78
10496,UB-004675,6,2,961.07,0.0,1922.14,1384.58
10497,UB-004675,79,1,758.35,20.0,606.68,478.88
10498,UB-004676,125,1,335.81,5.0,319.02,213.73
10499,UB-004677,65,2,714.23,0.0,1428.46,1051.2
10500,UB-004677,136,5,1372.74,10.0,6177.33,4334.9
10501,UB-004677,83,4,844.97,20.0,2703.9,2828.0
10502,UB-004677,86,1,481.44,5.0,457.37,409.68
10503,UB-004677,2,3,507.57,5.0,1446.57,1113.66
10504,UB-004678,32,1,102.98,0.0,102.98,79.85
10505,UB-004679,140,1,296.05,5.0,281.25,195.06
10506,UB-004679,11,2,457.57,10.0,823.63,733.5
10507,UB-004680,75,3,911.19,0.0,2733.57,1763.34
10508,UB-004680,78,3,810.11,15.0,2065.78,1634.25
10509,UB-004680,139,1,733.54,0.0,733.54,504.16
10510,UB-004680,34,1,163.92,0.0,163.92,138.03
10511,UB-004680,87,1,395.2,0.0,395.2,296.68
10512,UB-004681,79,1,758.52,20.0,606.82,478.88
10513,UB-004682,109,3,156.21,0.0,468.63,296.4
10514,UB-004682,9,2,679.77,20.0,1087.63,1003.38
10515,UB-004682,141,2,281.29,5.0,534.45,371.34
10516,UB-004683,124,1,541.1,5.0,514.04,445.56
10517,UB-004683,57,1,785.58,0.0,785.58,567.7
10518,UB-004684,103,2,891.8,0.0,1783.6,1363.04
10519,UB-004685,47,1,104.1,10.0,93.69,87.48
10520,UB-004685,126,1,1219.22,0.0,1219.22,803.5
10521,UB-004685,140,2,295.27,5.0,561.01,390.12
10522,UB-004686,116,3,767.39,0.0,2302.17,1495.68
10523,UB-004686,65,4,719.7,10.0,2590.92,2102.4
10524,UB-004686,104,1,1289.65,20.0,1031.72,879.92
10525,UB-004687,18,2,822.45,0.0,1644.9,1297.42
10526,UB-004687,69,2,305.99,10.0,550.78,469.2
10527,UB-004687,5,2,1377.86,0.0,2755.72,1744.5
10528,UB-004688,12,2,543.1,15.0,923.27,851.32
10529,UB-004688,133,1,501.98,0.0,501.98,320.37
10530,UB-004689,50,2,422.9,5.0,803.51,655.38
10531,UB-004689,29,1,713.65,5.0,677.97,536.32
10532,UB-004689,27,2,1103.28,0.0,2206.56,1782.76
10533,UB-004689,18,1,835.16,0.0,835.16,648.71
10534,UB-004690,10,1,98.92,15.0,84.08,70.79
10535,UB-004691,106,2,1035.56,10.0,1864.01,1439.52
10536,UB-004691,107,1,325.86,0.0,325.86,228.45
10537,UB-004692,33,1,446.43,0.0,446.43,296.56
10538,UB-004692,109,1,158.86,0.0,158.86,98.8
10539,UB-004693,99,4,113.63,0.0,454.52,323.76
10540,UB-004693,80,1,399.0,0.0,399.0,302.58
10541,UB-004693,114,1,1026.39,0.0,1026.39,645.87
10542,UB-004694,99,1,115.07,0.0,115.07,80.94
10543,UB-004694,60,1,185.96,0.0,185.96,144.82
10544,UB-004695,134,2,954.88,0.0,1909.76,1266.4
10545,UB-004695,12,2,549.85,15.0,934.75,851.32
10546,UB-004696,140,1,295.13,0.0,295.13,195.06
10547,UB-004697,9,1,669.27,20.0,535.42,501.69
10548,UB-004698,1,1,311.62,20.0,249.3,210.31
10549,UB-004698,65,2,719.43,10.0,1294.97,1051.2
10550,UB-004698,104,4,1218.89,20.0,3900.45,3519.68
10551,UB-004699,108,1,1140.82,5.0,1083.78,795.55
10552,UB-004699,59,1,292.94,15.0,249.0,241.88
10553,UB-004699,54,1,1052.3,0.0,1052.3,807.18
10554,UB-004699,52,1,645.12,0.0,645.12,457.32
10555,UB-004700,115,2,1234.25,0.0,2468.5,1597.84
10556,UB-004700,41,1,899.78,0.0,899.78,743.96
10557,UB-004701,23,1,916.11,5.0,870.3,627.54
10558,UB-004701,52,1,665.93,5.0,632.63,457.32
10559,UB-004702,84,2,1284.04,0.0,2568.08,1624.24
10560,UB-004702,21,1,791.23,0.0,791.23,582.06
10561,UB-004703,39,1,851.87,15.0,724.09,614.07
10562,UB-004703,111,1,668.12,0.0,668.12,556.79
10563,UB-004704,20,1,969.7,0.0,969.7,674.24
10564,UB-004705,133,3,512.12,0.0,1536.36,961.11
10565,UB-004706,87,2,378.57,10.0,681.43,593.36
10566,UB-004706,60,1,187.86,0.0,187.86,144.82
10567,UB-004706,25,1,664.12,0.0,664.12,496.28
10568,UB-004706,38,1,1064.26,0.0,1064.26,721.69
10569,UB-004707,46,2,220.63,0.0,441.26,335.62
10570,UB-004707,66,2,953.41,5.0,1811.48,1432.7
10571,UB-004708,10,1,97.3,0.0,97.3,70.79
10572,UB-004709,108,3,1100.93,0.0,3302.79,2386.65
10573,UB-004709,48,1,357.37,15.0,303.76,254.63
10574,UB-004710,110,2,911.62,20.0,1458.59,1358.68
10575,UB-004711,74,3,1136.11,0.0,3408.33,2648.67
10576,UB-004711,72,2,972.37,0.0,1944.74,1483.2
10577,UB-004711,8,1,376.81,0.0,376.81,293.44
10578,UB-004711,38,2,1063.17,10.0,1913.71,1443.38
10579,UB-004712,61,2,1090.89,0.0,2181.78,1656.28
10580,UB-004712,58,2,587.89,10.0,1058.2,713.12
10581,UB-004712,24,1,93.96,5.0,89.26,61.51
10582,UB-004712,86,3,501.65,15.0,1279.21,1229.04
10583,UB-004713,42,1,615.58,0.0,615.58,398.38
10584,UB-004714,46,1,217.34,5.0,206.47,167.81
10585,UB-004714,111,1,644.26,10.0,579.83,556.79
10586,UB-004715,136,2,1392.2,10.0,2505.96,1733.96
10587,UB-004715,9,2,672.9,0.0,1345.8,1003.38
10588,UB-004715,50,1,420.3,5.0,399.28,327.69
10589,UB-004715,100,1,206.86,10.0,186.17,158.88
10590,UB-004715,71,2,186.77,10.0,336.19,244.14
10591,UB-004716,92,4,812.06,0.0,3248.24,2098.04
10592,UB-004716,100,1,205.57,10.0,185.01,158.88
10593,UB-004717,109,1,159.51,15.0,135.58,98.8
10594,UB-004718,70,5,1403.62,0.0,7018.1,4322.95
10595,UB-004718,33,1,435.68,0.0,435.68,296.56
10596,UB-004718,38,1,1068.26,0.0,1068.26,721.69
10597,UB-004719,108,1,1108.63,5.0,1053.2,795.55
10598,UB-004719,61,2,1102.28,0.0,2204.56,1656.28
10599,UB-004720,104,1,1282.08,5.0,1217.98,879.92
10600,UB-004721,13,2,370.06,0.0,740.12,471.82
10601,UB-004721,113,1,875.42,10.0,787.88,695.0
10602,UB-004722,112,4,469.74,5.0,1785.01,1352.16
10603,UB-004722,85,1,329.81,0.0,329.81,232.68
10604,UB-004723,11,2,461.0,10.0,829.8,733.5
10605,UB-004723,108,2,1114.42,20.0,1783.07,1591.1
10606,UB-004724,89,1,589.49,10.0,530.54,419.15
10607,UB-004724,23,1,898.79,15.0,763.97,627.54
10608,UB-004724,77,1,272.24,0.0,272.24,195.63
10609,UB-004724,124,3,539.96,0.0,1619.88,1336.68
10610,UB-004724,108,3,1095.66,0.0,3286.98,2386.65
10611,UB-004725,53,3,1300.56,10.0,3511.51,2595.36
10612,UB-004725,140,2,305.12,5.0,579.73,390.12
10613,UB-004725,128,1,173.1,5.0,164.44,141.91
10614,UB-004726,38,1,1062.62,0.0,1062.62,721.69
10615,UB-004726,80,1,399.5,0.0,399.5,302.58
10616,UB-004727,117,2,561.53,0.0,1123.06,820.86
10617,UB-004727,8,1,378.44,10.0,340.6,293.44
10618,UB-004727,22,3,671.47,15.0,1712.25,1426.98
10619,UB-004727,92,5,836.06,15.0,3553.25,2622.55
10620,UB-004728,11,1,461.42,20.0,369.14,366.75
10621,UB-004728,123,1,461.11,10.0,415.0,328.9
10622,UB-004728,60,1,191.42,0.0,191.42,144.82
10623,UB-004729,92,2,835.18,0.0,1670.36,1049.02
10624,UB-004730,48,2,356.19,5.0,676.76,509.26
10625,UB-004730,12,3,570.81,5.0,1626.81,1276.98
10626,UB-004730,6,2,970.32,0.0,1940.64,1384.58
10627,UB-004730,113,1,849.75,0.0,849.75,695.0
10628,UB-004731,97,5,1151.61,0.0,5758.05,3562.75
10629,UB-004732,75,1,869.59,5.0,826.11,587.78
10630,UB-004732,11,2,460.14,10.0,828.25,733.5
10631,UB-004733,27,1,1090.71,5.0,1036.17,891.38
10632,UB-004733,119,1,593.86,0.0,593.86,477.5
10633,UB-004734,130,3,901.8,5.0,2570.13,1960.59
10634,UB-004735,8,2,366.05,10.0,658.89,586.88
10635,UB-004735,102,1,1202.48,10.0,1082.23,829.38
10636,UB-004735,133,2,501.5,15.0,852.55,640.74
10637,UB-004736,122,1,650.91,0.0,650.91,508.02
10638,UB-004736,91,4,466.61,10.0,1679.8,1284.28
10639,UB-004736,104,2,1273.38,0.0,2546.76,1759.84
10640,UB-004736,52,3,642.3,10.0,1734.21,1371.96
10641,UB-004736,129,1,1215.99,0.0,1215.99,766.85
10642,UB-004737,72,1,945.29,10.0,850.76,741.6
10643,UB-004738,137,1,1281.35,5.0,1217.28,816.22
10644,UB-004739,32,3,105.2,20.0,252.48,239.55
10645,UB-004739,133,2,516.08,15.0,877.34,640.74
10646,UB-004739,93,4,94.12,0.0,376.48,291.32
10647,UB-004740,36,1,847.8,0.0,847.8,533.78
10648,UB-004740,84,2,1268.87,0.0,2537.74,1624.24
10649,UB-004741,55,1,920.35,15.0,782.3,606.14
10650,UB-004741,118,1,648.87,5.0,616.43,421.79
10651,UB-004741,120,1,732.1,20.0,585.68,488.5
10652,UB-004741,18,2,810.7,0.0,1621.4,1297.42
10653,UB-004742,64,2,316.53,0.0,633.06,428.54
10654,UB-004742,107,3,329.06,0.0,987.18,685.35
10655,UB-004743,128,1,173.39,10.0,156.05,141.91
10656,UB-004744,65,1,721.74,15.0,613.48,525.6
10657,UB-004744,128,2,169.13,5.0,321.35,283.82
10658,UB-004745,84,1,1254.91,5.0,1192.16,812.12
10659,UB-004745,83,3,848.55,5.0,2418.37,2121.0
10660,UB-004746,105,2,1213.57,0.0,2427.14,1777.9
10661,UB-004746,60,3,192.47,10.0,519.67,434.46
10662,UB-004747,79,2,734.54,5.0,1395.63,957.76
10663,UB-004748,86,1,473.39,0.0,473.39,409.68
10664,UB-004749,63,2,260.57,15.0,442.97,334.46
10665,UB-004749,143,3,788.83,0.0,2366.49,1844.13
10666,UB-004749,102,1,1224.42,5.0,1163.2,829.38
10667,UB-004750,101,1,1127.63,0.0,1127.63,893.27
10668,UB-004751,132,1,1250.24,5.0,1187.73,810.08
10669,UB-004751,39,1,845.98,0.0,845.98,614.07
10670,UB-004751,113,1,888.9,0.0,888.9,695.0
10671,UB-004752,69,2,307.94,0.0,615.88,469.2
10672,UB-004752,132,1,1237.5,15.0,1051.88,810.08
10673,UB-004752,136,1,1394.99,0.0,1394.99,866.98
10674,UB-004752,62,1,384.44,10.0,346.0,260.55
10675,UB-004752,115,3,1200.57,10.0,3241.54,2396.76
10676,UB-004753,109,3,156.1,0.0,468.3,296.4
10677,UB-004754,142,1,473.94,0.0,473.94,406.29
10678,UB-004754,51,1,236.55,0.0,236.55,158.99
10679,UB-004754,125,3,341.22,10.0,921.29,641.19
10680,UB-004754,124,1,542.21,10.0,487.99,445.56
10681,UB-004755,8,3,383.19,0.0,1149.57,880.32
10682,UB-004755,50,1,426.27,10.0,383.64,327.69
10683,UB-004756,28,3,892.81,10.0,2410.59,2019.75
10684,UB-004757,95,1,478.67,0.0,478.67,369.8
10685,UB-004757,116,1,743.95,5.0,706.75,498.56
10686,UB-004758,121,3,917.63,0.0,2752.89,2051.07
10687,UB-004759,127,2,310.02,15.0,527.03,444.52
10688,UB-004760,15,2,1213.85,10.0,2184.93,1710.66
10689,UB-004761,28,1,899.91,5.0,854.91,673.25
10690,UB-004762,113,2,875.9,0.0,1751.8,1390.0
10691,UB-004763,45,1,801.61,0.0,801.61,610.87
10692,UB-004764,75,1,877.18,0.0,877.18,587.78
10693,UB-004764,100,2,201.46,0.0,402.92,317.76
10694,UB-004765,122,2,627.07,0.0,1254.14,1016.04
10695,UB-004765,118,1,625.11,0.0,625.11,421.79
10696,UB-004765,100,1,202.31,5.0,192.19,158.88
10697,UB-004765,20,2,939.23,0.0,1878.46,1348.48
10698,UB-004766,45,1,832.11,20.0,665.69,610.87
10699,UB-004766,25,1,652.73,0.0,652.73,496.28
10700,UB-004766,113,2,866.66,20.0,1386.66,1390.0
10701,UB-004766,59,5,303.45,10.0,1365.53,1209.4
10702,UB-004767,41,2,948.45,0.0,1896.9,1487.92
10703,UB-004768,27,2,1053.27,0.0,2106.54,1782.76
10704,UB-004768,121,1,927.7,0.0,927.7,683.69
10705,UB-004769,106,2,1081.88,5.0,2055.57,1439.52
10706,UB-004769,74,2,1151.31,10.0,2072.36,1765.78
10707,UB-004770,132,1,1260.64,0.0,1260.64,810.08
10708,UB-004771,18,2,849.43,0.0,1698.86,1297.42
10709,UB-004772,80,1,409.11,0.0,409.11,302.58
10710,UB-004773,13,3,379.45,10.0,1024.51,707.73
10711,UB-004774,131,1,902.97,0.0,902.97,688.03
10712,UB-004774,70,1,1399.82,10.0,1259.84,864.59
10713,UB-004774,25,1,639.77,5.0,607.78,496.28
10714,UB-004775,142,1,478.82,0.0,478.82,406.29
10715,UB-004775,110,2,930.27,0.0,1860.54,1358.68
10716,UB-004775,126,1,1271.19,0.0,1271.19,803.5
10717,UB-004775,62,1,388.9,5.0,369.45,260.55
10718,UB-004776,139,2,728.39,15.0,1238.26,1008.32
10719,UB-004777,67,2,149.77,5.0,284.56,192.4
10720,UB-004778,75,1,886.06,0.0,886.06,587.78
10721,UB-004778,6,1,959.9,0.0,959.9,692.29
10722,UB-004779,64,1,330.5,0.0,330.5,214.27
10723,UB-004780,55,2,906.65,0.0,1813.3,1212.28
10724,UB-004780,21,1,792.14,0.0,792.14,582.06
10725,UB-004780,74,2,1180.97,5.0,2243.84,1765.78
10726,UB-004781,114,2,1005.35,10.0,1809.63,1291.74
10727,UB-004781,73,1,970.59,0.0,970.59,662.98
10728,UB-004781,52,3,667.1,5.0,1901.24,1371.96
10729,UB-004782,42,3,622.06,0.0,1866.18,1195.14
10730,UB-004782,43,2,165.38,0.0,330.76,233.76
10731,UB-004783,100,1,209.13,0.0,209.13,158.88
10732,UB-004784,13,2,372.79,0.0,745.58,471.82
10733,UB-004784,17,1,864.95,15.0,735.21,644.64
10734,UB-004784,126,1,1239.76,0.0,1239.76,803.5
10735,UB-004784,54,2,1001.18,20.0,1601.89,1614.36
10736,UB-004785,29,1,741.82,0.0,741.82,536.32
10737,UB-004785,62,1,390.64,0.0,390.64,260.55
10738,UB-004785,4,1,801.14,0.0,801.14,608.34
10739,UB-004785,90,3,690.47,0.0,2071.41,1521.78
10740,UB-004786,90,1,686.33,10.0,617.7,507.26
10741,UB-004786,54,2,1026.61,0.0,2053.22,1614.36
10742,UB-004786,63,2,255.46,0.0,510.92,334.46
10743,UB-004787,30,3,1386.04,10.0,3742.31,2595.33
10744,UB-004787,88,2,678.49,15.0,1153.43,1107.78
10745,UB-004787,40,1,375.59,0.0,375.59,255.94
10746,UB-004787,26,2,216.08,0.0,432.16,276.98
10747,UB-004788,21,3,790.89,10.0,2135.4,1746.18
10748,UB-004788,98,4,592.97,0.0,2371.88,1869.32
10749,UB-004788,40,2,371.42,10.0,668.56,511.88
10750,UB-004789,129,1,1161.28,20.0,929.02,766.85
10751,UB-004789,121,1,926.68,0.0,926.68,683.69
10752,UB-004789,72,3,961.69,0.0,2885.07,2224.8
10753,UB-004789,88,1,692.59,5.0,657.96,553.89
10754,UB-004790,97,1,1165.38,15.0,990.57,712.55
10755,UB-004790,52,2,635.25,10.0,1143.45,914.64
10756,UB-004790,39,2,879.15,20.0,1406.64,1228.14
10757,UB-004790,61,1,1081.22,0.0,1081.22,828.14
10758,UB-004791,44,2,773.72,0.0,1547.44,1175.62
10759,UB-004792,125,4,340.15,0.0,1360.6,854.92
10760,UB-004792,126,2,1234.53,0.0,2469.06,1607.0
10761,UB-004792,92,2,809.74,10.0,1457.53,1049.02
10762,UB-004793,68,2,229.54,0.0,459.08,322.38
10763,UB-004793,65,4,704.22,0.0,2816.88,2102.4
10764,UB-004793,58,1,554.96,10.0,499.46,356.56
10765,UB-004793,44,1,783.11,5.0,743.95,587.81
10766,UB-004793,41,4,927.02,15.0,3151.87,2975.84
10767,UB-004794,9,3,701.73,20.0,1684.15,1505.07
10768,UB-004794,89,1,589.59,5.0,560.11,419.15
10769,UB-004795,106,1,1060.01,0.0,1060.01,719.76
10770,UB-004795,115,1,1216.59,0.0,1216.59,798.92
10771,UB-004795,23,2,889.64,0.0,1779.28,1255.08
10772,UB-004796,63,3,253.56,0.0,760.68,501.69
10773,UB-004796,118,1,638.32,0.0,638.32,421.79
10774,UB-004796,47,1,106.09,0.0,106.09,87.48
10775,UB-004797,39,3,858.47,15.0,2189.1,1842.21
10776,UB-004797,138,2,890.07,0.0,1780.14,1209.2
10777,UB-004797,106,2,1029.98,0.0,2059.96,1439.52
10778,UB-004797,67,2,154.37,20.0,246.99,192.4
10779,UB-004798,123,4,471.51,0.0,1886.04,1315.6
10780,UB-004799,118,1,618.57,5.0,587.64,421.79
10781,UB-004799,113,1,874.83,0.0,874.83,695.0
10782,UB-004799,18,1,814.66,0.0,814.66,648.71
10783,UB-004800,97,3,1142.66,10.0,3085.18,2137.65
10784,UB-004801,74,1,1152.4,0.0,1152.4,882.89
10785,UB-004802,34,4,166.17,0.0,664.68,552.12
10786,UB-004802,135,2,631.38,0.0,1262.76,794.84
10787,UB-004803,102,2,1176.7,0.0,2353.4,1658.76
10788,UB-004804,89,2,591.78,0.0,1183.56,838.3
10789,UB-004804,93,5,95.18,5.0,452.11,364.15
10790,UB-004805,113,2,870.78,0.0,1741.56,1390.0
10791,UB-004805,46,1,223.44,0.0,223.44,167.81
10792,UB-004806,54,2,1030.41,0.0,2060.82,1614.36
10793,UB-004807,103,1,906.3,10.0,815.67,681.52
10794,UB-004807,3,1,1166.18,0.0,1166.18,724.04
10795,UB-004808,95,1,494.1,0.0,494.1,369.8
10796,UB-004808,22,2,640.8,0.0,1281.6,951.32
10797,UB-004808,115,1,1186.71,5.0,1127.37,798.92
10798,UB-004809,43,2,168.23,20.0,269.17,233.76
10799,UB-004809,5,1,1410.78,15.0,1199.16,872.25
10800,UB-004809,14,1,778.04,10.0,700.24,569.64
10801,UB-004810,140,3,291.59,10.0,787.29,585.18
10802,UB-004810,60,1,183.05,0.0,183.05,144.82
10803,UB-004810,83,4,836.11,10.0,3010.0,2828.0
10804,UB-004810,70,3,1394.45,5.0,3974.18,2593.77
10805,UB-004811,71,1,188.4,0.0,188.4,122.07
10806,UB-004811,32,4,104.24,0.0,416.96,319.4
10807,UB-004812,16,1,1096.38,0.0,1096.38,816.38
10808,UB-004812,49,1,981.6,0.0,981.6,614.04
10809,UB-004812,69,1,316.86,0.0,316.86,234.6
10810,UB-004813,71,2,187.8,15.0,319.26,244.14
10811,UB-004814,48,2,367.68,0.0,735.36,509.26
10812,UB-004815,14,4,756.96,0.0,3027.84,2278.56
10813,UB-004815,124,1,538.13,5.0,511.22,445.56
10814,UB-004816,115,1,1213.45,0.0,1213.45,798.92
10815,UB-004816,46,1,214.64,0.0,214.64,167.81
10816,UB-004816,114,2,1007.24,0.0,2014.48,1291.74
10817,UB-004816,39,1,868.47,5.0,825.05,614.07
10818,UB-004817,141,1,279.59,5.0,265.61,185.67
10819,UB-004817,130,2,919.1,10.0,1654.38,1307.06
10820,UB-004818,135,1,623.94,5.0,592.74,397.42
10821,UB-004818,2,1,486.23,0.0,486.23,371.22
10822,UB-004818,101,1,1132.42,0.0,1132.42,893.27
10823,UB-004819,30,1,1387.07,0.0,1387.07,865.11
10824,UB-004820,99,1,115.12,0.0,115.12,80.94
10825,UB-004821,21,1,767.04,0.0,767.04,582.06
10826,UB-004822,62,2,386.63,5.0,734.6,521.1
10827,UB-004823,94,4,735.67,10.0,2648.41,2153.44
10828,UB-004824,133,3,517.35,0.0,1552.05,961.11
10829,UB-004824,20,2,936.29,10.0,1685.32,1348.48
10830,UB-004824,38,4,1062.22,5.0,4036.44,2886.76
10831,UB-004825,106,2,1041.18,20.0,1665.89,1439.52
10832,UB-004826,100,1,202.5,5.0,192.38,158.88
10833,UB-004826,97,2,1163.04,10.0,2093.47,1425.1
10834,UB-004827,41,1,926.31,10.0,833.68,743.96
10835,UB-004828,13,1,359.34,10.0,323.41,235.91
10836,UB-004829,130,3,914.37,0.0,2743.11,1960.59
10837,UB-004830,49,3,955.36,15.0,2436.17,1842.12
10838,UB-004830,80,2,400.81,15.0,681.38,605.16
10839,UB-004831,39,1,890.6,0.0,890.6,614.07
10840,UB-004831,125,1,339.96,0.0,339.96,213.73
10841,UB-004832,72,1,977.1,15.0,830.53,741.6
10842,UB-004832,99,2,115.43,5.0,219.32,161.88
10843,UB-004833,82,1,1061.89,15.0,902.61,685.33
10844,UB-004834,51,1,232.63,0.0,232.63,158.99
10845,UB-004834,5,1,1372.78,0.0,1372.78,872.25
10846,UB-004835,63,1,255.42,5.0,242.65,167.23
10847,UB-004835,6,2,980.13,20.0,1568.21,1384.58
10848,UB-004836,81,1,1019.6,0.0,1019.6,710.48
10849,UB-004836,113,1,850.34,0.0,850.34,695.0
10850,UB-004837,57,2,754.0,20.0,1206.4,1135.4
10851,UB-004837,71,1,191.27,0.0,191.27,122.07
10852,UB-004837,99,5,113.09,0.0,565.45,404.7
10853,UB-004838,94,2,745.17,0.0,1490.34,1076.72
10854,UB-004838,101,2,1149.06,5.0,2183.21,1786.54
10855,UB-004839,98,3,590.85,15.0,1506.67,1401.99
10856,UB-004839,74,1,1135.7,0.0,1135.7,882.89
10857,UB-004840,118,1,626.86,5.0,595.52,421.79
10858,UB-004840,24,1,91.55,0.0,91.55,61.51
10859,UB-004841,121,4,932.72,0.0,3730.88,2734.76
10860,UB-004841,61,2,1070.27,0.0,2140.54,1656.28
10861,UB-004842,19,2,671.69,0.0,1343.38,948.42
10862,UB-004842,45,1,812.57,0.0,812.57,610.87
10863,UB-004842,58,1,575.34,0.0,575.34,356.56
10864,UB-004843,44,1,770.1,15.0,654.59,587.81
10865,UB-004843,124,1,523.71,10.0,471.34,445.56
10866,UB-004843,78,1,799.35,5.0,759.38,544.75
10867,UB-004844,8,2,367.22,5.0,697.72,586.88
10868,UB-004844,121,1,883.89,0.0,883.89,683.69
10869,UB-004844,142,3,497.41,0.0,1492.23,1218.87
10870,UB-004844,77,1,274.63,0.0,274.63,195.63
10871,UB-004845,120,3,728.43,15.0,1857.5,1465.5
10872,UB-004845,56,2,509.86,0.0,1019.72,697.56
10873,UB-004845,41,1,933.63,15.0,793.59,743.96
10874,UB-004846,90,5,688.13,0.0,3440.65,2536.3
10875,UB-004846,105,1,1215.86,10.0,1094.27,888.95
10876,UB-004847,127,4,307.18,0.0,1228.72,889.04
10877,UB-004848,59,2,290.9,15.0,494.53,483.76
10878,UB-004849,1,1,301.19,0.0,301.19,210.31
10879,UB-004849,84,3,1273.55,0.0,3820.65,2436.36
10880,UB-004850,25,1,666.88,0.0,666.88,496.28
10881,UB-004850,116,5,764.91,0.0,3824.55,2492.8
10882,UB-004850,118,1,634.38,0.0,634.38,421.79
10883,UB-004851,33,1,426.09,0.0,426.09,296.56
10884,UB-004851,44,1,774.24,10.0,696.82,587.81
10885,UB-004851,141,1,286.65,0.0,286.65,185.67
10886,UB-004852,72,1,945.1,0.0,945.1,741.6
10887,UB-004852,140,1,296.61,0.0,296.61,195.06
10888,UB-004852,13,3,380.17,0.0,1140.51,707.73
10889,UB-004853,36,4,852.86,0.0,3411.44,2135.12
10890,UB-004853,62,1,387.74,0.0,387.74,260.55
10891,UB-004853,129,1,1179.27,0.0,1179.27,766.85
10892,UB-004853,67,1,155.19,0.0,155.19,96.2
10893,UB-004854,110,1,936.45,10.0,842.81,679.34
10894,UB-004854,63,1,254.28,0.0,254.28,167.23
10895,UB-004855,36,1,839.73,15.0,713.77,533.78
10896,UB-004855,49,2,940.44,10.0,1692.79,1228.08
10897,UB-004856,127,2,295.08,5.0,560.65,444.52
10898,UB-004857,40,2,369.69,5.0,702.41,511.88
10899,UB-004857,75,3,874.25,5.0,2491.61,1763.34
10900,UB-004857,101,2,1122.99,0.0,2245.98,1786.54
10901,UB-004857,100,2,205.48,0.0,410.96,317.76
10902,UB-004857,19,1,700.36,0.0,700.36,474.21
10903,UB-004858,128,1,176.26,0.0,176.26,141.91
10904,UB-004858,66,1,931.62,15.0,791.88,716.35
10905,UB-004858,57,1,752.81,5.0,715.17,567.7
10906,UB-004859,12,3,545.62,0.0,1636.86,1276.98
10907,UB-004860,134,2,922.99,0.0,1845.98,1266.4
10908,UB-004860,18,1,841.73,0.0,841.73,648.71
10909,UB-004860,140,1,304.71,0.0,304.71,195.06
10910,UB-004860,130,2,940.99,10.0,1693.78,1307.06
10911,UB-004861,40,4,380.28,0.0,1521.12,1023.76
10912,UB-004861,14,1,743.92,0.0,743.92,569.64
10913,UB-004862,34,1,168.28,5.0,159.87,138.03
10914,UB-004863,124,1,537.95,0.0,537.95,445.56
10915,UB-004864,5,2,1344.64,0.0,2689.28,1744.5
10916,UB-004864,61,1,1070.68,0.0,1070.68,828.14
10917,UB-004865,1,2,302.89,15.0,514.91,420.62
10918,UB-004865,37,1,1061.87,0.0,1061.87,831.45
10919,UB-004865,15,2,1215.92,10.0,2188.66,1710.66
10920,UB-004866,102,1,1175.3,15.0,999.0,829.38
10921,UB-004867,84,1,1269.33,20.0,1015.46,812.12
10922,UB-004868,129,1,1177.51,5.0,1118.63,766.85
10923,UB-004869,67,1,149.92,20.0,119.94,96.2
10924,UB-004870,33,1,442.33,15.0,375.98,296.56
10925,UB-004870,75,3,902.35,10.0,2436.35,1763.34
10926,UB-004870,78,1,818.25,0.0,818.25,544.75
10927,UB-004871,136,2,1347.87,0.0,2695.74,1733.96
10928,UB-004872,56,2,517.88,0.0,1035.76,697.56
10929,UB-004872,13,1,378.35,5.0,359.43,235.91
10930,UB-004873,54,1,1038.61,0.0,1038.61,807.18
10931,UB-004873,1,1,308.71,5.0,293.27,210.31
10932,UB-004874,140,1,290.21,10.0,261.19,195.06
10933,UB-004874,95,3,485.21,0.0,1455.63,1109.4
10934,UB-004874,119,5,579.68,0.0,2898.4,2387.5
10935,UB-004874,41,2,946.7,0.0,1893.4,1487.92
10936,UB-004874,107,2,320.03,0.0,640.06,456.9
10937,UB-004875,29,1,749.51,15.0,637.08,536.32
10938,UB-004875,116,1,770.28,5.0,731.77,498.56
10939,UB-004875,22,1,647.0,0.0,647.0,475.66
10940,UB-004875,124,2,541.6,5.0,1029.04,891.12
10941,UB-004876,94,3,732.81,0.0,2198.43,1615.08
10942,UB-004876,73,2,1002.67,20.0,1604.27,1325.96
10943,UB-004876,124,1,549.07,0.0,549.07,445.56
10944,UB-004876,31,1,744.06,15.0,632.45,581.59
10945,UB-004877,79,1,759.44,0.0,759.44,478.88
10946,UB-004877,10,5,98.11,0.0,490.55,353.95
10947,UB-004877,34,1,159.06,15.0,135.2,138.03
10948,UB-004877,25,2,675.18,0.0,1350.36,992.56
10949,UB-004878,19,1,672.01,0.0,672.01,474.21
10950,UB-004879,20,1,951.93,10.0,856.74,674.24
10951,UB-004879,53,1,1297.5,15.0,1102.88,865.12
10952,UB-004879,63,3,248.18,20.0,595.63,501.69
10953,UB-004880,22,1,647.32,5.0,614.95,475.66
10954,UB-004880,10,2,95.41,5.0,181.28,141.58
10955,UB-004881,69,1,308.7,5.0,293.26,234.6
10956,UB-004881,56,2,523.6,10.0,942.48,697.56
10957,UB-004882,52,2,646.62,5.0,1228.58,914.64
10958,UB-004882,48,1,362.56,5.0,344.43,254.63
10959,UB-004882,84,5,1288.55,0.0,6442.75,4060.6
10960,UB-004883,14,1,751.94,0.0,751.94,569.64
10961,UB-004883,121,1,915.3,5.0,869.53,683.69
10962,UB-004883,39,1,888.6,5.0,844.17,614.07
10963,UB-004884,45,1,790.68,5.0,751.15,610.87
10964,UB-004884,4,1,814.25,0.0,814.25,608.34
10965,UB-004885,98,1,592.64,0.0,592.64,467.33
10966,UB-004886,26,2,217.87,10.0,392.17,276.98
10967,UB-004887,118,1,644.37,0.0,644.37,421.79
10968,UB-004887,25,2,674.44,10.0,1213.99,992.56
10969,UB-004888,87,3,376.77,10.0,1017.28,890.04
10970,UB-004888,99,4,115.23,0.0,460.92,323.76
10971,UB-004889,38,3,1068.21,0.0,3204.63,2165.07
10972,UB-004889,37,2,1070.22,10.0,1926.4,1662.9
10973,UB-004889,70,3,1400.39,0.0,4201.17,2593.77
10974,UB-004890,41,2,944.19,20.0,1510.7,1487.92
10975,UB-004890,61,2,1106.61,10.0,1991.9,1656.28
10976,UB-004890,50,2,433.55,0.0,867.1,655.38
10977,UB-004891,115,1,1194.95,5.0,1135.2,798.92
10978,UB-004891,113,2,897.2,10.0,1614.96,1390.0
10979,UB-004891,26,1,212.36,10.0,191.12,138.49
10980,UB-004892,60,1,191.47,0.0,191.47,144.82
10981,UB-004892,1,2,308.97,0.0,617.94,420.62
10982,UB-004893,134,2,944.07,5.0,1793.73,1266.4
10983,UB-004893,37,1,1028.48,20.0,822.78,831.45
10984,UB-004894,6,1,1001.67,5.0,951.59,692.29
10985,UB-004894,113,1,848.96,0.0,848.96,695.0
10986,UB-004895,120,3,719.76,5.0,2051.32,1465.5
10987,UB-004896,61,1,1065.97,5.0,1012.67,828.14
10988,UB-004896,19,1,661.43,10.0,595.29,474.21
10989,UB-004897,37,1,1030.68,0.0,1030.68,831.45
10990,UB-004898,144,1,413.18,0.0,413.18,300.62
10991,UB-004899,62,1,377.9,0.0,377.9,260.55
10992,UB-004900,101,1,1147.83,0.0,1147.83,893.27
10993,UB-004900,13,3,365.34,0.0,1096.02,707.73
10994,UB-004900,84,1,1279.51,0.0,1279.51,812.12
10995,UB-004901,81,1,1053.23,5.0,1000.57,710.48
10996,UB-004902,99,3,111.34,10.0,300.62,242.82
10997,UB-004903,63,2,249.96,15.0,424.93,334.46
10998,UB-004904,99,1,110.34,0.0,110.34,80.94
10999,UB-004904,11,1,450.7,5.0,428.16,366.75
11000,UB-004904,14,1,755.86,10.0,680.27,569.64
11001,UB-004904,18,2,848.93,0.0,1697.86,1297.42
11002,UB-004904,138,1,912.82,5.0,867.18,604.6
11003,UB-004905,140,1,299.37,0.0,299.37,195.06
11004,UB-004905,65,1,721.67,0.0,721.67,525.6
11005,UB-004905,125,3,333.07,15.0,849.33,641.19
11006,UB-004906,110,1,922.25,10.0,830.02,679.34
11007,UB-004906,28,1,888.8,0.0,888.8,673.25
11008,UB-004906,65,4,725.53,0.0,2902.12,2102.4
11009,UB-004906,38,2,1052.86,0.0,2105.72,1443.38
11010,UB-004907,93,2,92.47,10.0,166.45,145.66
11011,UB-004907,108,1,1146.81,0.0,1146.81,795.55
11012,UB-004907,83,1,873.38,0.0,873.38,707.0
11013,UB-004908,61,1,1082.4,15.0,920.04,828.14
11014,UB-004909,49,1,971.63,0.0,971.63,614.04
11015,UB-004910,135,2,612.34,0.0,1224.68,794.84
11016,UB-004911,36,1,845.52,0.0,845.52,533.78
11017,UB-004912,132,2,1237.36,10.0,2227.25,1620.16
11018,UB-004912,74,1,1134.68,15.0,964.48,882.89
11019,UB-004913,78,1,780.68,0.0,780.68,544.75
11020,UB-004913,70,2,1383.12,0.0,2766.24,1729.18
11021,UB-004913,102,2,1211.53,0.0,2423.06,1658.76
11022,UB-004914,116,1,759.87,5.0,721.88,498.56
11023,UB-004914,136,3,1368.58,10.0,3695.17,2600.94
11024,UB-004915,126,1,1281.22,15.0,1089.04,803.5
11025,UB-004915,72,1,949.11,0.0,949.11,741.6
11026,UB-004916,12,1,554.16,5.0,526.45,425.66
11027,UB-004916,23,1,915.95,15.0,778.56,627.54
11028,UB-004916,133,1,513.61,0.0,513.61,320.37
11029,UB-004917,14,1,743.84,15.0,632.26,569.64
11030,UB-004917,58,1,582.87,15.0,495.44,356.56
11031,UB-004918,80,1,406.27,0.0,406.27,302.58
11032,UB-004919,144,1,420.01,10.0,378.01,300.62
11033,UB-004920,114,1,1011.6,20.0,809.28,645.87
11034,UB-004920,132,1,1259.79,0.0,1259.79,810.08
11035,UB-004920,122,2,628.58,15.0,1068.59,1016.04
11036,UB-004921,4,1,815.72,10.0,734.15,608.34
11037,UB-004921,66,1,948.09,10.0,853.28,716.35
11038,UB-004921,64,3,322.16,0.0,966.48,642.81
11039,UB-004921,95,2,486.93,0.0,973.86,739.6
11040,UB-004922,40,3,377.55,0.0,1132.65,767.82
11041,UB-004923,73,3,981.58,10.0,2650.27,1988.94
11042,UB-004923,24,1,96.89,5.0,92.05,61.51
11043,UB-004924,73,2,995.56,0.0,1991.12,1325.96
11044,UB-004925,116,1,757.95,0.0,757.95,498.56
11045,UB-004925,38,1,1028.99,0.0,1028.99,721.69
11046,UB-004925,96,1,506.1,0.0,506.1,367.22
11047,UB-004925,61,1,1113.93,0.0,1113.93,828.14
11048,UB-004925,10,1,95.82,5.0,91.03,70.79
11049,UB-004926,118,1,646.42,0.0,646.42,421.79
11050,UB-004927,73,1,976.29,0.0,976.29,662.98
11051,UB-004928,111,1,678.88,15.0,577.05,556.79
11052,UB-004929,97,2,1167.96,0.0,2335.92,1425.1
11053,UB-004930,116,1,754.88,5.0,717.14,498.56
11054,UB-004931,139,1,707.87,15.0,601.69,504.16
11055,UB-004932,91,3,462.12,0.0,1386.36,963.21
11056,UB-004932,27,1,1070.55,20.0,856.44,891.38
11057,UB-004933,86,1,488.58,0.0,488.58,409.68
11058,UB-004933,100,1,200.54,0.0,200.54,158.88
11059,UB-004933,49,2,947.44,5.0,1800.14,1228.08
11060,UB-004933,139,3,720.05,0.0,2160.15,1512.48
11061,UB-004934,85,2,331.43,0.0,662.86,465.36
11062,UB-004934,29,1,715.64,0.0,715.64,536.32
11063,UB-004935,108,1,1126.01,5.0,1069.71,795.55
11064,UB-004936,53,1,1324.21,10.0,1191.79,865.12
11065,UB-004936,17,1,844.97,0.0,844.97,644.64
11066,UB-004936,16,1,1097.45,10.0,987.71,816.38
11067,UB-004936,29,3,747.75,0.0,2243.25,1608.96
11068,UB-004937,125,5,334.02,10.0,1503.09,1068.65
11069,UB-004937,96,3,514.09,0.0,1542.27,1101.66
11070,UB-004938,144,2,430.71,5.0,818.35,601.24
11071,UB-004938,32,2,102.8,0.0,205.6,159.7
11072,UB-004939,105,1,1252.69,0.0,1252.69,888.95
11073,UB-004940,71,4,188.55,0.0,754.2,488.28
11074,UB-004940,60,2,186.2,5.0,353.78,289.64
11075,UB-004941,62,1,377.65,5.0,358.77,260.55
11076,UB-004941,53,4,1252.25,0.0,5009.0,3460.48
11077,UB-004942,27,4,1102.98,10.0,3970.73,3565.52
11078,UB-004942,70,2,1407.47,0.0,2814.94,1729.18
11079,UB-004942,101,1,1127.68,10.0,1014.91,893.27
11080,UB-004943,116,1,771.22,5.0,732.66,498.56
11081,UB-004944,101,2,1087.81,0.0,2175.62,1786.54
11082,UB-004945,28,1,893.28,5.0,848.62,673.25
11083,UB-004945,42,2,616.45,0.0,1232.9,796.76
11084,UB-004945,95,3,494.31,10.0,1334.64,1109.4
11085,UB-004946,45,1,810.08,5.0,769.58,610.87
11086,UB-004946,29,1,726.99,5.0,690.64,536.32
11087,UB-004946,16,3,1093.52,15.0,2788.48,2449.14
11088,UB-004946,130,2,909.62,10.0,1637.32,1307.06
11089,UB-004947,5,1,1345.88,0.0,1345.88,872.25
11090,UB-004947,15,1,1223.42,20.0,978.74,855.33
11091,UB-004947,69,3,318.98,0.0,956.94,703.8
11092,UB-004948,82,1,1041.48,0.0,1041.48,685.33
11093,UB-004948,58,1,583.08,0.0,583.08,356.56
11094,UB-004948,123,2,478.61,20.0,765.78,657.8
11095,UB-004949,55,3,904.94,20.0,2171.86,1818.42
11096,UB-004950,25,1,638.25,10.0,574.43,496.28
11097,UB-004950,52,4,634.6,0.0,2538.4,1829.28
11098,UB-004951,57,2,774.33,5.0,1471.23,1135.4
11099,UB-004952,104,1,1289.88,20.0,1031.9,879.92
11100,UB-004952,43,2,166.31,0.0,332.62,233.76
11101,UB-004952,41,2,942.05,20.0,1507.28,1487.92
11102,UB-004953,35,1,797.83,15.0,678.16,567.63
11103,UB-004953,1,3,315.55,5.0,899.32,630.93
11104,UB-004954,18,2,829.77,15.0,1410.61,1297.42
11105,UB-004955,27,2,1067.33,0.0,2134.66,1782.76
11106,UB-004955,58,1,586.25,0.0,586.25,356.56
11107,UB-004955,11,2,470.92,10.0,847.66,733.5
11108,UB-004956,31,2,714.97,0.0,1429.94,1163.18
11109,UB-004957,28,2,876.97,0.0,1753.94,1346.5
11110,UB-004957,95,1,482.83,10.0,434.55,369.8
11111,UB-004958,22,2,653.89,0.0,1307.78,951.32
11112,UB-004958,136,1,1343.26,5.0,1276.1,866.98
11113,UB-004958,36,2,820.03,0.0,1640.06,1067.56
11114,UB-004959,56,1,514.28,0.0,514.28,348.78
11115,UB-004959,34,2,167.74,0.0,335.48,276.06
11116,UB-004959,107,2,327.02,0.0,654.04,456.9
11117,UB-004959,19,1,699.88,0.0,699.88,474.21
11118,UB-004960,140,1,294.93,0.0,294.93,195.06
11119,UB-004960,57,1,794.53,0.0,794.53,567.7
11120,UB-004961,27,5,1043.62,10.0,4696.29,4456.9
11121,UB-004962,38,2,1025.24,0.0,2050.48,1443.38
11122,UB-004962,107,4,319.88,5.0,1215.54,913.8
11123,UB-004963,132,2,1275.25,20.0,2040.4,1620.16
11124,UB-004964,80,1,392.68,0.0,392.68,302.58
11125,UB-004964,38,1,1044.18,0.0,1044.18,721.69
11126,UB-004965,108,2,1112.11,0.0,2224.22,1591.1
11127,UB-004966,22,1,658.77,20.0,527.02,475.66
11128,UB-004966,6,1,968.47,15.0,823.2,692.29
11129,UB-004967,5,1,1390.96,0.0,1390.96,872.25
11130,UB-004967,87,2,379.85,15.0,645.75,593.36
11131,UB-004968,49,1,985.41,20.0,788.33,614.04
11132,UB-004968,97,2,1163.89,0.0,2327.78,1425.1
11133,UB-004968,40,4,378.55,0.0,1514.2,1023.76
11134,UB-004968,42,4,612.24,5.0,2326.51,1593.52
11135,UB-004969,111,1,661.0,5.0,627.95,556.79
11136,UB-004969,67,1,158.82,0.0,158.82,96.2
11137,UB-004969,22,2,654.48,5.0,1243.51,951.32
11138,UB-004969,8,1,369.7,0.0,369.7,293.44
11139,UB-004970,121,4,895.48,0.0,3581.92,2734.76
11140,UB-004970,50,2,423.45,20.0,677.52,655.38
11141,UB-004971,129,1,1204.87,5.0,1144.63,766.85
11142,UB-004971,56,1,501.82,0.0,501.82,348.78
11143,UB-004971,78,1,820.18,0.0,820.18,544.75
11144,UB-004972,143,2,788.74,0.0,1577.48,1229.42
11145,UB-004973,38,1,1076.53,0.0,1076.53,721.69
11146,UB-004973,35,1,770.68,0.0,770.68,567.63
11147,UB-004974,126,2,1265.33,0.0,2530.66,1607.0
11148,UB-004974,8,2,376.14,10.0,677.05,586.88
11149,UB-004974,97,4,1140.22,0.0,4560.88,2850.2
11150,UB-004975,32,3,107.76,0.0,323.28,239.55
11151,UB-004975,113,2,888.86,10.0,1599.95,1390.0
11152,UB-004976,50,2,440.62,15.0,749.05,655.38
11153,UB-004976,78,2,789.25,0.0,1578.5,1089.5
11154,UB-004976,71,1,190.08,5.0,180.58,122.07
11155,UB-004977,9,2,681.78,10.0,1227.2,1003.38
11156,UB-004978,78,1,787.49,10.0,708.74,544.75
11157,UB-004979,21,1,781.74,10.0,703.57,582.06
11158,UB-004979,86,1,498.76,5.0,473.82,409.68
11159,UB-004979,6,1,980.04,20.0,784.03,692.29
11160,UB-004979,129,5,1189.17,0.0,5945.85,3834.25
11161,UB-004980,115,2,1187.38,0.0,2374.76,1597.84
11162,UB-004981,13,1,370.26,5.0,351.75,235.91
11163,UB-004982,102,2,1187.25,10.0,2137.05,1658.76
11164,UB-004983,48,2,348.85,0.0,697.7,509.26
11165,UB-004983,50,2,430.27,5.0,817.51,655.38
11166,UB-004984,61,2,1097.75,15.0,1866.17,1656.28
11167,UB-004985,29,1,741.48,5.0,704.41,536.32
11168,UB-004985,86,1,483.95,20.0,387.16,409.68
11169,UB-004985,44,1,798.3,15.0,678.55,587.81
11170,UB-004985,89,1,570.6,5.0,542.07,419.15
11171,UB-004985,67,2,158.7,10.0,285.66,192.4
11172,UB-004986,77,3,279.46,10.0,754.54,586.89
11173,UB-004987,40,1,359.09,0.0,359.09,255.94
11174,UB-004987,113,1,858.5,0.0,858.5,695.0
11175,UB-004987,53,1,1311.4,10.0,1180.26,865.12
11176,UB-004987,22,3,644.79,0.0,1934.37,1426.98
11177,UB-004988,8,2,378.79,10.0,681.82,586.88
11178,UB-004989,74,2,1140.26,0.0,2280.52,1765.78
11179,UB-004989,115,2,1217.82,0.0,2435.64,1597.84
11180,UB-004989,55,1,919.68,0.0,919.68,606.14
11181,UB-004990,100,1,209.15,0.0,209.15,158.88
11182,UB-004990,73,1,996.55,0.0,996.55,662.98
11183,UB-004990,139,1,712.35,0.0,712.35,504.16
11184,UB-004990,84,3,1292.6,10.0,3490.02,2436.36
11185,UB-004990,108,2,1094.82,0.0,2189.64,1591.1
11186,UB-004991,141,1,274.28,0.0,274.28,185.67
11187,UB-004992,18,3,805.97,5.0,2297.01,1946.13
11188,UB-004992,132,3,1276.87,0.0,3830.61,2430.24
11189,UB-004993,51,1,240.73,15.0,204.62,158.99
11190,UB-004994,32,1,104.78,15.0,89.06,79.85
11191,UB-004994,47,4,107.15,10.0,385.74,349.92
11192,UB-004995,106,3,1061.11,10.0,2865.0,2159.28
11193,UB-004995,38,2,1055.54,0.0,2111.08,1443.38
11194,UB-004995,53,1,1312.64,0.0,1312.64,865.12
11195,UB-004995,59,1,295.1,0.0,295.1,241.88
11196,UB-004996,107,1,314.34,0.0,314.34,228.45
11197,UB-004996,17,3,864.3,10.0,2333.61,1933.92
11198,UB-004997,59,2,291.85,0.0,583.7,483.76
11199,UB-004997,57,1,793.73,15.0,674.67,567.7
11200,UB-004998,135,2,630.65,0.0,1261.3,794.84
11201,UB-004998,52,2,647.7,5.0,1230.63,914.64
11202,UB-004998,3,2,1137.6,0.0,2275.2,1448.08
11203,UB-004998,69,3,318.65,10.0,860.35,703.8
11204,UB-004999,138,2,937.45,0.0,1874.9,1209.2
11205,UB-005000,117,1,554.42,0.0,554.42,410.43
11206,UB-005000,109,3,160.13,10.0,432.35,296.4
11207,UB-005000,64,1,322.96,15.0,274.52,214.27
11208,UB-005000,10,1,99.73,10.0,89.76,70.79
11209,UB-005001,5,3,1354.38,15.0,3453.67,2616.75
11210,UB-005002,65,1,730.0,5.0,693.5,525.6
11211,UB-005002,27,1,1077.75,0.0,1077.75,891.38
11212,UB-005003,34,2,166.4,0.0,332.8,276.06
11213,UB-005003,25,3,656.16,0.0,1968.48,1488.84
11214,UB-005004,83,2,881.99,0.0,1763.98,1414.0
11215,UB-005004,39,2,873.53,10.0,1572.35,1228.14
11216,UB-005005,130,1,937.51,15.0,796.88,653.53
11217,UB-005006,68,1,225.81,0.0,225.81,161.19
11218,UB-005007,7,1,1037.1,0.0,1037.1,753.75
11219,UB-005008,15,1,1250.72,0.0,1250.72,855.33
11220,UB-005009,60,1,186.27,0.0,186.27,144.82
11221,UB-005010,52,4,656.73,0.0,2626.92,1829.28
11222,UB-005011,118,1,641.81,0.0,641.81,421.79
11223,UB-005012,69,5,307.33,0.0,1536.65,1173.0
11224,UB-005012,88,1,692.59,0.0,692.59,553.89
11225,UB-005013,70,3,1343.7,10.0,3627.99,2593.77
11226,UB-005013,103,1,911.59,10.0,820.43,681.52
11227,UB-005014,38,1,1080.95,0.0,1080.95,721.69
11228,UB-005014,88,1,713.1,0.0,713.1,553.89
11229,UB-005014,33,2,439.34,0.0,878.68,593.12
11230,UB-005014,47,3,106.84,0.0,320.52,262.44
11231,UB-005014,133,1,514.82,5.0,489.08,320.37
11232,UB-005015,11,2,464.51,0.0,929.02,733.5
11233,UB-005015,98,2,590.99,0.0,1181.98,934.66
11234,UB-005016,132,1,1271.83,10.0,1144.65,810.08
11235,UB-005017,39,1,846.78,0.0,846.78,614.07
11236,UB-005017,102,4,1191.32,10.0,4288.75,3317.52
11237,UB-005017,1,4,298.42,10.0,1074.31,841.24
11238,UB-005017,94,2,759.34,5.0,1442.75,1076.72
11239,UB-005018,93,1,90.49,0.0,90.49,72.83
11240,UB-005019,93,3,92.24,0.0,276.72,218.49
11241,UB-005020,108,1,1097.68,5.0,1042.8,795.55
11242,UB-005020,134,1,967.43,0.0,967.43,633.2
11243,UB-005021,106,1,1056.28,5.0,1003.47,719.76
11244,UB-005021,89,1,584.45,10.0,526.01,419.15
11245,UB-005021,16,2,1069.82,0.0,2139.64,1632.76
11246,UB-005022,53,1,1257.51,0.0,1257.51,865.12
11247,UB-005023,128,2,173.35,0.0,346.7,283.82
11248,UB-005023,133,2,515.78,5.0,979.98,640.74
11249,UB-005023,107,1,318.59,10.0,286.73,228.45
11250,UB-005023,137,1,1273.91,0.0,1273.91,816.22
11251,UB-005024,13,3,362.58,0.0,1087.74,707.73
11252,UB-005024,52,2,661.62,0.0,1323.24,914.64
11253,UB-005025,2,1,485.33,0.0,485.33,371.22
11254,UB-005025,64,1,324.19,0.0,324.19,214.27
11255,UB-005025,4,3,781.46,0.0,2344.38,1825.02
11256,UB-005026,54,1,1035.85,0.0,1035.85,807.18
11257,UB-005026,79,1,741.08,5.0,704.03,478.88
11258,UB-005027,134,1,964.63,0.0,964.63,633.2
11259,UB-005027,82,1,1021.25,0.0,1021.25,685.33
11260,UB-005027,81,2,1059.35,0.0,2118.7,1420.96
11261,UB-005027,109,3,153.83,0.0,461.49,296.4
11262,UB-005028,86,3,492.75,5.0,1404.34,1229.04
11263,UB-005028,36,1,857.98,0.0,857.98,533.78
11264,UB-005028,118,4,638.22,5.0,2425.24,1687.16
11265,UB-005028,79,1,748.95,0.0,748.95,478.88
11266,UB-005029,53,2,1293.3,15.0,2198.61,1730.24
11267,UB-005030,136,1,1386.74,20.0,1109.39,866.98
11268,UB-005031,90,3,692.02,5.0,1972.26,1521.78
11269,UB-005031,142,2,477.73,0.0,955.46,812.58
11270,UB-005031,24,2,95.66,0.0,191.32,123.02
11271,UB-005031,62,1,393.09,0.0,393.09,260.55
11272,UB-005032,43,1,171.99,0.0,171.99,116.88
11273,UB-005032,118,4,623.17,10.0,2243.41,1687.16
11274,UB-005033,25,1,637.35,15.0,541.75,496.28
11275,UB-005034,106,1,1065.36,0.0,1065.36,719.76
11276,UB-005035,91,1,470.74,10.0,423.67,321.07
11277,UB-005036,67,2,157.13,0.0,314.26,192.4
11278,UB-005037,63,3,255.91,20.0,614.18,501.69
11279,UB-005037,45,1,818.57,0.0,818.57,610.87
11280,UB-005038,11,1,468.7,0.0,468.7,366.75
11281,UB-005038,17,1,865.12,5.0,821.86,644.64
11282,UB-005038,126,1,1263.38,0.0,1263.38,803.5
11283,UB-005039,86,2,491.14,0.0,982.28,819.36
11284,UB-005040,45,1,810.42,5.0,769.9,610.87
11285,UB-005041,133,5,502.27,5.0,2385.78,1601.85
11286,UB-005041,57,1,788.66,10.0,709.79,567.7
11287,UB-005042,74,1,1162.51,0.0,1162.51,882.89
11288,UB-005042,97,2,1118.47,15.0,1901.4,1425.1
11289,UB-005042,115,2,1217.65,10.0,2191.77,1597.84
11290,UB-005043,52,1,643.32,15.0,546.82,457.32
11291,UB-005043,69,1,317.86,10.0,286.07,234.6
11292,UB-005044,81,1,1041.7,0.0,1041.7,710.48
11293,UB-005044,139,2,691.97,0.0,1383.94,1008.32
11294,UB-005044,21,2,761.3,0.0,1522.6,1164.12
11295,UB-005044,57,1,773.67,0.0,773.67,567.7
11296,UB-005044,106,2,1027.22,0.0,2054.44,1439.52
11297,UB-005045,99,1,110.1,0.0,110.1,80.94
11298,UB-005045,17,3,840.73,15.0,2143.86,1933.92
11299,UB-005045,43,3,172.31,10.0,465.24,350.64
11300,UB-005046,45,1,790.71,0.0,790.71,610.87
11301,UB-005046,103,1,922.34,0.0,922.34,681.52
11302,UB-005046,39,1,880.59,10.0,792.53,614.07
11303,UB-005047,57,1,791.67,0.0,791.67,567.7
11304,UB-005047,81,1,1049.81,0.0,1049.81,710.48
11305,UB-005047,34,4,159.7,0.0,638.8,552.12
11306,UB-005048,29,1,742.67,0.0,742.67,536.32
11307,UB-005048,88,5,694.0,0.0,3470.0,2769.45
11308,UB-005048,129,1,1181.97,5.0,1122.87,766.85
11309,UB-005049,17,1,860.35,10.0,774.32,644.64
11310,UB-005049,69,2,307.66,0.0,615.32,469.2
11311,UB-005050,15,2,1234.59,0.0,2469.18,1710.66
11312,UB-005051,38,2,1073.72,10.0,1932.7,1443.38
11313,UB-005052,50,1,426.74,0.0,426.74,327.69
11314,UB-005052,47,1,108.5,15.0,92.22,87.48
11315,UB-005053,117,3,532.61,0.0,1597.83,1231.29
11316,UB-005053,37,1,1060.46,10.0,954.41,831.45
11317,UB-005053,12,1,561.24,0.0,561.24,425.66
11318,UB-005053,123,4,480.83,5.0,1827.15,1315.6
11319,UB-005053,43,2,173.13,5.0,328.95,233.76
11320,UB-005054,52,4,645.47,0.0,2581.88,1829.28
11321,UB-005054,9,1,681.09,5.0,647.04,501.69
11322,UB-005054,132,3,1256.8,0.0,3770.4,2430.24
11323,UB-005055,20,1,966.8,0.0,966.8,674.24
11324,UB-005056,85,3,340.77,0.0,1022.31,698.04
11325,UB-005056,57,1,775.45,0.0,775.45,567.7
11326,UB-005056,31,1,745.25,5.0,707.99,581.59
11327,UB-005057,54,2,1047.85,10.0,1886.13,1614.36
11328,UB-005058,27,1,1044.63,0.0,1044.63,891.38
11329,UB-005058,42,4,601.84,0.0,2407.36,1593.52
11330,UB-005059,24,2,96.77,0.0,193.54,123.02
11331,UB-005059,58,1,570.05,10.0,513.04,356.56
11332,UB-005059,114,1,1000.73,0.0,1000.73,645.87
11333,UB-005060,81,1,1044.82,20.0,835.86,710.48
11334,UB-005061,44,1,773.36,0.0,773.36,587.81
11335,UB-005062,24,2,96.71,0.0,193.42,123.02
11336,UB-005062,126,1,1240.87,5.0,1178.83,803.5
11337,UB-005063,25,1,648.21,5.0,615.8,496.28
11338,UB-005064,111,1,665.98,0.0,665.98,556.79
11339,UB-005064,121,1,923.95,5.0,877.75,683.69
11340,UB-005064,4,1,794.54,15.0,675.36,608.34
11341,UB-005065,91,3,452.45,0.0,1357.35,963.21
11342,UB-005065,141,2,276.96,5.0,526.22,371.34
11343,UB-005065,74,1,1168.88,0.0,1168.88,882.89
11344,UB-005065,62,2,389.61,15.0,662.34,521.1
11345,UB-005066,103,2,918.86,0.0,1837.72,1363.04
11346,UB-005066,138,1,906.93,10.0,816.24,604.6
11347,UB-005066,47,2,104.44,0.0,208.88,174.96
11348,UB-005067,101,1,1088.95,5.0,1034.5,893.27
11349,UB-005068,115,2,1180.74,10.0,2125.33,1597.84
11350,UB-005068,125,3,327.66,0.0,982.98,641.19
11351,UB-005068,113,1,873.83,10.0,786.45,695.0
11352,UB-005069,54,1,1032.87,0.0,1032.87,807.18
11353,UB-005069,143,1,785.5,0.0,785.5,614.71
11354,UB-005070,82,2,1019.02,0.0,2038.04,1370.66
11355,UB-005071,17,2,868.33,20.0,1389.33,1289.28
11356,UB-005072,8,2,384.14,0.0,768.28,586.88
11357,UB-005073,137,1,1270.5,10.0,1143.45,816.22
11358,UB-005073,7,3,1059.06,0.0,3177.18,2261.25
11359,UB-005073,34,1,158.84,0.0,158.84,138.03
11360,UB-005073,57,1,762.31,10.0,686.08,567.7
11361,UB-005073,61,3,1090.07,0.0,3270.21,2484.42
11362,UB-005074,55,1,909.0,0.0,909.0,606.14
11363,UB-005075,141,1,282.48,0.0,282.48,185.67
11364,UB-005076,35,1,814.08,10.0,732.67,567.63
11365,UB-005076,109,2,153.98,0.0,307.96,197.6
11366,UB-005076,67,1,156.22,0.0,156.22,96.2
11367,UB-005076,96,2,510.26,0.0,1020.52,734.44
11368,UB-005077,82,1,1040.1,5.0,988.09,685.33
11369,UB-005078,139,4,720.22,0.0,2880.88,2016.64
11370,UB-005078,74,2,1169.82,5.0,2222.66,1765.78
11371,UB-005078,140,4,293.85,0.0,1175.4,780.24
11372,UB-005079,59,2,292.51,10.0,526.52,483.76
11373,UB-005079,71,2,184.84,0.0,369.68,244.14
11374,UB-005080,4,1,805.92,0.0,805.92,608.34
11375,UB-005081,48,2,361.25,0.0,722.5,509.26
11376,UB-005081,113,2,888.27,10.0,1598.89,1390.0
11377,UB-005082,127,2,299.02,0.0,598.04,444.52
11378,UB-005082,43,3,173.42,15.0,442.22,350.64
11379,UB-005083,60,2,193.33,10.0,347.99,289.64
11380,UB-005084,100,3,205.2,5.0,584.82,476.64
11381,UB-005084,14,1,772.47,0.0,772.47,569.64
11382,UB-005084,37,2,1032.07,0.0,2064.14,1662.9
11383,UB-005085,53,1,1263.02,5.0,1199.87,865.12
11384,UB-005086,24,1,94.07,0.0,94.07,61.51
11385,UB-005087,1,1,301.55,0.0,301.55,210.31
11386,UB-005088,90,1,681.4,5.0,647.33,507.26
11387,UB-005088,91,3,463.69,0.0,1391.07,963.21
11388,UB-005088,105,1,1280.09,15.0,1088.08,888.95
11389,UB-005088,22,3,663.31,20.0,1591.94,1426.98
11390,UB-005089,59,3,305.49,0.0,916.47,725.64
11391,UB-005089,73,2,1015.38,5.0,1929.22,1325.96
11392,UB-005090,109,1,154.31,0.0,154.31,98.8
11393,UB-005090,41,2,896.57,0.0,1793.14,1487.92
11394,UB-005091,68,1,222.04,0.0,222.04,161.19
11395,UB-005091,54,1,1000.58,20.0,800.46,807.18
11396,UB-005091,3,1,1109.11,10.0,998.2,724.04
11397,UB-005092,137,1,1260.61,0.0,1260.61,816.22
11398,UB-005093,76,1,817.24,0.0,817.24,616.89
11399,UB-005093,39,1,863.18,5.0,820.02,614.07
11400,UB-005093,50,2,422.33,5.0,802.43,655.38
11401,UB-005094,127,1,302.88,0.0,302.88,222.26
11402,UB-005094,114,1,994.57,0.0,994.57,645.87
11403,UB-005094,66,1,970.75,5.0,922.21,716.35
11404,UB-005094,122,1,640.74,0.0,640.74,508.02
11405,UB-005095,8,1,386.49,5.0,367.17,293.44
11406,UB-005095,44,1,754.89,5.0,717.15,587.81
11407,UB-005096,69,1,303.91,20.0,243.13,234.6
11408,UB-005097,48,1,362.89,15.0,308.46,254.63
11409,UB-005097,12,1,546.23,5.0,518.92,425.66
11410,UB-005098,101,1,1111.02,5.0,1055.47,893.27
11411,UB-005098,14,2,755.14,0.0,1510.28,1139.28
11412,UB-005098,72,4,956.6,10.0,3443.76,2966.4
11413,UB-005099,109,2,155.39,10.0,279.7,197.6
11414,UB-005099,8,1,376.48,0.0,376.48,293.44
11415,UB-005100,52,2,646.89,0.0,1293.78,914.64
11416,UB-005100,136,1,1365.63,10.0,1229.07,866.98
11417,UB-005100,40,1,367.38,5.0,349.01,255.94
11418,UB-005100,55,2,914.5,5.0,1737.55,1212.28
11419,UB-005101,107,1,329.81,0.0,329.81,228.45
11420,UB-005101,31,2,715.12,15.0,1215.7,1163.18
11421,UB-005101,95,1,493.63,10.0,444.27,369.8
11422,UB-005102,9,1,700.92,0.0,700.92,501.69
11423,UB-005102,102,1,1205.06,0.0,1205.06,829.38
11424,UB-005102,46,1,219.13,0.0,219.13,167.81
11425,UB-005102,115,3,1221.33,5.0,3480.79,2396.76
11426,UB-005103,9,2,695.31,0.0,1390.62,1003.38
11427,UB-005104,68,1,228.02,5.0,216.62,161.19
11428,UB-005105,102,1,1240.8,15.0,1054.68,829.38
11429,UB-005105,120,1,733.42,0.0,733.42,488.5
11430,UB-005106,47,2,103.41,0.0,206.82,174.96
11431,UB-005106,22,3,658.82,0.0,1976.46,1426.98
11432,UB-005107,131,1,928.51,10.0,835.66,688.03
11433,UB-005107,1,1,307.66,10.0,276.89,210.31
11434,UB-005108,13,4,372.75,10.0,1341.9,943.64
11435,UB-005108,8,1,382.06,0.0,382.06,293.44
11436,UB-005109,53,1,1318.13,0.0,1318.13,865.12
11437,UB-005110,136,3,1398.75,0.0,4196.25,2600.94
11438,UB-005111,31,4,741.88,10.0,2670.77,2326.36
11439,UB-005111,132,2,1250.06,10.0,2250.11,1620.16
11440,UB-005111,87,1,386.96,0.0,386.96,296.68
11441,UB-005111,58,1,562.91,0.0,562.91,356.56
11442,UB-005111,119,1,587.96,20.0,470.37,477.5
11443,UB-005112,82,1,1055.4,5.0,1002.63,685.33
11444,UB-005112,59,3,288.7,0.0,866.1,725.64
11445,UB-005113,106,3,1025.32,0.0,3075.96,2159.28
11446,UB-005113,97,1,1148.59,15.0,976.3,712.55
11447,UB-005113,64,1,316.38,0.0,316.38,214.27
11448,UB-005113,131,1,901.78,10.0,811.6,688.03
11449,UB-005113,62,3,390.41,0.0,1171.23,781.65
11450,UB-005114,38,1,1061.09,5.0,1008.04,721.69
11451,UB-005115,142,3,491.53,0.0,1474.59,1218.87
11452,UB-005116,56,1,509.79,0.0,509.79,348.78
11453,UB-005116,54,5,1006.09,10.0,4527.4,4035.9
11454,UB-005117,47,1,108.27,0.0,108.27,87.48
11455,UB-005118,131,2,897.39,0.0,1794.78,1376.06
11456,UB-005118,39,3,886.87,15.0,2261.52,1842.21
11457,UB-005119,104,2,1272.63,0.0,2545.26,1759.84
11458,UB-005119,12,2,564.57,0.0,1129.14,851.32
11459,UB-005120,14,1,774.59,20.0,619.67,569.64
11460,UB-005120,106,2,1079.74,0.0,2159.48,1439.52
11461,UB-005120,40,1,365.81,0.0,365.81,255.94
11462,UB-005120,68,2,227.68,5.0,432.59,322.38
11463,UB-005121,5,1,1384.21,10.0,1245.79,872.25
11464,UB-005121,138,1,936.48,0.0,936.48,604.6
11465,UB-005121,114,2,1028.85,15.0,1749.04,1291.74
11466,UB-005122,136,1,1395.33,15.0,1186.03,866.98
11467,UB-005123,139,4,711.22,5.0,2702.64,2016.64
11468,UB-005123,43,1,172.35,0.0,172.35,116.88
11469,UB-005124,144,2,424.15,5.0,805.88,601.24
11470,UB-005124,7,1,1034.63,5.0,982.9,753.75
11471,UB-005125,68,5,228.14,15.0,969.59,805.95
11472,UB-005126,18,2,842.8,0.0,1685.6,1297.42
11473,UB-005127,42,4,610.08,0.0,2440.32,1593.52
11474,UB-005127,87,3,390.45,0.0,1171.35,890.04
11475,UB-005127,90,1,685.7,0.0,685.7,507.26
11476,UB-005128,36,1,825.41,0.0,825.41,533.78
11477,UB-005129,138,1,926.09,10.0,833.48,604.6
11478,UB-005129,89,3,601.66,0.0,1804.98,1257.45
11479,UB-005129,12,1,566.35,10.0,509.72,425.66
11480,UB-005130,85,1,328.36,0.0,328.36,232.68
11481,UB-005130,30,3,1373.15,10.0,3707.51,2595.33
11482,UB-005131,141,1,282.18,20.0,225.74,185.67
11483,UB-005132,102,5,1228.69,0.0,6143.45,4146.9
11484,UB-005132,8,1,364.62,0.0,364.62,293.44
11485,UB-005132,94,2,770.8,15.0,1310.36,1076.72
11486,UB-005132,85,2,327.5,0.0,655.0,465.36
11487,UB-005133,49,1,986.65,5.0,937.32,614.04
11488,UB-005133,35,1,780.04,0.0,780.04,567.63
11489,UB-005133,94,4,747.97,0.0,2991.88,2153.44
11490,UB-005134,49,1,956.6,0.0,956.6,614.04
11491,UB-005134,143,3,822.74,5.0,2344.81,1844.13
11492,UB-005135,81,2,1055.0,10.0,1899.0,1420.96
11493,UB-005135,40,2,380.53,0.0,761.06,511.88
11494,UB-005135,61,3,1081.21,5.0,3081.45,2484.42
11495,UB-005136,117,1,558.48,0.0,558.48,410.43
11496,UB-005136,98,1,570.34,0.0,570.34,467.33
11497,UB-005136,26,1,219.69,5.0,208.71,138.49
11498,UB-005136,118,1,621.45,0.0,621.45,421.79
11499,UB-005136,79,2,763.16,0.0,1526.32,957.76
11500,UB-005137,86,4,500.55,0.0,2002.2,1638.72
11501,UB-005138,85,1,333.2,0.0,333.2,232.68
11502,UB-005138,123,2,468.36,0.0,936.72,657.8
11503,UB-005138,3,1,1139.92,10.0,1025.93,724.04
11504,UB-005139,61,1,1063.24,0.0,1063.24,828.14
11505,UB-005139,132,1,1278.03,10.0,1150.23,810.08
11506,UB-005140,32,5,106.49,0.0,532.45,399.25
11507,UB-005141,91,3,448.48,20.0,1076.35,963.21
11508,UB-005141,25,2,675.81,0.0,1351.62,992.56
11509,UB-005142,131,1,890.15,10.0,801.13,688.03
11510,UB-005142,65,1,735.39,20.0,588.31,525.6
11511,UB-005142,137,1,1263.05,0.0,1263.05,816.22
11512,UB-005143,48,1,355.92,0.0,355.92,254.63
11513,UB-005143,28,1,865.2,0.0,865.2,673.25
11514,UB-005144,70,3,1417.25,15.0,3613.99,2593.77
11515,UB-005144,47,1,106.2,0.0,106.2,87.48
11516,UB-005145,118,2,637.38,10.0,1147.28,843.58
11517,UB-005145,111,1,644.2,10.0,579.78,556.79
11518,UB-005145,80,1,398.02,0.0,398.02,302.58
11519,UB-005145,113,2,893.52,0.0,1787.04,1390.0
11520,UB-005146,5,1,1376.79,0.0,1376.79,872.25
11521,UB-005146,111,2,668.99,10.0,1204.18,1113.58
11522,UB-005146,48,1,349.83,0.0,349.83,254.63
11523,UB-005146,26,1,216.15,0.0,216.15,138.49
11524,UB-005146,18,2,848.16,5.0,1611.5,1297.42
11525,UB-005147,35,1,780.99,15.0,663.84,567.63
11526,UB-005147,69,1,305.29,0.0,305.29,234.6
11527,UB-005147,127,1,299.27,0.0,299.27,222.26
11528,UB-005148,134,1,925.39,0.0,925.39,633.2
11529,UB-005149,68,2,219.39,15.0,372.96,322.38
11530,UB-005149,6,1,976.34,5.0,927.52,692.29
11531,UB-005149,24,5,92.37,10.0,415.67,307.55
11532,UB-005150,39,1,851.37,0.0,851.37,614.07
11533,UB-005150,7,2,1067.43,15.0,1814.63,1507.5
11534,UB-005151,93,1,93.34,0.0,93.34,72.83
11535,UB-005151,122,1,639.21,15.0,543.33,508.02
11536,UB-005152,6,2,968.0,0.0,1936.0,1384.58
11537,UB-005152,80,1,394.73,0.0,394.73,302.58
11538,UB-005152,93,1,90.49,0.0,90.49,72.83
11539,UB-005152,119,1,588.36,10.0,529.52,477.5
11540,UB-005152,17,1,862.38,0.0,862.38,644.64
11541,UB-005153,63,1,257.94,0.0,257.94,167.23
11542,UB-005153,85,1,323.43,0.0,323.43,232.68
11543,UB-005154,57,1,779.19,10.0,701.27,567.7
11544,UB-005155,67,1,149.8,0.0,149.8,96.2
11545,UB-005156,62,1,392.39,10.0,353.15,260.55
11546,UB-005156,119,1,602.4,15.0,512.04,477.5
11547,UB-005157,60,1,193.48,0.0,193.48,144.82
11548,UB-005157,53,1,1296.0,0.0,1296.0,865.12
11549,UB-005157,10,1,99.9,0.0,99.9,70.79
11550,UB-005158,4,1,814.94,0.0,814.94,608.34
11551,UB-005159,82,2,1035.89,10.0,1864.6,1370.66
11552,UB-005159,68,2,222.3,20.0,355.68,322.38
11553,UB-005160,35,2,804.91,0.0,1609.82,1135.26
11554,UB-005160,37,2,1070.18,20.0,1712.29,1662.9
11555,UB-005160,111,3,670.16,0.0,2010.48,1670.37
11556,UB-005161,2,2,509.84,10.0,917.71,742.44
11557,UB-005162,52,4,660.1,0.0,2640.4,1829.28
11558,UB-005163,7,2,1010.31,10.0,1818.56,1507.5
11559,UB-005163,65,1,739.54,10.0,665.59,525.6
11560,UB-005164,136,2,1409.25,0.0,2818.5,1733.96
11561,UB-005164,20,1,967.79,10.0,871.01,674.24
11562,UB-005164,122,5,654.27,10.0,2944.22,2540.1
11563,UB-005164,55,2,927.73,0.0,1855.46,1212.28
11564,UB-005164,70,2,1409.39,0.0,2818.78,1729.18
11565,UB-005165,38,1,1047.98,0.0,1047.98,721.69
11566,UB-005165,91,1,459.05,0.0,459.05,321.07
11567,UB-005165,82,1,1047.8,20.0,838.24,685.33
11568,UB-005165,30,2,1375.99,10.0,2476.78,1730.22
11569,UB-005165,118,1,633.58,15.0,538.54,421.79
11570,UB-005166,141,1,273.99,0.0,273.99,185.67
11571,UB-005167,104,2,1242.92,0.0,2485.84,1759.84
11572,UB-005167,138,1,892.27,0.0,892.27,604.6
11573,UB-005167,4,2,781.08,0.0,1562.16,1216.68
11574,UB-005168,94,2,764.75,0.0,1529.5,1076.72
11575,UB-005168,10,2,97.22,0.0,194.44,141.58
11576,UB-005168,78,3,793.18,5.0,2260.56,1634.25
11577,UB-005169,4,2,793.21,0.0,1586.42,1216.68
11578,UB-005170,140,1,301.78,0.0,301.78,195.06
11579,UB-005170,127,1,295.66,15.0,251.31,222.26
11580,UB-005171,135,1,630.71,0.0,630.71,397.42
11581,UB-005171,45,1,812.85,5.0,772.21,610.87
11582,UB-005172,5,3,1364.88,5.0,3889.91,2616.75
11583,UB-005173,19,2,669.28,0.0,1338.56,948.42
11584,UB-005173,92,1,844.36,5.0,802.14,524.51
11585,UB-005174,21,1,798.79,15.0,678.97,582.06
11586,UB-005175,37,2,1046.41,5.0,1988.18,1662.9
11587,UB-005175,43,2,165.84,10.0,298.51,233.76
11588,UB-005175,141,2,281.05,20.0,449.68,371.34
11589,UB-005175,21,2,787.74,5.0,1496.71,1164.12
11590,UB-005176,122,2,628.37,5.0,1193.9,1016.04
11591,UB-005176,40,4,363.26,0.0,1453.04,1023.76
11592,UB-005177,109,3,156.75,10.0,423.23,296.4
11593,UB-005177,57,3,762.96,0.0,2288.88,1703.1
11594,UB-005178,7,3,1026.8,5.0,2926.38,2261.25
11595,UB-005178,130,3,925.41,0.0,2776.23,1960.59
11596,UB-005179,57,1,779.07,5.0,740.12,567.7
11597,UB-005179,88,1,680.54,20.0,544.43,553.89
11598,UB-005180,110,1,952.64,0.0,952.64,679.34
11599,UB-005181,37,1,1072.14,5.0,1018.53,831.45
11600,UB-005181,5,1,1410.94,10.0,1269.85,872.25
11601,UB-005182,6,4,995.9,0.0,3983.6,2769.16
11602,UB-005182,135,1,622.21,0.0,622.21,397.42
11603,UB-005183,82,1,1042.02,10.0,937.82,685.33
11604,UB-005183,24,2,95.02,20.0,152.03,123.02
11605,UB-005183,27,1,1088.48,5.0,1034.06,891.38
11606,UB-005183,135,1,610.0,10.0,549.0,397.42
11607,UB-005184,139,4,700.45,0.0,2801.8,2016.64
11608,UB-005184,84,1,1301.85,0.0,1301.85,812.12
11609,UB-005184,71,1,191.36,10.0,172.22,122.07
11610,UB-005184,96,1,492.59,0.0,492.59,367.22
11611,UB-005185,144,2,419.69,0.0,839.38,601.24
11612,UB-005185,7,2,1043.1,0.0,2086.2,1507.5
11613,UB-005185,65,1,701.53,10.0,631.38,525.6
11614,UB-005186,83,3,877.53,10.0,2369.33,2121.0
11615,UB-005187,47,1,109.07,0.0,109.07,87.48
11616,UB-005187,32,1,104.24,0.0,104.24,79.85
11617,UB-005188,52,3,659.67,0.0,1979.01,1371.96
11618,UB-005189,73,3,1010.06,5.0,2878.67,1988.94
11619,UB-005189,58,1,561.22,15.0,477.04,356.56
11620,UB-005189,48,2,368.31,0.0,736.62,509.26
11621,UB-005189,1,2,305.57,0.0,611.14,420.62
11622,UB-005190,141,1,277.83,5.0,263.94,185.67
11623,UB-005190,70,3,1349.59,10.0,3643.89,2593.77
11624,UB-005190,134,1,926.08,0.0,926.08,633.2
11625,UB-005191,75,1,903.28,20.0,722.62,587.78
11626,UB-005191,81,1,1063.14,20.0,850.51,710.48
11627,UB-005191,29,1,710.34,15.0,603.79,536.32
11628,UB-005192,78,1,797.79,0.0,797.79,544.75
11629,UB-005192,105,1,1264.61,0.0,1264.61,888.95
11630,UB-005193,12,1,547.56,10.0,492.8,425.66
11631,UB-005194,38,2,1046.12,0.0,2092.24,1443.38
11632,UB-005194,67,1,158.38,10.0,142.54,96.2
11633,UB-005195,26,2,222.34,0.0,444.68,276.98
11634,UB-005196,91,2,455.69,5.0,865.81,642.14
11635,UB-005196,21,1,785.25,0.0,785.25,582.06
11636,UB-005196,96,1,515.18,0.0,515.18,367.22
11637,UB-005196,115,1,1177.9,0.0,1177.9,798.92
11638,UB-005196,54,2,1018.83,5.0,1935.78,1614.36
11639,UB-005197,16,4,1050.76,0.0,4203.04,3265.52
11640,UB-005197,128,1,170.84,0.0,170.84,141.91
11641,UB-005198,43,2,164.51,0.0,329.02,233.76
11642,UB-005199,137,1,1276.73,15.0,1085.22,816.22
11643,UB-005199,129,3,1214.93,0.0,3644.79,2300.55
11644,UB-005200,36,2,818.98,15.0,1392.27,1067.56
11645,UB-005200,53,2,1296.5,0.0,2593.0,1730.24
11646,UB-005201,36,1,827.62,5.0,786.24,533.78
11647,UB-005202,96,3,505.44,5.0,1440.5,1101.66
11648,UB-005202,11,5,464.64,5.0,2207.04,1833.75
11649,UB-005202,91,1,458.43,0.0,458.43,321.07
11650,UB-005203,9,1,685.7,5.0,651.41,501.69
11651,UB-005204,107,2,316.38,0.0,632.76,456.9
11652,UB-005204,87,4,392.27,5.0,1490.63,1186.72
11653,UB-005205,24,1,94.4,0.0,94.4,61.51
11654,UB-005205,61,2,1081.58,5.0,2055.0,1656.28
11655,UB-005206,63,5,250.8,10.0,1128.6,836.15
11656,UB-005206,134,1,923.39,0.0,923.39,633.2
11657,UB-005207,138,1,899.88,0.0,899.88,604.6
11658,UB-005207,2,1,496.62,15.0,422.13,371.22
11659,UB-005207,79,1,750.97,0.0,750.97,478.88
11660,UB-005208,111,3,664.66,0.0,1993.98,1670.37
11661,UB-005209,58,2,572.63,0.0,1145.26,713.12
11662,UB-005210,91,4,458.53,0.0,1834.12,1284.28
11663,UB-005210,48,2,354.66,5.0,673.85,509.26
11664,UB-005210,141,4,276.19,0.0,1104.76,742.68
11665,UB-005211,30,2,1331.9,5.0,2530.61,1730.22
11666,UB-005211,17,1,853.32,0.0,853.32,644.64
11667,UB-005212,98,4,592.95,0.0,2371.8,1869.32
11668,UB-005213,23,2,920.22,5.0,1748.42,1255.08
11669,UB-005213,85,1,321.35,5.0,305.28,232.68
11670,UB-005214,63,2,253.12,0.0,506.24,334.46
11671,UB-005214,5,4,1402.08,10.0,5047.49,3489.0
11672,UB-005215,76,3,804.75,0.0,2414.25,1850.67
11673,UB-005215,111,2,647.45,15.0,1100.66,1113.58
11674,UB-005215,54,3,1029.0,0.0,3087.0,2421.54
11675,UB-005216,5,1,1377.22,0.0,1377.22,872.25
11676,UB-005216,101,1,1149.32,0.0,1149.32,893.27
11677,UB-005216,131,1,907.53,15.0,771.4,688.03
11678,UB-005216,37,2,1037.53,5.0,1971.31,1662.9
11679,UB-005216,79,1,733.89,0.0,733.89,478.88
11680,UB-005217,96,1,518.31,10.0,466.48,367.22
11681,UB-005217,109,2,156.06,0.0,312.12,197.6
11682,UB-005217,80,1,393.96,5.0,374.26,302.58
11683,UB-005217,9,1,694.4,0.0,694.4,501.69
11684,UB-005218,122,1,628.26,0.0,628.26,508.02
11685,UB-005218,59,2,298.71,0.0,597.42,483.76
11686,UB-005219,122,3,623.08,0.0,1869.24,1524.06
11687,UB-005220,97,1,1134.08,0.0,1134.08,712.55
11688,UB-005220,40,1,362.56,0.0,362.56,255.94
11689,UB-005221,3,3,1137.45,5.0,3241.73,2172.12
11690,UB-005221,136,5,1410.18,10.0,6345.81,4334.9
11691,UB-005221,62,1,388.75,0.0,388.75,260.55
11692,UB-005222,133,1,493.89,0.0,493.89,320.37
11693,UB-005222,40,1,368.23,0.0,368.23,255.94
11694,UB-005223,64,1,317.2,0.0,317.2,214.27
11695,UB-005223,117,2,551.96,5.0,1048.72,820.86
11696,UB-005223,38,4,1035.79,0.0,4143.16,2886.76
11697,UB-005223,137,1,1301.71,10.0,1171.54,816.22
11698,UB-005223,98,4,596.31,5.0,2265.98,1869.32
11699,UB-005224,14,3,775.71,0.0,2327.13,1708.92
11700,UB-005225,134,1,951.85,0.0,951.85,633.2
11701,UB-005226,5,3,1403.8,0.0,4211.4,2616.75
11702,UB-005226,87,4,387.81,0.0,1551.24,1186.72
11703,UB-005226,137,1,1280.5,10.0,1152.45,816.22
11704,UB-005227,109,2,152.7,15.0,259.59,197.6
11705,UB-005227,83,1,852.96,10.0,767.66,707.0
11706,UB-005227,43,2,171.52,15.0,291.58,233.76
11707,UB-005227,7,2,1030.14,0.0,2060.28,1507.5
11708,UB-005228,51,2,232.62,10.0,418.72,317.98
11709,UB-005229,135,1,596.26,0.0,596.26,397.42
11710,UB-005229,87,1,388.17,0.0,388.17,296.68
11711,UB-005230,42,1,590.01,0.0,590.01,398.38
11712,UB-005230,57,1,789.7,0.0,789.7,567.7
11713,UB-005231,19,2,681.16,15.0,1157.97,948.42
11714,UB-005231,74,2,1177.4,0.0,2354.8,1765.78
11715,UB-005232,5,1,1401.59,0.0,1401.59,872.25
11716,UB-005232,117,1,545.07,10.0,490.56,410.43
11717,UB-005233,86,2,479.49,0.0,958.98,819.36
11718,UB-005233,5,1,1376.47,0.0,1376.47,872.25
11719,UB-005233,143,1,799.63,0.0,799.63,614.71
11720,UB-005233,92,1,802.46,10.0,722.21,524.51
11721,UB-005234,68,1,225.99,0.0,225.99,161.19
11722,UB-005235,13,1,369.21,0.0,369.21,235.91
11723,UB-005235,80,1,415.02,5.0,394.27,302.58
11724,UB-005235,50,1,441.35,0.0,441.35,327.69
11725,UB-005236,44,4,795.99,0.0,3183.96,2351.24
11726,UB-005236,56,2,525.13,20.0,840.21,697.56
11727,UB-005237,122,1,631.44,0.0,631.44,508.02
11728,UB-005238,56,3,518.6,5.0,1478.01,1046.34
11729,UB-005238,64,3,331.92,0.0,995.76,642.81
11730,UB-005238,46,2,217.87,0.0,435.74,335.62
11731,UB-005239,115,1,1187.08,5.0,1127.73,798.92
11732,UB-005239,120,5,733.79,10.0,3302.05,2442.5
11733,UB-005240,28,3,865.64,10.0,2337.23,2019.75
11734,UB-005241,99,2,114.58,0.0,229.16,161.88
11735,UB-005242,22,5,668.26,5.0,3174.24,2378.3
11736,UB-005242,48,2,354.89,5.0,674.29,509.26
11737,UB-005243,33,1,444.19,5.0,421.98,296.56
11738,UB-005244,121,1,893.39,0.0,893.39,683.69
11739,UB-005244,74,1,1162.39,0.0,1162.39,882.89
11740,UB-005245,88,1,688.16,0.0,688.16,553.89
11741,UB-005245,65,2,731.38,0.0,1462.76,1051.2
11742,UB-005245,5,2,1362.28,0.0,2724.56,1744.5
11743,UB-005246,71,1,187.94,5.0,178.54,122.07
11744,UB-005246,13,1,358.18,0.0,358.18,235.91
11745,UB-005246,107,1,314.85,15.0,267.62,228.45
11746,UB-005247,28,1,904.41,5.0,859.19,673.25
11747,UB-005248,127,1,293.31,0.0,293.31,222.26
11748,UB-005249,53,1,1248.35,0.0,1248.35,865.12
11749,UB-005249,117,1,551.76,0.0,551.76,410.43
11750,UB-005250,47,1,103.66,0.0,103.66,87.48
11751,UB-005250,44,2,759.68,10.0,1367.42,1175.62
11752,UB-005251,140,2,302.76,0.0,605.52,390.12
11753,UB-005251,143,3,792.27,20.0,1901.45,1844.13
11754,UB-005252,79,1,761.34,20.0,609.07,478.88
11755,UB-005252,31,1,713.6,10.0,642.24,581.59
11756,UB-005252,105,1,1266.64,15.0,1076.64,888.95
11757,UB-005253,16,3,1076.2,0.0,3228.6,2449.14
11758,UB-005253,106,1,1051.79,10.0,946.61,719.76
11759,UB-005253,103,2,891.2,10.0,1604.16,1363.04
11760,UB-005253,52,1,659.51,0.0,659.51,457.32
11761,UB-005254,2,1,490.2,0.0,490.2,371.22
11762,UB-005255,130,1,938.61,0.0,938.61,653.53
11763,UB-005256,120,1,721.1,15.0,612.94,488.5
11764,UB-005256,102,1,1239.2,0.0,1239.2,829.38
11765,UB-005256,24,1,91.4,0.0,91.4,61.51
11766,UB-005256,127,1,293.82,15.0,249.75,222.26
11767,UB-005256,10,1,98.0,0.0,98.0,70.79
11768,UB-005257,125,2,329.27,0.0,658.54,427.46
11769,UB-005258,105,3,1226.72,5.0,3496.15,2666.85
11770,UB-005259,55,3,880.05,0.0,2640.15,1818.42
11771,UB-005259,60,1,182.99,5.0,173.84,144.82
11772,UB-005260,13,3,362.53,0.0,1087.59,707.73
11773,UB-005261,124,1,530.4,10.0,477.36,445.56
11774,UB-005261,42,1,602.32,10.0,542.09,398.38
11775,UB-005262,22,3,659.57,0.0,1978.71,1426.98
11776,UB-005263,52,3,646.3,5.0,1841.95,1371.96
11777,UB-005263,139,1,699.73,0.0,699.73,504.16
11778,UB-005264,13,1,365.23,5.0,346.97,235.91
11779,UB-005264,66,2,965.36,20.0,1544.58,1432.7
11780,UB-005264,50,1,426.15,0.0,426.15,327.69
11781,UB-005265,51,1,227.78,5.0,216.39,158.99
11782,UB-005265,80,5,407.7,0.0,2038.5,1512.9
11783,UB-005265,59,1,303.77,0.0,303.77,241.88
11784,UB-005265,7,1,1046.05,0.0,1046.05,753.75
11785,UB-005266,108,1,1131.93,0.0,1131.93,795.55
11786,UB-005267,43,1,165.95,0.0,165.95,116.88
11787,UB-005268,8,1,383.73,15.0,326.17,293.44
11788,UB-005268,89,3,571.99,5.0,1630.17,1257.45
11789,UB-005269,127,1,303.85,5.0,288.66,222.26
11790,UB-005269,139,2,717.82,0.0,1435.64,1008.32
11791,UB-005269,16,2,1109.19,0.0,2218.38,1632.76
11792,UB-005270,28,2,890.19,5.0,1691.36,1346.5
11793,UB-005270,128,2,173.52,0.0,347.04,283.82
11794,UB-005271,67,1,155.35,0.0,155.35,96.2
11795,UB-005272,46,1,216.01,10.0,194.41,167.81
11796,UB-005272,33,1,443.24,20.0,354.59,296.56
11797,UB-005273,57,1,760.78,0.0,760.78,567.7
11798,UB-005274,92,2,824.7,10.0,1484.46,1049.02
11799,UB-005274,45,1,821.07,5.0,780.02,610.87
11800,UB-005274,143,1,822.72,10.0,740.45,614.71
11801,UB-005275,53,2,1316.9,10.0,2370.42,1730.24
11802,UB-005275,112,2,467.37,0.0,934.74,676.08
11803,UB-005276,117,1,552.88,10.0,497.59,410.43
11804,UB-005276,136,2,1410.67,20.0,2257.07,1733.96
11805,UB-005277,71,1,195.52,5.0,185.74,122.07
11806,UB-005277,126,2,1246.34,0.0,2492.68,1607.0
11807,UB-005277,83,1,872.15,0.0,872.15,707.0
11808,UB-005278,37,1,1079.94,5.0,1025.94,831.45
11809,UB-005279,123,5,468.71,5.0,2226.37,1644.5
11810,UB-005279,38,1,1043.01,0.0,1043.01,721.69
11811,UB-005280,64,3,329.56,15.0,840.38,642.81
11812,UB-005281,45,3,815.42,20.0,1957.01,1832.61
11813,UB-005281,44,1,755.79,15.0,642.42,587.81
11814,UB-005281,93,4,94.15,0.0,376.6,291.32
11815,UB-005282,122,2,640.31,0.0,1280.62,1016.04
11816,UB-005282,47,3,108.52,5.0,309.28,262.44
11817,UB-005283,26,1,218.2,0.0,218.2,138.49
11818,UB-005284,14,5,760.14,0.0,3800.7,2848.2
11819,UB-005284,102,1,1206.98,0.0,1206.98,829.38
11820,UB-005284,37,1,1045.39,5.0,993.12,831.45
11821,UB-005284,48,2,368.34,0.0,736.68,509.26
11822,UB-005285,133,1,491.91,10.0,442.72,320.37
11823,UB-005285,20,1,984.68,10.0,886.21,674.24
11824,UB-005286,55,1,924.15,0.0,924.15,606.14
11825,UB-005286,32,2,107.17,10.0,192.91,159.7
11826,UB-005286,48,1,355.84,0.0,355.84,254.63
11827,UB-005287,134,1,965.52,0.0,965.52,633.2
11828,UB-005287,121,1,917.08,0.0,917.08,683.69
11829,UB-005287,36,1,835.97,0.0,835.97,533.78
11830,UB-005287,137,1,1299.51,0.0,1299.51,816.22
11831,UB-005288,136,1,1406.55,0.0,1406.55,866.98
11832,UB-005288,59,1,297.75,0.0,297.75,241.88
11833,UB-005288,109,1,155.75,10.0,140.18,98.8
11834,UB-005289,77,2,283.16,0.0,566.32,391.26
11835,UB-005290,135,1,611.29,0.0,611.29,397.42
11836,UB-005290,16,1,1077.08,5.0,1023.23,816.38
11837,UB-005290,60,2,190.99,0.0,381.98,289.64
11838,UB-005290,38,3,1076.89,0.0,3230.67,2165.07
11839,UB-005291,22,1,652.48,0.0,652.48,475.66
11840,UB-005291,134,2,955.03,0.0,1910.06,1266.4
11841,UB-005292,21,1,803.24,5.0,763.08,582.06
11842,UB-005292,130,1,894.84,0.0,894.84,653.53
11843,UB-005293,33,1,436.94,0.0,436.94,296.56
11844,UB-005293,95,1,487.7,0.0,487.7,369.8
11845,UB-005293,117,1,552.96,0.0,552.96,410.43
11846,UB-005293,136,1,1375.29,0.0,1375.29,866.98
11847,UB-005294,14,1,752.52,0.0,752.52,569.64
11848,UB-005294,132,1,1249.48,10.0,1124.53,810.08
11849,UB-005295,52,1,667.31,5.0,633.94,457.32
11850,UB-005296,18,1,845.3,5.0,803.03,648.71
11851,UB-005297,12,1,551.54,0.0,551.54,425.66
11852,UB-005297,34,1,164.06,5.0,155.86,138.03
11853,UB-005298,8,1,367.19,10.0,330.47,293.44
11854,UB-005298,122,3,624.2,5.0,1778.97,1524.06
11855,UB-005298,87,2,377.65,10.0,679.77,593.36
11856,UB-005298,20,2,970.86,0.0,1941.72,1348.48
11857,UB-005298,13,2,365.8,5.0,695.02,471.82
11858,UB-005299,95,1,480.39,0.0,480.39,369.8
11859,UB-005299,90,1,701.53,10.0,631.38,507.26
11860,UB-005300,65,1,721.98,5.0,685.88,525.6
11861,UB-005300,22,2,641.53,0.0,1283.06,951.32
11862,UB-005300,9,2,682.11,0.0,1364.22,1003.38
11863,UB-005300,98,3,571.55,20.0,1371.72,1401.99
11864,UB-005301,82,2,1018.63,10.0,1833.53,1370.66
11865,UB-005302,7,1,1012.87,0.0,1012.87,753.75
11866,UB-005302,67,1,154.32,5.0,146.6,96.2
11867,UB-005302,81,1,1026.83,10.0,924.15,710.48
11868,UB-005303,92,2,811.83,0.0,1623.66,1049.02
11869,UB-005303,55,2,882.66,10.0,1588.79,1212.28
11870,UB-005304,41,1,927.95,20.0,742.36,743.96
11871,UB-005305,42,1,604.04,0.0,604.04,398.38
11872,UB-005306,55,1,884.53,10.0,796.08,606.14
11873,UB-005307,44,2,798.85,5.0,1517.82,1175.62
11874,UB-005307,97,4,1114.89,0.0,4459.56,2850.2
11875,UB-005308,103,1,921.07,10.0,828.96,681.52
11876,UB-005308,15,1,1234.68,0.0,1234.68,855.33
11877,UB-005308,76,1,827.68,0.0,827.68,616.89
11878,UB-005309,76,1,796.77,0.0,796.77,616.89
11879,UB-005309,17,3,826.41,0.0,2479.23,1933.92
11880,UB-005310,72,2,988.21,10.0,1778.78,1483.2
11881,UB-005310,107,2,318.2,0.0,636.4,456.9
11882,UB-005311,22,1,659.22,0.0,659.22,475.66
11883,UB-005311,144,1,410.6,0.0,410.6,300.62
11884,UB-005311,86,1,484.88,0.0,484.88,409.68
11885,UB-005311,30,2,1398.26,0.0,2796.52,1730.22
11886,UB-005312,26,2,216.77,10.0,390.19,276.98
11887,UB-005312,134,3,942.81,0.0,2828.43,1899.6
11888,UB-005312,21,1,785.38,0.0,785.38,582.06
11889,UB-005313,122,2,626.7,5.0,1190.73,1016.04
11890,UB-005313,70,1,1403.0,0.0,1403.0,864.59
11891,UB-005313,31,1,707.46,0.0,707.46,581.59
11892,UB-005313,10,2,99.22,0.0,198.44,141.58
11893,UB-005314,140,3,301.93,10.0,815.21,585.18
11894,UB-005314,26,3,222.68,0.0,668.04,415.47
11895,UB-005314,69,1,318.75,0.0,318.75,234.6
11896,UB-005315,15,2,1218.91,20.0,1950.26,1710.66
11897,UB-005315,133,2,503.94,0.0,1007.88,640.74
11898,UB-005315,100,1,200.61,0.0,200.61,158.88
11899,UB-005315,77,1,279.51,0.0,279.51,195.63
11900,UB-005316,80,1,393.88,0.0,393.88,302.58
11901,UB-005316,56,1,527.81,0.0,527.81,348.78
11902,UB-005316,135,2,627.26,15.0,1066.34,794.84
11903,UB-005316,33,1,436.61,10.0,392.95,296.56
11904,UB-005316,47,1,104.32,0.0,104.32,87.48
11905,UB-005317,24,2,93.42,5.0,177.5,123.02
11906,UB-005317,12,1,542.2,5.0,515.09,425.66
11907,UB-005317,17,1,861.7,0.0,861.7,644.64
11908,UB-005318,85,2,333.56,5.0,633.76,465.36
11909,UB-005319,20,1,963.04,15.0,818.58,674.24
11910,UB-005319,48,4,348.79,5.0,1325.4,1018.52
11911,UB-005319,141,4,277.73,5.0,1055.37,742.68
11912,UB-005320,34,2,158.81,15.0,269.98,276.06
11913,UB-005321,55,2,887.96,5.0,1687.12,1212.28
11914,UB-005321,23,1,897.56,0.0,897.56,627.54
11915,UB-005322,104,1,1268.24,0.0,1268.24,879.92
11916,UB-005322,121,2,912.93,0.0,1825.86,1367.38
11917,UB-005322,31,5,714.02,10.0,3213.09,2907.95
11918,UB-005323,74,4,1155.8,0.0,4623.2,3531.56
11919,UB-005323,126,1,1279.92,5.0,1215.92,803.5
11920,UB-005323,98,2,567.71,0.0,1135.42,934.66
11921,UB-005323,51,3,235.76,0.0,707.28,476.97
11922,UB-005323,45,2,821.17,0.0,1642.34,1221.74
11923,UB-005324,43,2,171.17,0.0,342.34,233.76
11924,UB-005324,129,2,1167.44,10.0,2101.39,1533.7
11925,UB-005325,128,1,174.7,5.0,165.96,141.91
11926,UB-005325,17,1,840.14,5.0,798.13,644.64
11927,UB-005326,96,2,496.46,15.0,843.98,734.44
11928,UB-005327,96,2,508.47,10.0,915.25,734.44
11929,UB-005327,67,2,155.01,15.0,263.52,192.4
11930,UB-005328,111,3,657.59,0.0,1972.77,1670.37
11931,UB-005328,130,1,920.47,0.0,920.47,653.53
11932,UB-005328,141,1,281.52,0.0,281.52,185.67
11933,UB-005329,45,3,827.62,5.0,2358.72,1832.61
11934,UB-005330,19,2,669.51,10.0,1205.12,948.42
11935,UB-005330,72,2,968.14,15.0,1645.84,1483.2
11936,UB-005330,74,2,1124.14,0.0,2248.28,1765.78
11937,UB-005331,16,1,1083.73,0.0,1083.73,816.38
11938,UB-005331,113,3,864.9,10.0,2335.23,2085.0
11939,UB-005332,18,3,817.84,0.0,2453.52,1946.13
11940,UB-005332,66,1,965.9,0.0,965.9,716.35
11941,UB-005332,37,2,1059.46,0.0,2118.92,1662.9
11942,UB-005333,108,1,1139.3,0.0,1139.3,795.55
11943,UB-005333,132,3,1229.1,0.0,3687.3,2430.24
11944,UB-005334,99,1,111.33,5.0,105.76,80.94
11945,UB-005334,140,3,302.2,5.0,861.27,585.18
11946,UB-005335,63,3,257.4,10.0,694.98,501.69
11947,UB-005336,105,2,1235.01,10.0,2223.02,1777.9
11948,UB-005337,82,1,1012.55,0.0,1012.55,685.33
11949,UB-005337,8,1,377.62,0.0,377.62,293.44
11950,UB-005338,138,1,921.61,0.0,921.61,604.6
11951,UB-005338,86,3,483.97,0.0,1451.91,1229.04
11952,UB-005339,114,1,993.75,10.0,894.38,645.87
11953,UB-005339,20,2,968.79,0.0,1937.58,1348.48
11954,UB-005339,128,1,168.66,0.0,168.66,141.91
11955,UB-005339,85,2,326.32,0.0,652.64,465.36
11956,UB-005340,107,3,312.07,0.0,936.21,685.35
11957,UB-005340,68,1,225.75,5.0,214.46,161.19
11958,UB-005340,101,1,1094.27,0.0,1094.27,893.27
11959,UB-005340,10,3,96.04,5.0,273.71,212.37
11960,UB-005340,81,2,1051.24,0.0,2102.48,1420.96
11961,UB-005341,131,5,909.53,10.0,4092.88,3440.15
11962,UB-005342,27,2,1082.14,0.0,2164.28,1782.76
11963,UB-005342,131,2,921.19,0.0,1842.38,1376.06
11964,UB-005343,69,1,314.62,5.0,298.89,234.6
11965,UB-005344,120,1,723.36,0.0,723.36,488.5
11966,UB-005345,22,1,679.0,0.0,679.0,475.66
11967,UB-005345,121,1,914.71,0.0,914.71,683.69
11968,UB-005345,129,2,1190.13,0.0,2380.26,1533.7
11969,UB-005345,73,1,976.8,0.0,976.8,662.98
11970,UB-005346,89,1,588.94,10.0,530.05,419.15
11971,UB-005346,15,4,1205.14,10.0,4338.5,3421.32
11972,UB-005346,55,1,915.29,10.0,823.76,606.14
11973,UB-005346,73,2,989.96,20.0,1583.94,1325.96
11974,UB-005347,69,2,317.04,0.0,634.08,469.2
11975,UB-005347,40,1,373.68,0.0,373.68,255.94
11976,UB-005347,66,3,940.8,5.0,2681.28,2149.05
11977,UB-005348,56,1,530.89,0.0,530.89,348.78
11978,UB-005348,79,1,770.07,0.0,770.07,478.88
11979,UB-005349,113,3,854.18,15.0,2178.16,2085.0
11980,UB-005349,18,2,815.95,0.0,1631.9,1297.42
11981,UB-005349,24,0,92.79,0.0,92.79,61.51
11982,UB-005350,30,1,1319.99,15.0,1121.99,865.11
11983,UB-005351,58,1,580.71,5.0,551.67,356.56
11984,UB-005351,79,1,744.15,0.0,744.15,478.88
11985,UB-005352,69,1,302.42,0.0,302.42,234.6
11986,UB-005352,106,2,1084.05,0.0,2168.1,1439.52
11987,UB-005352,13,1,363.68,0.0,363.68,235.91
11988,UB-005353,138,1,896.17,15.0,761.74,604.6
11989,UB-005353,105,1,1259.12,0.0,1259.12,888.95
11990,UB-005354,75,4,902.44,15.0,3068.3,2351.12
11991,UB-005354,106,2,1068.47,20.0,1709.55,1439.52
11992,UB-005355,61,1,1106.53,10.0,995.88,828.14
11993,UB-005355,14,1,777.76,10.0,699.98,569.64
11994,UB-005355,43,1,164.34,0.0,164.34,116.88
11995,UB-005356,51,1,229.73,15.0,195.27,158.99
11996,UB-005356,14,2,751.26,0.0,1502.52,1139.28
11997,UB-005356,87,1,373.89,0.0,373.89,296.68
11998,UB-005357,56,2,523.74,0.0,1047.48,697.56
11999,UB-005358,32,2,105.58,15.0,179.49,159.7
12000,UB-005358,87,1,379.86,0.0,379.86,296.68
12001,UB-005358,95,2,471.89,10.0,849.4,739.6
12002,UB-005358,44,1,798.85,10.0,718.97,587.81
12003,UB-005359,136,2,1357.12,0.0,2714.24,1733.96
12004,UB-005359,25,1,641.41,5.0,609.34,496.28
12005,UB-005360,7,4,1007.55,0.0,4030.2,3015.0
12006,UB-005361,68,1,229.01,5.0,217.56,161.19
12007,UB-005361,125,1,326.68,15.0,277.68,213.73
12008,UB-005361,85,3,330.61,0.0,991.83,698.04
12009,UB-005362,52,1,651.38,0.0,651.38,457.32
12010,UB-005362,131,1,888.34,0.0,888.34,688.03
12011,UB-005363,2,1,484.49,0.0,484.49,371.22
12012,UB-005363,16,1,1067.48,0.0,1067.48,816.38
12013,UB-005364,22,3,650.42,0.0,1951.26,1426.98
12014,UB-005365,112,1,459.78,0.0,459.78,338.04
12015,UB-005365,144,2,411.58,0.0,823.16,601.24
12016,UB-005365,95,1,471.51,5.0,447.93,369.8
12017,UB-005365,110,1,931.17,0.0,931.17,679.34
12018,UB-005366,40,2,377.97,0.0,755.94,511.88
12019,UB-005367,66,1,985.65,5.0,936.37,716.35
12020,UB-005368,122,3,636.21,0.0,1908.63,1524.06
12021,UB-005369,38,3,1061.23,10.0,2865.32,2165.07
12022,UB-005369,56,1,508.88,0.0,508.88,348.78
12023,UB-005370,53,1,1288.73,0.0,1288.73,865.12
12024,UB-005371,73,2,972.58,20.0,1556.13,1325.96
12025,UB-005371,82,2,1062.5,15.0,1806.25,1370.66
12026,UB-005372,6,3,966.42,0.0,2899.26,2076.87
12027,UB-005372,78,1,818.99,0.0,818.99,544.75
12028,UB-005372,75,1,879.7,15.0,747.75,587.78
12029,UB-005372,10,1,96.16,10.0,86.54,70.79
12030,UB-005373,73,1,998.34,0.0,998.34,662.98
12031,UB-005373,125,1,335.45,0.0,335.45,213.73
12032,UB-005373,138,1,926.18,0.0,926.18,604.6
12033,UB-005374,53,1,1303.24,0.0,1303.24,865.12
12034,UB-005374,89,2,572.27,5.0,1087.31,838.3
12035,UB-005375,80,2,405.53,0.0,811.06,605.16
12036,UB-005375,4,1,780.45,0.0,780.45,608.34
12037,UB-005375,112,4,459.45,0.0,1837.8,1352.16
12038,UB-005376,96,2,509.88,15.0,866.8,734.44
12039,UB-005376,29,1,715.77,0.0,715.77,536.32
12040,UB-005377,24,1,95.59,15.0,81.25,61.51
12041,UB-005378,136,1,1370.07,10.0,1233.06,866.98
12042,UB-005378,86,1,496.97,0.0,496.97,409.68
12043,UB-005378,63,2,255.51,0.0,511.02,334.46
12044,UB-005378,116,1,777.74,0.0,777.74,498.56
12045,UB-005379,4,2,817.03,0.0,1634.06,1216.68
12046,UB-005379,22,3,674.03,0.0,2022.09,1426.98
12047,UB-005380,29,1,718.47,0.0,718.47,536.32
12048,UB-005381,80,3,408.14,15.0,1040.76,907.74
12049,UB-005381,73,3,963.38,10.0,2601.13,1988.94
12050,UB-005382,133,1,504.15,5.0,478.94,320.37
12051,UB-005382,69,4,319.34,0.0,1277.36,938.4
12052,UB-005382,97,2,1122.49,10.0,2020.48,1425.1
12053,UB-005383,86,2,480.55,5.0,913.04,819.36
12054,UB-005383,97,1,1135.94,20.0,908.75,712.55
12055,UB-005384,43,2,168.3,10.0,302.94,233.76
12056,UB-005384,144,1,413.36,0.0,413.36,300.62
12057,UB-005385,82,3,1062.05,0.0,3186.15,2055.99
12058,UB-005385,16,3,1099.67,15.0,2804.16,2449.14
12059,UB-005386,23,1,918.19,0.0,918.19,627.54
12060,UB-005386,7,1,1035.26,0.0,1035.26,753.75
12061,UB-005387,109,1,155.73,10.0,140.16,98.8
12062,UB-005387,135,2,622.08,0.0,1244.16,794.84
12063,UB-005387,125,3,323.09,10.0,872.34,641.19
12064,UB-005387,116,1,743.43,0.0,743.43,498.56
12065,UB-005388,73,1,966.74,5.0,918.4,662.98
12066,UB-005388,52,3,660.55,0.0,1981.65,1371.96
12067,UB-005388,66,1,980.34,10.0,882.31,716.35
12068,UB-005389,111,4,646.98,0.0,2587.92,2227.16
12069,UB-005390,23,2,906.61,10.0,1631.9,1255.08
12070,UB-005391,117,3,547.04,0.0,1641.12,1231.29
12071,UB-005391,3,2,1176.18,0.0,2352.36,1448.08
12072,UB-005391,133,4,494.03,0.0,1976.12,1281.48
12073,UB-005392,63,3,262.98,10.0,710.05,501.69
12074,UB-005392,20,1,946.39,15.0,804.43,674.24
12075,UB-005392,70,2,1388.3,0.0,2776.6,1729.18
12076,UB-005392,81,2,1040.85,5.0,1977.61,1420.96
12077,UB-005393,36,2,819.88,0.0,1639.76,1067.56
12078,UB-005393,46,1,222.99,10.0,200.69,167.81
12079,UB-005394,51,2,239.18,0.0,478.36,317.98
12080,UB-005395,137,2,1269.59,20.0,2031.34,1632.44
12081,UB-005395,29,3,743.18,0.0,2229.54,1608.96
12082,UB-005395,130,1,916.03,0.0,916.03,653.53
12083,UB-005396,25,1,659.51,0.0,659.51,496.28
12084,UB-005396,26,1,215.14,5.0,204.38,138.49
12085,UB-005396,72,2,990.78,0.0,1981.56,1483.2
12086,UB-005397,105,2,1214.67,0.0,2429.34,1777.9
12087,UB-005397,116,1,751.33,0.0,751.33,498.56
12088,UB-005397,131,3,900.95,5.0,2567.71,2064.09
12089,UB-005398,7,1,1015.69,0.0,1015.69,753.75
12090,UB-005398,78,1,784.22,5.0,745.01,544.75
12091,UB-005398,49,5,980.47,0.0,4902.35,3070.2
12092,UB-005399,96,1,504.3,10.0,453.87,367.22
12093,UB-005399,48,1,363.01,0.0,363.01,254.63
12094,UB-005400,86,1,475.49,0.0,475.49,409.68
12095,UB-005400,74,3,1119.6,0.0,3358.8,2648.67
12096,UB-005400,59,1,300.13,10.0,270.12,241.88
12097,UB-005401,69,1,309.92,0.0,309.92,234.6
12098,UB-005401,123,1,464.32,20.0,371.46,328.9
12099,UB-005402,103,2,888.13,0.0,1776.26,1363.04
12100,UB-005403,82,3,1058.54,10.0,2858.06,2055.99
12101,UB-005403,92,3,803.67,15.0,2049.36,1573.53
12102,UB-005404,143,1,788.39,15.0,670.13,614.71
12103,UB-005404,111,4,651.97,15.0,2216.7,2227.16
12104,UB-005405,78,1,788.58,0.0,788.58,544.75
12105,UB-005405,134,1,953.11,10.0,857.8,633.2
12106,UB-005406,80,3,415.81,0.0,1247.43,907.74
12107,UB-005406,112,1,472.68,0.0,472.68,338.04
12108,UB-005407,118,4,645.92,5.0,2454.5,1687.16
12109,UB-005407,135,1,603.18,5.0,573.02,397.42
12110,UB-005407,30,5,1395.08,5.0,6626.63,4325.55
12111,UB-005408,42,3,588.1,0.0,1764.3,1195.14
12112,UB-005408,143,2,787.28,10.0,1417.1,1229.42
12113,UB-005408,110,1,905.02,0.0,905.02,679.34
12114,UB-005408,132,1,1231.89,0.0,1231.89,810.08
12115,UB-005409,115,1,1190.0,15.0,1011.5,798.92
12116,UB-005410,92,1,814.69,10.0,733.22,524.51
12117,UB-005410,13,1,378.94,0.0,378.94,235.91
12118,UB-005411,8,3,370.88,5.0,1057.01,880.32
12119,UB-005412,26,2,223.73,15.0,380.34,276.98
12120,UB-005412,140,2,303.05,10.0,545.49,390.12
12121,UB-005413,4,1,808.72,0.0,808.72,608.34
12122,UB-005413,131,1,912.4,0.0,912.4,688.03
12123,UB-005414,21,1,782.71,0.0,782.71,582.06
12124,UB-005414,36,2,818.18,0.0,1636.36,1067.56
12125,UB-005415,45,1,830.84,10.0,747.76,610.87
12126,UB-005415,79,2,746.77,0.0,1493.54,957.76
12127,UB-005416,13,2,358.78,0.0,717.56,471.82
12128,UB-005416,83,1,869.58,0.0,869.58,707.0
12129,UB-005416,56,1,519.66,15.0,441.71,348.78
12130,UB-005416,20,5,958.18,0.0,4790.9,3371.2
12131,UB-005417,56,1,525.54,5.0,499.26,348.78
12132,UB-005417,142,2,480.57,0.0,961.14,812.58
12133,UB-005417,47,2,108.75,0.0,217.5,174.96
12134,UB-005418,24,3,92.61,0.0,277.83,184.53
12135,UB-005418,136,4,1414.23,0.0,5656.92,3467.92
12136,UB-005418,78,1,797.96,0.0,797.96,544.75
12137,UB-005419,21,3,775.33,0.0,2325.99,1746.18
12138,UB-005420,82,1,1027.63,0.0,1027.63,685.33
12139,UB-005420,92,1,833.72,20.0,666.98,524.51
12140,UB-005421,121,3,924.84,10.0,2497.07,2051.07
12141,UB-005421,119,3,572.64,5.0,1632.02,1432.5
12142,UB-005421,46,1,212.82,10.0,191.54,167.81
12143,UB-005421,144,2,419.22,10.0,754.6,601.24
12144,UB-005422,72,1,995.74,5.0,945.95,741.6
12145,UB-005422,83,1,865.32,15.0,735.52,707.0
12146,UB-005423,111,3,669.57,0.0,2008.71,1670.37
12147,UB-005423,23,2,918.9,0.0,1837.8,1255.08
12148,UB-005424,59,1,304.64,10.0,274.18,241.88
12149,UB-005424,13,3,369.65,0.0,1108.95,707.73
12150,UB-005424,129,1,1195.92,15.0,1016.53,766.85
12151,UB-005425,53,2,1285.08,10.0,2313.14,1730.24
12152,UB-005425,7,1,1025.15,0.0,1025.15,753.75
12153,UB-005425,95,2,484.56,0.0,969.12,739.6
12154,UB-005425,10,1,95.64,5.0,90.86,70.79
12155,UB-005426,64,1,328.82,0.0,328.82,214.27
12156,UB-005426,71,1,188.52,0.0,188.52,122.07
12157,UB-005427,80,1,412.18,0.0,412.18,302.58
12158,UB-005427,42,4,589.86,5.0,2241.47,1593.52
12159,UB-005427,113,2,880.83,5.0,1673.58,1390.0
12160,UB-005427,16,1,1083.79,0.0,1083.79,816.38
12161,UB-005428,104,1,1274.17,0.0,1274.17,879.92
12162,UB-005428,67,1,149.76,0.0,149.76,96.2
12163,UB-005428,3,2,1136.23,0.0,2272.46,1448.08
12164,UB-005429,115,1,1189.3,5.0,1129.83,798.92
12165,UB-005429,13,2,375.82,15.0,638.89,471.82
12166,UB-005430,93,1,92.96,0.0,92.96,72.83
12167,UB-005430,10,1,99.53,10.0,89.58,70.79
12168,UB-005431,130,1,923.63,0.0,923.63,653.53
12169,UB-005431,116,2,760.82,10.0,1369.48,997.12
12170,UB-005432,69,1,317.81,0.0,317.81,234.6
12171,UB-005433,123,1,473.74,0.0,473.74,328.9
12172,UB-005433,141,4,285.64,10.0,1028.3,742.68
12173,UB-005433,19,1,680.33,0.0,680.33,474.21
12174,UB-005434,73,1,962.83,15.0,818.41,662.98
12175,UB-005434,81,1,1049.75,0.0,1049.75,710.48
12176,UB-005434,65,1,741.0,0.0,741.0,525.6
12177,UB-005435,139,1,692.79,0.0,692.79,504.16
12178,UB-005436,31,1,735.88,0.0,735.88,581.59
12179,UB-005436,59,5,300.01,5.0,1425.05,1209.4
12180,UB-005437,17,1,843.85,0.0,843.85,644.64
12181,UB-005438,21,1,791.23,5.0,751.67,582.06
12182,UB-005438,123,1,456.57,0.0,456.57,328.9
12183,UB-005439,52,1,648.41,0.0,648.41,457.32
12184,UB-005439,21,1,761.13,0.0,761.13,582.06
12185,UB-005439,120,2,715.9,5.0,1360.21,977.0
12186,UB-005439,70,2,1342.54,20.0,2148.06,1729.18
12187,UB-005440,140,5,295.8,10.0,1331.1,975.3
12188,UB-005441,15,2,1205.86,0.0,2411.72,1710.66
12189,UB-005441,105,1,1257.68,0.0,1257.68,888.95
12190,UB-005441,142,1,496.06,0.0,496.06,406.29
12191,UB-005441,19,1,667.46,10.0,600.71,474.21
12192,UB-005442,142,1,490.46,0.0,490.46,406.29
12193,UB-005443,96,1,509.69,0.0,509.69,367.22
12194,UB-005443,1,1,301.0,5.0,285.95,210.31
12195,UB-005443,122,2,630.32,0.0,1260.64,1016.04
12196,UB-005444,126,3,1272.33,0.0,3816.99,2410.5
12197,UB-005444,127,2,307.45,15.0,522.66,444.52
12198,UB-005444,142,1,474.1,10.0,426.69,406.29
12199,UB-005444,22,1,668.45,0.0,668.45,475.66
12200,UB-005445,8,3,384.79,0.0,1154.37,880.32
12201,UB-005446,49,2,939.3,0.0,1878.6,1228.08
12202,UB-005447,77,3,270.84,0.0,812.52,586.89
12203,UB-005447,54,2,1014.87,20.0,1623.79,1614.36
12204,UB-005448,94,3,768.66,5.0,2190.68,1615.08
12205,UB-005449,129,1,1201.13,0.0,1201.13,766.85
12206,UB-005449,20,2,936.8,5.0,1779.92,1348.48
12207,UB-005449,32,2,104.63,0.0,209.26,159.7
12208,UB-005450,22,1,662.6,0.0,662.6,475.66
12209,UB-005450,5,2,1382.08,0.0,2764.16,1744.5
12210,UB-005451,115,1,1228.2,5.0,1166.79,798.92
12211,UB-005451,85,1,329.06,0.0,329.06,232.68
12212,UB-005452,122,1,631.06,0.0,631.06,508.02
12213,UB-005453,41,4,921.69,0.0,3686.76,2975.84
12214,UB-005453,67,3,155.24,0.0,465.72,288.6
12215,UB-005454,51,1,233.62,5.0,221.94,158.99
12216,UB-005455,35,1,795.97,10.0,716.37,567.63
12217,UB-005455,43,1,169.3,0.0,169.3,116.88
12218,UB-005456,121,1,904.66,5.0,859.43,683.69
12219,UB-005457,100,2,201.09,15.0,341.85,317.76
12220,UB-005458,12,1,573.52,0.0,573.52,425.66
12221,UB-005458,121,2,894.58,0.0,1789.16,1367.38
12222,UB-005459,126,3,1240.24,0.0,3720.72,2410.5
12223,UB-005459,68,1,228.39,20.0,182.71,161.19
12224,UB-005459,17,1,838.23,0.0,838.23,644.64
12225,UB-005459,64,1,331.54,0.0,331.54,214.27
12226,UB-005460,67,1,150.42,0.0,150.42,96.2
12227,UB-005460,95,1,484.4,10.0,435.96,369.8
12228,UB-005460,125,3,334.37,10.0,902.8,641.19
12229,UB-005460,37,1,1045.91,15.0,889.02,831.45
12230,UB-005461,143,1,800.37,0.0,800.37,614.71
12231,UB-005461,38,1,1056.35,0.0,1056.35,721.69
12232,UB-005462,140,1,288.9,0.0,288.9,195.06
12233,UB-005463,120,1,731.37,0.0,731.37,488.5
12234,UB-005463,92,1,841.25,0.0,841.25,524.51
12235,UB-005463,126,3,1236.72,5.0,3524.65,2410.5
12236,UB-005463,46,4,218.77,5.0,831.33,671.24
12237,UB-005464,31,1,722.78,0.0,722.78,581.59
12238,UB-005465,4,1,795.06,0.0,795.06,608.34
12239,UB-005466,34,2,160.37,5.0,304.7,276.06
12240,UB-005466,122,3,657.35,10.0,1774.85,1524.06
12241,UB-005467,6,2,999.69,10.0,1799.44,1384.58
12242,UB-005468,47,2,105.46,0.0,210.92,174.96
12243,UB-005468,44,2,779.13,15.0,1324.52,1175.62
12244,UB-005468,31,3,712.57,10.0,1923.94,1744.77
12245,UB-005469,124,1,540.76,0.0,540.76,445.56
12246,UB-005469,136,4,1339.95,10.0,4823.82,3467.92
12247,UB-005469,132,1,1270.87,0.0,1270.87,810.08
12248,UB-005469,138,1,923.08,10.0,830.77,604.6
12249,UB-005469,111,3,658.27,10.0,1777.33,1670.37
12250,UB-005470,28,2,907.45,0.0,1814.9,1346.5
12251,UB-005470,1,1,315.97,0.0,315.97,210.31
12252,UB-005470,41,1,942.76,0.0,942.76,743.96
12253,UB-005470,65,4,725.21,5.0,2755.8,2102.4
12254,UB-005470,22,1,650.17,0.0,650.17,475.66
12255,UB-005471,48,2,355.51,0.0,711.02,509.26
12256,UB-005471,119,1,589.92,5.0,560.42,477.5
12257,UB-005472,112,1,452.89,5.0,430.25,338.04
12258,UB-005472,61,1,1075.08,0.0,1075.08,828.14
12259,UB-005473,125,3,331.48,15.0,845.27,641.19
12260,UB-005473,106,4,1050.23,0.0,4200.92,2879.04
12261,UB-005474,113,2,891.1,0.0,1782.2,1390.0
12262,UB-005475,142,1,473.46,5.0,449.79,406.29
12263,UB-005475,90,3,684.7,10.0,1848.69,1521.78
12264,UB-005476,21,2,804.13,5.0,1527.85,1164.12
12265,UB-005477,25,1,646.29,0.0,646.29,496.28
12266,UB-005478,31,2,729.12,0.0,1458.24,1163.18
12267,UB-005478,104,1,1283.38,0.0,1283.38,879.92
12268,UB-005479,13,1,360.06,15.0,306.05,235.91
12269,UB-005479,124,1,521.41,0.0,521.41,445.56
12270,UB-005480,108,2,1098.87,0.0,2197.74,1591.1
12271,UB-005480,113,3,853.87,0.0,2561.61,2085.0
12272,UB-005481,141,2,274.76,20.0,439.62,371.34
12273,UB-005482,108,1,1133.05,0.0,1133.05,795.55
12274,UB-005482,129,1,1182.68,5.0,1123.55,766.85
12275,UB-005483,19,1,686.16,0.0,686.16,474.21
12276,UB-005484,54,1,1048.7,10.0,943.83,807.18
12277,UB-005484,34,2,166.52,0.0,333.04,276.06
12278,UB-005484,67,2,153.33,0.0,306.66,192.4
12279,UB-005484,21,1,774.68,10.0,697.21,582.06
12280,UB-005485,76,1,795.83,5.0,756.04,616.89
12281,UB-005485,104,1,1241.37,0.0,1241.37,879.92
12282,UB-005485,55,1,907.37,0.0,907.37,606.14
12283,UB-005486,21,2,790.73,10.0,1423.31,1164.12
12284,UB-005487,39,1,881.79,0.0,881.79,614.07
12285,UB-005488,18,1,814.58,10.0,733.12,648.71
12286,UB-005488,1,2,307.27,0.0,614.54,420.62
12287,UB-005489,122,1,649.25,0.0,649.25,508.02
12288,UB-005489,41,3,947.92,10.0,2559.38,2231.88
12289,UB-005489,50,1,428.11,0.0,428.11,327.69
12290,UB-005490,4,3,794.73,0.0,2384.19,1825.02
12291,UB-005491,111,2,648.99,0.0,1297.98,1113.58
12292,UB-005491,132,1,1214.61,0.0,1214.61,810.08
12293,UB-005491,12,3,563.58,0.0,1690.74,1276.98
12294,UB-005492,128,2,173.31,15.0,294.63,283.82
12295,UB-005492,132,1,1230.52,0.0,1230.52,810.08
12296,UB-005492,105,4,1211.35,0.0,4845.4,3555.8
12297,UB-005493,104,1,1264.14,0.0,1264.14,879.92
12298,UB-005493,108,4,1106.77,10.0,3984.37,3182.2
12299,UB-005493,62,4,387.31,0.0,1549.24,1042.2
12300,UB-005493,86,1,492.69,0.0,492.69,409.68
12301,UB-005494,44,3,762.4,0.0,2287.2,1763.43
12302,UB-005494,143,2,824.53,0.0,1649.06,1229.42
12303,UB-005495,64,3,315.3,0.0,945.9,642.81
12304,UB-005495,18,1,816.95,10.0,735.26,648.71
12305,UB-005495,1,1,316.03,20.0,252.82,210.31
12306,UB-005496,74,1,1162.3,0.0,1162.3,882.89
12307,UB-005496,4,1,779.85,5.0,740.86,608.34
12308,UB-005497,95,1,473.41,0.0,473.41,369.8
12309,UB-005498,92,1,829.09,0.0,829.09,524.51
12310,UB-005498,73,3,1008.71,5.0,2874.82,1988.94
12311,UB-005499,138,1,927.98,5.0,881.58,604.6
12312,UB-005500,138,1,931.26,0.0,931.26,604.6
12313,UB-005500,99,4,112.58,0.0,450.32,323.76
12314,UB-005501,68,4,223.3,0.0,893.2,644.76
12315,UB-005502,124,1,544.99,0.0,544.99,445.56
12316,UB-005503,137,3,1266.9,0.0,3800.7,2448.66
12317,UB-005503,6,2,983.78,10.0,1770.8,1384.58
12318,UB-005504,34,2,166.54,0.0,333.08,276.06
12319,UB-005504,37,2,1053.2,20.0,1685.12,1662.9
12320,UB-005504,50,3,422.84,0.0,1268.52,983.07
12321,UB-005504,134,1,923.9,0.0,923.9,633.2
12322,UB-005505,119,3,569.79,0.0,1709.37,1432.5
12323,UB-005505,92,2,818.02,0.0,1636.04,1049.02
12324,UB-005506,19,1,694.53,20.0,555.62,474.21
12325,UB-005506,127,3,299.69,0.0,899.07,666.78
12326,UB-005507,87,2,389.43,0.0,778.86,593.36
12327,UB-005507,62,2,394.0,0.0,788.0,521.1
12328,UB-005507,104,1,1246.36,15.0,1059.41,879.92
12329,UB-005508,72,3,980.29,5.0,2793.83,2224.8
12330,UB-005508,10,2,98.3,10.0,176.94,141.58
12331,UB-005509,96,3,504.02,0.0,1512.06,1101.66
12332,UB-005509,67,1,153.15,5.0,145.49,96.2
12333,UB-005509,125,2,334.59,10.0,602.26,427.46
12334,UB-005510,41,3,911.9,0.0,2735.7,2231.88
12335,UB-005511,75,3,862.96,0.0,2588.88,1763.34
12336,UB-005511,51,3,239.56,0.0,718.68,476.97
12337,UB-005511,121,2,901.07,0.0,1802.14,1367.38
12338,UB-005511,112,1,453.39,0.0,453.39,338.04
12339,UB-005511,113,1,860.0,10.0,774.0,695.0
12340,UB-005512,2,2,493.43,5.0,937.52,742.44
12341,UB-005513,83,2,869.28,10.0,1564.7,1414.0
12342,UB-005513,104,1,1217.34,5.0,1156.47,879.92
12343,UB-005513,65,1,706.3,15.0,600.35,525.6
12344,UB-005513,105,1,1259.11,0.0,1259.11,888.95
12345,UB-005514,142,5,493.63,0.0,2468.15,2031.45
12346,UB-005515,119,1,575.6,10.0,518.04,477.5
12347,UB-005515,94,1,735.39,0.0,735.39,538.36
12348,UB-005516,110,1,936.08,10.0,842.47,679.34
12349,UB-005516,141,1,283.75,0.0,283.75,185.67
12350,UB-005517,120,1,749.52,0.0,749.52,488.5
12351,UB-005517,17,1,833.98,10.0,750.58,644.64
12352,UB-005518,87,2,385.52,15.0,655.38,593.36
12353,UB-005518,57,1,761.95,0.0,761.95,567.7
12354,UB-005518,59,1,295.39,0.0,295.39,241.88
12355,UB-005519,98,3,590.73,10.0,1594.97,1401.99
12356,UB-005519,95,1,492.04,5.0,467.44,369.8
12357,UB-005519,46,1,218.01,15.0,185.31,167.81
12358,UB-005520,35,2,809.24,5.0,1537.56,1135.26
12359,UB-005521,36,2,853.99,0.0,1707.98,1067.56
12360,UB-005522,52,1,639.56,10.0,575.6,457.32
12361,UB-005523,108,1,1154.35,10.0,1038.91,795.55
12362,UB-005524,81,1,1028.7,0.0,1028.7,710.48
12363,UB-005524,49,3,937.34,5.0,2671.42,1842.12
12364,UB-005524,70,2,1343.87,0.0,2687.74,1729.18
12365,UB-005524,25,1,662.22,20.0,529.78,496.28
12366,UB-005525,9,1,687.93,15.0,584.74,501.69
12367,UB-005526,137,1,1306.58,0.0,1306.58,816.22
12368,UB-005526,86,3,501.24,15.0,1278.16,1229.04
12369,UB-005526,50,3,421.52,0.0,1264.56,983.07
12370,UB-005526,126,1,1216.45,10.0,1094.81,803.5
12371,UB-005526,52,3,647.37,20.0,1553.69,1371.96
12372,UB-005527,70,1,1415.91,0.0,1415.91,864.59
12373,UB-005528,115,1,1183.13,0.0,1183.13,798.92
12374,UB-005528,110,1,956.52,0.0,956.52,679.34
12375,UB-005529,38,1,1036.21,10.0,932.59,721.69
12376,UB-005529,13,4,375.93,10.0,1353.35,943.64
12377,UB-005529,62,3,372.7,0.0,1118.1,781.65
12378,UB-005530,48,1,351.01,0.0,351.01,254.63
12379,UB-005530,46,2,220.8,10.0,397.44,335.62
12380,UB-005531,77,1,271.27,15.0,230.58,195.63
12381,UB-005532,17,2,836.86,5.0,1590.03,1289.28
12382,UB-005532,120,1,736.26,0.0,736.26,488.5
12383,UB-005533,134,1,952.09,10.0,856.88,633.2
12384,UB-005533,38,5,1084.02,0.0,5420.1,3608.45
12385,UB-005533,103,2,914.56,0.0,1829.12,1363.04
12386,UB-005534,53,1,1296.91,15.0,1102.37,865.12
12387,UB-005534,142,1,476.36,0.0,476.36,406.29
12388,UB-005534,129,1,1151.62,0.0,1151.62,766.85
12389,UB-005535,13,3,371.67,0.0,1115.01,707.73
12390,UB-005536,20,2,973.54,0.0,1947.08,1348.48
12391,UB-005536,143,2,790.72,0.0,1581.44,1229.42
12392,UB-005536,34,1,163.13,0.0,163.13,138.03
12393,UB-005536,116,1,755.04,0.0,755.04,498.56
12394,UB-005536,91,2,471.93,10.0,849.47,642.14
12395,UB-005537,10,1,95.51,10.0,85.96,70.79
12396,UB-005538,103,1,917.17,0.0,917.17,681.52
12397,UB-005539,69,1,302.08,10.0,271.87,234.6
12398,UB-005539,109,3,159.66,15.0,407.13,296.4
12399,UB-005540,5,2,1375.89,20.0,2201.42,1744.5
12400,UB-005540,56,2,522.51,10.0,940.52,697.56
12401,UB-005540,123,1,481.78,0.0,481.78,328.9
12402,UB-005541,87,3,390.27,0.0,1170.81,890.04
12403,UB-005541,35,1,770.8,15.0,655.18,567.63
12404,UB-005542,35,1,798.25,15.0,678.51,567.63
12405,UB-005543,27,2,1078.35,10.0,1941.03,1782.76
12406,UB-005543,63,1,262.47,0.0,262.47,167.23
12407,UB-005544,122,1,636.11,0.0,636.11,508.02
12408,UB-005544,40,1,368.33,0.0,368.33,255.94
12409,UB-005545,72,1,998.44,10.0,898.6,741.6
12410,UB-005546,103,5,898.83,0.0,4494.15,3407.6
12411,UB-005546,75,1,866.55,0.0,866.55,587.78
12412,UB-005547,136,1,1386.93,5.0,1317.58,866.98
12413,UB-005547,119,1,578.71,15.0,491.9,477.5
12414,UB-005548,33,1,428.97,15.0,364.62,296.56
12415,UB-005549,59,1,300.94,0.0,300.94,241.88
12416,UB-005550,31,1,717.11,15.0,609.54,581.59
12417,UB-005550,79,1,734.73,0.0,734.73,478.88
12418,UB-005550,119,1,601.44,0.0,601.44,477.5
12419,UB-005551,79,1,734.29,0.0,734.29,478.88
12420,UB-005551,102,1,1222.46,0.0,1222.46,829.38
12421,UB-005551,57,2,769.41,20.0,1231.06,1135.4
12422,UB-005552,108,1,1122.03,5.0,1065.93,795.55
12423,UB-005552,57,1,751.79,0.0,751.79,567.7
12424,UB-005553,120,1,741.77,0.0,741.77,488.5
12425,UB-005554,134,1,960.12,10.0,864.11,633.2
12426,UB-005554,142,3,489.6,10.0,1321.92,1218.87
12427,UB-005555,22,1,671.49,0.0,671.49,475.66
12428,UB-005556,57,1,776.71,0.0,776.71,567.7
12429,UB-005557,35,2,783.48,15.0,1331.92,1135.26
12430,UB-005558,90,4,687.19,0.0,2748.76,2029.04
12431,UB-005558,120,2,707.06,5.0,1343.41,977.0
12432,UB-005558,98,1,584.39,5.0,555.17,467.33
12433,UB-005558,36,5,841.41,10.0,3786.35,2668.9
12434,UB-005559,26,1,214.14,10.0,192.73,138.49
12435,UB-005560,65,1,711.28,0.0,711.28,525.6
12436,UB-005561,21,2,794.89,15.0,1351.31,1164.12
12437,UB-005562,38,2,1077.14,0.0,2154.28,1443.38
12438,UB-005562,134,1,920.43,5.0,874.41,633.2
12439,UB-005563,132,1,1255.5,0.0,1255.5,810.08
12440,UB-005564,102,1,1185.9,0.0,1185.9,829.38
12441,UB-005564,8,1,369.58,0.0,369.58,293.44
12442,UB-005565,32,4,102.6,10.0,369.36,319.4
12443,UB-005565,122,3,655.98,15.0,1672.75,1524.06
12444,UB-005565,114,2,1019.3,5.0,1936.67,1291.74
12445,UB-005565,16,1,1078.15,15.0,916.43,816.38
12446,UB-005566,39,1,870.6,0.0,870.6,614.07
12447,UB-005566,102,1,1210.29,5.0,1149.78,829.38
12448,UB-005566,82,1,1038.01,10.0,934.21,685.33
12449,UB-005566,63,1,248.07,10.0,223.26,167.23
12450,UB-005567,28,1,895.77,0.0,895.77,673.25
12451,UB-005567,90,1,698.52,20.0,558.82,507.26
12452,UB-005568,20,2,971.68,0.0,1943.36,1348.48
12453,UB-005569,27,1,1075.0,0.0,1075.0,891.38
12454,UB-005570,108,1,1156.11,0.0,1156.11,795.55
12455,UB-005571,13,3,373.81,0.0,1121.43,707.73
12456,UB-005571,17,3,853.06,0.0,2559.18,1933.92
12457,UB-005571,116,1,757.37,0.0,757.37,498.56
12458,UB-005571,32,1,106.01,10.0,95.41,79.85
12459,UB-005572,83,4,869.18,20.0,2781.38,2828.0
12460,UB-005572,85,1,328.37,0.0,328.37,232.68
12461,UB-005573,35,1,780.36,0.0,780.36,567.63
12462,UB-005573,87,1,378.7,10.0,340.83,296.68
12463,UB-005574,37,1,1027.31,0.0,1027.31,831.45
12464,UB-005575,81,2,1031.24,5.0,1959.36,1420.96
12465,UB-005575,92,1,834.62,10.0,751.16,524.51
12466,UB-005575,54,2,1047.41,15.0,1780.6,1614.36
12467,UB-005576,70,1,1404.77,0.0,1404.77,864.59
12468,UB-005576,76,2,821.83,5.0,1561.48,1233.78
12469,UB-005576,49,1,954.34,0.0,954.34,614.04
12470,UB-005577,59,2,298.4,0.0,596.8,483.76
12471,UB-005577,126,2,1282.52,5.0,2436.79,1607.0
12472,UB-005578,39,1,846.15,10.0,761.53,614.07
12473,UB-005578,53,1,1266.7,10.0,1140.03,865.12
12474,UB-005579,20,2,933.08,0.0,1866.16,1348.48
12475,UB-005580,20,1,970.18,0.0,970.18,674.24
12476,UB-005580,26,2,219.25,0.0,438.5,276.98
12477,UB-005580,138,1,934.01,10.0,840.61,604.6
12478,UB-005581,5,2,1385.29,0.0,2770.58,1744.5
12479,UB-005581,80,1,414.51,0.0,414.51,302.58
12480,UB-005581,40,1,360.51,5.0,342.48,255.94
12481,UB-005581,73,1,967.25,5.0,918.89,662.98
12482,UB-005582,39,4,897.72,10.0,3231.79,2456.28
12483,UB-005582,118,1,623.73,0.0,623.73,421.79
12484,UB-005583,112,2,458.5,15.0,779.45,676.08
12485,UB-005583,110,3,905.3,0.0,2715.9,2038.02
12486,UB-005583,70,1,1395.1,15.0,1185.83,864.59
12487,UB-005583,107,1,316.24,0.0,316.24,228.45
12488,UB-005584,38,1,1062.61,0.0,1062.61,721.69
12489,UB-005585,134,2,923.31,0.0,1846.62,1266.4
12490,UB-005585,24,4,92.29,5.0,350.7,246.04
12491,UB-005585,73,1,978.49,0.0,978.49,662.98
12492,UB-005586,50,2,429.3,15.0,729.81,655.38
12493,UB-005586,58,1,584.32,10.0,525.89,356.56
12494,UB-005587,106,2,1027.52,0.0,2055.04,1439.52
12495,UB-005587,54,1,1039.7,15.0,883.75,807.18
12496,UB-005588,127,1,306.21,0.0,306.21,222.26
12497,UB-005589,27,2,1069.98,15.0,1818.97,1782.76
12498,UB-005589,122,3,656.45,0.0,1969.35,1524.06
12499,UB-005590,18,1,852.94,0.0,852.94,648.71
12500,UB-005590,104,1,1219.57,0.0,1219.57,879.92
12501,UB-005591,68,1,223.56,0.0,223.56,161.19
12502,UB-005591,118,1,653.27,0.0,653.27,421.79
12503,UB-005591,17,1,850.18,0.0,850.18,644.64
12504,UB-005591,63,2,248.64,10.0,447.55,334.46
12505,UB-005592,20,3,930.93,5.0,2653.15,2022.72
12506,UB-005592,128,2,169.57,0.0,339.14,283.82
12507,UB-005592,90,1,696.84,0.0,696.84,507.26
12508,UB-005593,60,1,184.69,5.0,175.46,144.82
12509,UB-005593,24,1,96.61,10.0,86.95,61.51
12510,UB-005594,81,1,1060.54,20.0,848.43,710.48
12511,UB-005595,81,2,1037.75,0.0,2075.5,1420.96
12512,UB-005596,49,1,972.22,0.0,972.22,614.04
12513,UB-005596,86,3,492.3,0.0,1476.9,1229.04
12514,UB-005596,105,1,1233.19,0.0,1233.19,888.95
12515,UB-005596,25,2,655.86,15.0,1114.96,992.56
12516,UB-005597,18,1,854.18,20.0,683.34,648.71
12517,UB-005597,37,1,1072.23,10.0,965.01,831.45
12518,UB-005598,5,3,1379.61,15.0,3518.01,2616.75
12519,UB-005599,42,1,605.5,0.0,605.5,398.38
12520,UB-005599,73,2,980.99,10.0,1765.78,1325.96
12521,UB-005600,42,1,615.94,0.0,615.94,398.38
12522,UB-005601,60,3,187.82,0.0,563.46,434.46
12523,UB-005602,2,1,509.12,0.0,509.12,371.22
12524,UB-005602,64,1,326.32,15.0,277.37,214.27
12525,UB-005603,142,1,478.44,5.0,454.52,406.29
12526,UB-005604,143,1,790.99,15.0,672.34,614.71
12527,UB-005605,78,3,812.79,0.0,2438.37,1634.25
12528,UB-005605,9,1,684.73,5.0,650.49,501.69
12529,UB-005605,101,2,1106.98,0.0,2213.96,1786.54
12530,UB-005606,107,1,319.23,0.0,319.23,228.45
12531,UB-005606,123,1,474.76,15.0,403.55,328.9
12532,UB-005607,74,1,1145.07,0.0,1145.07,882.89
12533,UB-005608,103,1,923.63,5.0,877.45,681.52
12534,UB-005608,7,1,1035.95,0.0,1035.95,753.75
12535,UB-005609,62,3,373.59,0.0,1120.77,781.65
12536,UB-005610,92,1,845.88,0.0,845.88,524.51
12537,UB-005611,6,5,1001.97,0.0,5009.85,3461.45
12538,UB-005612,127,1,301.18,0.0,301.18,222.26
12539,UB-005612,84,1,1239.05,0.0,1239.05,812.12
12540,UB-005612,138,3,928.24,5.0,2645.48,1813.8
12541,UB-005613,8,2,385.49,0.0,770.98,586.88
12542,UB-005613,116,1,754.71,0.0,754.71,498.56
12543,UB-005614,55,4,886.39,0.0,3545.56,2424.56
12544,UB-005614,106,1,1027.29,15.0,873.2,719.76
12545,UB-005615,80,1,407.02,0.0,407.02,302.58
12546,UB-005615,107,1,313.93,10.0,282.54,228.45
12547,UB-005615,41,1,897.38,5.0,852.51,743.96
12548,UB-005616,73,1,1016.99,0.0,1016.99,662.98
12549,UB-005616,107,2,319.27,15.0,542.76,456.9
12550,UB-005616,82,3,1031.57,0.0,3094.71,2055.99
12551,UB-005616,85,1,322.22,0.0,322.22,232.68
12552,UB-005617,120,2,747.58,5.0,1420.4,977.0
12553,UB-005617,64,2,323.01,10.0,581.42,428.54
12554,UB-005618,81,2,1017.44,0.0,2034.88,1420.96
12555,UB-005619,96,2,510.44,0.0,1020.88,734.44
12556,UB-005619,71,2,189.97,10.0,341.95,244.14
12557,UB-005619,130,3,944.33,5.0,2691.34,1960.59
12558,UB-005619,10,1,98.38,5.0,93.46,70.79
12559,UB-005619,120,1,746.8,0.0,746.8,488.5
12560,UB-005620,7,3,1026.44,15.0,2617.42,2261.25
12561,UB-005620,51,2,233.18,0.0,466.36,317.98
12562,UB-005621,29,1,710.2,0.0,710.2,536.32
12563,UB-005621,52,1,639.6,0.0,639.6,457.32
12564,UB-005622,36,2,819.86,0.0,1639.72,1067.56
12565,UB-005622,23,1,879.0,5.0,835.05,627.54
12566,UB-005622,111,1,671.09,0.0,671.09,556.79
12567,UB-005623,86,1,501.73,0.0,501.73,409.68
12568,UB-005624,69,3,319.6,0.0,958.8,703.8
12569,UB-005624,30,5,1332.9,15.0,5664.82,4325.55
12570,UB-005624,81,1,1029.29,10.0,926.36,710.48
12571,UB-005625,86,1,487.31,20.0,389.85,409.68
12572,UB-005625,17,2,843.87,0.0,1687.74,1289.28
12573,UB-005626,30,2,1389.21,0.0,2778.42,1730.22
12574,UB-005627,6,3,950.06,20.0,2280.14,2076.87
12575,UB-005627,63,2,261.81,15.0,445.08,334.46
12576,UB-005627,136,1,1414.32,0.0,1414.32,866.98
12577,UB-005628,118,2,634.18,0.0,1268.36,843.58
12578,UB-005628,102,3,1227.1,0.0,3681.3,2488.14
12579,UB-005629,68,3,217.45,0.0,652.35,483.57
12580,UB-005629,47,1,106.39,0.0,106.39,87.48
12581,UB-005629,101,1,1123.51,0.0,1123.51,893.27
12582,UB-005629,41,1,910.74,5.0,865.2,743.96
12583,UB-005629,81,1,1069.04,0.0,1069.04,710.48
12584,UB-005630,87,1,390.68,5.0,371.15,296.68
12585,UB-005630,24,2,94.02,5.0,178.64,123.02
12586,UB-005630,83,1,871.32,0.0,871.32,707.0
12587,UB-005630,95,1,480.69,5.0,456.66,369.8
12588,UB-005631,54,2,1026.18,5.0,1949.74,1614.36
12589,UB-005632,51,1,229.21,0.0,229.21,158.99
12590,UB-005632,67,2,156.44,0.0,312.88,192.4
12591,UB-005632,135,1,611.85,0.0,611.85,397.42
12592,UB-005633,110,1,955.12,5.0,907.36,679.34
12593,UB-005633,113,2,865.37,0.0,1730.74,1390.0
12594,UB-005634,100,2,199.11,0.0,398.22,317.76
12595,UB-005634,77,1,284.83,5.0,270.59,195.63
12596,UB-005635,96,2,516.49,5.0,981.33,734.44
12597,UB-005635,93,1,94.5,10.0,85.05,72.83
12598,UB-005636,97,2,1149.27,10.0,2068.69,1425.1
12599,UB-005636,77,1,278.61,5.0,264.68,195.63
12600,UB-005636,60,1,189.69,20.0,151.75,144.82
12601,UB-005637,117,3,537.24,15.0,1369.96,1231.29
12602,UB-005637,85,1,334.71,5.0,317.97,232.68
12603,UB-005637,125,2,325.19,15.0,552.82,427.46
12604,UB-005638,106,1,1062.41,5.0,1009.29,719.76
12605,UB-005639,110,4,916.26,5.0,3481.79,2717.36
12606,UB-005639,75,1,874.16,0.0,874.16,587.78
12607,UB-005639,73,3,974.19,0.0,2922.57,1988.94
12608,UB-005639,102,1,1207.62,10.0,1086.86,829.38
12609,UB-005640,139,1,697.47,5.0,662.6,504.16
12610,UB-005640,36,5,841.33,0.0,4206.65,2668.9
12611,UB-005640,92,1,834.79,5.0,793.05,524.51
12612,UB-005640,47,1,107.03,0.0,107.03,87.48
12613,UB-005641,63,2,254.01,0.0,508.02,334.46
12614,UB-005641,26,2,215.82,0.0,431.64,276.98
12615,UB-005641,103,4,909.58,0.0,3638.32,2726.08
12616,UB-005642,124,1,524.01,0.0,524.01,445.56
12617,UB-005642,62,1,385.37,15.0,327.56,260.55
12618,UB-005642,42,1,617.63,15.0,524.99,398.38
12619,UB-005643,88,1,689.96,15.0,586.47,553.89
12620,UB-005643,31,1,718.13,0.0,718.13,581.59
12621,UB-005644,73,2,1004.1,0.0,2008.2,1325.96
12622,UB-005644,87,1,392.93,0.0,392.93,296.68
12623,UB-005644,47,2,106.95,0.0,213.9,174.96
12624,UB-005644,22,1,676.03,0.0,676.03,475.66
12625,UB-005645,97,2,1162.79,0.0,2325.58,1425.1
12626,UB-005645,96,1,518.54,0.0,518.54,367.22
12627,UB-005645,132,1,1224.82,10.0,1102.34,810.08
12628,UB-005645,62,5,387.11,0.0,1935.55,1302.75
12629,UB-005645,100,5,206.44,0.0,1032.2,794.4
12630,UB-005646,41,1,929.02,0.0,929.02,743.96
12631,UB-005647,74,1,1182.85,0.0,1182.85,882.89
12632,UB-005647,68,1,226.52,0.0,226.52,161.19
12633,UB-005647,14,5,780.59,0.0,3902.95,2848.2
12634,UB-005647,91,1,473.55,0.0,473.55,321.07
12635,UB-005647,16,1,1093.72,10.0,984.35,816.38
12636,UB-005648,60,1,189.73,0.0,189.73,144.82
12637,UB-005648,106,1,1053.42,5.0,1000.75,719.76
12638,UB-005649,87,2,384.84,0.0,769.68,593.36
12639,UB-005649,112,4,455.38,5.0,1730.44,1352.16
12640,UB-005649,130,1,895.25,10.0,805.73,653.53
12641,UB-005650,58,3,579.58,15.0,1477.93,1069.68
12642,UB-005651,86,1,473.65,0.0,473.65,409.68
12643,UB-005651,62,1,388.75,5.0,369.31,260.55
12644,UB-005652,88,1,712.22,0.0,712.22,553.89
12645,UB-005653,70,1,1348.03,10.0,1213.23,864.59
12646,UB-005653,20,1,949.03,0.0,949.03,674.24
12647,UB-005653,84,2,1239.88,5.0,2355.77,1624.24
12648,UB-005654,69,3,317.66,10.0,857.68,703.8
12649,UB-005654,1,1,313.24,10.0,281.92,210.31
12650,UB-005655,75,1,892.66,15.0,758.76,587.78
12651,UB-005655,107,2,312.37,10.0,562.27,456.9
12652,UB-005656,66,2,955.73,10.0,1720.31,1432.7
12653,UB-005657,109,1,156.9,0.0,156.9,98.8
12654,UB-005657,43,3,166.19,5.0,473.64,350.64
12655,UB-005657,48,1,361.22,0.0,361.22,254.63
12656,UB-005658,69,4,310.55,20.0,993.76,938.4
12657,UB-005658,110,1,944.41,0.0,944.41,679.34
12658,UB-005658,100,1,202.22,0.0,202.22,158.88
12659,UB-005659,73,3,1002.76,0.0,3008.28,1988.94
12660,UB-005659,99,1,111.56,0.0,111.56,80.94
12661,UB-005660,67,2,156.98,5.0,298.26,192.4
12662,UB-005660,73,2,968.34,5.0,1839.85,1325.96
12663,UB-005660,120,3,709.36,0.0,2128.08,1465.5
12664,UB-005661,49,2,959.56,0.0,1919.12,1228.08
12665,UB-005662,134,1,926.17,0.0,926.17,633.2
12666,UB-005662,38,3,1043.3,0.0,3129.9,2165.07
12667,UB-005662,103,1,924.32,20.0,739.46,681.52
12668,UB-005663,17,1,836.74,0.0,836.74,644.64
12669,UB-005664,132,1,1268.2,0.0,1268.2,810.08
12670,UB-005665,125,1,339.94,20.0,271.95,213.73
12671,UB-005666,84,2,1284.23,0.0,2568.46,1624.24
12672,UB-005666,119,1,599.91,10.0,539.92,477.5
12673,UB-005666,126,1,1251.75,15.0,1063.99,803.5
12674,UB-005667,60,2,191.31,0.0,382.62,289.64
12675,UB-005667,12,2,569.38,0.0,1138.76,851.32
12676,UB-005667,46,1,219.2,10.0,197.28,167.81
12677,UB-005668,55,1,885.31,0.0,885.31,606.14
12678,UB-005668,49,1,937.87,20.0,750.3,614.04
12679,UB-005668,88,1,706.11,0.0,706.11,553.89
12680,UB-005668,85,4,336.86,0.0,1347.44,930.72
12681,UB-005668,82,1,1010.57,0.0,1010.57,685.33
12682,UB-005669,33,4,427.99,0.0,1711.96,1186.24
12683,UB-005669,20,2,962.9,10.0,1733.22,1348.48
12684,UB-005669,136,2,1410.36,0.0,2820.72,1733.96
12685,UB-005669,60,1,188.24,10.0,169.42,144.82
12686,UB-005670,36,1,864.16,0.0,864.16,533.78
12687,UB-005671,38,2,1085.25,0.0,2170.5,1443.38
12688,UB-005671,24,4,95.52,10.0,343.87,246.04
12689,UB-005672,143,1,815.31,0.0,815.31,614.71
12690,UB-005672,74,1,1171.44,10.0,1054.3,882.89
12691,UB-005672,72,2,972.31,15.0,1652.93,1483.2
12692,UB-005673,73,3,998.64,5.0,2846.12,1988.94
12693,UB-005673,114,1,1024.17,0.0,1024.17,645.87
12694,UB-005673,76,3,825.86,0.0,2477.58,1850.67
12695,UB-005673,100,4,207.27,5.0,787.63,635.52
12696,UB-005674,80,1,405.24,0.0,405.24,302.58
12697,UB-005674,62,3,377.11,15.0,961.63,781.65
12698,UB-005675,84,1,1252.89,0.0,1252.89,812.12
12699,UB-005675,104,3,1262.68,15.0,3219.83,2639.76
12700,UB-005675,17,1,873.1,20.0,698.48,644.64
12701,UB-005675,31,1,722.65,10.0,650.38,581.59
12702,UB-005676,98,1,565.88,0.0,565.88,467.33
12703,UB-005676,93,1,93.95,0.0,93.95,72.83
12704,UB-005677,40,4,360.01,15.0,1224.03,1023.76
12705,UB-005678,127,1,309.61,0.0,309.61,222.26
12706,UB-005679,61,2,1091.84,5.0,2074.5,1656.28
12707,UB-005680,28,1,907.1,0.0,907.1,673.25
12708,UB-005680,47,1,109.54,0.0,109.54,87.48
12709,UB-005681,70,2,1412.04,10.0,2541.67,1729.18
12710,UB-005682,136,2,1383.65,0.0,2767.3,1733.96
12711,UB-005682,128,1,171.37,10.0,154.23,141.91
12712,UB-005682,7,2,1020.12,0.0,2040.24,1507.5
12713,UB-005682,16,2,1056.94,0.0,2113.88,1632.76
12714,UB-005683,97,1,1126.26,0.0,1126.26,712.55
12715,UB-005683,123,2,457.95,0.0,915.9,657.8
12716,UB-005683,100,1,206.54,10.0,185.89,158.88
12717,UB-005684,111,1,640.37,0.0,640.37,556.79
12718,UB-005685,28,1,888.72,0.0,888.72,673.25
12719,UB-005686,115,1,1199.31,0.0,1199.31,798.92
12720,UB-005686,21,2,804.77,15.0,1368.11,1164.12
12721,UB-005686,132,2,1219.34,10.0,2194.81,1620.16
12722,UB-005687,110,1,912.4,0.0,912.4,679.34
12723,UB-005687,73,1,978.65,0.0,978.65,662.98
12724,UB-005688,83,2,869.88,5.0,1652.77,1414.0
12725,UB-005689,120,3,721.24,5.0,2055.53,1465.5
12726,UB-005690,103,1,918.7,0.0,918.7,681.52
12727,UB-005691,88,1,676.04,5.0,642.24,553.89
12728,UB-005692,75,1,881.19,0.0,881.19,587.78
12729,UB-005693,50,4,419.46,0.0,1677.84,1310.76
12730,UB-005693,85,1,332.21,5.0,315.6,232.68
12731,UB-005694,26,5,220.77,5.0,1048.66,692.45
12732,UB-005694,37,1,1051.3,15.0,893.6,831.45
12733,UB-005694,12,1,573.54,5.0,544.86,425.66
12734,UB-005694,28,2,862.51,0.0,1725.02,1346.5
12735,UB-005695,79,1,764.79,20.0,611.83,478.88
12736,UB-005696,100,3,205.51,15.0,524.05,476.64
12737,UB-005696,111,1,659.48,0.0,659.48,556.79
12738,UB-005696,10,1,98.99,15.0,84.14,70.79
12739,UB-005697,24,1,95.08,0.0,95.08,61.51
12740,UB-005697,25,3,646.54,5.0,1842.64,1488.84
12741,UB-005697,76,2,816.0,10.0,1468.8,1233.78
12742,UB-005698,107,1,326.62,5.0,310.29,228.45
12743,UB-005699,134,3,932.45,10.0,2517.62,1899.6
12744,UB-005699,139,1,707.96,0.0,707.96,504.16
12745,UB-005699,126,1,1258.78,0.0,1258.78,803.5
12746,UB-005700,41,2,897.57,0.0,1795.14,1487.92
12747,UB-005700,30,1,1353.03,10.0,1217.73,865.11
12748,UB-005701,37,1,1062.22,5.0,1009.11,831.45
12749,UB-005701,144,1,424.6,0.0,424.6,300.62
12750,UB-005702,35,1,807.69,0.0,807.69,567.63
12751,UB-005702,69,1,304.07,0.0,304.07,234.6
12752,UB-005702,53,1,1295.4,0.0,1295.4,865.12
12753,UB-005703,44,1,762.44,15.0,648.07,587.81
12754,UB-005704,126,1,1273.57,5.0,1209.89,803.5
12755,UB-005704,130,1,914.18,0.0,914.18,653.53
12756,UB-005705,98,2,573.08,15.0,974.24,934.66
12757,UB-005705,114,1,1044.24,0.0,1044.24,645.87
12758,UB-005706,2,1,499.11,0.0,499.11,371.22
12759,UB-005706,53,2,1292.52,0.0,2585.04,1730.24
12760,UB-005706,124,2,542.34,10.0,976.21,891.12
12761,UB-005706,39,2,877.67,10.0,1579.81,1228.14
12762,UB-005707,61,1,1094.57,10.0,985.11,828.14
12763,UB-005707,26,4,216.45,0.0,865.8,553.96
12764,UB-005707,53,1,1299.89,10.0,1169.9,865.12
12765,UB-005708,42,2,589.64,5.0,1120.32,796.76
12766,UB-005708,85,2,332.43,0.0,664.86,465.36
12767,UB-005709,115,1,1175.1,0.0,1175.1,798.92
12768,UB-005709,63,1,256.53,20.0,205.22,167.23
12769,UB-005709,56,1,507.88,5.0,482.49,348.78
12770,UB-005710,72,1,971.16,10.0,874.04,741.6
12771,UB-005711,127,2,306.24,0.0,612.48,444.52
12772,UB-005712,141,1,274.19,0.0,274.19,185.67
12773,UB-005713,120,1,728.27,0.0,728.27,488.5
12774,UB-005713,82,1,1046.13,0.0,1046.13,685.33
12775,UB-005713,59,1,300.24,5.0,285.23,241.88
12776,UB-005714,138,3,884.3,10.0,2387.61,1813.8
12777,UB-005715,7,3,1007.29,10.0,2719.68,2261.25
12778,UB-005715,2,1,495.68,0.0,495.68,371.22
12779,UB-005715,114,2,1008.68,0.0,2017.36,1291.74
12780,UB-005716,101,1,1119.22,0.0,1119.22,893.27
12781,UB-005716,9,4,705.6,0.0,2822.4,2006.76
12782,UB-005717,22,1,671.7,0.0,671.7,475.66
12783,UB-005717,125,3,327.56,0.0,982.68,641.19
12784,UB-005718,114,2,1023.88,0.0,2047.76,1291.74
12785,UB-005719,121,2,886.13,5.0,1683.65,1367.38
12786,UB-005720,90,1,696.18,15.0,591.75,507.26
12787,UB-005721,56,1,509.15,5.0,483.69,348.78
12788,UB-005722,8,2,368.59,10.0,663.46,586.88
12789,UB-005722,34,2,162.8,5.0,309.32,276.06
12790,UB-005723,10,1,99.25,15.0,84.36,70.79
12791,UB-005723,108,1,1121.34,0.0,1121.34,795.55
12792,UB-005724,25,3,647.36,0.0,1942.08,1488.84
12793,UB-005724,28,3,892.32,5.0,2543.11,2019.75
12794,UB-005725,129,1,1164.47,5.0,1106.25,766.85
12795,UB-005726,50,1,424.4,0.0,424.4,327.69
12796,UB-005726,105,3,1248.37,10.0,3370.6,2666.85
12797,UB-005727,133,2,488.55,0.0,977.1,640.74
12798,UB-005728,134,2,958.13,0.0,1916.26,1266.4
12799,UB-005728,55,2,890.86,10.0,1603.55,1212.28
12800,UB-005729,106,2,1069.74,0.0,2139.48,1439.52
12801,UB-005729,78,1,783.29,10.0,704.96,544.75
12802,UB-005730,44,3,774.64,0.0,2323.92,1763.43
12803,UB-005730,70,1,1378.96,0.0,1378.96,864.59
12804,UB-005730,119,1,595.57,0.0,595.57,477.5
12805,UB-005730,136,3,1358.13,20.0,3259.51,2600.94
12806,UB-005731,82,2,1023.03,15.0,1739.15,1370.66
12807,UB-005731,108,2,1123.07,10.0,2021.53,1591.1
12808,UB-005732,4,2,810.57,5.0,1540.08,1216.68
12809,UB-005733,122,1,653.46,0.0,653.46,508.02
12810,UB-005734,83,2,866.08,0.0,1732.16,1414.0
12811,UB-005734,64,3,318.4,5.0,907.44,642.81
12812,UB-005734,109,2,159.08,15.0,270.44,197.6
12813,UB-005735,49,2,973.03,0.0,1946.06,1228.08
12814,UB-005735,46,1,219.18,5.0,208.22,167.81
12815,UB-005736,120,1,719.37,0.0,719.37,488.5
12816,UB-005736,26,1,215.51,15.0,183.18,138.49
12817,UB-005736,59,1,293.52,0.0,293.52,241.88
12818,UB-005736,3,1,1129.7,0.0,1129.7,724.04
12819,UB-005737,21,1,763.87,0.0,763.87,582.06
12820,UB-005737,106,4,1035.21,5.0,3933.8,2879.04
12821,UB-005737,130,1,906.0,0.0,906.0,653.53
12822,UB-005738,71,1,185.67,10.0,167.1,122.07
12823,UB-005738,84,2,1302.51,10.0,2344.52,1624.24
12824,UB-005739,134,2,973.3,15.0,1654.61,1266.4
12825,UB-005740,74,1,1169.17,0.0,1169.17,882.89
12826,UB-005741,13,2,359.12,0.0,718.24,471.82
12827,UB-005741,131,1,918.82,15.0,781.0,688.03
12828,UB-005741,69,2,305.63,5.0,580.7,469.2
12829,UB-005742,79,4,750.67,10.0,2702.41,1915.52
12830,UB-005742,105,2,1223.05,10.0,2201.49,1777.9
12831,UB-005743,48,2,348.43,0.0,696.86,509.26
12832,UB-005744,95,1,477.56,15.0,405.93,369.8
12833,UB-005745,53,1,1270.31,5.0,1206.79,865.12
12834,UB-005745,33,1,444.36,0.0,444.36,296.56
12835,UB-005745,30,1,1365.67,0.0,1365.67,865.11
12836,UB-005745,10,1,100.11,5.0,95.1,70.79
12837,UB-005746,23,3,890.66,0.0,2671.98,1882.62
12838,UB-005747,102,3,1236.3,0.0,3708.9,2488.14
12839,UB-005747,119,2,597.78,15.0,1016.23,955.0
12840,UB-005748,33,1,435.99,10.0,392.39,296.56
12841,UB-005748,66,4,943.98,15.0,3209.53,2865.4
12842,UB-005748,83,1,836.25,0.0,836.25,707.0
12843,UB-005749,117,1,543.06,0.0,543.06,410.43
12844,UB-005750,60,1,192.73,0.0,192.73,144.82
12845,UB-005750,61,2,1114.11,15.0,1893.99,1656.28
12846,UB-005751,74,2,1129.99,0.0,2259.98,1765.78
12847,UB-005751,70,1,1399.0,0.0,1399.0,864.59
12848,UB-005751,100,2,206.22,0.0,412.44,317.76
12849,UB-005751,8,1,370.7,5.0,352.16,293.44
12850,UB-005752,4,1,820.27,15.0,697.23,608.34
12851,UB-005752,85,3,329.71,0.0,989.13,698.04
12852,UB-005753,112,1,446.79,0.0,446.79,338.04
12853,UB-005753,125,3,325.72,0.0,977.16,641.19
12854,UB-005753,95,3,492.3,5.0,1403.06,1109.4
12855,UB-005754,66,1,943.62,0.0,943.62,716.35
12856,UB-005755,9,1,692.49,10.0,623.24,501.69
12857,UB-005756,24,1,91.25,0.0,91.25,61.51
12858,UB-005757,128,1,169.4,10.0,152.46,141.91
12859,UB-005757,107,2,321.38,15.0,546.35,456.9
12860,UB-005757,140,2,296.09,20.0,473.74,390.12
12861,UB-005757,84,1,1270.2,0.0,1270.2,812.12
12862,UB-005758,60,3,192.39,5.0,548.31,434.46
12863,UB-005758,72,3,992.58,0.0,2977.74,2224.8
12864,UB-005758,27,1,1088.54,10.0,979.69,891.38
12865,UB-005759,143,2,812.1,0.0,1624.2,1229.42
12866,UB-005760,42,1,607.68,0.0,607.68,398.38
12867,UB-005760,56,1,521.14,0.0,521.14,348.78
12868,UB-005761,110,1,933.05,5.0,886.4,679.34
12869,UB-005761,144,1,429.18,20.0,343.34,300.62
12870,UB-005761,128,1,167.98,15.0,142.78,141.91
12871,UB-005762,65,1,714.72,5.0,678.98,525.6
12872,UB-005763,8,1,372.86,0.0,372.86,293.44
12873,UB-005763,1,1,313.61,0.0,313.61,210.31
12874,UB-005764,118,2,649.05,5.0,1233.19,843.58
12875,UB-005765,54,2,999.24,15.0,1698.71,1614.36
12876,UB-005765,122,2,643.04,10.0,1157.47,1016.04
12877,UB-005766,35,3,790.12,0.0,2370.36,1702.89
12878,UB-005766,126,2,1283.3,10.0,2309.94,1607.0
12879,UB-005767,108,1,1122.2,0.0,1122.2,795.55
12880,UB-005768,10,4,98.73,15.0,335.68,283.16
12881,UB-005769,129,1,1153.37,5.0,1095.7,766.85
12882,UB-005769,101,1,1111.3,10.0,1000.17,893.27
12883,UB-005769,4,1,819.22,0.0,819.22,608.34
12884,UB-005770,142,2,484.88,0.0,969.76,812.58
12885,UB-005770,86,1,492.29,10.0,443.06,409.68
12886,UB-005770,140,1,298.52,0.0,298.52,195.06
12887,UB-005770,6,1,947.8,5.0,900.41,692.29
12888,UB-005771,132,1,1236.55,0.0,1236.55,810.08
12889,UB-005771,59,4,296.43,0.0,1185.72,967.52
12890,UB-005772,56,1,504.4,10.0,453.96,348.78
12891,UB-005772,21,3,776.53,0.0,2329.59,1746.18
12892,UB-005772,12,2,558.12,20.0,892.99,851.32
12893,UB-005773,115,2,1181.79,0.0,2363.58,1597.84
12894,UB-005774,56,1,529.08,0.0,529.08,348.78
12895,UB-005774,73,3,983.99,0.0,2951.97,1988.94
12896,UB-005775,8,2,365.31,10.0,657.56,586.88
12897,UB-005776,71,1,192.12,0.0,192.12,122.07
12898,UB-005776,2,2,482.95,5.0,917.6,742.44
12899,UB-005777,28,2,871.84,0.0,1743.68,1346.5
12900,UB-005778,121,3,909.47,5.0,2591.99,2051.07
12901,UB-005778,46,1,223.25,0.0,223.25,167.81
12902,UB-005778,19,2,670.89,0.0,1341.78,948.42
12903,UB-005779,83,4,880.01,0.0,3520.04,2828.0
12904,UB-005779,143,1,806.36,10.0,725.72,614.71
12905,UB-005779,112,1,447.79,0.0,447.79,338.04
12906,UB-005779,97,1,1125.05,0.0,1125.05,712.55
12907,UB-005780,74,1,1174.15,5.0,1115.44,882.89
12908,UB-005781,126,1,1229.06,0.0,1229.06,803.5
12909,UB-005781,51,1,227.04,0.0,227.04,158.99
12910,UB-005781,130,2,917.26,0.0,1834.52,1307.06
12911,UB-005782,89,1,601.75,10.0,541.58,419.15
12912,UB-005782,43,1,167.22,10.0,150.5,116.88
12913,UB-005782,40,2,377.63,0.0,755.26,511.88
12914,UB-005783,7,2,1016.3,0.0,2032.6,1507.5
12915,UB-005783,106,5,1068.35,5.0,5074.66,3598.8
12916,UB-005784,78,3,790.48,0.0,2371.44,1634.25
12917,UB-005784,21,2,759.83,10.0,1367.69,1164.12
12918,UB-005785,39,1,862.2,5.0,819.09,614.07
12919,UB-005785,68,2,218.75,0.0,437.5,322.38
12920,UB-005786,13,1,361.76,0.0,361.76,235.91
12921,UB-005787,137,2,1316.94,15.0,2238.8,1632.44
12922,UB-005787,4,3,790.81,0.0,2372.43,1825.02
12923,UB-005788,30,2,1352.65,0.0,2705.3,1730.22
12924,UB-005789,132,2,1256.03,0.0,2512.06,1620.16
12925,UB-005789,79,5,769.97,0.0,3849.85,2394.4
12926,UB-005789,2,2,509.55,0.0,1019.1,742.44
12927,UB-005790,15,1,1218.14,0.0,1218.14,855.33
12928,UB-005790,113,1,861.11,0.0,861.11,695.0
12929,UB-005791,34,1,160.5,10.0,144.45,138.03
12930,UB-005791,18,4,832.9,10.0,2998.44,2594.84
12931,UB-005792,105,2,1251.18,0.0,2502.36,1777.9
12932,UB-005792,69,3,312.1,0.0,936.3,703.8
12933,UB-005792,53,2,1282.74,0.0,2565.48,1730.24
12934,UB-005793,51,1,229.2,0.0,229.2,158.99
12935,UB-005794,24,1,93.93,10.0,84.54,61.51
12936,UB-005795,99,1,116.47,0.0,116.47,80.94
12937,UB-005796,28,3,867.73,0.0,2603.19,2019.75
12938,UB-005796,62,4,389.57,0.0,1558.28,1042.2
12939,UB-005796,42,2,619.1,0.0,1238.2,796.76
12940,UB-005797,74,1,1120.84,0.0,1120.84,882.89
12941,UB-005797,19,3,678.55,5.0,1933.87,1422.63
12942,UB-005797,28,2,867.55,15.0,1474.83,1346.5
12943,UB-005798,51,1,229.8,0.0,229.8,158.99
12944,UB-005799,11,1,469.12,0.0,469.12,366.75
12945,UB-005800,86,2,489.8,15.0,832.66,819.36
12946,UB-005800,141,2,286.75,0.0,573.5,371.34
12947,UB-005801,70,1,1375.5,0.0,1375.5,864.59
12948,UB-005801,82,3,1067.79,0.0,3203.37,2055.99
12949,UB-005802,92,2,815.79,10.0,1468.42,1049.02
12950,UB-005802,26,3,218.27,0.0,654.81,415.47
12951,UB-005802,42,2,592.79,0.0,1185.58,796.76
12952,UB-005803,93,1,93.81,0.0,93.81,72.83
12953,UB-005803,138,3,883.58,10.0,2385.67,1813.8
12954,UB-005804,142,1,478.36,0.0,478.36,406.29
12955,UB-005804,22,1,661.71,0.0,661.71,475.66
12956,UB-005804,128,2,169.34,5.0,321.75,283.82
12957,UB-005805,121,2,883.18,5.0,1678.04,1367.38
12958,UB-005805,81,2,1043.98,15.0,1774.77,1420.96
12959,UB-005805,104,3,1247.97,15.0,3182.32,2639.76
12960,UB-005806,99,2,110.93,10.0,199.67,161.88
12961,UB-005806,15,1,1227.17,0.0,1227.17,855.33
12962,UB-005806,114,5,991.91,0.0,4959.55,3229.35
12963,UB-005807,97,1,1131.53,10.0,1018.38,712.55
12964,UB-005808,5,1,1376.07,0.0,1376.07,872.25
12965,UB-005808,106,3,1037.98,0.0,3113.94,2159.28
12966,UB-005809,125,1,334.86,0.0,334.86,213.73
12967,UB-005810,33,1,447.08,0.0,447.08,296.56
12968,UB-005811,46,1,223.43,0.0,223.43,167.81
12969,UB-005812,19,1,681.69,0.0,681.69,474.21
12970,UB-005813,35,1,800.74,5.0,760.7,567.63
12971,UB-005813,119,2,590.03,0.0,1180.06,955.0
12972,UB-005814,139,3,709.96,0.0,2129.88,1512.48
12973,UB-005814,7,1,1011.96,10.0,910.76,753.75
12974,UB-005815,40,2,364.58,10.0,656.24,511.88
12975,UB-005815,37,4,1030.12,10.0,3708.43,3325.8
12976,UB-005815,92,1,806.19,15.0,685.26,524.51
12977,UB-005816,51,5,228.95,0.0,1144.75,794.95
12978,UB-005816,35,1,774.62,5.0,735.89,567.63
12979,UB-005816,43,1,166.2,10.0,149.58,116.88
12980,UB-005816,72,1,974.97,10.0,877.47,741.6
12981,UB-005817,54,1,1048.59,0.0,1048.59,807.18
12982,UB-005818,100,1,202.15,0.0,202.15,158.88
12983,UB-005818,1,1,304.26,10.0,273.83,210.31
12984,UB-005818,8,1,386.29,0.0,386.29,293.44
12985,UB-005819,141,2,271.73,0.0,543.46,371.34
12986,UB-005820,75,3,875.07,5.0,2493.95,1763.34
12987,UB-005820,8,2,380.53,0.0,761.06,586.88
12988,UB-005820,39,1,883.54,5.0,839.36,614.07
12989,UB-005821,13,1,362.26,10.0,326.03,235.91
12990,UB-005822,127,1,310.11,15.0,263.59,222.26
12991,UB-005822,20,5,958.59,20.0,3834.36,3371.2
12992,UB-005822,56,1,531.6,5.0,505.02,348.78
12993,UB-005822,106,1,1075.64,0.0,1075.64,719.76
12994,UB-005822,93,1,89.79,0.0,89.79,72.83
12995,UB-005823,21,2,772.31,10.0,1390.16,1164.12
12996,UB-005823,78,2,814.34,0.0,1628.68,1089.5
12997,UB-005823,67,1,152.62,15.0,129.73,96.2
12998,UB-005824,47,2,103.75,0.0,207.5,174.96
12999,UB-005824,75,2,909.82,5.0,1728.66,1175.56
13000,UB-005824,131,2,932.26,0.0,1864.52,1376.06
13001,UB-005824,1,1,307.75,0.0,307.75,210.31
13002,UB-005825,51,2,227.76,0.0,455.52,317.98
13003,UB-005825,22,1,657.42,0.0,657.42,475.66
13004,UB-005825,76,3,829.25,0.0,2487.75,1850.67
13005,UB-005826,9,2,667.8,0.0,1335.6,1003.38
13006,UB-005826,34,3,166.64,20.0,399.94,414.09
13007,UB-005827,14,1,759.73,5.0,721.74,569.64
13008,UB-005828,86,1,472.9,0.0,472.9,409.68
13009,UB-005828,24,2,94.06,0.0,188.12,123.02
13010,UB-005828,93,3,90.14,0.0,270.42,218.49
13011,UB-005829,62,3,385.66,5.0,1099.13,781.65
13012,UB-005830,121,3,889.55,10.0,2401.78,2051.07
13013,UB-005831,55,2,903.1,0.0,1806.2,1212.28
13014,UB-005831,6,1,982.27,10.0,884.04,692.29
13015,UB-005831,27,1,1095.9,0.0,1095.9,891.38
13016,UB-005832,30,1,1327.92,0.0,1327.92,865.11
13017,UB-005832,6,2,956.24,10.0,1721.23,1384.58
13018,UB-005833,84,1,1289.12,0.0,1289.12,812.12
13019,UB-005833,86,1,481.95,0.0,481.95,409.68
13020,UB-005834,65,1,719.24,5.0,683.28,525.6
13021,UB-005835,75,1,869.01,0.0,869.01,587.78
13022,UB-005835,76,1,838.76,0.0,838.76,616.89
13023,UB-005835,26,1,218.47,5.0,207.55,138.49
13024,UB-005836,122,3,655.36,0.0,1966.08,1524.06
13025,UB-005836,24,5,94.27,0.0,471.35,307.55
13026,UB-005836,110,3,940.28,0.0,2820.84,2038.02
13027,UB-005837,43,1,171.8,15.0,146.03,116.88
13028,UB-005837,115,1,1168.82,0.0,1168.82,798.92
13029,UB-005838,96,3,504.86,20.0,1211.66,1101.66
13030,UB-005838,29,1,722.77,10.0,650.49,536.32
13031,UB-005838,126,3,1258.85,0.0,3776.55,2410.5
13032,UB-005838,135,1,612.78,10.0,551.5,397.42
13033,UB-005839,81,3,1015.97,20.0,2438.33,2131.44
13034,UB-005839,5,3,1358.04,15.0,3463.0,2616.75
13035,UB-005840,23,1,903.98,15.0,768.38,627.54
13036,UB-005841,97,1,1164.64,10.0,1048.18,712.55
13037,UB-005841,38,2,1083.47,5.0,2058.59,1443.38
13038,UB-005841,43,3,165.2,5.0,470.82,350.64
13039,UB-005841,33,2,440.81,20.0,705.3,593.12
13040,UB-005842,84,1,1262.37,0.0,1262.37,812.12
13041,UB-005843,11,1,476.51,5.0,452.68,366.75
13042,UB-005843,6,1,972.04,15.0,826.23,692.29
13043,UB-005843,78,2,820.17,0.0,1640.34,1089.5
13044,UB-005844,62,2,376.96,0.0,753.92,521.1
13045,UB-005844,121,1,907.39,0.0,907.39,683.69
13046,UB-005844,20,1,969.52,20.0,775.62,674.24
13047,UB-005845,28,3,885.1,0.0,2655.3,2019.75
13048,UB-005845,29,1,736.6,0.0,736.6,536.32
13049,UB-005846,115,3,1199.33,0.0,3597.99,2396.76
13050,UB-005846,137,1,1277.11,15.0,1085.54,816.22
13051,UB-005846,36,1,829.29,10.0,746.36,533.78
13052,UB-005846,14,1,781.2,0.0,781.2,569.64
13053,UB-005846,5,99,1386.9,15.0,3536.6,2616.75
13054,UB-005847,111,2,639.98,20.0,1023.97,1113.58
13055,UB-005848,3,2,1118.83,0.0,2237.66,1448.08
13056,UB-005848,87,1,391.27,0.0,391.27,296.68
13057,UB-005848,28,1,863.79,0.0,863.79,673.25
13058,UB-005849,117,1,552.01,10.0,496.81,410.43
13059,UB-005850,101,3,1096.37,20.0,2631.29,2679.81
13060,UB-005851,138,2,883.46,0.0,1766.92,1209.2
13061,UB-005851,80,2,399.85,0.0,799.7,605.16
13062,UB-005851,119,1,580.54,0.0,580.54,477.5
13063,UB-005851,100,1,205.27,0.0,205.27,158.88
13064,UB-005851,140,1,289.3,0.0,289.3,195.06
13065,UB-005852,118,3,628.17,5.0,1790.28,1265.37
13066,UB-005852,26,1,222.01,20.0,177.61,138.49
13067,UB-005852,60,1,190.22,0.0,190.22,144.82
13068,UB-005852,9,1,683.98,5.0,649.78,501.69
13069,UB-005853,53,3,1293.33,5.0,3685.99,2595.36
13070,UB-005853,35,1,799.87,10.0,719.88,567.63
13071,UB-005853,81,1,1062.94,5.0,1009.79,710.48
13072,UB-005854,28,3,888.83,0.0,2666.49,2019.75
13073,UB-005855,96,3,501.49,0.0,1504.47,1101.66
13074,UB-005855,17,1,828.08,0.0,828.08,644.64
13075,UB-005855,22,2,675.15,0.0,1350.3,951.32
13076,UB-005855,122,1,654.76,0.0,654.76,508.02
13077,UB-005856,9,1,693.96,20.0,555.17,501.69
13078,UB-005856,141,1,276.43,20.0,221.14,185.67
13079,UB-005857,116,1,735.63,0.0,735.63,498.56
13080,UB-005857,79,1,738.1,0.0,738.1,478.88
13081,UB-005858,92,1,841.18,5.0,799.12,524.51
13082,UB-005859,48,1,348.88,0.0,348.88,254.63
13083,UB-005859,121,1,895.53,0.0,895.53,683.69
13084,UB-005859,34,5,167.96,10.0,755.82,690.15
13085,UB-005859,2,1,510.01,15.0,433.51,371.22
13086,UB-005860,113,4,874.25,15.0,2972.45,2780.0
13087,UB-005860,114,4,1032.88,0.0,4131.52,2583.48
13088,UB-005860,51,1,233.21,5.0,221.55,158.99
13089,UB-005861,37,3,1046.71,0.0,3140.13,2494.35
13090,UB-005862,87,2,378.22,0.0,756.44,593.36
13091,UB-005863,25,1,654.72,5.0,621.98,496.28
13092,UB-005863,102,5,1233.28,0.0,6166.4,4146.9
13093,UB-005864,116,2,747.71,15.0,1271.11,997.12
13094,UB-005864,6,1,996.77,0.0,996.77,692.29
13095,UB-005864,101,1,1145.15,20.0,916.12,893.27
13096,UB-005864,90,2,697.39,5.0,1325.04,1014.52
13097,UB-005864,92,4,840.21,20.0,2688.67,2098.04
13098,UB-005865,103,2,899.49,0.0,1798.98,1363.04
13099,UB-005866,48,1,363.5,0.0,363.5,254.63
13100,UB-005867,134,3,951.11,0.0,2853.33,1899.6
13101,UB-005868,89,1,587.85,5.0,558.46,419.15
13102,UB-005868,115,2,1184.38,15.0,2013.45,1597.84
13103,UB-005868,28,4,909.01,5.0,3454.24,2693.0
13104,UB-005869,99,2,115.54,15.0,196.42,161.88
13105,UB-005870,137,2,1322.56,10.0,2380.61,1632.44
13106,UB-005870,115,2,1178.17,5.0,2238.52,1597.84
13107,UB-005870,17,1,832.15,0.0,832.15,644.64
13108,UB-005871,82,4,1049.67,0.0,4198.68,2741.32
13109,UB-005871,24,1,91.5,20.0,73.2,61.51
13110,UB-005872,90,1,672.74,15.0,571.83,507.26
13111,UB-005872,108,1,1122.73,15.0,954.32,795.55
13112,UB-005872,44,4,778.06,0.0,3112.24,2351.24
13113,UB-005873,48,3,354.69,0.0,1064.07,763.89
13114,UB-005873,8,1,372.14,5.0,353.53,293.44
13115,UB-005874,122,1,632.46,0.0,632.46,508.02
13116,UB-005874,40,1,374.2,0.0,374.2,255.94
13117,UB-005875,9,5,697.55,10.0,3138.97,2508.45
13118,UB-005875,1,1,299.82,20.0,239.86,210.31
13119,UB-005876,58,1,555.71,10.0,500.14,356.56
13120,UB-005876,128,1,170.84,0.0,170.84,141.91
13121,UB-005877,107,1,318.41,0.0,318.41,228.45
13122,UB-005877,100,1,200.53,0.0,200.53,158.88
13123,UB-005878,9,1,677.69,10.0,609.92,501.69
13124,UB-005879,88,4,709.5,0.0,2838.0,2215.56
13125,UB-005880,140,2,305.66,0.0,611.32,390.12
13126,UB-005880,138,1,919.08,0.0,919.08,604.6
13127,UB-005880,33,1,444.85,10.0,400.37,296.56
13128,UB-005880,12,5,568.02,0.0,2840.1,2128.3
13129,UB-005881,83,1,870.72,0.0,870.72,707.0
13130,UB-005881,11,3,455.13,10.0,1228.85,1100.25
13131,UB-005881,67,2,155.07,0.0,310.14,192.4
13132,UB-005882,140,2,293.7,20.0,469.92,390.12
13133,UB-005882,26,1,215.06,0.0,215.06,138.49
13134,UB-005882,47,2,103.61,20.0,165.78,174.96
13135,UB-005882,102,1,1198.18,15.0,1018.45,829.38
13136,UB-005883,19,3,677.34,0.0,2032.02,1422.63
13137,UB-005884,19,1,677.81,5.0,643.92,474.21
13138,UB-005884,44,1,778.53,15.0,661.75,587.81
13139,UB-005885,96,2,504.8,0.0,1009.6,734.44
13140,UB-005885,88,3,699.82,0.0,2099.46,1661.67
13141,UB-005886,111,2,646.9,0.0,1293.8,1113.58
13142,UB-005886,138,3,894.03,5.0,2547.99,1813.8
13143,UB-005887,57,2,791.07,5.0,1503.03,1135.4
13144,UB-005888,100,1,207.66,0.0,207.66,158.88
13145,UB-005888,58,1,558.71,0.0,558.71,356.56
13146,UB-005889,106,1,1030.62,0.0,1030.62,719.76
13147,UB-005889,21,2,797.72,0.0,1595.44,1164.12
13148,UB-005889,109,2,154.85,0.0,309.7,197.6
13149,UB-005890,131,1,927.52,10.0,834.77,688.03
13150,UB-005890,121,1,916.96,0.0,916.96,683.69
13151,UB-005891,85,2,331.59,5.0,630.02,465.36
13152,UB-005891,33,1,433.77,0.0,433.77,296.56
13153,UB-005892,97,2,1164.19,0.0,2328.38,1425.1
13154,UB-005893,121,1,881.43,0.0,881.43,683.69
13155,UB-005894,32,1,102.66,0.0,102.66,79.85
13156,UB-005894,2,1,490.29,15.0,416.75,371.22
13157,UB-005894,85,1,335.18,0.0,335.18,232.68
13158,UB-005894,74,1,1180.29,0.0,1180.29,882.89
13159,UB-005894,3,2,1137.33,0.0,2274.66,1448.08
13160,UB-005895,31,3,742.08,0.0,2226.24,1744.77
13161,UB-005896,29,1,743.79,0.0,743.79,536.32
13162,UB-005896,65,2,735.21,10.0,1323.38,1051.2
13163,UB-005897,71,2,190.14,0.0,380.28,244.14
13164,UB-005897,19,1,685.11,10.0,616.6,474.21
13165,UB-005897,33,2,439.61,5.0,835.26,593.12
13166,UB-005898,80,1,403.12,0.0,403.12,302.58
13167,UB-005898,67,1,152.73,0.0,152.73,96.2
13168,UB-005899,80,2,396.81,10.0,714.26,605.16
13169,UB-005899,7,2,1021.26,0.0,2042.52,1507.5
13170,UB-005900,57,1,789.54,0.0,789.54,567.7
13171,UB-005901,120,1,728.39,0.0,728.39,488.5
13172,UB-005901,78,2,802.47,5.0,1524.69,1089.5
13173,UB-005901,115,1,1216.8,0.0,1216.8,798.92
13174,UB-005902,16,3,1046.32,0.0,3138.96,2449.14
13175,UB-005902,51,3,235.23,10.0,635.12,476.97
13176,UB-005902,40,1,379.91,10.0,341.92,255.94
13177,UB-005903,121,2,903.61,10.0,1626.5,1367.38
13178,UB-005903,13,4,359.3,10.0,1293.48,943.64
13179,UB-005904,15,2,1188.16,15.0,2019.87,1710.66
13180,UB-005904,4,1,778.86,0.0,778.86,608.34
13181,UB-005905,113,4,855.7,0.0,3422.8,2780.0
13182,UB-005905,14,2,756.06,0.0,1512.12,1139.28
13183,UB-005905,90,3,694.81,0.0,2084.43,1521.78
13184,UB-005906,78,1,773.85,0.0,773.85,544.75
13185,UB-005906,99,1,112.17,0.0,112.17,80.94
13186,UB-005906,16,2,1066.44,0.0,2132.88,1632.76
13187,UB-005906,34,3,166.06,0.0,498.18,414.09
13188,UB-005907,87,1,376.27,10.0,338.64,296.68
13189,UB-005907,33,3,449.51,0.0,1348.53,889.68
13190,UB-005908,94,1,755.59,0.0,755.59,538.36
13191,UB-005908,54,2,1028.25,5.0,1953.67,1614.36
13192,UB-005909,65,1,733.33,0.0,733.33,525.6
13193,UB-005910,121,1,904.85,10.0,814.37,683.69
13194,UB-005910,43,1,168.98,20.0,135.18,116.88
13195,UB-005910,25,2,645.85,10.0,1162.53,992.56
13196,UB-005910,80,1,409.76,10.0,368.78,302.58
13197,UB-005911,78,3,817.59,5.0,2330.13,1634.25
13198,UB-005911,68,4,229.84,0.0,919.36,644.76
13199,UB-005911,28,2,893.4,5.0,1697.46,1346.5
13200,UB-005911,61,1,1092.76,20.0,874.21,828.14
13201,UB-005911,143,1,827.82,0.0,827.82,614.71
13202,UB-005912,92,1,806.54,0.0,806.54,524.51
13203,UB-005913,119,2,593.38,0.0,1186.76,955.0
13204,UB-005913,74,1,1129.74,0.0,1129.74,882.89
13205,UB-005913,29,2,745.96,10.0,1342.73,1072.64
13206,UB-005914,42,1,621.27,10.0,559.14,398.38
13207,UB-005915,26,3,223.37,0.0,670.11,415.47
13208,UB-005915,131,3,899.53,0.0,2698.59,2064.09
13209,UB-005916,43,3,172.95,10.0,466.96,350.64
13210,UB-005917,27,1,1059.67,20.0,847.74,891.38
13211,UB-005917,81,3,1043.42,10.0,2817.23,2131.44
13212,UB-005918,15,1,1192.74,0.0,1192.74,855.33
13213,UB-005918,60,1,189.99,0.0,189.99,144.82
13214,UB-005918,8,1,378.39,0.0,378.39,293.44
13215,UB-005918,123,3,474.19,0.0,1422.57,986.7
13216,UB-005918,55,2,884.19,0.0,1768.38,1212.28
13217,UB-005919,65,1,726.96,5.0,690.61,525.6
13218,UB-005920,139,1,722.87,0.0,722.87,504.16
13219,UB-005921,135,1,624.36,5.0,593.14,397.42
13220,UB-005922,103,4,897.7,0.0,3590.8,2726.08
13221,UB-005922,29,4,716.82,0.0,2867.28,2145.28
13222,UB-005922,95,3,472.65,20.0,1134.36,1109.4
13223,UB-005923,125,1,327.19,10.0,294.47,213.73
13224,UB-005923,114,2,1023.91,0.0,2047.82,1291.74
13225,UB-005924,44,1,768.18,0.0,768.18,587.81
13226,UB-005924,75,1,905.94,0.0,905.94,587.78
13227,UB-005924,55,2,891.58,0.0,1783.16,1212.28
13228,UB-005925,103,3,899.25,10.0,2427.97,2044.56
13229,UB-005925,113,1,898.35,5.0,853.43,695.0
13230,UB-005925,133,2,491.28,20.0,786.05,640.74
13231,UB-005926,141,1,278.57,20.0,222.86,185.67
13232,UB-005926,32,1,106.12,0.0,106.12,79.85
13233,UB-005927,104,1,1267.26,0.0,1267.26,879.92
13234,UB-005927,70,1,1340.33,10.0,1206.3,864.59
13235,UB-005927,24,1,95.39,0.0,95.39,61.51
13236,UB-005928,22,1,670.87,20.0,536.7,475.66
13237,UB-005928,68,1,221.75,10.0,199.58,161.19
13238,UB-005928,77,1,282.69,20.0,226.15,195.63
13239,UB-005928,46,1,222.96,0.0,222.96,167.81
13240,UB-005929,43,1,165.39,0.0,165.39,116.88
13241,UB-005930,49,1,933.78,0.0,933.78,614.04
13242,UB-005930,28,1,901.04,0.0,901.04,673.25
13243,UB-005931,72,1,998.86,0.0,998.86,741.6
13244,UB-005931,106,2,1031.51,0.0,2063.02,1439.52
13245,UB-005931,110,3,917.48,5.0,2614.82,2038.02
13246,UB-005932,50,1,436.54,10.0,392.89,327.69
13247,UB-005932,52,1,656.61,0.0,656.61,457.32
13248,UB-005932,123,2,477.46,15.0,811.68,657.8
13249,UB-005932,62,1,391.57,5.0,371.99,260.55
13250,UB-005933,77,2,270.39,5.0,513.74,391.26
13251,UB-005933,112,1,449.46,0.0,449.46,338.04
13252,UB-005934,120,2,721.15,0.0,1442.3,977.0
13253,UB-005935,136,2,1363.54,20.0,2181.66,1733.96
13254,UB-005935,34,1,163.85,10.0,147.47,138.03
13255,UB-005935,63,1,248.42,0.0,248.42,167.23
13256,UB-005936,56,3,514.43,0.0,1543.29,1046.34
13257,UB-005937,143,3,811.53,0.0,2434.59,1844.13
13258,UB-005937,6,5,977.38,5.0,4642.55,3461.45
13259,UB-005937,14,2,770.75,0.0,1541.5,1139.28
13260,UB-005937,46,1,212.33,0.0,212.33,167.81
13261,UB-005938,70,2,1414.46,0.0,2828.92,1729.18
13262,UB-005938,132,2,1234.22,0.0,2468.44,1620.16
13263,UB-005938,27,3,1077.04,15.0,2746.45,2674.14
13264,UB-005938,3,1,1160.58,0.0,1160.58,724.04
13265,UB-005939,17,1,833.81,5.0,792.12,644.64
13266,UB-005940,18,1,813.03,10.0,731.73,648.71
13267,UB-005940,12,2,543.39,0.0,1086.78,851.32
13268,UB-005940,136,3,1348.37,15.0,3438.34,2600.94
13269,UB-005941,94,2,749.0,20.0,1198.4,1076.72
13270,UB-005941,113,2,886.8,0.0,1773.6,1390.0
13271,UB-005941,10,2,98.9,10.0,178.02,141.58
13272,UB-005941,5,1,1396.3,0.0,1396.3,872.25
13273,UB-005942,105,2,1279.29,0.0,2558.58,1777.9
13274,UB-005942,61,1,1111.56,15.0,944.83,828.14
13275,UB-005943,136,1,1380.93,0.0,1380.93,866.98
13276,UB-005944,43,1,164.96,15.0,140.22,116.88
13277,UB-005944,129,1,1192.83,0.0,1192.83,766.85
13278,UB-005944,10,1,96.29,10.0,86.66,70.79
13279,UB-005944,125,1,327.47,15.0,278.35,213.73
13280,UB-005945,88,1,712.03,0.0,712.03,553.89
13281,UB-005945,122,1,652.85,15.0,554.92,508.02
13282,UB-005946,12,1,554.95,10.0,499.46,425.66
13283,UB-005947,94,1,771.14,10.0,694.03,538.36
13284,UB-005947,67,1,155.87,0.0,155.87,96.2
13285,UB-005948,84,1,1269.58,0.0,1269.58,812.12
13286,UB-005948,72,1,948.61,0.0,948.61,741.6
13287,UB-005949,134,1,947.04,10.0,852.34,633.2
13288,UB-005950,141,2,275.6,0.0,551.2,371.34
13289,UB-005950,1,1,307.41,0.0,307.41,210.31
13290,UB-005950,100,1,200.61,0.0,200.61,158.88
13291,UB-005951,113,1,857.36,5.0,814.49,695.0
13292,UB-005951,94,3,740.72,0.0,2222.16,1615.08
13293,UB-005951,108,1,1136.53,5.0,1079.7,795.55
13294,UB-005952,121,1,885.12,10.0,796.61,683.69
13295,UB-005953,123,1,476.04,10.0,428.44,328.9
13296,UB-005954,99,1,110.19,10.0,99.17,80.94
13297,UB-005955,115,1,1224.61,0.0,1224.61,798.92
13298,UB-005955,81,1,1024.56,5.0,973.33,710.48
13299,UB-005955,21,2,763.12,0.0,1526.24,1164.12
13300,UB-005956,40,1,365.75,0.0,365.75,255.94
13301,UB-005957,131,2,904.69,20.0,1447.5,1376.06
13302,UB-005957,99,1,115.84,0.0,115.84,80.94
13303,UB-005958,83,1,849.67,5.0,807.19,707.0
13304,UB-005959,133,2,491.47,0.0,982.94,640.74
13305,UB-005960,133,1,515.9,10.0,464.31,320.37
13306,UB-005960,56,2,512.14,10.0,921.85,697.56
13307,UB-005960,13,1,378.44,5.0,359.52,235.91
13308,UB-005961,54,1,1036.11,20.0,828.89,807.18
13309,UB-005962,135,2,604.78,0.0,1209.56,794.84
13310,UB-005962,68,1,228.97,15.0,194.62,161.19
13311,UB-005962,144,1,428.71,0.0,428.71,300.62
13312,UB-005962,47,2,108.11,15.0,183.79,174.96
13313,UB-005963,104,1,1266.29,15.0,1076.35,879.92
13314,UB-005963,62,3,388.07,20.0,931.37,781.65
13315,UB-005963,108,1,1134.89,5.0,1078.15,795.55
13316,UB-005964,141,1,271.77,0.0,271.77,185.67
13317,UB-005964,107,1,320.73,0.0,320.73,228.45
13318,UB-005965,38,1,1071.98,0.0,1071.98,721.69
13319,UB-005965,89,1,600.62,0.0,600.62,419.15
13320,UB-005966,95,2,471.35,10.0,848.43,739.6
13321,UB-005966,98,1,580.16,0.0,580.16,467.33
13322,UB-005966,53,1,1276.89,5.0,1213.05,865.12
13323,UB-005967,76,1,827.83,10.0,745.05,616.89
13324,UB-005968,100,2,204.66,0.0,409.32,317.76
13325,UB-005968,54,1,1056.07,10.0,950.46,807.18
13326,UB-005968,137,2,1291.55,0.0,2583.1,1632.44
13327,UB-005969,17,2,855.33,0.0,1710.66,1289.28
13328,UB-005969,97,2,1152.45,10.0,2074.41,1425.1
13329,UB-005969,30,1,1337.79,0.0,1337.79,865.11
13330,UB-005970,23,2,889.43,0.0,1778.86,1255.08
13331,UB-005970,106,1,1049.36,0.0,1049.36,719.76
13332,UB-005971,58,2,568.99,10.0,1024.18,713.12
13333,UB-005972,103,1,930.93,10.0,837.84,681.52
13334,UB-005972,109,1,154.43,5.0,146.71,98.8
13335,UB-005972,77,1,274.7,0.0,274.7,195.63
13336,UB-005973,40,5,374.65,10.0,1685.92,1279.7
13337,UB-005973,68,1,218.6,0.0,218.6,161.19
13338,UB-005974,3,1,1121.85,0.0,1121.85,724.04
13339,UB-005974,144,2,432.36,10.0,778.25,601.24
13340,UB-005975,125,2,335.44,10.0,603.79,427.46
13341,UB-005975,78,1,816.23,10.0,734.61,544.75
13342,UB-005976,35,1,790.12,0.0,790.12,567.63
13343,UB-005976,30,3,1387.5,5.0,3954.38,2595.33
13344,UB-005977,14,1,753.79,10.0,678.41,569.64
13345,UB-005977,144,5,418.62,0.0,2093.1,1503.1
13346,UB-005977,11,1,473.62,0.0,473.62,366.75
13347,UB-005977,27,1,1044.2,0.0,1044.2,891.38
13348,UB-005978,137,2,1271.34,0.0,2542.68,1632.44
13349,UB-005978,76,1,812.57,15.0,690.68,616.89
13350,UB-005979,126,2,1223.22,0.0,2446.44,1607.0
13351,UB-005980,84,3,1292.83,20.0,3102.79,2436.36
13352,UB-005981,15,1,1201.86,0.0,1201.86,855.33
13353,UB-005981,135,1,599.34,0.0,599.34,397.42
13354,UB-005982,117,1,556.19,0.0,556.19,410.43
13355,UB-005982,53,2,1264.16,0.0,2528.32,1730.24
13356,UB-005983,111,2,660.76,0.0,1321.52,1113.58
13357,UB-005984,86,1,475.22,10.0,427.7,409.68
13358,UB-005984,133,4,502.66,0.0,2010.64,1281.48
13359,UB-005984,79,2,736.19,0.0,1472.38,957.76
13360,UB-005985,5,1,1406.04,15.0,1195.13,872.25
13361,UB-005985,76,3,815.7,15.0,2080.04,1850.67
13362,UB-005985,129,1,1153.3,0.0,1153.3,766.85
13363,UB-005985,144,2,426.0,0.0,852.0,601.24
13364,UB-005986,33,1,445.28,0.0,445.28,296.56
13365,UB-005986,82,1,1018.23,15.0,865.5,685.33
13366,UB-005987,136,2,1391.15,10.0,2504.07,1733.96
13367,UB-005988,40,2,369.68,0.0,739.36,511.88
13368,UB-005989,144,1,422.26,20.0,337.81,300.62
13369,UB-005990,18,1,811.83,0.0,811.83,648.71
13370,UB-005991,52,2,661.3,0.0,1322.6,914.64
13371,UB-005991,43,1,168.09,0.0,168.09,116.88
13372,UB-005991,39,1,850.55,5.0,808.02,614.07
13373,UB-005991,64,1,322.32,10.0,290.09,214.27
13374,UB-005991,54,1,1002.85,0.0,1002.85,807.18
13375,UB-005992,139,1,691.82,10.0,622.64,504.16
13376,UB-005992,69,1,316.87,10.0,285.18,234.6
13377,UB-005993,52,3,656.68,0.0,1970.04,1371.96
13378,UB-005993,143,3,828.61,5.0,2361.54,1844.13
13379,UB-005993,62,3,386.23,0.0,1158.69,781.65
13380,UB-005993,5,3,1365.7,0.0,4097.1,2616.75
13381,UB-005994,60,3,189.75,0.0,569.25,434.46
13382,UB-005994,47,3,103.55,0.0,310.65,262.44
13383,UB-005994,105,1,1221.63,5.0,1160.55,888.95
13384,UB-005995,88,1,698.27,20.0,558.62,553.89
13385,UB-005995,84,4,1304.68,0.0,5218.72,3248.48
13386,UB-005995,31,2,744.47,5.0,1414.49,1163.18
13387,UB-005996,119,2,583.81,5.0,1109.24,955.0
13388,UB-005996,33,1,446.05,10.0,401.44,296.56
13389,UB-005997,69,1,308.46,20.0,246.77,234.6
13390,UB-005997,46,4,221.96,10.0,799.06,671.24
13391,UB-005998,40,1,368.17,5.0,349.76,255.94
13392,UB-005999,7,2,1064.52,10.0,1916.14,1507.5
13393,UB-005999,26,1,219.12,5.0,208.16,138.49
13394,UB-005999,59,1,300.34,0.0,300.34,241.88
13395,UB-005999,45,2,791.65,10.0,1424.97,1221.74
13396,UB-005999,140,1,291.33,5.0,276.76,195.06
13397,UB-006000,137,1,1299.04,15.0,1104.18,816.22
13398,UB-006000,102,2,1184.14,0.0,2368.28,1658.76
13399,UB-006000,30,1,1327.73,5.0,1261.34,865.11
13400,UB-006001,125,1,332.03,0.0,332.03,213.73
13401,UB-006001,19,2,689.46,0.0,1378.92,948.42
13402,UB-006001,127,3,307.39,5.0,876.06,666.78
13403,UB-006001,133,2,495.04,0.0,990.08,640.74
13404,UB-006002,139,2,696.95,0.0,1393.9,1008.32
13405,UB-006002,71,1,193.33,5.0,183.66,122.07
13406,UB-006002,106,1,1084.09,0.0,1084.09,719.76
13407,UB-006003,134,2,961.03,0.0,1922.06,1266.4
13408,UB-006003,137,1,1294.39,5.0,1229.67,816.22
13409,UB-006004,138,1,928.19,0.0,928.19,604.6
13410,UB-006004,46,1,217.09,5.0,206.24,167.81
13411,UB-006004,45,2,797.9,0.0,1595.8,1221.74
13412,UB-006004,130,2,934.16,0.0,1868.32,1307.06
13413,UB-006005,29,1,733.74,10.0,660.37,536.32
13414,UB-006005,62,3,375.68,0.0,1127.04,781.65
13415,UB-006005,86,1,478.19,5.0,454.28,409.68
13416,UB-006006,134,3,944.35,0.0,2833.05,1899.6
13417,UB-006006,109,2,161.01,20.0,257.62,197.6
13418,UB-006007,125,1,329.89,15.0,280.41,213.73
13419,UB-006008,127,5,301.05,5.0,1429.99,1111.3
13420,UB-006008,48,1,358.14,0.0,358.14,254.63
13421,UB-006008,129,1,1204.09,0.0,1204.09,766.85
13422,UB-006009,126,2,1253.12,15.0,2130.3,1607.0
13423,UB-006010,88,1,689.31,0.0,689.31,553.89
13424,UB-006011,100,2,205.0,15.0,348.5,317.76
13425,UB-006011,11,1,461.1,15.0,391.94,366.75
13426,UB-006011,113,1,865.79,15.0,735.92,695.0
13427,UB-006012,142,1,479.12,15.0,407.25,406.29
13428,UB-006012,83,1,860.39,0.0,860.39,707.0
13429,UB-006012,41,1,925.06,10.0,832.55,743.96
13430,UB-006013,44,1,771.36,0.0,771.36,587.81
13431,UB-006013,91,3,473.78,15.0,1208.14,963.21
13432,UB-006014,9,2,686.63,0.0,1373.26,1003.38
13433,UB-006014,69,2,308.01,0.0,616.02,469.2
13434,UB-006014,73,2,994.13,0.0,1988.26,1325.96
13435,UB-006015,10,3,97.0,20.0,232.8,212.37
13436,UB-006015,122,1,627.52,0.0,627.52,508.02
13437,UB-006015,12,1,565.4,0.0,565.4,425.66
13438,UB-006015,111,1,675.6,15.0,574.26,556.79
13439,UB-006016,114,1,1001.55,20.0,801.24,645.87
13440,UB-006016,68,2,228.95,0.0,457.9,322.38
13441,UB-006017,37,2,1039.73,5.0,1975.49,1662.9
13442,UB-006018,100,1,199.27,0.0,199.27,158.88
13443,UB-006019,105,1,1282.82,0.0,1282.82,888.95
13444,UB-006019,46,1,223.73,0.0,223.73,167.81
13445,UB-006019,29,4,725.35,0.0,2901.4,2145.28
13446,UB-006019,142,4,491.88,15.0,1672.39,1625.16
13447,UB-006020,21,1,770.57,0.0,770.57,582.06
13448,UB-006020,17,3,855.79,20.0,2053.9,1933.92
13449,UB-006020,71,1,190.52,5.0,180.99,122.07
13450,UB-006021,135,1,595.71,10.0,536.14,397.42
13451,UB-006021,62,1,395.48,5.0,375.71,260.55
13452,UB-006022,114,2,1003.89,15.0,1706.61,1291.74
13453,UB-006023,2,3,495.74,5.0,1412.86,1113.66
13454,UB-006023,77,2,277.48,0.0,554.96,391.26
13455,UB-006024,111,2,645.98,10.0,1162.76,1113.58
13456,UB-006024,16,1,1082.43,20.0,865.94,816.38
13457,UB-006025,62,1,388.85,10.0,349.97,260.55
13458,UB-006025,68,1,226.85,0.0,226.85,161.19
13459,UB-006025,76,2,814.88,0.0,1629.76,1233.78
13460,UB-006025,57,3,784.33,0.0,2352.99,1703.1
13461,UB-006025,127,1,293.33,15.0,249.33,222.26
13462,UB-006026,42,1,602.14,0.0,602.14,398.38
13463,UB-006026,51,2,236.87,15.0,402.68,317.98
13464,UB-006026,104,3,1275.78,10.0,3444.61,2639.76
13465,UB-006027,69,1,302.41,0.0,302.41,234.6
13466,UB-006027,33,1,438.29,5.0,416.38,296.56
13467,UB-006027,14,1,764.96,15.0,650.22,569.64
13468,UB-006028,101,2,1091.21,10.0,1964.18,1786.54
13469,UB-006029,71,2,184.55,0.0,369.1,244.14
13470,UB-006029,122,1,655.37,0.0,655.37,508.02
13471,UB-006030,74,3,1181.33,0.0,3543.99,2648.67
13472,UB-006030,76,3,835.4,20.0,2004.96,1850.67
13473,UB-006030,137,3,1313.11,20.0,3151.46,2448.66
13474,UB-006031,63,2,252.68,15.0,429.56,334.46
13475,UB-006031,54,1,1034.85,10.0,931.36,807.18
13476,UB-006031,19,2,691.93,0.0,1383.86,948.42
13477,UB-006032,26,2,224.78,5.0,427.08,276.98
13478,UB-006033,104,1,1244.69,0.0,1244.69,879.92
13479,UB-006033,120,5,741.36,0.0,3706.8,2442.5
13480,UB-006033,31,4,714.56,5.0,2715.33,2326.36
13481,UB-006033,6,2,961.86,0.0,1923.72,1384.58
13482,UB-006034,95,2,471.14,0.0,942.28,739.6
13483,UB-006034,82,2,1022.38,20.0,1635.81,1370.66
13484,UB-006034,86,3,498.31,10.0,1345.44,1229.04
13485,UB-006034,33,1,428.38,10.0,385.54,296.56
13486,UB-006034,51,2,236.53,0.0,473.06,317.98
13487,UB-006035,53,1,1319.6,0.0,1319.6,865.12
13488,UB-006035,103,1,915.47,0.0,915.47,681.52
13489,UB-006036,92,1,820.86,5.0,779.82,524.51
13490,UB-006036,15,2,1202.98,5.0,2285.66,1710.66
13491,UB-006037,90,1,701.41,15.0,596.2,507.26
13492,UB-006037,84,1,1293.63,10.0,1164.27,812.12
13493,UB-006038,16,1,1079.81,10.0,971.83,816.38
13494,UB-006038,92,1,817.05,10.0,735.35,524.51
13495,UB-006038,136,1,1400.6,0.0,1400.6,866.98
13496,UB-006039,20,1,983.1,10.0,884.79,674.24
13497,UB-006039,88,2,716.16,20.0,1145.86,1107.78
13498,UB-006040,7,2,1035.9,0.0,2071.8,1507.5
13499,UB-006040,120,1,724.81,5.0,688.57,488.5
13500,UB-006040,19,3,666.24,0.0,1998.72,1422.63
13501,UB-006041,121,1,904.04,10.0,813.64,683.69
13502,UB-006041,20,3,964.03,5.0,2747.49,2022.72
13503,UB-006042,54,4,1053.56,0.0,4214.24,3228.72
13504,UB-006042,41,1,935.22,0.0,935.22,743.96
13505,UB-006043,129,1,1206.21,0.0,1206.21,766.85
13506,UB-006044,117,1,559.5,0.0,559.5,410.43
13507,UB-006044,42,1,611.19,0.0,611.19,398.38
13508,UB-006044,92,2,824.85,10.0,1484.73,1049.02
13509,UB-006044,68,1,217.54,5.0,206.66,161.19
13510,UB-006045,96,2,516.8,0.0,1033.6,734.44
13511,UB-006046,108,2,1143.91,10.0,2059.04,1591.1
13512,UB-006047,103,2,889.46,0.0,1778.92,1363.04
13513,UB-006047,11,1,477.68,0.0,477.68,366.75
13514,UB-006047,101,1,1106.87,0.0,1106.87,893.27
13515,UB-006047,97,1,1168.71,10.0,1051.84,712.55
13516,UB-006048,135,3,630.88,0.0,1892.64,1192.26
13517,UB-006048,137,2,1316.74,5.0,2501.81,1632.44
13518,UB-006048,48,2,358.53,10.0,645.35,509.26
13519,UB-006048,95,1,476.83,10.0,429.15,369.8
13520,UB-006048,52,1,654.97,5.0,622.22,457.32
13521,UB-006049,61,2,1100.12,0.0,2200.24,1656.28
13522,UB-006050,18,1,806.43,5.0,766.11,648.71
13523,UB-006050,59,2,296.4,0.0,592.8,483.76
13524,UB-006050,1,1,301.61,5.0,286.53,210.31
13525,UB-006051,42,4,612.3,5.0,2326.74,1593.52
13526,UB-006052,131,1,883.32,10.0,794.99,688.03
13527,UB-006052,75,1,865.28,0.0,865.28,587.78
13528,UB-006053,31,1,707.69,15.0,601.54,581.59
13529,UB-006053,70,1,1351.96,0.0,1351.96,864.59
13530,UB-006053,85,1,338.18,10.0,304.36,232.68
13531,UB-006054,77,2,280.64,20.0,449.02,391.26
13532,UB-006054,35,4,769.27,15.0,2615.52,2270.52
13533,UB-006054,39,1,877.62,0.0,877.62,614.07
13534,UB-006055,52,4,666.87,0.0,2667.48,1829.28
13535,UB-006056,61,2,1089.72,0.0,2179.44,1656.28
13536,UB-006056,107,2,322.74,0.0,645.48,456.9
13537,UB-006056,139,4,717.74,0.0,2870.96,2016.64
13538,UB-006057,134,1,928.95,15.0,789.61,633.2
13539,UB-006057,59,1,302.37,15.0,257.01,241.88
13540,UB-006057,67,1,150.07,0.0,150.07,96.2
13541,UB-006058,137,1,1318.97,10.0,1187.07,816.22
13542,UB-006059,13,3,363.18,15.0,926.11,707.73
13543,UB-006059,93,1,92.44,5.0,87.82,72.83
13544,UB-006059,140,3,292.65,5.0,834.05,585.18
13545,UB-006060,21,2,793.48,0.0,1586.96,1164.12
13546,UB-006060,58,1,572.48,0.0,572.48,356.56
13547,UB-006060,6,2,972.79,15.0,1653.74,1384.58
13548,UB-006061,64,1,325.81,5.0,309.52,214.27
13549,UB-006061,19,1,697.86,5.0,662.97,474.21
13550,UB-006061,71,5,194.61,0.0,973.05,610.35
13551,UB-006061,90,1,707.41,10.0,636.67,507.26
13552,UB-006062,111,3,641.15,0.0,1923.45,1670.37
13553,UB-006062,13,1,377.53,5.0,358.65,235.91
13554,UB-006062,101,3,1092.12,0.0,3276.36,2679.81
13555,UB-006063,90,5,708.24,10.0,3187.08,2536.3
13556,UB-006063,80,4,394.46,0.0,1577.84,1210.32
13557,UB-006063,48,2,368.96,0.0,737.92,509.26
13558,UB-006064,116,2,777.1,5.0,1476.49,997.12
13559,UB-006065,120,1,741.35,0.0,741.35,488.5
13560,UB-006065,136,1,1363.9,5.0,1295.7,866.98
13561,UB-006065,111,1,645.15,10.0,580.63,556.79
13562,UB-006065,90,2,695.89,0.0,1391.78,1014.52
13563,UB-006066,106,1,1056.36,0.0,1056.36,719.76
13564,UB-006066,132,4,1245.04,0.0,4980.16,3240.32
13565,UB-006066,63,1,252.02,10.0,226.82,167.23
13566,UB-006067,107,1,330.24,0.0,330.24,228.45
13567,UB-006068,4,1,807.18,0.0,807.18,608.34
13568,UB-006068,39,1,875.66,10.0,788.09,614.07
13569,UB-006069,18,1,808.88,0.0,808.88,648.71
13570,UB-006069,77,1,283.6,10.0,255.24,195.63
13571,UB-006069,144,1,417.17,0.0,417.17,300.62
13572,UB-006069,103,1,894.42,0.0,894.42,681.52
13573,UB-006069,67,1,154.22,0.0,154.22,96.2
13574,UB-006070,103,2,899.7,5.0,1709.43,1363.04
13575,UB-006071,67,1,154.03,0.0,154.03,96.2
13576,UB-006071,53,1,1279.8,0.0,1279.8,865.12
13577,UB-006071,127,1,304.48,10.0,274.03,222.26
13578,UB-006072,81,2,1016.01,0.0,2032.02,1420.96
13579,UB-006072,53,4,1311.77,5.0,4984.73,3460.48
13580,UB-006072,48,1,349.86,20.0,279.89,254.63
13581,UB-006072,55,2,912.39,5.0,1733.54,1212.28
13582,UB-006073,111,2,639.81,0.0,1279.62,1113.58
13583,UB-006073,122,5,645.07,0.0,3225.35,2540.1
13584,UB-006073,131,4,893.35,5.0,3394.73,2752.12
13585,UB-006073,50,5,438.47,15.0,1863.5,1638.45
13586,UB-006073,90,2,674.87,0.0,1349.74,1014.52
13587,UB-006074,120,2,745.44,0.0,1490.88,977.0
13588,UB-006075,75,3,881.91,0.0,2645.73,1763.34
13589,UB-006076,59,2,293.15,0.0,586.3,483.76
13590,UB-006076,60,2,184.59,10.0,332.26,289.64
13591,UB-006076,68,2,216.88,0.0,433.76,322.38
13592,UB-006076,63,2,253.73,0.0,507.46,334.46
13593,UB-006077,130,1,936.99,0.0,936.99,653.53
13594,UB-006078,27,3,1087.77,10.0,2936.98,2674.14
13595,UB-006078,17,3,848.51,20.0,2036.42,1933.92
13596,UB-006078,94,1,738.33,20.0,590.66,538.36
13597,UB-006078,36,1,859.87,5.0,816.88,533.78
13598,UB-006078,79,2,772.83,0.0,1545.66,957.76
13599,UB-006079,114,1,1043.1,0.0,1043.1,645.87
13600,UB-006079,76,1,803.69,0.0,803.69,616.89
13601,UB-006079,71,4,189.58,0.0,758.32,488.28
13602,UB-006079,39,1,847.34,0.0,847.34,614.07
13603,UB-006080,41,4,944.25,10.0,3399.3,2975.84
13604,UB-006080,78,2,779.61,20.0,1247.38,1089.5
13605,UB-006080,2,1,484.11,0.0,484.11,371.22
13606,UB-006081,85,1,335.73,0.0,335.73,232.68
13607,UB-006081,53,1,1278.44,0.0,1278.44,865.12
13608,UB-006081,3,3,1160.47,5.0,3307.34,2172.12
13609,UB-006081,35,3,782.69,5.0,2230.67,1702.89
13610,UB-006082,15,1,1232.87,5.0,1171.23,855.33
13611,UB-006083,5,1,1405.86,10.0,1265.27,872.25
13612,UB-006083,52,1,638.65,10.0,574.78,457.32
13613,UB-006083,99,1,110.63,10.0,99.57,80.94
13614,UB-006084,15,1,1196.98,5.0,1137.13,855.33
13615,UB-006085,90,1,711.79,0.0,711.79,507.26
13616,UB-006085,71,1,187.26,0.0,187.26,122.07
13617,UB-006085,8,1,369.12,0.0,369.12,293.44
13618,UB-006086,43,1,164.38,20.0,131.5,116.88
13619,UB-006087,90,1,698.48,0.0,698.48,507.26
13620,UB-006087,22,2,665.48,5.0,1264.41,951.32
13621,UB-006087,110,1,932.84,15.0,792.91,679.34
13622,UB-006087,135,1,596.39,10.0,536.75,397.42
13623,UB-006088,86,2,485.09,0.0,970.18,819.36
13624,UB-006088,91,1,463.67,0.0,463.67,321.07
13625,UB-006089,98,1,586.24,15.0,498.3,467.33
13626,UB-006090,32,2,102.91,0.0,205.82,159.7
13627,UB-006090,83,1,834.42,0.0,834.42,707.0
13628,UB-006090,125,2,322.82,0.0,645.64,427.46
13629,UB-006090,59,2,289.1,0.0,578.2,483.76
13630,UB-006090,24,1,95.13,10.0,85.62,61.51
13631,UB-006091,80,1,397.14,10.0,357.43,302.58
13632,UB-006091,65,1,740.83,15.0,629.71,525.6
13633,UB-006091,24,3,96.09,0.0,288.27,184.53
13634,UB-006091,51,4,237.71,0.0,950.84,635.96
13635,UB-006092,105,1,1238.78,0.0,1238.78,888.95
13636,UB-006092,34,3,163.54,0.0,490.62,414.09
13637,UB-006092,53,2,1306.93,20.0,2091.09,1730.24
13638,UB-006093,130,1,918.95,0.0,918.95,653.53
13639,UB-006094,54,1,1044.29,0.0,1044.29,807.18
13640,UB-006094,110,3,916.36,0.0,2749.08,2038.02
13641,UB-006094,71,1,184.62,0.0,184.62,122.07
13642,UB-006094,92,1,831.22,0.0,831.22,524.51
13643,UB-006094,37,4,1034.99,0.0,4139.96,3325.8
13644,UB-006095,52,2,667.94,20.0,1068.7,914.64
13645,UB-006095,74,1,1136.69,10.0,1023.02,882.89
13646,UB-006096,1,4,315.76,10.0,1136.74,841.24
13647,UB-006096,4,1,802.13,0.0,802.13,608.34
13648,UB-006096,141,4,276.54,0.0,1106.16,742.68
13649,UB-006096,79,2,753.45,5.0,1431.56,957.76
13650,UB-006097,18,1,818.41,0.0,818.41,648.71
13651,UB-006097,42,1,608.65,0.0,608.65,398.38
13652,UB-006098,5,4,1358.77,0.0,5435.08,3489.0
13653,UB-006098,14,1,761.36,0.0,761.36,569.64
13654,UB-006099,79,2,756.76,10.0,1362.17,957.76
13655,UB-006100,18,1,841.1,10.0,756.99,648.71
13656,UB-006100,6,2,949.64,0.0,1899.28,1384.58
13657,UB-006100,51,2,231.56,0.0,463.12,317.98
13658,UB-006101,38,2,1051.1,5.0,1997.09,1443.38
13659,UB-006102,127,1,297.49,5.0,282.62,222.26
13660,UB-006102,111,2,670.2,0.0,1340.4,1113.58
13661,UB-006102,42,1,618.47,10.0,556.62,398.38
13662,UB-006103,95,1,482.5,10.0,434.25,369.8
13663,UB-006103,135,1,606.75,20.0,485.4,397.42
13664,UB-006103,136,1,1372.97,0.0,1372.97,866.98
13665,UB-006104,14,4,767.85,0.0,3071.4,2278.56
13666,UB-006104,13,2,363.88,10.0,654.98,471.82
13667,UB-006105,44,4,786.6,15.0,2674.44,2351.24
13668,UB-006106,15,4,1217.39,0.0,4869.56,3421.32
13669,UB-006107,93,2,94.6,5.0,179.74,145.66
13670,UB-006107,72,1,950.39,0.0,950.39,741.6
13671,UB-006107,102,1,1176.86,10.0,1059.17,829.38
13672,UB-006107,14,1,736.84,10.0,663.16,569.64
13673,UB-006107,121,1,894.02,5.0,849.32,683.69
13674,UB-006108,30,1,1348.63,20.0,1078.9,865.11
13675,UB-006109,60,4,186.14,20.0,595.65,579.28
13676,UB-006109,125,1,334.96,10.0,301.46,213.73
13677,UB-006110,12,1,561.04,0.0,561.04,425.66
13678,UB-006110,21,1,804.97,15.0,684.22,582.06
13679,UB-006110,40,1,371.68,10.0,334.51,255.94
13680,UB-006111,85,2,338.71,5.0,643.55,465.36
13681,UB-006112,31,2,708.39,0.0,1416.78,1163.18
13682,UB-006112,33,1,433.74,0.0,433.74,296.56
13683,UB-006113,82,1,1053.16,15.0,895.19,685.33
13684,UB-006113,132,1,1268.98,0.0,1268.98,810.08
13685,UB-006113,93,1,90.58,0.0,90.58,72.83
13686,UB-006114,102,3,1206.31,0.0,3618.93,2488.14
13687,UB-006115,34,3,168.45,20.0,404.28,414.09
13688,UB-006115,106,1,1056.39,15.0,897.93,719.76
13689,UB-006115,55,3,903.91,10.0,2440.56,1818.42
13690,UB-006115,73,1,1008.62,0.0,1008.62,662.98
13691,UB-006115,81,1,1055.44,0.0,1055.44,710.48
13692,UB-006116,78,1,817.03,0.0,817.03,544.75
13693,UB-006117,29,2,734.81,10.0,1322.66,1072.64
13694,UB-006117,96,1,498.78,5.0,473.84,367.22
13695,UB-006117,88,1,693.28,0.0,693.28,553.89
13696,UB-006117,135,2,613.08,10.0,1103.54,794.84
13697,UB-006117,72,1,964.39,0.0,964.39,741.6
13698,UB-006118,5,1,1364.66,0.0,1364.66,872.25
13699,UB-006119,22,1,676.93,15.0,575.39,475.66
13700,UB-006119,2,3,505.52,0.0,1516.56,1113.66
13701,UB-006119,54,1,1027.84,0.0,1027.84,807.18
13702,UB-006119,96,2,517.69,0.0,1035.38,734.44
13703,UB-006119,48,3,367.47,15.0,937.05,763.89
13704,UB-006120,3,1,1159.98,0.0,1159.98,724.04
13705,UB-006121,126,2,1265.22,0.0,2530.44,1607.0
13706,UB-006122,3,1,1138.98,5.0,1082.03,724.04
13707,UB-006122,38,3,1052.92,0.0,3158.76,2165.07
13708,UB-006123,13,1,371.31,15.0,315.61,235.91
13709,UB-006123,40,1,363.32,20.0,290.66,255.94
13710,UB-006123,107,1,320.38,0.0,320.38,228.45
13711,UB-006123,101,1,1096.11,0.0,1096.11,893.27
13712,UB-006124,101,3,1126.48,10.0,3041.5,2679.81
13713,UB-006124,29,3,725.2,0.0,2175.6,1608.96
13714,UB-006124,48,1,364.92,0.0,364.92,254.63
13715,UB-006124,51,1,228.55,0.0,228.55,158.99
13716,UB-006124,108,1,1111.15,5.0,1055.59,795.55
13717,UB-006125,132,3,1211.35,0.0,3634.05,2430.24
13718,UB-006125,91,1,449.76,5.0,427.27,321.07
13719,UB-006126,134,1,963.15,0.0,963.15,633.2
13720,UB-006126,110,1,922.14,5.0,876.03,679.34
13721,UB-006126,46,2,218.31,5.0,414.79,335.62
13722,UB-006127,62,2,380.45,0.0,760.9,521.1
13723,UB-006127,13,2,359.75,0.0,719.5,471.82
13724,UB-006127,53,2,1279.94,0.0,2559.88,1730.24
13725,UB-006127,94,3,763.84,10.0,2062.37,1615.08
13726,UB-006128,106,2,1024.54,0.0,2049.08,1439.52
13727,UB-006128,22,2,644.35,0.0,1288.7,951.32
13728,UB-006128,63,1,258.81,0.0,258.81,167.23
13729,UB-006129,18,3,848.43,10.0,2290.76,1946.13
13730,UB-006129,94,3,755.12,15.0,1925.56,1615.08
13731,UB-006130,112,3,465.35,5.0,1326.25,1014.12
13732,UB-006130,100,3,207.19,0.0,621.57,476.64
13733,UB-006130,36,2,819.46,0.0,1638.92,1067.56
13734,UB-006131,70,2,1409.54,0.0,2819.08,1729.18
13735,UB-006132,113,2,873.44,0.0,1746.88,1390.0
13736,UB-006133,73,1,1015.35,0.0,1015.35,662.98
13737,UB-006133,126,1,1237.32,0.0,1237.32,803.5
13738,UB-006133,70,3,1384.7,0.0,4154.1,2593.77
13739,UB-006133,85,1,325.77,15.0,276.9,232.68
13740,UB-006133,54,1,1036.63,15.0,881.14,807.18
13741,UB-006134,37,1,1028.48,0.0,1028.48,831.45
13742,UB-006134,105,1,1228.66,20.0,982.93,888.95
13743,UB-006135,24,3,96.78,0.0,290.34,184.53
13744,UB-006135,114,1,1022.9,15.0,869.46,645.87
13745,UB-006135,124,1,525.97,0.0,525.97,445.56
13746,UB-006136,74,3,1160.05,0.0,3480.15,2648.67
13747,UB-006136,66,2,972.44,0.0,1944.88,1432.7
13748,UB-006136,22,1,643.56,0.0,643.56,475.66
13749,UB-006137,88,1,711.3,0.0,711.3,553.89
13750,UB-006137,28,2,868.48,0.0,1736.96,1346.5
13751,UB-006138,15,1,1253.04,0.0,1253.04,855.33
13752,UB-006138,40,3,375.67,5.0,1070.66,767.82
13753,UB-006138,141,2,272.46,5.0,517.67,371.34
13754,UB-006139,6,1,1000.29,0.0,1000.29,692.29
13755,UB-006139,59,1,294.16,0.0,294.16,241.88
13756,UB-006140,8,4,378.93,10.0,1364.15,1173.76
13757,UB-006141,76,1,835.23,0.0,835.23,616.89
13758,UB-006141,137,1,1323.77,0.0,1323.77,816.22
13759,UB-006141,89,1,580.88,15.0,493.75,419.15
13760,UB-006141,6,1,971.36,0.0,971.36,692.29
13761,UB-006142,17,4,864.99,5.0,3286.96,2578.56
13762,UB-006143,42,1,610.08,0.0,610.08,398.38
13763,UB-006143,49,3,943.56,20.0,2264.54,1842.12
13764,UB-006144,80,1,411.52,5.0,390.94,302.58
13765,UB-006144,101,2,1115.71,0.0,2231.42,1786.54
13766,UB-006145,3,3,1167.2,10.0,3151.44,2172.12
13767,UB-006145,55,1,887.38,10.0,798.64,606.14
13768,UB-006145,36,4,825.98,10.0,2973.53,2135.12
13769,UB-006146,34,1,167.58,0.0,167.58,138.03
13770,UB-006146,144,1,413.85,0.0,413.85,300.62
13771,UB-006146,100,2,207.19,10.0,372.94,317.76
13772,UB-006146,36,2,860.28,15.0,1462.48,1067.56
13773,UB-006146,60,2,192.85,0.0,385.7,289.64
13774,UB-006147,35,1,800.96,10.0,720.86,567.63
13775,UB-006147,104,1,1242.33,10.0,1118.1,879.92
13776,UB-006148,103,2,883.98,5.0,1679.56,1363.04
13777,UB-006149,139,2,692.27,0.0,1384.54,1008.32
13778,UB-006149,89,1,580.34,10.0,522.31,419.15
13779,UB-006149,62,2,378.78,10.0,681.8,521.1
13780,UB-006150,18,1,811.4,0.0,811.4,648.71
13781,UB-006150,97,2,1166.55,0.0,2333.1,1425.1
13782,UB-006150,104,1,1224.73,0.0,1224.73,879.92
13783,UB-006150,78,2,820.09,0.0,1640.18,1089.5
13784,UB-006150,1,1,301.34,10.0,271.21,210.31
13785,UB-006151,131,1,908.6,0.0,908.6,688.03
13786,UB-006151,144,1,418.53,0.0,418.53,300.62
13787,UB-006151,61,1,1063.33,0.0,1063.33,828.14
13788,UB-006151,10,1,99.69,20.0,79.75,70.79
13789,UB-006151,139,1,726.44,10.0,653.8,504.16
13790,UB-006152,24,4,93.73,0.0,374.92,246.04
13791,UB-006153,79,1,735.0,0.0,735.0,478.88
13792,UB-006154,26,1,218.91,0.0,218.91,138.49
13793,UB-006155,113,1,884.88,5.0,840.64,695.0
13794,UB-006155,59,2,295.79,15.0,502.84,483.76
13795,UB-006156,142,1,480.71,15.0,408.6,406.29
13796,UB-006156,51,1,239.97,0.0,239.97,158.99
13797,UB-006156,82,3,1025.39,20.0,2460.94,2055.99
13798,UB-006156,47,2,104.31,10.0,187.76,174.96
13799,UB-006157,38,2,1077.69,0.0,2155.38,1443.38
13800,UB-006158,56,1,529.27,5.0,502.81,348.78
13801,UB-006158,70,1,1396.43,0.0,1396.43,864.59
13802,UB-006158,71,1,191.59,15.0,162.85,122.07
13803,UB-006159,90,2,700.02,0.0,1400.04,1014.52
13804,UB-006160,106,1,1030.61,15.0,876.02,719.76
13805,UB-006160,128,3,169.75,0.0,509.25,425.73
13806,UB-006161,79,1,735.01,0.0,735.01,478.88
13807,UB-006162,28,3,892.48,0.0,2677.44,2019.75
13808,UB-006162,128,1,169.29,0.0,169.29,141.91
13809,UB-006162,143,1,783.24,0.0,783.24,614.71
13810,UB-006162,63,1,251.26,0.0,251.26,167.23
13811,UB-006162,71,1,187.26,0.0,187.26,122.07
13812,UB-006163,52,2,660.47,0.0,1320.94,914.64
13813,UB-006163,75,1,892.37,0.0,892.37,587.78
13814,UB-006163,18,1,849.6,5.0,807.12,648.71
13815,UB-006164,52,2,657.28,10.0,1183.1,914.64
13816,UB-006164,76,1,815.94,10.0,734.35,616.89
13817,UB-006164,10,2,99.84,0.0,199.68,141.58
13818,UB-006165,126,2,1216.32,10.0,2189.38,1607.0
13819,UB-006166,52,3,652.83,0.0,1958.49,1371.96
13820,UB-006167,128,2,175.57,0.0,351.14,283.82
13821,UB-006168,62,3,394.62,10.0,1065.47,781.65
13822,UB-006168,51,2,231.63,0.0,463.26,317.98
13823,UB-006168,76,2,811.24,10.0,1460.23,1233.78
13824,UB-006169,122,2,641.41,0.0,1282.82,1016.04
13825,UB-006170,99,3,111.48,0.0,334.44,242.82
13826,UB-006170,52,2,657.2,10.0,1182.96,914.64
13827,UB-006170,97,2,1131.37,5.0,2149.6,1425.1
13828,UB-006171,30,1,1397.69,0.0,1397.69,865.11
13829,UB-006172,128,1,177.51,0.0,177.51,141.91
13830,UB-006172,75,4,874.55,0.0,3498.2,2351.12
13831,UB-006172,53,1,1311.1,15.0,1114.43,865.12
13832,UB-006173,49,2,975.56,0.0,1951.12,1228.08
13833,UB-006174,2,3,494.58,10.0,1335.37,1113.66
13834,UB-006175,31,3,733.99,10.0,1981.77,1744.77
13835,UB-006176,103,2,931.4,0.0,1862.8,1363.04
13836,UB-006176,12,5,573.38,0.0,2866.9,2128.3
13837,UB-006177,56,2,523.26,0.0,1046.52,697.56
13838,UB-006178,54,1,1038.17,10.0,934.35,807.18
13839,UB-006178,108,2,1133.85,0.0,2267.7,1591.1
13840,UB-006179,18,2,814.3,15.0,1384.31,1297.42
13841,UB-006179,139,3,697.23,10.0,1882.52,1512.48
13842,UB-006179,49,1,981.1,0.0,981.1,614.04
13843,UB-006180,53,1,1280.97,0.0,1280.97,865.12
13844,UB-006180,118,3,622.36,0.0,1867.08,1265.37
13845,UB-006181,123,2,479.39,10.0,862.9,657.8
13846,UB-006182,83,1,833.44,5.0,791.77,707.0
13847,UB-006182,47,2,109.29,0.0,218.58,174.96
13848,UB-006182,38,2,1047.95,10.0,1886.31,1443.38
13849,UB-006183,90,4,673.45,0.0,2693.8,2029.04
13850,UB-006183,93,1,90.51,0.0,90.51,72.83
13851,UB-006184,119,1,582.65,10.0,524.38,477.5
13852,UB-006184,123,3,478.75,0.0,1436.25,986.7
13853,UB-006185,139,2,727.78,0.0,1455.56,1008.32
13854,UB-006185,6,2,992.54,5.0,1885.83,1384.58
13855,UB-006185,109,3,153.42,0.0,460.26,296.4
13856,UB-006186,84,2,1276.38,0.0,2552.76,1624.24
13857,UB-006186,27,2,1079.17,5.0,2050.42,1782.76
13858,UB-006186,64,1,314.8,15.0,267.58,214.27
13859,UB-006187,18,5,806.65,0.0,4033.25,3243.55
13860,UB-006187,27,1,1048.46,0.0,1048.46,891.38
13861,UB-006187,62,1,393.18,0.0,393.18,260.55
13862,UB-006188,45,1,825.33,5.0,784.06,610.87
13863,UB-006189,68,1,223.73,0.0,223.73,161.19
13864,UB-006189,130,2,927.01,20.0,1483.22,1307.06
13865,UB-006189,2,1,500.21,15.0,425.18,371.22
13866,UB-006189,134,3,971.5,0.0,2914.5,1899.6
13867,UB-006190,47,1,103.39,0.0,103.39,87.48
13868,UB-006191,108,2,1129.67,0.0,2259.34,1591.1
13869,UB-006191,1,1,304.13,15.0,258.51,210.31
13870,UB-006191,67,3,151.67,0.0,455.01,288.6
13871,UB-006192,2,1,482.98,10.0,434.68,371.22
13872,UB-006193,38,1,1057.39,10.0,951.65,721.69
13873,UB-006193,98,2,590.59,0.0,1181.18,934.66
13874,UB-006193,60,3,185.16,0.0,555.48,434.46
13875,UB-006193,81,1,1019.98,0.0,1019.98,710.48
13876,UB-006194,112,2,468.81,0.0,937.62,676.08
13877,UB-006195,136,1,1378.05,10.0,1240.24,866.98
13878,UB-006195,80,3,407.61,0.0,1222.83,907.74
13879,UB-006195,102,2,1215.63,10.0,2188.13,1658.76
13880,UB-006195,122,2,624.7,5.0,1186.93,1016.04
13881,UB-006196,74,1,1115.14,0.0,1115.14,882.89
13882,UB-006196,12,1,553.72,0.0,553.72,425.66
13883,UB-006197,124,4,531.25,5.0,2018.75,1782.24
13884,UB-006197,56,1,528.28,20.0,422.62,348.78
13885,UB-006197,126,1,1278.18,10.0,1150.36,803.5
13886,UB-006198,135,3,628.77,0.0,1886.31,1192.26
13887,UB-006199,80,1,401.55,10.0,361.4,302.58
13888,UB-006199,33,2,434.71,20.0,695.54,593.12
13889,UB-006199,138,3,923.15,0.0,2769.45,1813.8
13890,UB-006200,101,3,1107.21,5.0,3155.55,2679.81
13891,UB-006200,62,1,384.53,5.0,365.3,260.55
13892,UB-006200,7,1,1015.95,0.0,1015.95,753.75
13893,UB-006201,79,2,757.48,0.0,1514.96,957.76
13894,UB-006201,50,2,436.38,0.0,872.76,655.38
13895,UB-006201,106,1,1025.53,0.0,1025.53,719.76
13896,UB-006202,103,2,889.62,0.0,1779.24,1363.04
13897,UB-006202,138,4,904.03,20.0,2892.9,2418.4
13898,UB-006202,99,1,112.97,20.0,90.38,80.94
13899,UB-006203,126,3,1229.12,0.0,3687.36,2410.5
13900,UB-006203,19,1,700.1,0.0,700.1,474.21
13901,UB-006204,83,1,870.96,15.0,740.32,707.0
13902,UB-006204,13,3,365.8,0.0,1097.4,707.73
13903,UB-006205,17,1,830.69,0.0,830.69,644.64
13904,UB-006206,58,3,567.77,20.0,1362.65,1069.68
13905,UB-006206,116,1,750.53,0.0,750.53,498.56
13906,UB-006206,86,3,480.44,0.0,1441.32,1229.04
13907,UB-006207,1,4,300.24,0.0,1200.96,841.24
13908,UB-006207,141,1,274.46,0.0,274.46,185.67
13909,UB-006208,132,1,1250.65,20.0,1000.52,810.08
13910,UB-006208,47,1,107.74,10.0,96.97,87.48
13911,UB-006209,30,1,1384.76,10.0,1246.28,865.11
13912,UB-006209,96,1,507.8,0.0,507.8,367.22
13913,UB-006210,22,4,641.48,0.0,2565.92,1902.64
13914,UB-006210,138,1,900.86,0.0,900.86,604.6
13915,UB-006211,110,2,935.34,5.0,1777.15,1358.68
13916,UB-006212,66,1,955.17,5.0,907.41,716.35
13917,UB-006212,119,1,594.8,20.0,475.84,477.5
13918,UB-006212,138,1,930.7,0.0,930.7,604.6
13919,UB-006213,114,4,1002.0,0.0,4008.0,2583.48
13920,UB-006214,42,1,586.44,20.0,469.15,398.38
13921,UB-006214,7,2,1010.27,5.0,1919.51,1507.5
13922,UB-006214,34,1,167.76,0.0,167.76,138.03
13923,UB-006215,1,1,306.71,20.0,245.37,210.31
13924,UB-006215,92,2,822.63,10.0,1480.73,1049.02
13925,UB-006216,60,1,190.14,15.0,161.62,144.82
13926,UB-006217,125,1,321.87,15.0,273.59,213.73
13927,UB-006217,23,1,913.89,5.0,868.2,627.54
13928,UB-006217,78,3,774.11,15.0,1973.98,1634.25
13929,UB-006217,21,1,783.8,10.0,705.42,582.06
13930,UB-006218,108,1,1126.87,0.0,1126.87,795.55
13931,UB-006218,32,2,107.67,15.0,183.04,159.7
13932,UB-006218,96,3,494.92,5.0,1410.52,1101.66
13933,UB-006219,31,1,728.92,0.0,728.92,581.59
13934,UB-006219,22,2,647.75,0.0,1295.5,951.32
13935,UB-006220,23,2,877.51,5.0,1667.27,1255.08
13936,UB-006220,142,1,491.55,15.0,417.82,406.29
13937,UB-006220,37,2,1049.52,5.0,1994.09,1662.9
13938,UB-006221,15,2,1208.8,15.0,2054.96,1710.66
13939,UB-006222,143,1,828.51,0.0,828.51,614.71
13940,UB-006222,28,1,863.04,5.0,819.89,673.25
13941,UB-006223,20,2,984.92,0.0,1969.84,1348.48
13942,UB-006223,28,1,899.43,0.0,899.43,673.25
13943,UB-006224,13,1,370.37,0.0,370.37,235.91
13944,UB-006225,141,2,272.33,0.0,544.66,371.34
13945,UB-006225,52,2,661.48,5.0,1256.81,914.64
13946,UB-006225,84,2,1285.32,0.0,2570.64,1624.24
13947,UB-006225,82,1,1049.52,0.0,1049.52,685.33
13948,UB-006226,70,2,1371.63,0.0,2743.26,1729.18
13949,UB-006227,95,1,475.48,0.0,475.48,369.8
13950,UB-006228,75,1,888.82,0.0,888.82,587.78
13951,UB-006228,143,1,825.91,15.0,702.02,614.71
13952,UB-006229,14,1,765.94,0.0,765.94,569.64
13953,UB-006229,138,1,910.48,0.0,910.48,604.6
13954,UB-006230,27,1,1081.4,10.0,973.26,891.38
13955,UB-006231,36,3,829.03,5.0,2362.74,1601.34
13956,UB-006232,130,1,935.82,5.0,889.03,653.53
13957,UB-006233,58,1,573.36,20.0,458.69,356.56
13958,UB-006233,54,1,1004.62,0.0,1004.62,807.18
13959,UB-006233,139,3,707.33,20.0,1697.59,1512.48
13960,UB-006234,1,1,298.52,0.0,298.52,210.31
13961,UB-006235,107,1,314.86,0.0,314.86,228.45
13962,UB-006235,108,1,1114.18,0.0,1114.18,795.55
13963,UB-006236,25,2,646.95,0.0,1293.9,992.56
13964,UB-006236,69,3,315.8,10.0,852.66,703.8
13965,UB-006237,104,1,1225.19,5.0,1163.93,879.92
13966,UB-006237,98,2,569.91,10.0,1025.84,934.66
13967,UB-006237,62,1,382.45,5.0,363.33,260.55
13968,UB-006237,83,2,880.75,0.0,1761.5,1414.0
13969,UB-006238,96,1,516.4,0.0,516.4,367.22
13970,UB-006239,138,2,892.13,0.0,1784.26,1209.2
13971,UB-006239,58,2,558.48,0.0,1116.96,713.12
13972,UB-006239,116,1,757.44,5.0,719.57,498.56
13973,UB-006240,144,2,425.74,0.0,851.48,601.24
13974,UB-006241,93,1,92.92,0.0,92.92,72.83
13975,UB-006241,65,1,724.66,0.0,724.66,525.6
13976,UB-006241,84,2,1247.3,5.0,2369.87,1624.24
13977,UB-006242,8,1,382.98,0.0,382.98,293.44
13978,UB-006243,66,1,985.22,20.0,788.18,716.35
13979,UB-006243,70,1,1407.29,0.0,1407.29,864.59
13980,UB-006244,135,1,604.08,0.0,604.08,397.42
13981,UB-006244,67,2,153.26,15.0,260.54,192.4
13982,UB-006244,52,1,641.07,5.0,609.02,457.32
13983,UB-006245,62,2,382.98,0.0,765.96,521.1
13984,UB-006245,24,3,95.58,5.0,272.4,184.53
13985,UB-006245,75,1,868.23,10.0,781.41,587.78
13986,UB-006246,126,1,1221.43,0.0,1221.43,803.5
13987,UB-006247,100,3,197.88,0.0,593.64,476.64
13988,UB-006248,54,1,1007.36,10.0,906.62,807.18
13989,UB-006249,142,2,483.97,5.0,919.54,812.58
13990,UB-006250,49,5,951.81,10.0,4283.14,3070.2
13991,UB-006251,86,2,474.91,10.0,854.84,819.36
13992,UB-006251,9,2,683.09,0.0,1366.18,1003.38
13993,UB-006251,89,3,598.08,0.0,1794.24,1257.45
13994,UB-006252,58,1,586.98,0.0,586.98,356.56
13995,UB-006252,5,1,1363.38,0.0,1363.38,872.25
13996,UB-006253,90,4,685.91,0.0,2743.64,2029.04
13997,UB-006253,58,1,573.07,20.0,458.46,356.56
13998,UB-006254,49,1,987.18,10.0,888.46,614.04
13999,UB-006254,137,2,1308.16,15.0,2223.87,1632.44
14000,UB-006254,77,2,280.01,20.0,448.02,391.26
14001,UB-006255,34,1,164.66,5.0,156.43,138.03
14002,UB-006255,31,2,707.05,0.0,1414.1,1163.18
14003,UB-006256,80,1,409.33,0.0,409.33,302.58
14004,UB-006256,91,1,457.43,20.0,365.94,321.07
14005,UB-006257,90,1,691.39,0.0,691.39,507.26
14006,UB-006257,24,3,95.09,10.0,256.74,184.53
14007,UB-006258,102,1,1189.83,0.0,1189.83,829.38
14008,UB-006259,83,1,852.0,0.0,852.0,707.0
14009,UB-006259,92,1,819.52,15.0,696.59,524.51
14010,UB-006260,34,3,164.55,0.0,493.65,414.09
14011,UB-006260,120,1,715.02,20.0,572.02,488.5
14012,UB-006261,135,1,625.29,0.0,625.29,397.42
14013,UB-006261,24,1,93.01,10.0,83.71,61.51
14014,UB-006261,104,3,1232.15,0.0,3696.45,2639.76
14015,UB-006262,97,1,1154.31,5.0,1096.59,712.55
14016,UB-006263,16,1,1071.88,0.0,1071.88,816.38
14017,UB-006263,65,1,730.25,0.0,730.25,525.6
14018,UB-006264,90,1,685.78,0.0,685.78,507.26
14019,UB-006264,111,1,668.5,0.0,668.5,556.79
14020,UB-006265,32,1,105.35,0.0,105.35,79.85
14021,UB-006265,27,1,1057.04,15.0,898.48,891.38
14022,UB-006266,34,4,165.56,0.0,662.24,552.12
14023,UB-006266,67,3,150.2,0.0,450.6,288.6
14024,UB-006267,111,3,665.31,5.0,1896.13,1670.37
14025,UB-006267,60,2,191.63,0.0,383.26,289.64
14026,UB-006267,140,4,300.42,0.0,1201.68,780.24
14027,UB-006267,97,1,1150.64,20.0,920.51,712.55
14028,UB-006268,21,2,763.95,0.0,1527.9,1164.12
14029,UB-006269,113,1,862.25,0.0,862.25,695.0
14030,UB-006269,140,1,303.65,0.0,303.65,195.06
14031,UB-006269,144,1,419.36,0.0,419.36,300.62
14032,UB-006270,84,1,1301.66,0.0,1301.66,812.12
14033,UB-006270,32,2,102.27,15.0,173.86,159.7
14034,UB-006271,30,1,1386.96,0.0,1386.96,865.11
14035,UB-006271,73,1,977.38,10.0,879.64,662.98
14036,UB-006271,45,2,810.38,20.0,1296.61,1221.74
14037,UB-006271,82,1,1061.78,10.0,955.6,685.33
14038,UB-006272,43,1,167.86,15.0,142.68,116.88
14039,UB-006272,83,1,843.43,0.0,843.43,707.0
14040,UB-006273,135,4,625.14,15.0,2125.48,1589.68
14041,UB-006273,49,1,939.94,0.0,939.94,614.04
14042,UB-006274,52,4,643.83,15.0,2189.02,1829.28
14043,UB-006274,92,2,830.15,0.0,1660.3,1049.02
14044,UB-006274,5,1,1376.61,0.0,1376.61,872.25
14045,UB-006275,64,1,327.62,20.0,262.1,214.27
14046,UB-006275,50,2,437.59,10.0,787.66,655.38
14047,UB-006276,136,1,1346.17,0.0,1346.17,866.98
14048,UB-006276,23,1,924.43,0.0,924.43,627.54
14049,UB-006277,12,1,568.67,0.0,568.67,425.66
14050,UB-006278,117,2,558.22,0.0,1116.44,820.86
14051,UB-006279,94,3,771.43,5.0,2198.58,1615.08
14052,UB-006279,36,1,845.52,10.0,760.97,533.78
14053,UB-006279,25,1,660.81,0.0,660.81,496.28
14054,UB-006279,20,2,951.59,10.0,1712.86,1348.48
14055,UB-006280,21,1,802.15,5.0,762.04,582.06
14056,UB-006281,120,1,711.3,0.0,711.3,488.5
14057,UB-006282,119,2,591.5,5.0,1123.85,955.0
14058,UB-006282,50,1,425.05,5.0,403.8,327.69
14059,UB-006282,136,1,1391.95,10.0,1252.76,866.98
14060,UB-006282,55,1,918.46,10.0,826.61,606.14
14061,UB-006283,67,4,150.14,0.0,600.56,384.8
14062,UB-006284,140,3,293.54,10.0,792.56,585.18
14063,UB-006285,17,1,831.76,15.0,707.0,644.64
14064,UB-006285,62,1,378.43,0.0,378.43,260.55
14065,UB-006286,21,1,781.97,0.0,781.97,582.06
14066,UB-006286,143,1,821.86,5.0,780.77,614.71
14067,UB-006287,132,2,1227.63,0.0,2455.26,1620.16
14068,UB-006287,61,1,1096.02,20.0,876.82,828.14
14069,UB-006287,99,1,116.26,0.0,116.26,80.94
14070,UB-006288,109,2,159.38,0.0,318.76,197.6
14071,UB-006288,106,1,1081.3,0.0,1081.3,719.76
14072,UB-006289,61,3,1067.26,20.0,2561.42,2484.42
14073,UB-006290,3,1,1130.41,5.0,1073.89,724.04
14074,UB-006291,1,1,314.47,15.0,267.3,210.31
14075,UB-006291,94,2,761.45,0.0,1522.9,1076.72
14076,UB-006292,49,1,973.18,10.0,875.86,614.04
14077,UB-006292,112,1,463.87,5.0,440.68,338.04
14078,UB-006293,30,1,1370.14,20.0,1096.11,865.11
14079,UB-006293,20,5,985.26,0.0,4926.3,3371.2
14080,UB-006293,95,2,491.76,20.0,786.82,739.6
14081,UB-006294,34,1,159.34,15.0,135.44,138.03
14082,UB-006295,141,1,281.36,0.0,281.36,185.67
14083,UB-006296,2,1,497.82,10.0,448.04,371.22
14084,UB-006297,36,2,820.89,15.0,1395.51,1067.56
14085,UB-006298,28,1,869.36,0.0,869.36,673.25
14086,UB-006298,114,2,1041.64,0.0,2083.28,1291.74
14087,UB-006299,105,3,1226.76,0.0,3680.28,2666.85
14088,UB-006300,80,1,411.95,10.0,370.75,302.58
14089,UB-006300,22,1,646.22,0.0,646.22,475.66
14090,UB-006300,115,2,1208.48,0.0,2416.96,1597.84
14091,UB-006300,113,2,891.18,5.0,1693.24,1390.0
14092,UB-006300,82,1,1021.82,0.0,1021.82,685.33
14093,UB-006301,89,1,593.65,10.0,534.28,419.15
14094,UB-006301,25,1,667.99,0.0,667.99,496.28
14095,UB-006301,116,1,736.71,5.0,699.87,498.56
14096,UB-006302,31,1,744.87,0.0,744.87,581.59
14097,UB-006303,122,1,646.69,5.0,614.36,508.02
14098,UB-006303,129,2,1195.44,0.0,2390.88,1533.7
14099,UB-006303,60,3,191.79,5.0,546.6,434.46
14100,UB-006303,138,1,886.8,0.0,886.8,604.6
14101,UB-006304,110,3,913.7,20.0,2192.88,2038.02
14102,UB-006305,75,1,861.68,0.0,861.68,587.78
14103,UB-006305,61,3,1098.04,10.0,2964.71,2484.42
14104,UB-006305,54,1,1011.58,10.0,910.42,807.18
14105,UB-006306,125,1,340.49,20.0,272.39,213.73
14106,UB-006306,35,1,798.37,0.0,798.37,567.63
14107,UB-006307,20,1,965.61,0.0,965.61,674.24
14108,UB-006308,107,2,329.78,10.0,593.6,456.9
14109,UB-006308,6,1,964.33,0.0,964.33,692.29
14110,UB-006308,59,3,294.07,5.0,838.1,725.64
14111,UB-006309,112,2,469.89,15.0,798.81,676.08
14112,UB-006310,55,4,933.17,0.0,3732.68,2424.56
14113,UB-006310,117,2,553.47,10.0,996.25,820.86
14114,UB-006311,29,2,733.07,0.0,1466.14,1072.64
14115,UB-006311,81,1,1062.94,0.0,1062.94,710.48
14116,UB-006311,118,2,637.04,0.0,1274.08,843.58
14117,UB-006312,43,3,168.73,0.0,506.19,350.64
14118,UB-006313,4,1,780.03,10.0,702.03,608.34
14119,UB-006313,133,2,516.62,10.0,929.92,640.74
14120,UB-006313,24,2,95.16,0.0,190.32,123.02
14121,UB-006314,141,2,271.71,5.0,516.25,371.34
14122,UB-006314,104,1,1269.68,0.0,1269.68,879.92
14123,UB-006314,116,4,743.24,10.0,2675.66,1994.24
14124,UB-006315,27,1,1072.56,20.0,858.05,891.38
14125,UB-006316,126,2,1223.2,5.0,2324.08,1607.0
14126,UB-006317,23,2,926.74,10.0,1668.13,1255.08
14127,UB-006318,52,1,642.89,10.0,578.6,457.32
14128,UB-006318,134,2,934.06,20.0,1494.5,1266.4
14129,UB-006319,102,1,1200.7,10.0,1080.63,829.38
14130,UB-006319,90,2,692.05,15.0,1176.48,1014.52
14131,UB-006320,40,1,368.36,0.0,368.36,255.94
14132,UB-006320,121,2,931.14,0.0,1862.28,1367.38
14133,UB-006320,77,2,271.44,5.0,515.74,391.26
14134,UB-006320,76,1,790.8,5.0,751.26,616.89
14135,UB-006321,43,3,165.22,0.0,495.66,350.64
14136,UB-006321,38,1,1057.89,0.0,1057.89,721.69
14137,UB-006321,77,1,270.18,0.0,270.18,195.63
14138,UB-006322,121,2,927.81,0.0,1855.62,1367.38
14139,UB-006323,136,1,1345.83,0.0,1345.83,866.98
14140,UB-006324,87,1,390.34,0.0,390.34,296.68
14141,UB-006325,25,1,669.32,0.0,669.32,496.28
14142,UB-006325,77,1,277.55,10.0,249.8,195.63
14143,UB-006325,73,2,993.54,0.0,1987.08,1325.96
14144,UB-006325,118,2,647.27,0.0,1294.54,843.58
14145,UB-006326,77,2,284.56,5.0,540.66,391.26
14146,UB-006326,61,2,1082.47,10.0,1948.45,1656.28
14147,UB-006326,50,2,424.44,5.0,806.44,655.38
14148,UB-006327,92,2,829.3,0.0,1658.6,1049.02
14149,UB-006328,46,1,219.94,20.0,175.95,167.81
14150,UB-006328,77,2,274.2,0.0,548.4,391.26
14151,UB-006329,118,1,651.78,0.0,651.78,421.79
14152,UB-006329,94,1,747.84,15.0,635.66,538.36
14153,UB-006329,121,1,926.81,0.0,926.81,683.69
14154,UB-006329,45,1,826.92,5.0,785.57,610.87
14155,UB-006330,85,1,329.18,0.0,329.18,232.68
14156,UB-006331,112,1,461.16,0.0,461.16,338.04
14157,UB-006331,66,1,985.96,20.0,788.77,716.35
14158,UB-006332,26,1,216.3,0.0,216.3,138.49
14159,UB-006333,129,1,1186.93,0.0,1186.93,766.85
14160,UB-006334,130,3,912.9,0.0,2738.7,1960.59
14161,UB-006335,78,2,804.97,20.0,1287.95,1089.5
14162,UB-006335,109,2,153.08,20.0,244.93,197.6
14163,UB-006335,34,1,166.87,5.0,158.53,138.03
14164,UB-006336,11,1,471.03,5.0,447.48,366.75
14165,UB-006336,23,1,916.46,5.0,870.64,627.54
14166,UB-006336,134,1,921.83,10.0,829.65,633.2
14167,UB-006337,124,1,525.75,15.0,446.89,445.56
14168,UB-006337,69,1,309.42,10.0,278.48,234.6
14169,UB-006338,37,1,1078.7,5.0,1024.77,831.45
14170,UB-006338,112,2,469.05,0.0,938.1,676.08
14171,UB-006339,17,3,830.04,0.0,2490.12,1933.92
14172,UB-006339,5,4,1377.48,5.0,5234.42,3489.0
14173,UB-006340,48,4,353.19,0.0,1412.76,1018.52
14174,UB-006340,129,1,1197.82,10.0,1078.04,766.85
14175,UB-006341,13,3,374.32,5.0,1066.81,707.73
14176,UB-006341,99,1,112.53,0.0,112.53,80.94
14177,UB-006341,61,1,1068.43,10.0,961.59,828.14
14178,UB-006341,53,2,1304.93,5.0,2479.37,1730.24
14179,UB-006341,118,2,637.25,5.0,1210.77,843.58
14180,UB-006342,24,2,91.31,0.0,182.62,123.02
14181,UB-006342,9,4,685.95,0.0,2743.8,2006.76
14182,UB-006342,15,1,1250.37,0.0,1250.37,855.33
14183,UB-006342,117,2,547.13,0.0,1094.26,820.86
14184,UB-006343,46,1,219.18,0.0,219.18,167.81
14185,UB-006344,4,2,808.36,10.0,1455.05,1216.68
14186,UB-006344,103,1,886.58,10.0,797.92,681.52
14187,UB-006345,111,1,674.78,10.0,607.3,556.79
14188,UB-006346,24,1,94.15,15.0,80.03,61.51
14189,UB-006346,60,2,193.34,0.0,386.68,289.64
14190,UB-006346,21,1,771.83,15.0,656.06,582.06
14191,UB-006346,17,1,853.16,0.0,853.16,644.64
14192,UB-006347,1,1,303.38,0.0,303.38,210.31
14193,UB-006347,40,1,379.07,0.0,379.07,255.94
14194,UB-006347,71,1,189.32,15.0,160.92,122.07
14195,UB-006348,66,3,947.24,10.0,2557.55,2149.05
14196,UB-006348,114,1,1016.6,15.0,864.11,645.87
14197,UB-006349,26,5,216.38,5.0,1027.81,692.45
14198,UB-006349,93,1,91.57,5.0,86.99,72.83
14199,UB-006350,77,1,275.36,0.0,275.36,195.63
14200,UB-006350,5,3,1391.3,0.0,4173.9,2616.75
14201,UB-006351,35,1,779.27,0.0,779.27,567.63
14202,UB-006352,68,3,225.61,10.0,609.15,483.57
14203,UB-006353,74,2,1177.61,0.0,2355.22,1765.78
14204,UB-006354,62,1,385.16,0.0,385.16,260.55
14205,UB-006354,21,1,767.45,0.0,767.45,582.06
14206,UB-006354,113,1,857.84,0.0,857.84,695.0
14207,UB-006355,4,2,788.6,10.0,1419.48,1216.68
14208,UB-006356,49,1,945.46,10.0,850.91,614.04
14209,UB-006356,136,1,1382.16,5.0,1313.05,866.98
14210,UB-006357,114,2,999.07,0.0,1998.14,1291.74
14211,UB-006357,52,2,652.24,0.0,1304.48,914.64
14212,UB-006357,55,3,894.48,0.0,2683.44,1818.42
14213,UB-006357,92,2,819.09,0.0,1638.18,1049.02
14214,UB-006357,134,1,944.8,10.0,850.32,633.2
14215,UB-006358,111,2,659.02,5.0,1252.14,1113.58
14216,UB-006359,28,1,903.96,0.0,903.96,673.25
14217,UB-006359,70,2,1368.83,15.0,2327.01,1729.18
14218,UB-006359,89,1,588.43,5.0,559.01,419.15
14219,UB-006360,140,1,299.15,0.0,299.15,195.06
14220,UB-006360,14,3,766.43,0.0,2299.29,1708.92
14221,UB-006360,12,3,557.59,0.0,1672.77,1276.98
14222,UB-006361,121,1,917.92,0.0,917.92,683.69
14223,UB-006361,58,1,588.92,0.0,588.92,356.56
14224,UB-006361,7,2,1059.29,10.0,1906.72,1507.5
14225,UB-006362,117,1,545.15,10.0,490.63,410.43
14226,UB-006362,9,2,679.01,15.0,1154.32,1003.38
14227,UB-006362,63,1,256.41,20.0,205.13,167.23
14228,UB-006362,106,1,1068.82,0.0,1068.82,719.76
14229,UB-006363,62,1,389.3,15.0,330.9,260.55
14230,UB-006363,50,4,429.2,0.0,1716.8,1310.76
14231,UB-006363,98,1,595.73,15.0,506.37,467.33
14232,UB-006363,73,1,996.6,0.0,996.6,662.98
14233,UB-006364,88,3,677.86,0.0,2033.58,1661.67
14234,UB-006365,75,1,897.54,5.0,852.66,587.78
14235,UB-006365,34,2,164.65,0.0,329.3,276.06
14236,UB-006366,26,1,215.87,0.0,215.87,138.49
14237,UB-006366,8,1,385.85,0.0,385.85,293.44
14238,UB-006366,78,1,809.6,0.0,809.6,544.75
14239,UB-006366,136,1,1401.5,0.0,1401.5,866.98
14240,UB-006366,125,4,340.15,0.0,1360.6,854.92
14241,UB-006367,115,1,1175.94,10.0,1058.35,798.92
14242,UB-006368,121,5,906.93,0.0,4534.65,3418.45
14243,UB-006368,104,1,1276.36,5.0,1212.54,879.92
14244,UB-006368,128,1,172.73,0.0,172.73,141.91
14245,UB-006368,116,4,757.82,20.0,2425.02,1994.24
14246,UB-006369,103,1,914.02,0.0,914.02,681.52
14247,UB-006370,39,1,887.25,0.0,887.25,614.07
14248,UB-006371,15,2,1250.97,5.0,2376.84,1710.66
14249,UB-006372,142,1,484.77,5.0,460.53,406.29
14250,UB-006372,21,1,795.25,0.0,795.25,582.06
14251,UB-006372,106,1,1083.61,0.0,1083.61,719.76
14252,UB-006373,141,3,274.6,0.0,823.8,557.01
14253,UB-006373,74,1,1115.36,5.0,1059.59,882.89
14254,UB-006373,106,1,1031.95,0.0,1031.95,719.76
14255,UB-006373,91,1,471.13,0.0,471.13,321.07
14256,UB-006373,123,1,477.18,0.0,477.18,328.9
14257,UB-006374,1,2,300.96,15.0,511.63,420.62
14258,UB-006374,76,1,819.39,5.0,778.42,616.89
14259,UB-006375,103,1,934.03,15.0,793.93,681.52
14260,UB-006375,31,1,727.88,10.0,655.09,581.59
14261,UB-006375,140,1,289.15,15.0,245.78,195.06
14262,UB-006376,87,1,386.51,0.0,386.51,296.68
14263,UB-006376,18,5,814.82,0.0,4074.1,3243.55
14264,UB-006376,119,1,592.72,0.0,592.72,477.5
14265,UB-006377,121,4,933.86,15.0,3175.12,2734.76
14266,UB-006377,43,1,171.61,0.0,171.61,116.88
14267,UB-006377,130,1,932.86,0.0,932.86,653.53
14268,UB-006378,53,1,1287.2,20.0,1029.76,865.12
14269,UB-006378,23,2,916.64,0.0,1833.28,1255.08
14270,UB-006378,80,1,398.87,5.0,378.93,302.58
14271,UB-006378,129,2,1194.54,0.0,2389.08,1533.7
14272,UB-006379,57,2,782.52,0.0,1565.04,1135.4
14273,UB-006379,118,1,640.0,20.0,512.0,421.79
14274,UB-006379,18,1,829.59,0.0,829.59,648.71
14275,UB-006379,24,1,91.8,0.0,91.8,61.51
14276,UB-006380,50,1,430.71,0.0,430.71,327.69
14277,UB-006381,76,5,798.09,0.0,3990.45,3084.45
14278,UB-006381,75,1,904.36,20.0,723.49,587.78
14279,UB-006382,19,1,689.29,0.0,689.29,474.21
14280,UB-006382,42,3,603.59,5.0,1720.23,1195.14
14281,UB-006382,119,1,571.95,0.0,571.95,477.5
14282,UB-006383,101,1,1098.22,10.0,988.4,893.27
14283,UB-006383,122,2,649.72,10.0,1169.5,1016.04
14284,UB-006383,82,2,1029.55,5.0,1956.14,1370.66
14285,UB-006384,111,1,643.04,0.0,643.04,556.79
14286,UB-006384,11,2,459.62,10.0,827.32,733.5
14287,UB-006384,62,1,390.19,15.0,331.66,260.55
14288,UB-006385,25,1,664.71,0.0,664.71,496.28
14289,UB-006385,127,1,305.31,10.0,274.78,222.26
14290,UB-006386,19,1,700.25,0.0,700.25,474.21
14291,UB-006386,52,1,642.44,0.0,642.44,457.32
14292,UB-006387,55,2,898.75,10.0,1617.75,1212.28
14293,UB-006388,7,1,1063.3,0.0,1063.3,753.75
14294,UB-006388,39,3,865.74,15.0,2207.64,1842.21
14295,UB-006388,2,1,488.87,0.0,488.87,371.22
14296,UB-006388,54,4,1057.28,0.0,4229.12,3228.72
14297,UB-006389,139,1,718.95,5.0,683.0,504.16
14298,UB-006389,100,1,206.56,15.0,175.58,158.88
14299,UB-006389,62,3,388.25,5.0,1106.51,781.65
14300,UB-006389,93,2,93.86,20.0,150.18,145.66
14301,UB-006389,24,3,94.95,0.0,284.85,184.53
14302,UB-006390,48,2,352.39,0.0,704.78,509.26
14303,UB-006390,86,1,484.46,15.0,411.79,409.68
14304,UB-006390,21,1,804.1,0.0,804.1,582.06
14305,UB-006391,96,5,504.1,0.0,2520.5,1836.1
14306,UB-006392,110,1,912.61,15.0,775.72,679.34
14307,UB-006393,29,3,716.86,0.0,2150.58,1608.96
14308,UB-006393,45,2,831.25,0.0,1662.5,1221.74
14309,UB-006393,25,1,671.16,15.0,570.49,496.28
14310,UB-006393,83,1,883.75,0.0,883.75,707.0
14311,UB-006393,65,2,710.53,10.0,1278.95,1051.2
14312,UB-006394,141,1,279.8,5.0,265.81,185.67
14313,UB-006394,50,1,436.62,15.0,371.13,327.69
14314,UB-006394,101,1,1088.02,0.0,1088.02,893.27
14315,UB-006394,136,1,1356.95,10.0,1221.26,866.98
14316,UB-006395,91,1,453.74,0.0,453.74,321.07
14317,UB-006395,100,4,206.43,0.0,825.72,635.52
14318,UB-006395,92,1,815.92,0.0,815.92,524.51
14319,UB-006395,124,1,532.36,20.0,425.89,445.56
14320,UB-006396,131,1,898.81,0.0,898.81,688.03
14321,UB-006396,105,1,1270.73,0.0,1270.73,888.95
14322,UB-006397,51,1,238.18,5.0,226.27,158.99
14323,UB-006397,110,2,951.84,0.0,1903.68,1358.68
14324,UB-006397,39,1,881.02,10.0,792.92,614.07
14325,UB-006397,40,3,376.78,10.0,1017.31,767.82
14326,UB-006398,88,1,678.12,0.0,678.12,553.89
14327,UB-006399,4,2,817.31,5.0,1552.89,1216.68
14328,UB-006399,6,1,944.86,20.0,755.89,692.29
14329,UB-006399,116,1,749.08,0.0,749.08,498.56
14330,UB-006399,68,1,229.14,5.0,217.68,161.19
14331,UB-006400,44,1,794.83,15.0,675.61,587.81
14332,UB-006400,118,1,621.94,5.0,590.84,421.79
14333,UB-006401,66,2,952.53,5.0,1809.81,1432.7
14334,UB-006401,44,4,798.46,0.0,3193.84,2351.24
14335,UB-006402,40,3,364.29,10.0,983.58,767.82
14336,UB-006403,131,1,894.32,5.0,849.6,688.03
14337,UB-006404,116,1,778.79,0.0,778.79,498.56
14338,UB-006404,140,4,290.48,0.0,1161.92,780.24
14339,UB-006405,68,1,217.6,5.0,206.72,161.19
14340,UB-006405,95,4,485.08,5.0,1843.3,1479.2
14341,UB-006405,13,1,358.1,0.0,358.1,235.91
14342,UB-006406,91,3,462.33,0.0,1386.99,963.21
14343,UB-006407,16,1,1064.59,20.0,851.67,816.38
14344,UB-006407,103,1,926.48,0.0,926.48,681.52
14345,UB-006407,17,3,850.38,15.0,2168.47,1933.92
14346,UB-006407,141,3,272.78,5.0,777.42,557.01
14347,UB-006407,53,1,1260.24,0.0,1260.24,865.12
14348,UB-006408,21,1,763.99,10.0,687.59,582.06
14349,UB-006409,47,1,105.46,10.0,94.91,87.48
14350,UB-006409,136,1,1392.39,0.0,1392.39,866.98
14351,UB-006410,8,1,383.58,0.0,383.58,293.44
14352,UB-006410,38,1,1047.92,0.0,1047.92,721.69
14353,UB-006410,108,1,1097.65,5.0,1042.77,795.55
14354,UB-006410,45,1,812.84,10.0,731.56,610.87
14355,UB-006411,78,1,807.76,10.0,726.98,544.75
14356,UB-006411,95,1,480.74,0.0,480.74,369.8
14357,UB-006411,12,1,541.99,15.0,460.69,425.66
14358,UB-006412,45,2,831.34,0.0,1662.68,1221.74
14359,UB-006413,136,2,1390.37,0.0,2780.74,1733.96
14360,UB-006413,133,3,501.6,15.0,1279.08,961.11
14361,UB-006414,88,3,710.3,0.0,2130.9,1661.67
14362,UB-006414,96,2,514.12,5.0,976.83,734.44
14363,UB-006414,25,3,662.61,10.0,1789.05,1488.84
14364,UB-006415,5,1,1361.17,0.0,1361.17,872.25
14365,UB-006416,74,5,1126.58,10.0,5069.61,4414.45
14366,UB-006417,13,1,376.14,5.0,357.33,235.91
14367,UB-006418,122,2,627.77,5.0,1192.76,1016.04
14368,UB-006418,48,1,362.65,20.0,290.12,254.63
14369,UB-006418,96,1,497.72,10.0,447.95,367.22
14370,UB-006418,49,1,946.67,5.0,899.34,614.04
14371,UB-006418,128,3,172.78,0.0,518.34,425.73
14372,UB-006419,60,4,192.55,0.0,770.2,579.28
14373,UB-006419,89,1,594.56,0.0,594.56,419.15
14374,UB-006419,99,2,114.77,0.0,229.54,161.88
14375,UB-006420,5,1,1407.26,5.0,1336.9,872.25
14376,UB-006420,84,1,1259.94,0.0,1259.94,812.12
14377,UB-006421,123,2,467.57,15.0,794.87,657.8
14378,UB-006421,54,1,1019.07,5.0,968.12,807.18
14379,UB-006422,64,1,321.68,0.0,321.68,214.27
14380,UB-006423,26,1,224.07,0.0,224.07,138.49
14381,UB-006424,100,1,202.25,0.0,202.25,158.88
14382,UB-006424,10,1,98.48,10.0,88.63,70.79
14383,UB-006424,129,1,1213.24,10.0,1091.92,766.85
14384,UB-006425,17,1,839.74,15.0,713.78,644.64
14385,UB-006425,7,2,1068.11,5.0,2029.41,1507.5
14386,UB-006425,114,3,1008.15,0.0,3024.45,1937.61
14387,UB-006425,144,2,421.66,10.0,758.99,601.24
14388,UB-006426,140,1,296.44,0.0,296.44,195.06
14389,UB-006427,12,5,546.25,0.0,2731.25,2128.3
14390,UB-006428,31,1,725.61,5.0,689.33,581.59
14391,UB-006428,11,2,475.56,5.0,903.56,733.5
14392,UB-006429,93,1,90.18,0.0,90.18,72.83
14393,UB-006429,115,4,1203.01,10.0,4330.84,3195.68
14394,UB-006429,104,4,1236.08,5.0,4697.1,3519.68
14395,UB-006429,105,1,1237.24,10.0,1113.52,888.95
14396,UB-006430,38,1,1077.27,0.0,1077.27,721.69
14397,UB-006430,129,1,1203.99,15.0,1023.39,766.85
14398,UB-006430,144,2,419.65,20.0,671.44,601.24
14399,UB-006430,75,1,893.89,20.0,715.11,587.78
14400,UB-006431,32,3,107.34,0.0,322.02,239.55
14401,UB-006431,92,1,804.66,5.0,764.43,524.51
14402,UB-006432,10,2,99.47,0.0,198.94,141.58
14403,UB-006432,4,2,780.31,0.0,1560.62,1216.68
14404,UB-006432,71,2,185.55,5.0,352.55,244.14
14405,UB-006432,124,1,538.69,10.0,484.82,445.56
14406,UB-006433,74,1,1132.89,10.0,1019.6,882.89
14407,UB-006434,111,1,640.1,5.0,608.1,556.79
14408,UB-006435,17,1,859.63,5.0,816.65,644.64
14409,UB-006435,106,1,1060.51,10.0,954.46,719.76
14410,UB-006436,128,2,171.89,0.0,343.78,283.82
14411,UB-006436,46,1,222.42,0.0,222.42,167.81
14412,UB-006436,42,2,611.14,0.0,1222.28,796.76
14413,UB-006436,89,2,570.24,0.0,1140.48,838.3
14414,UB-006436,123,1,467.99,0.0,467.99,328.9
14415,UB-006437,53,1,1322.47,0.0,1322.47,865.12
14416,UB-006438,136,1,1420.4,0.0,1420.4,866.98
14417,UB-006438,3,1,1161.24,5.0,1103.18,724.04
14418,UB-006438,102,2,1171.32,0.0,2342.64,1658.76
14419,UB-006439,39,2,892.22,0.0,1784.44,1228.14
14420,UB-006439,54,2,1032.07,10.0,1857.73,1614.36
14421,UB-006439,8,1,374.01,5.0,355.31,293.44
14422,UB-006439,139,2,730.22,0.0,1460.44,1008.32
14423,UB-006439,135,3,630.32,0.0,1890.96,1192.26
14424,UB-006440,48,2,363.88,10.0,654.98,509.26
14425,UB-006440,117,1,555.71,0.0,555.71,410.43
14426,UB-006441,5,1,1350.57,5.0,1283.04,872.25
14427,UB-006442,34,4,162.86,5.0,618.87,552.12
14428,UB-006442,99,3,114.95,15.0,293.12,242.82
14429,UB-006443,106,1,1047.71,0.0,1047.71,719.76
14430,UB-006444,122,1,651.74,5.0,619.15,508.02
14431,UB-006444,13,1,364.98,0.0,364.98,235.91
14432,UB-006444,109,1,157.21,0.0,157.21,98.8
14433,UB-006444,125,1,327.29,0.0,327.29,213.73
14434,UB-006444,15,1,1216.24,0.0,1216.24,855.33
14435,UB-006445,72,2,986.04,0.0,1972.08,1483.2
14436,UB-006446,63,2,249.38,0.0,498.76,334.46
14437,UB-006447,115,1,1220.36,0.0,1220.36,798.92
14438,UB-006447,25,1,647.62,0.0,647.62,496.28
14439,UB-006448,133,1,492.18,0.0,492.18,320.37
14440,UB-006448,99,2,114.4,0.0,228.8,161.88
14441,UB-006448,68,5,225.1,5.0,1069.22,805.95
14442,UB-006448,134,1,960.77,0.0,960.77,633.2
14443,UB-006448,130,1,938.93,5.0,891.98,653.53
14444,UB-006449,87,1,382.87,5.0,363.73,296.68
14445,UB-006450,32,1,106.9,15.0,90.87,79.85
14446,UB-006450,129,2,1156.63,0.0,2313.26,1533.7
14447,UB-006451,67,5,152.01,5.0,722.05,481.0
14448,UB-006451,102,1,1221.19,0.0,1221.19,829.38
14449,UB-006452,10,1,99.42,0.0,99.42,70.79
14450,UB-006452,54,1,1023.54,5.0,972.36,807.18
14451,UB-006453,26,5,221.28,5.0,1051.08,692.45
14452,UB-006453,16,2,1093.64,0.0,2187.28,1632.76
14453,UB-006454,29,2,714.55,0.0,1429.1,1072.64
14454,UB-006454,20,2,966.37,20.0,1546.19,1348.48
14455,UB-006454,16,2,1076.44,0.0,2152.88,1632.76
14456,UB-006454,58,1,575.42,0.0,575.42,356.56
14457,UB-006454,70,1,1395.84,15.0,1186.46,864.59
14458,UB-006455,37,1,1021.73,10.0,919.56,831.45
14459,UB-006456,44,3,789.08,10.0,2130.52,1763.43
14460,UB-006457,13,1,367.15,0.0,367.15,235.91
14461,UB-006457,23,1,907.16,0.0,907.16,627.54
14462,UB-006457,118,1,628.29,0.0,628.29,421.79
14463,UB-006458,138,1,908.52,0.0,908.52,604.6
14464,UB-006458,134,1,917.64,0.0,917.64,633.2
14465,UB-006459,37,3,1063.17,0.0,3189.51,2494.35
14466,UB-006459,121,3,926.95,5.0,2641.81,2051.07
14467,UB-006459,81,2,1051.63,0.0,2103.26,1420.96
14468,UB-006460,40,2,370.28,15.0,629.48,511.88
14469,UB-006460,62,1,385.63,0.0,385.63,260.55
14470,UB-006461,86,1,481.84,5.0,457.75,409.68
14471,UB-006461,30,2,1330.01,5.0,2527.02,1730.22
14472,UB-006461,40,1,379.26,10.0,341.33,255.94
14473,UB-006461,18,1,819.76,15.0,696.8,648.71
14474,UB-006462,113,2,895.41,0.0,1790.82,1390.0
14475,UB-006462,137,1,1293.71,5.0,1229.02,816.22
14476,UB-006462,3,1,1157.21,0.0,1157.21,724.04
14477,UB-006462,60,3,190.34,0.0,571.02,434.46
14478,UB-006462,136,3,1396.26,0.0,4188.78,2600.94
14479,UB-006463,56,1,506.13,0.0,506.13,348.78
14480,UB-006463,11,2,468.16,10.0,842.69,733.5
14481,UB-006464,9,3,679.07,0.0,2037.21,1505.07
14482,UB-006465,124,2,544.23,0.0,1088.46,891.12
14483,UB-006465,25,2,657.14,15.0,1117.14,992.56
14484,UB-006465,101,1,1121.99,5.0,1065.89,893.27
14485,UB-006465,138,2,922.49,5.0,1752.73,1209.2
14486,UB-006466,100,2,205.69,0.0,411.38,317.76
14487,UB-006466,85,1,325.28,5.0,309.02,232.68
14488,UB-006466,64,1,318.72,5.0,302.78,214.27
14489,UB-006467,118,2,625.31,5.0,1188.09,843.58
14490,UB-006468,97,2,1121.79,15.0,1907.04,1425.1
14491,UB-006468,53,3,1308.91,10.0,3534.06,2595.36
14492,UB-006468,117,3,535.75,0.0,1607.25,1231.29
14493,UB-006469,74,1,1175.88,0.0,1175.88,882.89
14494,UB-006469,55,1,881.54,0.0,881.54,606.14
14495,UB-006470,67,1,153.53,10.0,138.18,96.2
14496,UB-006470,91,1,448.91,0.0,448.91,321.07
14497,UB-006470,7,1,1036.06,5.0,984.26,753.75
14498,UB-006470,33,1,439.17,10.0,395.25,296.56
14499,UB-006471,19,3,696.48,15.0,1776.02,1422.63
14500,UB-006471,98,1,589.93,0.0,589.93,467.33
14501,UB-006472,50,1,425.98,0.0,425.98,327.69
14502,UB-006473,84,1,1269.65,0.0,1269.65,812.12
14503,UB-006473,96,2,509.41,5.0,967.88,734.44
14504,UB-006473,125,1,333.71,5.0,317.02,213.73
14505,UB-006473,92,1,812.7,5.0,772.07,524.51
14506,UB-006474,2,3,510.23,10.0,1377.62,1113.66
14507,UB-006474,118,1,651.35,10.0,586.22,421.79
14508,UB-006474,25,2,646.49,0.0,1292.98,992.56
14509,UB-006474,33,2,450.58,10.0,811.04,593.12
14510,UB-006474,115,1,1197.34,20.0,957.87,798.92
14511,UB-006475,30,4,1375.03,10.0,4950.11,3460.44
14512,UB-006475,87,2,381.29,10.0,686.32,593.36
14513,UB-006476,79,1,740.16,0.0,740.16,478.88
14514,UB-006476,23,2,879.5,0.0,1759.0,1255.08
14515,UB-006476,10,4,98.4,10.0,354.24,283.16
14516,UB-006476,11,2,466.46,0.0,932.92,733.5
14517,UB-006477,14,1,759.85,0.0,759.85,569.64
14518,UB-006477,89,2,600.33,5.0,1140.63,838.3
14519,UB-006478,6,2,990.55,0.0,1981.1,1384.58
14520,UB-006478,14,2,753.55,0.0,1507.1,1139.28
14521,UB-006479,59,3,305.33,0.0,915.99,725.64
14522,UB-006479,64,3,325.84,15.0,830.89,642.81
14523,UB-006480,28,1,889.54,0.0,889.54,673.25
14524,UB-006481,100,2,207.03,10.0,372.65,317.76
14525,UB-006481,32,1,102.89,0.0,102.89,79.85
14526,UB-006482,142,1,488.39,15.0,415.13,406.29
14527,UB-006482,128,2,171.17,0.0,342.34,283.82
14528,UB-006483,2,2,502.6,0.0,1005.2,742.44
14529,UB-006484,90,2,682.08,10.0,1227.74,1014.52
14530,UB-006484,72,1,963.64,5.0,915.46,741.6
14531,UB-006485,8,1,364.47,5.0,346.25,293.44
14532,UB-006486,116,1,751.62,0.0,751.62,498.56
14533,UB-006487,71,1,195.23,0.0,195.23,122.07
14534,UB-006488,4,2,773.92,15.0,1315.66,1216.68
14535,UB-006489,26,1,220.63,0.0,220.63,138.49
14536,UB-006490,85,4,333.17,5.0,1266.05,930.72
14537,UB-006491,28,1,884.19,0.0,884.19,673.25
14538,UB-006492,119,2,589.42,5.0,1119.9,955.0
14539,UB-006492,59,2,298.81,10.0,537.86,483.76
14540,UB-006492,3,1,1164.43,0.0,1164.43,724.04
14541,UB-006493,36,1,828.4,0.0,828.4,533.78
14542,UB-006494,81,1,1043.76,0.0,1043.76,710.48
14543,UB-006494,85,1,331.29,5.0,314.73,232.68
14544,UB-006494,92,1,824.03,0.0,824.03,524.51
14545,UB-006495,110,1,915.32,0.0,915.32,679.34
14546,UB-006496,106,2,1037.3,5.0,1970.87,1439.52
14547,UB-006497,104,1,1252.54,15.0,1064.66,879.92
14548,UB-006497,13,1,362.86,0.0,362.86,235.91
14549,UB-006497,74,2,1178.3,10.0,2120.94,1765.78
14550,UB-006497,8,1,381.09,0.0,381.09,293.44
14551,UB-006498,74,2,1173.72,5.0,2230.07,1765.78
14552,UB-006498,26,1,220.09,5.0,209.09,138.49
14553,UB-006498,119,2,593.08,15.0,1008.24,955.0
14554,UB-006498,52,1,637.94,20.0,510.35,457.32
14555,UB-006499,129,1,1195.17,15.0,1015.89,766.85
14556,UB-006499,21,1,800.91,10.0,720.82,582.06
14557,UB-006500,129,2,1170.73,0.0,2341.46,1533.7
14558,UB-006500,16,2,1063.42,0.0,2126.84,1632.76
14559,UB-006500,92,1,844.2,0.0,844.2,524.51
14560,UB-006501,113,2,853.54,0.0,1707.08,1390.0
14561,UB-006502,21,1,780.03,10.0,702.03,582.06
14562,UB-006503,76,2,816.51,20.0,1306.42,1233.78
14563,UB-006504,96,1,497.47,0.0,497.47,367.22
14564,UB-006504,22,2,652.11,10.0,1173.8,951.32
14565,UB-006504,138,1,890.89,5.0,846.35,604.6
14566,UB-006504,28,1,863.35,0.0,863.35,673.25
14567,UB-006505,110,2,938.09,0.0,1876.18,1358.68
14568,UB-006506,79,3,739.92,0.0,2219.76,1436.64
14569,UB-006506,131,1,898.75,0.0,898.75,688.03
14570,UB-006506,58,1,561.65,0.0,561.65,356.56
14571,UB-006507,28,1,890.23,10.0,801.21,673.25
14572,UB-006507,119,1,576.77,0.0,576.77,477.5
14573,UB-006507,48,1,368.0,0.0,368.0,254.63
14574,UB-006508,18,1,819.94,0.0,819.94,648.71
14575,UB-006508,136,1,1377.36,0.0,1377.36,866.98
14576,UB-006508,65,1,737.85,10.0,664.07,525.6
14577,UB-006509,74,3,1138.27,0.0,3414.81,2648.67
14578,UB-006509,104,1,1246.63,15.0,1059.64,879.92
14579,UB-006510,106,2,1032.91,20.0,1652.66,1439.52
14580,UB-006511,15,4,1252.2,5.0,4758.36,3421.32
14581,UB-006511,12,1,544.8,0.0,544.8,425.66
14582,UB-006512,60,1,185.44,0.0,185.44,144.82
14583,UB-006513,47,1,107.77,0.0,107.77,87.48
14584,UB-006513,14,4,753.3,5.0,2862.54,2278.56
14585,UB-006513,93,1,91.98,5.0,87.38,72.83
14586,UB-006513,124,1,536.65,10.0,482.99,445.56
14587,UB-006514,4,1,790.2,0.0,790.2,608.34
14588,UB-006515,38,1,1084.22,0.0,1084.22,721.69
14589,UB-006516,120,1,742.13,0.0,742.13,488.5
14590,UB-006517,133,1,492.54,5.0,467.91,320.37
14591,UB-006517,130,2,936.29,15.0,1591.69,1307.06
14592,UB-006518,8,1,380.38,0.0,380.38,293.44
14593,UB-006519,136,2,1388.46,10.0,2499.23,1733.96
14594,UB-006519,92,1,807.32,0.0,807.32,524.51
14595,UB-006520,21,1,791.96,10.0,712.76,582.06
14596,UB-006520,52,1,653.71,0.0,653.71,457.32
14597,UB-006520,66,1,933.71,0.0,933.71,716.35
14598,UB-006520,57,1,767.07,0.0,767.07,567.7
14599,UB-006520,122,2,639.32,0.0,1278.64,1016.04
14600,UB-006521,134,3,929.34,5.0,2648.62,1899.6
14601,UB-006521,21,2,798.13,15.0,1356.82,1164.12
14602,UB-006521,128,2,171.49,0.0,342.98,283.82
14603,UB-006522,101,1,1092.28,0.0,1092.28,893.27
14604,UB-006522,119,1,590.47,0.0,590.47,477.5
14605,UB-006522,108,1,1155.63,0.0,1155.63,795.55
14606,UB-006523,142,2,496.78,10.0,894.2,812.58
14607,UB-006523,143,3,823.17,0.0,2469.51,1844.13
14608,UB-006523,121,2,893.3,5.0,1697.27,1367.38
14609,UB-006524,99,1,111.09,5.0,105.54,80.94
14610,UB-006525,114,3,1016.85,0.0,3050.55,1937.61
14611,UB-006526,53,1,1282.97,10.0,1154.67,865.12
14612,UB-006526,29,2,726.96,0.0,1453.92,1072.64
14613,UB-006526,4,1,809.34,10.0,728.41,608.34
14614,UB-006526,77,2,273.29,10.0,491.92,391.26
14615,UB-006526,44,1,766.24,0.0,766.24,587.81
14616,UB-006527,2,2,488.52,0.0,977.04,742.44
14617,UB-006527,89,2,596.62,0.0,1193.24,838.3
14618,UB-006528,79,2,758.99,0.0,1517.98,957.76
14619,UB-006528,114,1,1018.32,10.0,916.49,645.87
14620,UB-006529,58,1,573.2,20.0,458.56,356.56
14621,UB-006529,102,1,1241.62,0.0,1241.62,829.38
14622,UB-006529,106,1,1040.19,10.0,936.17,719.76
14623,UB-006530,8,1,373.79,10.0,336.41,293.44
14624,UB-006531,3,2,1125.33,0.0,2250.66,1448.08
14625,UB-006531,107,1,327.42,0.0,327.42,228.45
14626,UB-006531,141,1,277.42,0.0,277.42,185.67
14627,UB-006532,53,1,1261.61,5.0,1198.53,865.12
14628,UB-006532,60,1,183.58,20.0,146.86,144.82
14629,UB-006532,63,3,260.02,0.0,780.06,501.69
14630,UB-006533,119,3,581.16,0.0,1743.48,1432.5
14631,UB-006533,50,2,432.44,15.0,735.15,655.38
14632,UB-006533,29,5,732.32,0.0,3661.6,2681.6
14633,UB-006533,142,3,469.54,15.0,1197.33,1218.87
14634,UB-006533,98,2,573.54,0.0,1147.08,934.66
14635,UB-006534,10,3,96.02,10.0,259.25,212.37
14636,UB-006535,59,3,290.25,0.0,870.75,725.64
14637,UB-006535,60,1,183.3,5.0,174.13,144.82
14638,UB-006535,130,1,907.7,15.0,771.55,653.53
14639,UB-006536,55,2,887.57,10.0,1597.63,1212.28
14640,UB-006537,132,3,1252.33,0.0,3756.99,2430.24
14641,UB-006537,65,1,700.35,0.0,700.35,525.6
14642,UB-006537,103,1,898.62,5.0,853.69,681.52
14643,UB-006538,94,1,733.8,20.0,587.04,538.36
14644,UB-006538,28,1,896.17,20.0,716.94,673.25
14645,UB-006539,125,1,333.42,0.0,333.42,213.73
14646,UB-006539,17,2,868.0,5.0,1649.2,1289.28
14647,UB-006539,54,1,1041.05,0.0,1041.05,807.18
14648,UB-006539,13,2,370.0,0.0,740.0,471.82
14649,UB-006540,42,1,607.74,0.0,607.74,398.38
14650,UB-006540,13,1,362.31,0.0,362.31,235.91
14651,UB-006541,133,1,499.73,0.0,499.73,320.37
14652,UB-006541,4,1,782.74,0.0,782.74,608.34
14653,UB-006541,32,3,106.79,10.0,288.33,239.55
14654,UB-006542,144,1,430.39,0.0,430.39,300.62
14655,UB-006542,2,2,493.99,5.0,938.58,742.44
14656,UB-006542,53,1,1248.94,0.0,1248.94,865.12
14657,UB-006542,86,1,499.91,0.0,499.91,409.68
14658,UB-006543,48,1,352.91,0.0,352.91,254.63
14659,UB-006543,1,1,303.76,5.0,288.57,210.31
14660,UB-006543,104,3,1234.01,5.0,3516.93,2639.76
14661,UB-006544,25,1,675.32,15.0,574.02,496.28
14662,UB-006544,130,1,893.13,5.0,848.47,653.53
14663,UB-006545,114,2,1037.25,0.0,2074.5,1291.74
14664,UB-006545,110,3,946.54,5.0,2697.64,2038.02
14665,UB-006546,72,1,966.77,0.0,966.77,741.6
14666,UB-006546,34,1,162.73,20.0,130.18,138.03
14667,UB-006546,123,1,456.21,0.0,456.21,328.9
14668,UB-006546,143,3,828.22,0.0,2484.66,1844.13
14669,UB-006546,144,2,426.45,0.0,852.9,601.24
14670,UB-006547,78,1,798.51,5.0,758.58,544.75
14671,UB-006547,136,1,1367.88,20.0,1094.3,866.98
14672,UB-006547,68,1,221.01,10.0,198.91,161.19
14673,UB-006548,99,1,112.54,0.0,112.54,80.94
14674,UB-006549,18,1,817.01,15.0,694.46,648.71
14675,UB-006549,22,1,661.75,0.0,661.75,475.66
14676,UB-006550,119,2,593.44,5.0,1127.54,955.0
14677,UB-006551,137,2,1275.63,15.0,2168.57,1632.44
14678,UB-006551,19,2,665.16,5.0,1263.8,948.42
14679,UB-006551,26,1,219.15,20.0,175.32,138.49
14680,UB-006551,95,1,498.38,20.0,398.7,369.8
14681,UB-006552,25,1,638.94,10.0,575.05,496.28
14682,UB-006552,27,1,1071.89,10.0,964.7,891.38
14683,UB-006552,107,1,330.13,0.0,330.13,228.45
14684,UB-006552,88,1,692.61,0.0,692.61,553.89
14685,UB-006552,32,1,104.94,0.0,104.94,79.85
14686,UB-006553,83,4,858.54,0.0,3434.16,2828.0
14687,UB-006553,93,1,94.64,5.0,89.91,72.83
14688,UB-006553,40,3,367.54,0.0,1102.62,767.82
14689,UB-006554,108,1,1108.82,5.0,1053.38,795.55
14690,UB-006555,65,1,717.15,10.0,645.43,525.6
14691,UB-006556,35,5,796.54,0.0,3982.7,2838.15
14692,UB-006556,137,2,1308.48,5.0,2486.11,1632.44
14693,UB-006556,14,3,753.81,0.0,2261.43,1708.92
14694,UB-006557,110,1,951.08,0.0,951.08,679.34
14695,UB-006557,136,2,1379.13,0.0,2758.26,1733.96
14696,UB-006557,128,1,171.79,20.0,137.43,141.91
14697,UB-006558,123,2,468.68,0.0,937.36,657.8
14698,UB-006559,123,1,483.53,0.0,483.53,328.9
14699,UB-006559,22,4,662.51,0.0,2650.04,1902.64
14700,UB-006559,141,1,286.02,0.0,286.02,185.67
14701,UB-006559,53,2,1266.39,20.0,2026.22,1730.24
14702,UB-006559,109,1,153.31,0.0,153.31,98.8
14703,UB-006560,44,1,791.28,0.0,791.28,587.81
14704,UB-006560,119,1,583.68,5.0,554.5,477.5
14705,UB-006561,90,1,705.68,0.0,705.68,507.26
14706,UB-006561,98,1,564.73,5.0,536.49,467.33
14707,UB-006561,41,1,939.1,5.0,892.14,743.96
14708,UB-006561,30,2,1333.2,10.0,2399.76,1730.22
14709,UB-006562,81,1,1031.43,10.0,928.29,710.48
14710,UB-006562,30,1,1361.88,0.0,1361.88,865.11
14711,UB-006563,35,1,786.89,5.0,747.55,567.63
14712,UB-006563,32,2,107.22,5.0,203.72,159.7
14713,UB-006564,130,3,894.33,5.0,2548.84,1960.59
14714,UB-006564,35,5,801.19,0.0,4005.95,2838.15
14715,UB-006564,71,2,193.38,0.0,386.76,244.14
14716,UB-006565,78,1,818.07,20.0,654.46,544.75
14717,UB-006565,43,4,169.36,10.0,609.7,467.52
14718,UB-006566,63,1,258.22,10.0,232.4,167.23
14719,UB-006567,46,2,213.32,0.0,426.64,335.62
14720,UB-006568,27,1,1050.11,5.0,997.6,891.38
14721,UB-006568,131,1,893.72,20.0,714.98,688.03
14722,UB-006568,5,1,1405.64,0.0,1405.64,872.25
14723,UB-006569,57,1,788.94,0.0,788.94,567.7
14724,UB-006570,10,2,96.42,0.0,192.84,141.58
14725,UB-006571,43,3,167.11,20.0,401.06,350.64
14726,UB-006571,66,2,980.14,0.0,1960.28,1432.7
14727,UB-006571,112,1,447.94,0.0,447.94,338.04
14728,UB-006572,124,1,521.62,0.0,521.62,445.56
14729,UB-006572,32,1,105.62,5.0,100.34,79.85
14730,UB-006573,5,3,1346.09,15.0,3432.53,2616.75
14731,UB-006573,92,3,844.47,20.0,2026.73,1573.53
14732,UB-006573,109,3,160.28,5.0,456.8,296.4
14733,UB-006574,90,1,682.49,0.0,682.49,507.26
14734,UB-006574,37,2,1057.24,10.0,1903.03,1662.9
14735,UB-006575,26,1,214.89,0.0,214.89,138.49
14736,UB-006575,28,1,894.66,0.0,894.66,673.25
14737,UB-006575,74,1,1167.51,10.0,1050.76,882.89
14738,UB-006576,122,1,623.57,0.0,623.57,508.02
14739,UB-006576,30,3,1341.17,0.0,4023.51,2595.33
14740,UB-006577,15,1,1240.87,0.0,1240.87,855.33
14741,UB-006578,117,1,541.62,5.0,514.54,410.43
14742,UB-006579,116,3,774.91,0.0,2324.73,1495.68
14743,UB-006579,46,1,214.83,5.0,204.09,167.81
14744,UB-006580,21,1,789.55,0.0,789.55,582.06
14745,UB-006580,89,3,587.56,15.0,1498.28,1257.45
14746,UB-006580,107,1,324.08,0.0,324.08,228.45
14747,UB-006581,99,1,113.98,0.0,113.98,80.94
14748,UB-006582,47,1,107.59,5.0,102.21,87.48
14749,UB-006582,131,1,933.16,15.0,793.19,688.03
14750,UB-006582,12,2,553.1,10.0,995.58,851.32
14751,UB-006582,30,2,1345.27,0.0,2690.54,1730.22
14752,UB-006583,129,4,1208.24,0.0,4832.96,3067.4
14753,UB-006583,44,1,768.1,10.0,691.29,587.81
14754,UB-006583,83,1,868.93,15.0,738.59,707.0
14755,UB-006583,53,2,1293.16,0.0,2586.32,1730.24
14756,UB-006583,135,2,598.0,5.0,1136.2,794.84
14757,UB-006584,38,1,1038.06,5.0,986.16,721.69
14758,UB-006585,9,1,675.34,0.0,675.34,501.69
14759,UB-006586,67,1,150.26,5.0,142.75,96.2
14760,UB-006587,72,1,967.99,0.0,967.99,741.6
14761,UB-006587,24,3,93.83,10.0,253.34,184.53
14762,UB-006587,21,1,761.13,0.0,761.13,582.06
14763,UB-006588,69,1,304.86,0.0,304.86,234.6
14764,UB-006588,72,1,998.18,0.0,998.18,741.6
14765,UB-006589,27,1,1071.07,5.0,1017.52,891.38
14766,UB-006590,144,1,422.28,10.0,380.05,300.62
14767,UB-006591,16,3,1061.41,10.0,2865.81,2449.14
14768,UB-006591,26,1,224.07,5.0,212.87,138.49
14769,UB-006591,99,2,113.23,0.0,226.46,161.88
14770,UB-006592,94,2,769.81,15.0,1308.68,1076.72
14771,UB-006593,7,3,1027.12,0.0,3081.36,2261.25
14772,UB-006594,16,1,1082.89,0.0,1082.89,816.38
14773,UB-006594,130,1,901.19,5.0,856.13,653.53
14774,UB-006594,82,1,1071.88,15.0,911.1,685.33
14775,UB-006594,9,1,698.91,0.0,698.91,501.69
14776,UB-006594,24,1,96.7,15.0,82.19,61.51
14777,UB-006595,67,1,152.09,5.0,144.49,96.2
14778,UB-006596,57,1,761.82,0.0,761.82,567.7
14779,UB-006596,43,1,171.64,0.0,171.64,116.88
14780,UB-006596,6,2,1001.82,5.0,1903.46,1384.58
14781,UB-006597,110,1,907.28,0.0,907.28,679.34
14782,UB-006597,125,1,334.83,0.0,334.83,213.73
14783,UB-006597,132,1,1255.47,0.0,1255.47,810.08
14784,UB-006598,85,3,333.0,10.0,899.1,698.04
14785,UB-006598,124,3,547.8,0.0,1643.4,1336.68
14786,UB-006599,133,1,500.24,0.0,500.24,320.37
14787,UB-006599,128,2,168.68,0.0,337.36,283.82
14788,UB-006599,114,1,1039.62,0.0,1039.62,645.87
14789,UB-006599,112,1,454.84,0.0,454.84,338.04
14790,UB-006600,84,1,1266.72,0.0,1266.72,812.12
14791,UB-006600,120,1,736.92,15.0,626.38,488.5
14792,UB-006600,42,2,600.42,5.0,1140.8,796.76
14793,UB-006601,61,2,1114.56,10.0,2006.21,1656.28
14794,UB-006601,93,1,93.82,10.0,84.44,72.83
14795,UB-006602,47,1,104.06,0.0,104.06,87.48
14796,UB-006602,128,1,169.07,10.0,152.16,141.91
14797,UB-006602,11,1,471.65,0.0,471.65,366.75
14798,UB-006603,49,1,978.24,10.0,880.42,614.04
14799,UB-006604,59,1,288.89,5.0,274.45,241.88
14800,UB-006605,129,2,1213.75,5.0,2306.12,1533.7
14801,UB-006606,24,2,95.33,5.0,181.13,123.02
14802,UB-006606,103,1,909.0,0.0,909.0,681.52
14803,UB-006607,136,1,1406.57,10.0,1265.91,866.98
14804,UB-006607,22,1,674.81,0.0,674.81,475.66
14805,UB-006608,93,2,91.66,0.0,183.32,145.66
14806,UB-006609,46,1,215.82,0.0,215.82,167.81
14807,UB-006609,13,1,366.75,0.0,366.75,235.91
14808,UB-006609,31,1,728.57,0.0,728.57,581.59
14809,UB-006609,39,1,897.11,15.0,762.54,614.07
14810,UB-006610,98,2,584.05,0.0,1168.1,934.66
14811,UB-006610,19,1,670.01,0.0,670.01,474.21
14812,UB-006610,54,1,1009.6,0.0,1009.6,807.18
14813,UB-006611,121,1,884.83,0.0,884.83,683.69
14814,UB-006611,119,1,586.84,5.0,557.5,477.5
14815,UB-006612,122,1,630.9,0.0,630.9,508.02
14816,UB-006612,102,2,1198.24,0.0,2396.48,1658.76
14817,UB-006613,39,2,876.89,0.0,1753.78,1228.14
14818,UB-006614,70,1,1359.34,0.0,1359.34,864.59
14819,UB-006614,26,2,224.82,0.0,449.64,276.98
14820,UB-006615,64,1,327.58,0.0,327.58,214.27
14821,UB-006615,140,2,293.92,0.0,587.84,390.12
14822,UB-006616,129,1,1215.48,0.0,1215.48,766.85
14823,UB-006616,43,2,173.69,0.0,347.38,233.76
14824,UB-006617,14,1,779.13,0.0,779.13,569.64
14825,UB-006617,125,1,334.51,0.0,334.51,213.73
14826,UB-006618,17,2,851.88,0.0,1703.76,1289.28
14827,UB-006618,12,2,548.96,10.0,988.13,851.32
14828,UB-006619,107,1,323.61,0.0,323.61,228.45
14829,UB-006619,41,1,911.04,0.0,911.04,743.96
14830,UB-006619,94,2,734.56,5.0,1395.66,1076.72
14831,UB-006620,87,1,376.13,0.0,376.13,296.68
14832,UB-006620,66,1,960.45,5.0,912.43,716.35
14833,UB-006620,67,1,156.04,0.0,156.04,96.2
14834,UB-006621,107,1,321.89,0.0,321.89,228.45
14835,UB-006621,118,2,621.13,0.0,1242.26,843.58
14836,UB-006622,98,4,594.48,0.0,2377.92,1869.32
14837,UB-006623,37,1,1039.33,5.0,987.36,831.45
14838,UB-006623,70,5,1415.56,5.0,6723.91,4322.95
14839,UB-006623,50,1,428.73,0.0,428.73,327.69
14840,UB-006623,98,2,583.95,10.0,1051.11,934.66
14841,UB-006624,130,1,919.09,10.0,827.18,653.53
14842,UB-006624,100,1,200.04,0.0,200.04,158.88
14843,UB-006625,139,1,724.47,15.0,615.8,504.16
14844,UB-006625,67,1,151.74,0.0,151.74,96.2
14845,UB-006625,18,3,842.82,10.0,2275.61,1946.13
14846,UB-006626,55,1,918.47,5.0,872.55,606.14
14847,UB-006626,134,1,927.43,0.0,927.43,633.2
14848,UB-006627,121,1,930.4,0.0,930.4,683.69
14849,UB-006628,44,1,780.44,0.0,780.44,587.81
14850,UB-006628,33,1,426.08,10.0,383.47,296.56
14851,UB-006629,92,1,826.39,10.0,743.75,524.51
14852,UB-006629,45,3,830.16,5.0,2365.96,1832.61
14853,UB-006630,68,2,223.66,0.0,447.32,322.38
14854,UB-006630,93,1,91.1,0.0,91.1,72.83
14855,UB-006630,136,1,1405.24,0.0,1405.24,866.98
14856,UB-006631,24,1,93.03,0.0,93.03,61.51
14857,UB-006631,30,2,1351.6,15.0,2297.72,1730.22
14858,UB-006631,137,1,1253.13,0.0,1253.13,816.22
14859,UB-006631,135,1,629.95,0.0,629.95,397.42
14860,UB-006632,52,1,653.57,10.0,588.21,457.32
14861,UB-006633,83,3,852.21,0.0,2556.63,2121.0
14862,UB-006633,70,3,1394.37,5.0,3973.95,2593.77
14863,UB-006634,106,1,1057.18,0.0,1057.18,719.76
14864,UB-006635,104,3,1266.09,15.0,3228.53,2639.76
14865,UB-006635,93,4,91.01,0.0,364.04,291.32
14866,UB-006636,121,5,889.48,0.0,4447.4,3418.45
14867,UB-006637,70,1,1345.44,15.0,1143.62,864.59
14868,UB-006637,136,1,1413.08,10.0,1271.77,866.98
14869,UB-006637,56,2,525.59,5.0,998.62,697.56
14870,UB-006637,51,1,239.61,0.0,239.61,158.99
14871,UB-006637,75,1,863.51,5.0,820.33,587.78
14872,UB-006638,126,1,1283.26,10.0,1154.93,803.5
14873,UB-006638,141,3,279.17,0.0,837.51,557.01
14874,UB-006639,124,1,534.85,0.0,534.85,445.56
14875,UB-006640,22,5,661.15,0.0,3305.75,2378.3
14876,UB-006640,66,1,945.65,0.0,945.65,716.35
14877,UB-006640,126,1,1235.66,0.0,1235.66,803.5
14878,UB-006640,3,3,1155.26,0.0,3465.78,2172.12
14879,UB-006640,46,1,215.24,0.0,215.24,167.81
14880,UB-006641,114,2,1030.83,0.0,2061.66,1291.74
14881,UB-006641,43,1,164.91,10.0,148.42,116.88
14882,UB-006642,44,2,772.19,5.0,1467.16,1175.62
14883,UB-006642,7,3,1039.99,5.0,2963.97,2261.25
14884,UB-006643,139,2,706.41,20.0,1130.26,1008.32
14885,UB-006643,20,1,939.35,0.0,939.35,674.24
14886,UB-006643,1,2,301.34,0.0,602.68,420.62
14887,UB-006643,56,4,516.29,5.0,1961.9,1395.12
14888,UB-006644,29,1,735.63,15.0,625.29,536.32
14889,UB-006645,132,1,1227.51,5.0,1166.13,810.08
14890,UB-006646,19,1,660.66,0.0,660.66,474.21
14891,UB-006646,144,2,417.11,15.0,709.09,601.24
14892,UB-006646,82,1,1027.76,15.0,873.6,685.33
14893,UB-006647,115,1,1171.98,0.0,1171.98,798.92
14894,UB-006648,8,2,385.03,5.0,731.56,586.88
14895,UB-006648,61,2,1098.74,0.0,2197.48,1656.28
14896,UB-006648,3,1,1163.54,0.0,1163.54,724.04
14897,UB-006649,75,1,880.84,0.0,880.84,587.78
14898,UB-006650,94,1,729.36,5.0,692.89,538.36
14899,UB-006650,74,1,1117.25,0.0,1117.25,882.89
14900,UB-006651,58,2,577.47,15.0,981.7,713.12
14901,UB-006652,40,2,377.8,0.0,755.6,511.88
14902,UB-006652,136,3,1396.15,5.0,3979.03,2600.94
14903,UB-006652,53,2,1252.78,5.0,2380.28,1730.24
14904,UB-006653,120,2,709.44,0.0,1418.88,977.0
14905,UB-006653,98,3,571.83,0.0,1715.49,1401.99
14906,UB-006653,70,1,1396.12,0.0,1396.12,864.59
14907,UB-006654,94,2,753.39,5.0,1431.44,1076.72
14908,UB-006655,20,1,985.75,10.0,887.18,674.24
14909,UB-006656,30,4,1384.28,0.0,5537.12,3460.44
14910,UB-006657,117,1,546.18,0.0,546.18,410.43
14911,UB-006658,60,2,191.56,0.0,383.12,289.64
14912,UB-006658,110,3,908.78,10.0,2453.71,2038.02
14913,UB-006659,89,1,572.57,10.0,515.31,419.15
14914,UB-006660,99,2,113.21,0.0,226.42,161.88
14915,UB-006661,58,3,583.91,0.0,1751.73,1069.68
14916,UB-006661,22,1,644.74,10.0,580.27,475.66
14917,UB-006661,137,2,1261.14,0.0,2522.28,1632.44
14918,UB-006661,7,1,1033.51,10.0,930.16,753.75
14919,UB-006662,32,1,106.09,0.0,106.09,79.85
14920,UB-006663,40,4,364.74,0.0,1458.96,1023.76
14921,UB-006663,97,1,1105.82,0.0,1105.82,712.55
14922,UB-006663,133,1,509.85,0.0,509.85,320.37
14923,UB-006664,141,1,278.83,10.0,250.95,185.67
14924,UB-006665,25,1,672.33,0.0,672.33,496.28
14925,UB-006666,111,2,661.24,10.0,1190.23,1113.58
14926,UB-006666,10,2,97.3,5.0,184.87,141.58
14927,UB-006666,43,1,165.91,10.0,149.32,116.88
14928,UB-006667,19,1,669.72,10.0,602.75,474.21
14929,UB-006667,63,3,259.08,10.0,699.52,501.69
14930,UB-006667,35,1,772.36,0.0,772.36,567.63
14931,UB-006668,47,1,107.02,0.0,107.02,87.48
14932,UB-006669,107,1,330.41,5.0,313.89,228.45
14933,UB-006670,78,1,809.95,0.0,809.95,544.75
14934,UB-006670,8,4,380.51,0.0,1522.04,1173.76
14935,UB-006670,36,1,840.58,10.0,756.52,533.78
14936,UB-006671,97,2,1164.05,5.0,2211.69,1425.1
14937,UB-006671,130,4,899.96,5.0,3419.85,2614.12
14938,UB-006672,51,1,239.07,0.0,239.07,158.99
14939,UB-006673,42,1,588.15,0.0,588.15,398.38
14940,UB-006673,110,3,940.72,0.0,2822.16,2038.02
14941,UB-006673,106,1,1034.56,0.0,1034.56,719.76
14942,UB-006674,83,2,844.65,15.0,1435.9,1414.0
14943,UB-006674,47,4,104.7,10.0,376.92,349.92
14944,UB-006674,55,1,919.96,10.0,827.96,606.14
14945,UB-006675,2,2,492.61,0.0,985.22,742.44
14946,UB-006675,73,1,979.68,15.0,832.73,662.98
14947,UB-006676,114,2,987.33,0.0,1974.66,1291.74
14948,UB-006677,131,1,909.57,15.0,773.13,688.03
14949,UB-006677,23,1,896.62,0.0,896.62,627.54
14950,UB-006677,130,2,945.94,0.0,1891.88,1307.06
14951,UB-006678,12,1,560.22,0.0,560.22,425.66
14952,UB-006679,91,1,464.25,15.0,394.61,321.07
14953,UB-006679,30,3,1390.63,0.0,4171.89,2595.33
14954,UB-006679,93,2,94.29,0.0,188.58,145.66
14955,UB-006680,4,1,775.7,10.0,698.13,608.34
14956,UB-006680,56,1,529.15,0.0,529.15,348.78
14957,UB-006681,122,1,633.44,5.0,601.77,508.02
14958,UB-006681,142,4,480.01,5.0,1824.04,1625.16
14959,UB-006681,99,2,111.98,15.0,190.37,161.88
14960,UB-006682,60,3,184.29,0.0,552.87,434.46
14961,UB-006683,39,1,896.14,15.0,761.72,614.07
14962,UB-006683,17,2,844.26,0.0,1688.52,1289.28
14963,UB-006684,11,1,464.1,5.0,440.89,366.75
14964,UB-006684,114,2,1004.2,0.0,2008.4,1291.74
14965,UB-006684,126,2,1242.39,10.0,2236.3,1607.0
14966,UB-006685,55,1,887.96,0.0,887.96,606.14
14967,UB-006685,68,1,227.25,0.0,227.25,161.19
14968,UB-006686,119,1,571.8,0.0,571.8,477.5
14969,UB-006687,62,1,385.18,5.0,365.92,260.55
14970,UB-006687,93,1,91.5,5.0,86.92,72.83
14971,UB-006687,79,1,773.05,0.0,773.05,478.88
14972,UB-006687,135,2,602.53,0.0,1205.06,794.84
14973,UB-006688,76,1,829.3,0.0,829.3,616.89
14974,UB-006688,49,1,978.09,10.0,880.28,614.04
14975,UB-006689,131,2,924.9,5.0,1757.31,1376.06
14976,UB-006689,55,1,915.49,0.0,915.49,606.14
14977,UB-006690,90,1,684.58,0.0,684.58,507.26
14978,UB-006690,105,1,1258.15,5.0,1195.24,888.95
14979,UB-006690,96,1,502.46,0.0,502.46,367.22
14980,UB-006691,82,2,1021.66,0.0,2043.32,1370.66
14981,UB-006691,140,3,293.16,5.0,835.51,585.18
14982,UB-006692,86,1,491.62,0.0,491.62,409.68
14983,UB-006692,127,2,299.71,15.0,509.51,444.52
14984,UB-006693,43,1,169.29,10.0,152.36,116.88
14985,UB-006694,111,4,675.38,0.0,2701.52,2227.16
14986,UB-006695,88,1,702.74,5.0,667.6,553.89
14987,UB-006695,36,3,845.9,0.0,2537.7,1601.34
14988,UB-006695,101,1,1088.49,0.0,1088.49,893.27
14989,UB-006695,52,1,644.41,0.0,644.41,457.32
14990,UB-006696,7,2,1054.1,5.0,2002.79,1507.5
14991,UB-006697,104,1,1230.73,5.0,1169.19,879.92
14992,UB-006698,132,1,1249.85,0.0,1249.85,810.08
14993,UB-006698,63,1,251.81,15.0,214.04,167.23
14994,UB-006699,72,2,952.21,0.0,1904.42,1483.2
14995,UB-006700,140,2,294.76,0.0,589.52,390.12
14996,UB-006700,56,3,508.57,10.0,1373.14,1046.34
14997,UB-006701,26,1,217.63,0.0,217.63,138.49
14998,UB-006701,134,1,932.52,10.0,839.27,633.2
14999,UB-006701,89,2,583.21,10.0,1049.78,838.3
15000,UB-006702,75,1,900.2,0.0,900.2,587.78
15001,UB-006703,113,1,863.98,20.0,691.18,695.0
15002,UB-006704,92,1,820.58,10.0,738.52,524.51
15003,UB-006704,66,1,966.64,0.0,966.64,716.35
15004,UB-006705,65,1,707.63,5.0,672.25,525.6
15005,UB-006705,63,1,260.93,5.0,247.88,167.23
15006,UB-006706,130,1,921.99,0.0,921.99,653.53
15007,UB-006706,78,1,779.59,10.0,701.63,544.75
15008,UB-006706,1,2,307.97,0.0,615.94,420.62
15009,UB-006706,133,1,502.54,0.0,502.54,320.37
15010,UB-006707,70,2,1409.77,20.0,2255.63,1729.18
15011,UB-006707,61,1,1113.11,0.0,1113.11,828.14
15012,UB-006707,1,5,306.29,0.0,1531.45,1051.55
15013,UB-006707,84,2,1252.39,0.0,2504.78,1624.24
15014,UB-006707,109,1,154.92,0.0,154.92,98.8
15015,UB-006708,78,1,791.66,20.0,633.33,544.75
15016,UB-006709,2,2,488.77,0.0,977.54,742.44
15017,UB-006710,8,1,375.43,10.0,337.89,293.44
15018,UB-006711,1,2,310.39,5.0,589.74,420.62
15019,UB-006711,119,2,596.26,20.0,954.02,955.0
15020,UB-006712,102,5,1180.83,15.0,5018.53,4146.9
15021,UB-006712,127,1,296.88,0.0,296.88,222.26
15022,UB-006712,57,1,777.17,0.0,777.17,567.7
15023,UB-006713,36,3,832.09,20.0,1997.02,1601.34
15024,UB-006714,88,1,714.44,10.0,643.0,553.89
15025,UB-006714,73,1,1016.92,5.0,966.07,662.98
15026,UB-006714,86,1,480.05,0.0,480.05,409.68
15027,UB-006714,6,1,992.69,0.0,992.69,692.29
15028,UB-006714,83,2,873.81,0.0,1747.62,1414.0
15029,UB-006715,4,1,805.93,0.0,805.93,608.34
15030,UB-006715,62,1,373.89,15.0,317.81,260.55
15031,UB-006715,144,1,426.23,10.0,383.61,300.62
15032,UB-006716,49,1,969.46,10.0,872.51,614.04
15033,UB-006717,112,1,459.47,0.0,459.47,338.04
15034,UB-006717,70,1,1342.23,10.0,1208.01,864.59
15035,UB-006718,46,2,219.06,10.0,394.31,335.62
15036,UB-006719,104,1,1267.17,5.0,1203.81,879.92
15037,UB-006719,30,3,1358.77,0.0,4076.31,2595.33
15038,UB-006720,132,3,1263.9,10.0,3412.53,2430.24
15039,UB-006720,134,3,942.81,0.0,2828.43,1899.6
15040,UB-006720,122,1,650.56,15.0,552.98,508.02
15041,UB-006721,54,2,1046.29,5.0,1987.95,1614.36
15042,UB-006721,78,1,785.61,0.0,785.61,544.75
15043,UB-006721,135,1,609.21,5.0,578.75,397.42
15044,UB-006722,10,1,99.55,0.0,99.55,70.79
15045,UB-006722,6,1,989.18,0.0,989.18,692.29
15046,UB-006722,55,1,913.71,0.0,913.71,606.14
15047,UB-006723,20,1,986.21,15.0,838.28,674.24
15048,UB-006724,14,1,747.22,5.0,709.86,569.64
15049,UB-006724,99,2,116.04,5.0,220.48,161.88
15050,UB-006725,36,1,817.76,0.0,817.76,533.78
15051,UB-006726,79,1,751.21,5.0,713.65,478.88
15052,UB-006726,87,1,383.39,5.0,364.22,296.68
15053,UB-006726,12,3,567.82,10.0,1533.11,1276.98
15054,UB-006727,137,1,1296.39,0.0,1296.39,816.22
15055,UB-006727,77,1,272.1,0.0,272.1,195.63
15056,UB-006727,124,1,519.98,0.0,519.98,445.56
15057,UB-006728,79,1,755.71,0.0,755.71,478.88
15058,UB-006728,96,1,495.82,5.0,471.03,367.22
15059,UB-006729,66,5,959.58,15.0,4078.22,3581.75
15060,UB-006730,103,1,902.14,10.0,811.93,681.52
15061,UB-006731,14,1,764.68,10.0,688.21,569.64
15062,UB-006731,57,1,795.07,0.0,795.07,567.7
15063,UB-006732,70,2,1365.07,15.0,2320.62,1729.18
15064,UB-006732,59,1,295.13,0.0,295.13,241.88
15065,UB-006732,51,2,237.5,5.0,451.25,317.98
15066,UB-006732,32,1,107.42,15.0,91.31,79.85
15067,UB-006732,63,2,254.44,0.0,508.88,334.46
15068,UB-006733,78,2,787.61,0.0,1575.22,1089.5
15069,UB-006733,10,1,98.23,0.0,98.23,70.79
15070,UB-006734,140,2,301.72,5.0,573.27,390.12
15071,UB-006734,90,1,689.92,0.0,689.92,507.26
15072,UB-006735,139,1,692.01,5.0,657.41,504.16
15073,UB-006736,42,1,590.68,0.0,590.68,398.38
15074,UB-006736,11,1,450.89,0.0,450.89,366.75
15075,UB-006736,91,2,452.79,5.0,860.3,642.14
15076,UB-006736,46,4,223.12,10.0,803.23,671.24
15077,UB-006737,122,1,650.57,0.0,650.57,508.02
15078,UB-006738,104,3,1227.28,0.0,3681.84,2639.76
15079,UB-006738,18,1,815.4,0.0,815.4,648.71
15080,UB-006739,66,1,943.03,0.0,943.03,716.35
15081,UB-006740,80,2,416.03,0.0,832.06,605.16
15082,UB-006740,79,2,747.39,5.0,1420.04,957.76
15083,UB-006741,93,2,92.84,0.0,185.68,145.66
15084,UB-006741,114,1,1010.92,0.0,1010.92,645.87
15085,UB-006742,127,1,297.55,0.0,297.55,222.26
15086,UB-006743,139,2,691.53,15.0,1175.6,1008.32
15087,UB-006743,39,2,879.29,0.0,1758.58,1228.14
15088,UB-006744,128,1,172.81,0.0,172.81,141.91
15089,UB-006745,90,1,677.19,5.0,643.33,507.26
15090,UB-006745,129,1,1178.28,0.0,1178.28,766.85
15091,UB-006745,124,4,549.02,0.0,2196.08,1782.24
15092,UB-006746,110,3,933.53,10.0,2520.53,2038.02
15093,UB-006746,71,1,188.9,5.0,179.45,122.07
15094,UB-006747,110,1,938.32,0.0,938.32,679.34
15095,UB-006747,115,2,1175.17,20.0,1880.27,1597.84
15096,UB-006747,104,2,1257.36,15.0,2137.51,1759.84
15097,UB-006747,38,1,1031.06,10.0,927.95,721.69
15098,UB-006747,131,1,883.95,10.0,795.56,688.03
15099,UB-006748,49,3,942.13,20.0,2261.11,1842.12
15100,UB-006748,27,2,1061.75,20.0,1698.8,1782.76
15101,UB-006748,138,1,887.52,20.0,710.02,604.6
15102,UB-006749,73,1,1015.86,0.0,1015.86,662.98
15103,UB-006749,19,1,686.61,15.0,583.62,474.21
15104,UB-006749,96,1,495.75,10.0,446.18,367.22
15105,UB-006749,61,1,1100.22,0.0,1100.22,828.14
15106,UB-006750,36,1,847.28,0.0,847.28,533.78
15107,UB-006751,41,2,897.77,0.0,1795.54,1487.92
15108,UB-006752,105,1,1214.77,5.0,1154.03,888.95
15109,UB-006753,91,4,459.15,0.0,1836.6,1284.28
15110,UB-006754,55,1,914.65,15.0,777.45,606.14
15111,UB-006755,28,1,867.04,0.0,867.04,673.25
15112,UB-006756,126,2,1268.52,0.0,2537.04,1607.0
15113,UB-006756,132,1,1284.28,10.0,1155.85,810.08
15114,UB-006756,42,3,609.64,20.0,1463.14,1195.14
15115,UB-006757,72,1,969.2,5.0,920.74,741.6
15116,UB-006757,38,1,1082.28,0.0,1082.28,721.69
15117,UB-006758,79,3,762.35,0.0,2287.05,1436.64
15118,UB-006758,121,3,900.91,0.0,2702.73,2051.07
15119,UB-006758,138,1,931.18,0.0,931.18,604.6
15120,UB-006758,132,1,1256.67,15.0,1068.17,810.08
15121,UB-006758,29,1,718.32,0.0,718.32,536.32
15122,UB-006759,9,2,701.83,0.0,1403.66,1003.38
15123,UB-006759,83,1,879.21,0.0,879.21,707.0
15124,UB-006760,37,1,1039.34,10.0,935.41,831.45
15125,UB-006761,64,2,316.89,0.0,633.78,428.54
15126,UB-006761,133,2,510.43,10.0,918.77,640.74
15127,UB-006761,138,2,927.25,0.0,1854.5,1209.2
15128,UB-006761,118,1,644.39,0.0,644.39,421.79
15129,UB-006761,111,4,644.04,0.0,2576.16,2227.16
15130,UB-006762,30,1,1385.41,10.0,1246.87,865.11
15131,UB-006762,104,2,1251.17,0.0,2502.34,1759.84
15132,UB-006762,86,2,472.73,10.0,850.91,819.36
15133,UB-006763,49,3,968.07,0.0,2904.21,1842.12
15134,UB-006763,96,1,501.51,0.0,501.51,367.22
15135,UB-006764,49,3,957.03,5.0,2727.54,1842.12
15136,UB-006765,24,2,95.33,5.0,181.13,123.02
15137,UB-006766,141,5,276.1,0.0,1380.5,928.35
15138,UB-006767,124,3,549.36,0.0,1648.08,1336.68
15139,UB-006767,111,1,650.63,0.0,650.63,556.79
15140,UB-006767,76,1,813.53,15.0,691.5,616.89
15141,UB-006768,41,1,914.66,20.0,731.73,743.96
15142,UB-006769,143,2,795.87,5.0,1512.15,1229.42
15143,UB-006769,49,1,934.96,5.0,888.21,614.04
15144,UB-006770,107,4,313.33,0.0,1253.32,913.8
15145,UB-006770,40,1,371.4,0.0,371.4,255.94
15146,UB-006770,63,1,251.22,5.0,238.66,167.23
15147,UB-006771,52,1,651.67,0.0,651.67,457.32
15148,UB-006771,114,2,1006.66,10.0,1811.99,1291.74
15149,UB-006771,97,5,1119.45,0.0,5597.25,3562.75
15150,UB-006771,144,1,429.98,0.0,429.98,300.62
15151,UB-006771,143,3,810.78,5.0,2310.72,1844.13
15152,UB-006772,126,2,1225.38,0.0,2450.76,1607.0
15153,UB-006773,53,3,1265.5,5.0,3606.67,2595.36
15154,UB-006773,101,1,1146.97,0.0,1146.97,893.27
15155,UB-006774,116,1,755.12,0.0,755.12,498.56
15156,UB-006774,33,1,445.42,10.0,400.88,296.56
15157,UB-006774,105,1,1244.05,5.0,1181.85,888.95
15158,UB-006775,38,2,1040.73,0.0,2081.46,1443.38
15159,UB-006775,127,1,293.47,10.0,264.12,222.26
15160,UB-006775,76,1,828.44,0.0,828.44,616.89
15161,UB-006776,112,2,467.11,10.0,840.8,676.08
15162,UB-006777,86,1,491.88,0.0,491.88,409.68
15163,UB-006777,102,2,1177.25,0.0,2354.5,1658.76
15164,UB-006777,30,1,1346.03,0.0,1346.03,865.11
15165,UB-006778,126,1,1271.18,0.0,1271.18,803.5
15166,UB-006779,50,3,423.77,15.0,1080.61,983.07
15167,UB-006779,39,1,857.4,0.0,857.4,614.07
15168,UB-006779,34,2,168.35,10.0,303.03,276.06
15169,UB-006780,85,3,336.17,10.0,907.66,698.04
15170,UB-006780,45,2,810.88,0.0,1621.76,1221.74
15171,UB-006781,129,1,1164.65,15.0,989.95,766.85
15172,UB-006781,38,2,1062.76,0.0,2125.52,1443.38
15173,UB-006781,4,1,781.42,0.0,781.42,608.34
15174,UB-006782,97,2,1169.12,0.0,2338.24,1425.1
15175,UB-006782,99,4,116.04,0.0,464.16,323.76
15176,UB-006782,51,1,236.79,0.0,236.79,158.99
15177,UB-006782,129,1,1169.17,15.0,993.79,766.85
15178,UB-006782,116,1,743.94,0.0,743.94,498.56
15179,UB-006783,132,1,1271.75,5.0,1208.16,810.08
15180,UB-006783,5,1,1389.94,0.0,1389.94,872.25
15181,UB-006784,75,2,894.88,0.0,1789.76,1175.56
15182,UB-006785,46,1,221.55,15.0,188.32,167.81
15183,UB-006785,65,3,728.63,20.0,1748.71,1576.8
15184,UB-006785,57,2,768.11,0.0,1536.22,1135.4
15185,UB-006786,73,2,973.46,5.0,1849.57,1325.96
15186,UB-006786,40,3,368.83,15.0,940.52,767.82
15187,UB-006787,66,1,933.58,0.0,933.58,716.35
15188,UB-006788,56,2,532.08,5.0,1010.95,697.56
15189,UB-006789,126,3,1243.11,10.0,3356.4,2410.5
15190,UB-006789,43,1,172.6,10.0,155.34,116.88
15191,UB-006790,11,5,466.88,5.0,2217.68,1833.75
15192,UB-006790,112,1,457.61,5.0,434.73,338.04
15193,UB-006791,110,1,911.13,0.0,911.13,679.34
15194,UB-006791,62,2,378.18,0.0,756.36,521.1
15195,UB-006791,46,1,224.75,20.0,179.8,167.81
15196,UB-006791,85,2,331.8,5.0,630.42,465.36
15197,UB-006792,39,2,850.61,15.0,1446.04,1228.14
15198,UB-006793,47,2,106.72,0.0,213.44,174.96
15199,UB-006793,41,5,923.6,5.0,4387.1,3719.8
15200,UB-006793,23,1,875.57,5.0,831.79,627.54
15201,UB-006794,117,2,532.15,0.0,1064.3,820.86
15202,UB-006795,13,1,372.7,0.0,372.7,235.91
15203,UB-006795,61,2,1124.06,0.0,2248.12,1656.28
15204,UB-006795,89,5,589.62,0.0,2948.1,2095.75
15205,UB-006796,130,1,914.78,10.0,823.3,653.53
15206,UB-006796,116,3,759.35,10.0,2050.25,1495.68
15207,UB-006796,131,1,923.07,0.0,923.07,688.03
15208,UB-006797,4,2,776.91,10.0,1398.44,1216.68
15209,UB-006797,35,1,795.22,0.0,795.22,567.63
15210,UB-006797,83,1,849.24,10.0,764.32,707.0
15211,UB-006797,100,2,206.76,5.0,392.84,317.76
15212,UB-006798,28,1,879.58,0.0,879.58,673.25
15213,UB-006799,45,1,792.52,10.0,713.27,610.87
15214,UB-006799,138,2,888.95,10.0,1600.11,1209.2
15215,UB-006799,110,1,918.59,0.0,918.59,679.34
15216,UB-006799,59,1,303.82,0.0,303.82,241.88
15217,UB-006800,79,1,747.5,20.0,598.0,478.88
15218,UB-006801,124,1,541.49,0.0,541.49,445.56
15219,UB-006802,83,1,837.63,10.0,753.87,707.0
15220,UB-006802,113,3,874.89,0.0,2624.67,2085.0
15221,UB-006803,141,2,274.16,15.0,466.07,371.34
15222,UB-006803,40,1,361.0,5.0,342.95,255.94
15223,UB-006803,11,4,464.59,10.0,1672.52,1467.0
15224,UB-006804,4,1,788.99,10.0,710.09,608.34
15225,UB-006805,140,2,294.8,0.0,589.6,390.12
15226,UB-006805,143,1,790.22,10.0,711.2,614.71
15227,UB-006806,72,1,995.17,0.0,995.17,741.6
15228,UB-006807,43,3,170.86,15.0,435.69,350.64
15229,UB-006808,45,2,799.04,0.0,1598.08,1221.74
15230,UB-006808,31,2,719.46,0.0,1438.92,1163.18
15231,UB-006809,91,1,464.24,10.0,417.82,321.07
15232,UB-006809,58,3,568.56,0.0,1705.68,1069.68
15233,UB-006810,58,3,558.67,0.0,1676.01,1069.68
15234,UB-006810,126,1,1279.59,0.0,1279.59,803.5
15235,UB-006810,77,1,283.5,10.0,255.15,195.63
15236,UB-006811,110,2,912.23,0.0,1824.46,1358.68
15237,UB-006812,84,2,1271.53,0.0,2543.06,1624.24
15238,UB-006812,125,2,326.51,10.0,587.72,427.46
15239,UB-006813,90,1,691.56,0.0,691.56,507.26
15240,UB-006813,74,1,1133.9,0.0,1133.9,882.89
15241,UB-006814,113,3,871.31,0.0,2613.93,2085.0
15242,UB-006814,44,2,766.51,0.0,1533.02,1175.62
15243,UB-006814,21,1,781.03,0.0,781.03,582.06
15244,UB-006814,42,2,606.64,0.0,1213.28,796.76
15245,UB-006815,48,1,365.18,0.0,365.18,254.63
15246,UB-006815,113,3,858.31,0.0,2574.93,2085.0
15247,UB-006815,35,1,793.19,5.0,753.53,567.63
15248,UB-006816,68,1,218.12,10.0,196.31,161.19
15249,UB-006816,87,3,388.67,0.0,1166.01,890.04
15250,UB-006817,24,3,93.39,0.0,280.17,184.53
15251,UB-006817,130,1,917.77,0.0,917.77,653.53
15252,UB-006817,77,2,286.01,0.0,572.02,391.26
15253,UB-006818,39,1,853.77,0.0,853.77,614.07
15254,UB-006819,82,3,1014.85,0.0,3044.55,2055.99
15255,UB-006820,140,2,290.58,10.0,523.04,390.12
15256,UB-006820,139,1,704.56,0.0,704.56,504.16
15257,UB-006821,128,3,175.72,0.0,527.16,425.73
15258,UB-006822,115,1,1188.59,0.0,1188.59,798.92
15259,UB-006822,97,1,1130.25,10.0,1017.23,712.55
15260,UB-006822,13,3,372.47,0.0,1117.41,707.73
15261,UB-006822,25,1,662.24,5.0,629.13,496.28
15262,UB-006822,130,2,892.62,5.0,1695.98,1307.06
15263,UB-006823,90,1,679.68,15.0,577.73,507.26
15264,UB-006824,141,3,279.88,0.0,839.64,557.01
15265,UB-006824,132,1,1245.59,5.0,1183.31,810.08
15266,UB-006825,113,4,853.4,0.0,3413.6,2780.0
15267,UB-006825,132,1,1226.17,5.0,1164.86,810.08
15268,UB-006826,31,1,718.19,0.0,718.19,581.59
15269,UB-006826,96,2,517.91,5.0,984.03,734.44
15270,UB-006827,14,2,757.17,0.0,1514.34,1139.28
15271,UB-006827,26,2,213.49,5.0,405.63,276.98
15272,UB-006827,44,3,786.35,0.0,2359.05,1763.43
15273,UB-006827,118,1,628.82,10.0,565.94,421.79
15274,UB-006828,92,2,815.6,5.0,1549.64,1049.02
15275,UB-006828,121,4,892.45,0.0,3569.8,2734.76
15276,UB-006828,99,1,115.22,5.0,109.46,80.94
15277,UB-006828,40,1,371.14,5.0,352.58,255.94
15278,UB-006829,109,1,157.99,0.0,157.99,98.8
15279,UB-006829,21,2,764.08,0.0,1528.16,1164.12
15280,UB-006829,99,1,112.54,5.0,106.91,80.94
15281,UB-006829,52,2,647.65,5.0,1230.53,914.64
15282,UB-006829,108,1,1144.73,0.0,1144.73,795.55
15283,UB-006830,122,1,650.67,5.0,618.14,508.02
15284,UB-006831,135,1,613.2,0.0,613.2,397.42
15285,UB-006831,39,1,850.72,0.0,850.72,614.07
15286,UB-006831,117,1,538.27,0.0,538.27,410.43
15287,UB-006832,126,1,1242.64,10.0,1118.38,803.5
15288,UB-006833,114,2,985.3,10.0,1773.54,1291.74
15289,UB-006834,20,1,945.91,20.0,756.73,674.24
15290,UB-006834,47,2,108.58,0.0,217.16,174.96
15291,UB-006834,32,1,104.19,20.0,83.35,79.85
15292,UB-006835,84,1,1280.87,5.0,1216.83,812.12
15293,UB-006835,114,4,1035.83,5.0,3936.15,2583.48
15294,UB-006836,56,2,530.98,5.0,1008.86,697.56
15295,UB-006837,130,4,901.37,10.0,3244.93,2614.12
15296,UB-006837,17,5,856.27,0.0,4281.35,3223.2
15297,UB-006838,89,1,571.79,0.0,571.79,419.15
15298,UB-006838,60,2,186.5,0.0,373.0,289.64
15299,UB-006838,37,3,1019.15,10.0,2751.7,2494.35
15300,UB-006839,10,1,99.29,5.0,94.33,70.79
15301,UB-006839,5,1,1382.39,5.0,1313.27,872.25
15302,UB-006839,142,1,488.74,0.0,488.74,406.29
15303,UB-006840,116,4,751.81,5.0,2856.88,1994.24
15304,UB-006841,47,3,103.74,15.0,264.54,262.44
15305,UB-006841,22,1,643.57,0.0,643.57,475.66
15306,UB-006841,17,2,841.1,10.0,1513.98,1289.28
15307,UB-006842,63,1,256.47,0.0,256.47,167.23
15308,UB-006842,72,2,949.45,0.0,1898.9,1483.2
15309,UB-006843,80,1,403.58,15.0,343.04,302.58
15310,UB-006843,58,1,587.12,0.0,587.12,356.56
15311,UB-006843,76,4,806.51,0.0,3226.04,2467.56
15312,UB-006844,62,2,392.96,10.0,707.33,521.1
15313,UB-006845,65,1,712.94,15.0,606.0,525.6
15314,UB-006845,82,2,1016.38,0.0,2032.76,1370.66
15315,UB-006846,101,1,1087.08,5.0,1032.73,893.27
15316,UB-006846,81,2,1012.79,5.0,1924.3,1420.96
15317,UB-006847,143,1,799.73,0.0,799.73,614.71
15318,UB-006848,4,1,786.91,0.0,786.91,608.34
15319,UB-006849,96,2,502.63,20.0,804.21,734.44
15320,UB-006849,74,1,1177.32,0.0,1177.32,882.89
15321,UB-006849,73,4,1010.52,5.0,3839.98,2651.92
15322,UB-006849,45,1,828.26,0.0,828.26,610.87
15323,UB-006849,138,1,934.68,10.0,841.21,604.6
15324,UB-006850,97,1,1119.69,0.0,1119.69,712.55
15325,UB-006851,116,1,762.66,0.0,762.66,498.56
15326,UB-006851,21,5,794.99,5.0,3776.2,2910.3
15327,UB-006852,68,1,218.34,0.0,218.34,161.19
15328,UB-006852,7,1,1048.37,0.0,1048.37,753.75
15329,UB-006852,64,1,323.58,10.0,291.22,214.27
15330,UB-006853,112,1,448.01,0.0,448.01,338.04
15331,UB-006853,119,1,595.77,5.0,565.98,477.5
15332,UB-006854,21,1,786.74,0.0,786.74,582.06
15333,UB-006855,68,1,229.44,0.0,229.44,161.19
15334,UB-006855,34,3,166.24,5.0,473.78,414.09
15335,UB-006856,51,1,228.47,0.0,228.47,158.99
15336,UB-006856,112,1,467.17,0.0,467.17,338.04
15337,UB-006857,76,1,828.05,0.0,828.05,616.89
15338,UB-006857,11,1,465.59,10.0,419.03,366.75
15339,UB-006858,86,1,488.94,10.0,440.05,409.68
15340,UB-006858,6,1,980.36,0.0,980.36,692.29
15341,UB-006858,52,2,632.79,5.0,1202.3,914.64
15342,UB-006859,107,5,320.12,0.0,1600.6,1142.25
15343,UB-006859,119,1,585.83,10.0,527.25,477.5
15344,UB-006860,49,1,950.36,5.0,902.84,614.04
15345,UB-006861,69,1,310.58,0.0,310.58,234.6
15346,UB-006861,68,1,219.43,0.0,219.43,161.19
15347,UB-006861,111,1,644.31,5.0,612.09,556.79
15348,UB-006862,34,1,168.11,5.0,159.7,138.03
15349,UB-006862,131,2,921.12,0.0,1842.24,1376.06
15350,UB-006863,116,2,748.08,0.0,1496.16,997.12
15351,UB-006863,139,1,691.73,15.0,587.97,504.16
15352,UB-006864,84,2,1252.61,0.0,2505.22,1624.24
15353,UB-006864,77,5,280.05,5.0,1330.24,978.15
15354,UB-006865,2,4,484.91,15.0,1648.69,1484.88
15355,UB-006865,30,3,1377.1,20.0,3305.04,2595.33
15356,UB-006866,141,1,279.05,0.0,279.05,185.67
15357,UB-006866,140,1,296.94,10.0,267.25,195.06
15358,UB-006866,87,4,380.58,0.0,1522.32,1186.72
15359,UB-006866,31,1,732.06,5.0,695.46,581.59
15360,UB-006867,93,1,91.81,5.0,87.22,72.83
15361,UB-006868,68,1,228.94,0.0,228.94,161.19
15362,UB-006868,71,1,191.75,5.0,182.16,122.07
15363,UB-006869,24,1,92.25,10.0,83.03,61.51
15364,UB-006869,27,3,1097.85,10.0,2964.19,2674.14
15365,UB-006869,58,1,572.18,0.0,572.18,356.56
15366,UB-006869,61,1,1125.79,0.0,1125.79,828.14
15367,UB-006870,22,1,667.06,0.0,667.06,475.66
15368,UB-006871,118,1,652.97,0.0,652.97,421.79
15369,UB-006872,125,1,334.33,10.0,300.9,213.73
15370,UB-006872,106,1,1084.01,0.0,1084.01,719.76
15371,UB-006873,87,2,389.41,10.0,700.94,593.36
15372,UB-006873,130,1,943.43,0.0,943.43,653.53
15373,UB-006873,101,1,1143.27,0.0,1143.27,893.27
15374,UB-006873,93,1,94.73,20.0,75.78,72.83
15375,UB-006873,17,2,839.57,10.0,1511.23,1289.28
15376,UB-006874,135,1,628.47,0.0,628.47,397.42
15377,UB-006875,3,1,1148.35,20.0,918.68,724.04
15378,UB-006876,86,1,499.95,5.0,474.95,409.68
15379,UB-006877,128,2,173.36,0.0,346.72,283.82
15380,UB-006877,64,1,322.72,0.0,322.72,214.27
15381,UB-006878,109,2,153.59,5.0,291.82,197.6
15382,UB-006879,118,1,632.22,10.0,569.0,421.79
15383,UB-006879,109,1,157.04,0.0,157.04,98.8
15384,UB-006879,83,1,862.49,10.0,776.24,707.0
15385,UB-006880,115,4,1180.17,10.0,4248.61,3195.68
15386,UB-006880,134,2,921.52,0.0,1843.04,1266.4
15387,UB-006881,133,2,510.41,5.0,969.78,640.74
15388,UB-006881,109,3,162.02,5.0,461.76,296.4
15389,UB-006882,136,2,1368.06,0.0,2736.12,1733.96
15390,UB-006882,122,1,628.51,15.0,534.23,508.02
15391,UB-006883,48,2,351.34,15.0,597.28,509.26
15392,UB-006883,78,1,801.31,0.0,801.31,544.75
15393,UB-006883,119,1,570.93,0.0,570.93,477.5
15394,UB-006884,50,3,432.84,0.0,1298.52,983.07
15395,UB-006884,60,1,183.81,5.0,174.62,144.82
15396,UB-006885,58,1,584.96,10.0,526.46,356.56
15397,UB-006885,63,1,250.69,5.0,238.16,167.23
15398,UB-006886,23,1,873.09,0.0,873.09,627.54
15399,UB-006886,84,2,1276.92,5.0,2426.15,1624.24
15400,UB-006886,72,1,982.05,0.0,982.05,741.6
15401,UB-006887,96,2,514.72,0.0,1029.44,734.44
15402,UB-006887,79,1,763.01,10.0,686.71,478.88
15403,UB-006888,125,2,337.12,10.0,606.82,427.46
15404,UB-006888,11,1,451.54,0.0,451.54,366.75
15405,UB-006889,93,3,93.6,0.0,280.8,218.49
15406,UB-006889,42,2,604.71,0.0,1209.42,796.76
15407,UB-006889,58,1,555.57,0.0,555.57,356.56
15408,UB-006890,119,2,583.19,0.0,1166.38,955.0
15409,UB-006890,10,3,97.97,20.0,235.13,212.37
15410,UB-006891,108,1,1107.87,0.0,1107.87,795.55
15411,UB-006892,7,1,1068.87,0.0,1068.87,753.75
15412,UB-006892,55,1,905.18,0.0,905.18,606.14
15413,UB-006893,11,1,452.11,20.0,361.69,366.75
15414,UB-006893,37,3,1019.69,0.0,3059.07,2494.35
15415,UB-006893,142,2,495.32,20.0,792.51,812.58
15416,UB-006893,126,1,1223.09,5.0,1161.94,803.5
15417,UB-006893,119,1,577.64,5.0,548.76,477.5
15418,UB-006894,70,1,1390.6,10.0,1251.54,864.59
15419,UB-006895,138,1,933.45,20.0,746.76,604.6
15420,UB-006896,28,1,866.84,0.0,866.84,673.25
15421,UB-006896,5,1,1409.3,0.0,1409.3,872.25
15422,UB-006896,141,3,273.1,0.0,819.3,557.01
15423,UB-006896,76,1,837.06,15.0,711.5,616.89
15424,UB-006897,139,2,715.99,0.0,1431.98,1008.32
15425,UB-006897,20,1,947.43,0.0,947.43,674.24
15426,UB-006897,61,1,1085.65,0.0,1085.65,828.14
15427,UB-006898,61,2,1080.3,15.0,1836.51,1656.28
15428,UB-006899,25,3,659.61,0.0,1978.83,1488.84
15429,UB-006899,77,2,272.87,0.0,545.74,391.26
15430,UB-006900,100,2,205.88,20.0,329.41,317.76
15431,UB-006900,68,2,219.4,0.0,438.8,322.38
15432,UB-006901,31,5,710.29,5.0,3373.88,2907.95
15433,UB-006901,87,2,382.86,0.0,765.72,593.36
15434,UB-006901,58,1,559.17,5.0,531.21,356.56
15435,UB-006901,66,2,964.79,5.0,1833.1,1432.7
15436,UB-006902,139,1,699.36,10.0,629.42,504.16
15437,UB-006902,94,1,757.73,10.0,681.96,538.36
15438,UB-006902,18,1,830.89,0.0,830.89,648.71
15439,UB-006902,76,2,816.98,15.0,1388.87,1233.78
15440,UB-006903,133,1,514.77,0.0,514.77,320.37
15441,UB-006904,140,1,304.76,0.0,304.76,195.06
15442,UB-006904,45,2,789.26,10.0,1420.67,1221.74
15443,UB-006905,105,5,1209.9,5.0,5747.02,4444.75
15444,UB-006905,98,3,593.13,0.0,1779.39,1401.99
15445,UB-006905,89,1,602.7,10.0,542.43,419.15
15446,UB-006905,4,1,814.71,0.0,814.71,608.34
15447,UB-006906,133,1,513.02,0.0,513.02,320.37
15448,UB-006906,143,2,801.42,20.0,1282.27,1229.42
15449,UB-006906,78,2,811.04,5.0,1540.98,1089.5
15450,UB-006907,60,5,186.18,0.0,930.9,724.1
15451,UB-006907,76,1,836.37,10.0,752.73,616.89
15452,UB-006907,113,2,873.7,10.0,1572.66,1390.0
15453,UB-006908,48,1,359.13,15.0,305.26,254.63
15454,UB-006909,131,3,930.17,10.0,2511.46,2064.09
15455,UB-006909,134,1,934.25,0.0,934.25,633.2
15456,UB-006909,112,1,467.94,20.0,374.35,338.04
15457,UB-006909,2,3,496.94,0.0,1490.82,1113.66
15458,UB-006909,95,1,472.73,0.0,472.73,369.8
15459,UB-006910,11,2,473.87,15.0,805.58,733.5
15460,UB-006910,83,1,849.32,0.0,849.32,707.0
15461,UB-006910,137,1,1262.85,10.0,1136.57,816.22
15462,UB-006911,69,1,318.59,15.0,270.8,234.6
15463,UB-006911,64,1,319.18,20.0,255.34,214.27
15464,UB-006912,3,1,1122.46,0.0,1122.46,724.04
15465,UB-006912,80,2,411.57,15.0,699.67,605.16
15466,UB-006912,98,1,592.27,0.0,592.27,467.33
15467,UB-006912,38,1,1082.97,5.0,1028.82,721.69
15468,UB-006913,95,1,492.28,0.0,492.28,369.8
15469,UB-006914,82,1,1067.87,0.0,1067.87,685.33
15470,UB-006914,21,1,776.06,0.0,776.06,582.06
15471,UB-006914,75,2,902.83,0.0,1805.66,1175.56
15472,UB-006914,68,3,222.33,10.0,600.29,483.57
15473,UB-006915,144,2,416.52,0.0,833.04,601.24
15474,UB-006915,133,1,497.43,5.0,472.56,320.37
15475,UB-006915,57,1,789.41,5.0,749.94,567.7
15476,UB-006915,132,2,1274.21,0.0,2548.42,1620.16
15477,UB-006916,3,1,1153.85,0.0,1153.85,724.04
15478,UB-006917,10,1,98.32,0.0,98.32,70.79
15479,UB-006917,64,1,325.73,0.0,325.73,214.27
15480,UB-006917,135,1,598.67,10.0,538.8,397.42
15481,UB-006918,45,3,789.78,0.0,2369.34,1832.61
15482,UB-006919,3,1,1149.7,0.0,1149.7,724.04
15483,UB-006919,92,1,848.2,0.0,848.2,524.51
15484,UB-006919,23,1,882.33,0.0,882.33,627.54
15485,UB-006920,5,1,1413.98,0.0,1413.98,872.25
15486,UB-006921,131,2,903.49,0.0,1806.98,1376.06
15487,UB-006921,58,1,562.91,15.0,478.47,356.56
15488,UB-006922,140,5,288.86,0.0,1444.3,975.3
15489,UB-006923,87,1,389.81,0.0,389.81,296.68
15490,UB-006923,83,2,862.5,5.0,1638.75,1414.0
15491,UB-006923,67,2,153.93,15.0,261.68,192.4
15492,UB-006924,83,1,861.94,15.0,732.65,707.0
15493,UB-006924,138,2,927.28,0.0,1854.56,1209.2
15494,UB-006924,25,1,671.26,0.0,671.26,496.28
15495,UB-006925,54,2,1045.59,0.0,2091.18,1614.36
15496,UB-006925,63,4,262.48,0.0,1049.92,668.92
15497,UB-006926,142,2,475.82,5.0,904.06,812.58
15498,UB-006926,73,2,978.13,15.0,1662.82,1325.96
15499,UB-006926,46,1,214.85,0.0,214.85,167.81
15500,UB-006927,143,1,817.19,5.0,776.33,614.71
15501,UB-006927,94,1,756.85,0.0,756.85,538.36
15502,UB-006928,59,1,291.47,0.0,291.47,241.88
15503,UB-006928,26,2,222.59,0.0,445.18,276.98
15504,UB-006928,34,3,166.41,0.0,499.23,414.09
15505,UB-006929,120,2,735.38,5.0,1397.22,977.0
15506,UB-006929,129,3,1166.58,5.0,3324.75,2300.55
15507,UB-006929,73,3,1002.8,0.0,3008.4,1988.94
15508,UB-006929,82,1,1052.95,0.0,1052.95,685.33
15509,UB-006930,139,1,710.9,0.0,710.9,504.16
15510,UB-006930,83,3,847.46,0.0,2542.38,2121.0
15511,UB-006930,57,1,759.13,0.0,759.13,567.7
15512,UB-006931,116,2,762.28,5.0,1448.33,997.12
15513,UB-006931,62,3,376.74,0.0,1130.22,781.65
15514,UB-006932,54,2,1021.33,5.0,1940.53,1614.36
15515,UB-006933,21,1,774.8,0.0,774.8,582.06
15516,UB-006933,74,2,1141.27,0.0,2282.54,1765.78
15517,UB-006934,90,2,710.75,15.0,1208.27,1014.52
15518,UB-006935,142,1,477.14,5.0,453.28,406.29
15519,UB-006935,18,2,855.15,10.0,1539.27,1297.42
15520,UB-006935,35,2,810.18,0.0,1620.36,1135.26
15521,UB-006935,53,1,1318.13,10.0,1186.32,865.12
15522,UB-006936,56,1,514.7,15.0,437.5,348.78
15523,UB-006937,59,1,295.91,0.0,295.91,241.88
15524,UB-006937,70,1,1348.82,0.0,1348.82,864.59
15525,UB-006937,98,1,563.94,0.0,563.94,467.33
15526,UB-006937,123,2,470.01,0.0,940.02,657.8
15527,UB-006938,130,2,934.74,0.0,1869.48,1307.06
15528,UB-006938,34,3,166.72,0.0,500.16,414.09
15529,UB-006938,113,2,876.63,0.0,1753.26,1390.0
15530,UB-006938,103,1,922.61,0.0,922.61,681.52
15531,UB-006938,55,1,904.22,15.0,768.59,606.14
15532,UB-006939,134,2,971.29,0.0,1942.58,1266.4
15533,UB-006940,31,2,741.77,0.0,1483.54,1163.18
15534,UB-006940,45,3,799.23,20.0,1918.15,1832.61
15535,UB-006940,115,2,1181.34,10.0,2126.41,1597.84
15536,UB-006941,7,2,1058.43,0.0,2116.86,1507.5
15537,UB-006941,86,1,497.18,5.0,472.32,409.68
15538,UB-006942,108,2,1104.71,5.0,2098.95,1591.1
15539,UB-006943,49,2,962.65,10.0,1732.77,1228.08
15540,UB-006944,3,1,1172.98,0.0,1172.98,724.04
15541,UB-006945,25,4,675.96,0.0,2703.84,1985.12
15542,UB-006946,143,3,798.8,10.0,2156.76,1844.13
15543,UB-006946,16,1,1109.13,15.0,942.76,816.38
15544,UB-006946,6,1,950.66,10.0,855.59,692.29
15545,UB-006947,25,1,654.49,15.0,556.32,496.28
15546,UB-006947,70,1,1355.07,0.0,1355.07,864.59
15547,UB-006948,26,1,220.99,0.0,220.99,138.49
15548,UB-006948,134,2,958.49,0.0,1916.98,1266.4
15549,UB-006948,4,2,801.67,5.0,1523.17,1216.68
15550,UB-006948,10,4,95.6,0.0,382.4,283.16
15551,UB-006949,111,3,666.5,0.0,1999.5,1670.37
15552,UB-006949,120,1,708.79,0.0,708.79,488.5
15553,UB-006949,15,1,1189.22,0.0,1189.22,855.33
15554,UB-006950,141,1,279.94,5.0,265.94,185.67
15555,UB-006950,90,1,681.15,5.0,647.09,507.26
15556,UB-006950,82,2,1013.7,10.0,1824.66,1370.66
15557,UB-006950,88,2,707.4,5.0,1344.06,1107.78
15558,UB-006951,59,5,289.47,5.0,1374.98,1209.4
15559,UB-006952,72,1,981.38,5.0,932.31,741.6
15560,UB-006953,80,3,407.62,0.0,1222.86,907.74
15561,UB-006953,56,1,509.95,0.0,509.95,348.78
15562,UB-006953,10,1,96.63,5.0,91.8,70.79
15563,UB-006954,134,2,961.0,0.0,1922.0,1266.4
15564,UB-006954,73,1,1002.21,0.0,1002.21,662.98
15565,UB-006955,73,2,979.33,10.0,1762.79,1325.96
15566,UB-006956,35,1,803.15,5.0,762.99,567.63
15567,UB-006956,113,1,851.3,0.0,851.3,695.0
15568,UB-006957,45,2,815.77,5.0,1549.96,1221.74
15569,UB-006957,3,2,1135.89,15.0,1931.01,1448.08
15570,UB-006958,10,2,99.0,0.0,198.0,141.58
15571,UB-006958,66,3,962.5,0.0,2887.5,2149.05
15572,UB-006958,30,1,1329.78,0.0,1329.78,865.11
15573,UB-006958,53,1,1301.5,5.0,1236.42,865.12
15574,UB-006959,40,2,363.14,0.0,726.28,511.88
15575,UB-006960,35,1,812.69,0.0,812.69,567.63
15576,UB-006960,74,1,1131.65,15.0,961.9,882.89
15577,UB-006961,110,1,947.02,0.0,947.02,679.34
15578,UB-006962,7,1,1027.95,5.0,976.55,753.75
15579,UB-006962,69,1,318.78,20.0,255.02,234.6
15580,UB-006963,107,1,322.48,10.0,290.23,228.45
15581,UB-006963,48,1,351.97,0.0,351.97,254.63
15582,UB-006963,65,1,706.89,20.0,565.51,525.6
15583,UB-006963,76,3,836.23,10.0,2257.82,1850.67
15584,UB-006964,12,2,553.89,0.0,1107.78,851.32
15585,UB-006965,86,1,496.27,0.0,496.27,409.68
15586,UB-006966,32,2,104.88,15.0,178.3,159.7
15587,UB-006967,144,1,414.0,5.0,393.3,300.62
15588,UB-006967,9,5,691.9,10.0,3113.55,2508.45
15589,UB-006967,75,1,867.42,0.0,867.42,587.78
15590,UB-006968,144,2,410.37,5.0,779.7,601.24
15591,UB-006968,58,1,567.04,0.0,567.04,356.56
15592,UB-006968,134,1,936.4,0.0,936.4,633.2
15593,UB-006968,5,1,1371.49,0.0,1371.49,872.25
15594,UB-006969,62,1,372.91,0.0,372.91,260.55
15595,UB-006969,87,2,393.99,15.0,669.78,593.36
15596,UB-006969,74,5,1161.53,10.0,5226.89,4414.45
15597,UB-006969,7,1,1043.11,0.0,1043.11,753.75
15598,UB-006969,14,3,751.65,5.0,2142.2,1708.92
15599,UB-006970,93,1,91.63,0.0,91.63,72.83
15600,UB-006970,39,1,858.43,20.0,686.74,614.07
15601,UB-006971,68,1,216.84,10.0,195.16,161.19
15602,UB-006971,60,1,185.84,0.0,185.84,144.82
15603,UB-006971,79,1,740.24,0.0,740.24,478.88
15604,UB-006972,36,2,827.19,0.0,1654.38,1067.56
15605,UB-006972,121,1,895.76,5.0,850.97,683.69
15606,UB-006972,22,2,673.54,0.0,1347.08,951.32
15607,UB-006973,62,1,388.97,0.0,388.97,260.55
15608,UB-006973,106,1,1031.38,15.0,876.67,719.76
15609,UB-006973,96,2,506.9,5.0,963.11,734.44
15610,UB-006973,108,3,1123.94,0.0,3371.82,2386.65
15611,UB-006973,79,1,733.2,0.0,733.2,478.88
15612,UB-006974,23,2,876.1,0.0,1752.2,1255.08
15613,UB-006974,125,1,337.19,5.0,320.33,213.73
15614,UB-006975,22,1,672.24,0.0,672.24,475.66
15615,UB-006975,84,1,1303.73,0.0,1303.73,812.12
15616,UB-006975,91,3,465.11,0.0,1395.33,963.21
15617,UB-006975,79,1,743.4,0.0,743.4,478.88
15618,UB-006976,33,1,439.83,0.0,439.83,296.56
15619,UB-006976,87,1,395.5,0.0,395.5,296.68
15620,UB-006977,83,1,834.36,10.0,750.92,707.0
15621,UB-006978,83,1,837.82,0.0,837.82,707.0
15622,UB-006978,108,4,1114.87,10.0,4013.53,3182.2
15623,UB-006979,12,1,573.83,0.0,573.83,425.66
15624,UB-006979,75,2,863.37,0.0,1726.74,1175.56
15625,UB-006980,126,1,1275.97,0.0,1275.97,803.5
15626,UB-006980,129,1,1174.08,5.0,1115.38,766.85
15627,UB-006980,13,1,359.13,0.0,359.13,235.91
15628,UB-006980,25,2,657.41,0.0,1314.82,992.56
15629,UB-006981,98,2,577.9,0.0,1155.8,934.66
15630,UB-006981,11,1,462.61,0.0,462.61,366.75
15631,UB-006981,9,4,689.81,0.0,2759.24,2006.76
15632,UB-006981,109,1,156.38,10.0,140.74,98.8
15633,UB-006982,24,1,95.19,5.0,90.43,61.51
15634,UB-006982,63,2,254.65,5.0,483.83,334.46
15635,UB-006982,48,1,366.38,0.0,366.38,254.63
15636,UB-006983,30,2,1331.19,0.0,2662.38,1730.22
15637,UB-006983,143,1,828.6,15.0,704.31,614.71
15638,UB-006983,80,1,408.07,15.0,346.86,302.58
15639,UB-006983,26,1,213.42,5.0,202.75,138.49
15640,UB-006984,20,1,957.66,0.0,957.66,674.24
15641,UB-006984,107,2,320.87,10.0,577.57,456.9
15642,UB-006984,109,1,153.61,10.0,138.25,98.8
15643,UB-006985,139,2,708.19,10.0,1274.74,1008.32
15644,UB-006985,68,1,228.99,0.0,228.99,161.19
15645,UB-006986,13,1,359.27,15.0,305.38,235.91
15646,UB-006986,125,3,330.12,20.0,792.29,641.19
15647,UB-006986,138,1,903.63,10.0,813.27,604.6
15648,UB-006986,48,2,362.64,5.0,689.02,509.26
15649,UB-006987,105,1,1232.97,0.0,1232.97,888.95
15650,UB-006987,24,1,94.01,0.0,94.01,61.51
15651,UB-006987,37,5,1039.26,0.0,5196.3,4157.25
15652,UB-006988,105,1,1226.94,0.0,1226.94,888.95
15653,UB-006988,129,2,1157.22,0.0,2314.44,1533.7
15654,UB-006988,84,1,1288.19,0.0,1288.19,812.12
15655,UB-006988,30,1,1368.65,10.0,1231.79,865.11
15656,UB-006989,101,1,1107.83,0.0,1107.83,893.27
15657,UB-006989,54,1,1026.63,5.0,975.3,807.18
15658,UB-006989,48,1,364.48,10.0,328.03,254.63
15659,UB-006989,84,1,1238.33,0.0,1238.33,812.12
15660,UB-006990,55,3,901.11,10.0,2433.0,1818.42
15661,UB-006990,54,1,1002.0,5.0,951.9,807.18
15662,UB-006991,80,1,414.41,0.0,414.41,302.58
15663,UB-006991,24,2,94.46,0.0,188.92,123.02
15664,UB-006991,129,3,1164.04,0.0,3492.12,2300.55
15665,UB-006991,23,1,896.99,0.0,896.99,627.54
15666,UB-006992,79,3,751.09,10.0,2027.94,1436.64
15667,UB-006992,126,1,1236.12,0.0,1236.12,803.5
15668,UB-006993,102,4,1220.27,0.0,4881.08,3317.52
15669,UB-006993,127,2,298.88,15.0,508.1,444.52
15670,UB-006993,139,1,716.82,5.0,680.98,504.16
15671,UB-006994,135,3,630.83,10.0,1703.24,1192.26
15672,UB-006994,142,1,488.99,0.0,488.99,406.29
15673,UB-006994,121,2,886.16,5.0,1683.7,1367.38
15674,UB-006995,127,2,300.96,0.0,601.92,444.52
15675,UB-006995,43,1,169.85,5.0,161.36,116.88
15676,UB-006996,83,1,852.47,5.0,809.85,707.0
15677,UB-006996,58,5,565.79,0.0,2828.95,1782.8
15678,UB-006997,143,1,812.13,15.0,690.31,614.71
15679,UB-006997,52,2,668.6,5.0,1270.34,914.64
15680,UB-006998,109,3,153.83,0.0,461.49,296.4
15681,UB-006999,95,2,487.48,0.0,974.96,739.6
15682,UB-006999,120,1,715.05,10.0,643.54,488.5
15683,UB-006999,28,4,893.64,0.0,3574.56,2693.0
15684,UB-006999,31,3,734.09,0.0,2202.27,1744.77
15685,UB-007000,89,2,587.13,5.0,1115.55,838.3
15686,UB-007000,57,1,786.13,0.0,786.13,567.7
15687,UB-007001,94,3,756.08,10.0,2041.42,1615.08
15688,UB-007001,66,2,962.15,0.0,1924.3,1432.7
15689,UB-007002,20,1,936.99,0.0,936.99,674.24
15690,UB-007002,54,1,1037.2,0.0,1037.2,807.18
15691,UB-007002,67,2,156.93,0.0,313.86,192.4
15692,UB-007002,30,1,1335.76,5.0,1268.97,865.11
15693,UB-007003,94,1,743.67,5.0,706.49,538.36
15694,UB-007004,127,2,295.74,0.0,591.48,444.52
15695,UB-007005,7,3,1049.45,0.0,3148.35,2261.25
15696,UB-007005,128,1,175.99,0.0,175.99,141.91
15697,UB-007005,2,1,499.06,10.0,449.15,371.22
15698,UB-007005,91,4,448.32,0.0,1793.28,1284.28
15699,UB-007006,3,1,1159.51,20.0,927.61,724.04
15700,UB-007007,54,2,1013.11,0.0,2026.22,1614.36
15701,UB-007008,70,2,1408.33,15.0,2394.16,1729.18
15702,UB-007008,37,1,1051.87,5.0,999.28,831.45
15703,UB-007009,143,2,825.74,10.0,1486.33,1229.42
15704,UB-007010,100,1,203.04,0.0,203.04,158.88
15705,UB-007010,42,1,597.28,0.0,597.28,398.38
15706,UB-007011,128,2,173.92,5.0,330.45,283.82
15707,UB-007011,88,1,714.48,0.0,714.48,553.89
15708,UB-007012,70,1,1350.26,10.0,1215.23,864.59
15709,UB-007013,99,1,110.86,0.0,110.86,80.94
15710,UB-007013,113,1,859.93,0.0,859.93,695.0
15711,UB-007013,97,2,1152.15,0.0,2304.3,1425.1
15712,UB-007014,82,1,1044.96,0.0,1044.96,685.33
15713,UB-007015,135,3,606.1,5.0,1727.38,1192.26
15714,UB-007015,15,2,1204.52,0.0,2409.04,1710.66
15715,UB-007016,130,1,928.68,0.0,928.68,653.53
15716,UB-007016,62,1,388.85,0.0,388.85,260.55
15717,UB-007017,140,1,298.68,15.0,253.88,195.06
15718,UB-007017,5,3,1383.88,10.0,3736.48,2616.75
15719,UB-007018,115,2,1234.02,5.0,2344.64,1597.84
15720,UB-007018,93,2,91.8,15.0,156.06,145.66
15721,UB-007018,91,1,455.04,0.0,455.04,321.07
15722,UB-007018,53,1,1270.17,20.0,1016.14,865.12
15723,UB-007019,25,1,654.45,0.0,654.45,496.28
15724,UB-007020,23,2,889.34,0.0,1778.68,1255.08
15725,UB-007020,60,2,187.6,0.0,375.2,289.64
15726,UB-007021,84,1,1247.72,15.0,1060.56,812.12
15727,UB-007022,3,3,1140.72,0.0,3422.16,2172.12
15728,UB-007022,15,1,1203.07,0.0,1203.07,855.33
15729,UB-007023,53,1,1302.36,0.0,1302.36,865.12
15730,UB-007023,94,1,733.79,0.0,733.79,538.36
15731,UB-007023,30,1,1361.41,5.0,1293.34,865.11
15732,UB-007024,13,1,374.56,5.0,355.83,235.91
15733,UB-007025,36,1,852.59,0.0,852.59,533.78
15734,UB-007025,110,2,919.33,0.0,1838.66,1358.68
15735,UB-007025,48,1,363.45,15.0,308.93,254.63
15736,UB-007025,49,1,939.0,0.0,939.0,614.04
15737,UB-007025,23,1,924.79,10.0,832.31,627.54
15738,UB-007026,32,2,105.23,10.0,189.41,159.7
15739,UB-007026,102,1,1170.89,5.0,1112.35,829.38
15740,UB-007027,74,2,1126.32,15.0,1914.74,1765.78
15741,UB-007028,104,1,1290.33,5.0,1225.81,879.92
15742,UB-007028,24,1,94.61,0.0,94.61,61.51
15743,UB-007029,58,3,559.92,15.0,1427.8,1069.68
15744,UB-007030,111,2,659.13,0.0,1318.26,1113.58
15745,UB-007030,38,2,1056.54,0.0,2113.08,1443.38
15746,UB-007031,123,1,476.52,5.0,452.69,328.9
15747,UB-007032,138,1,899.76,0.0,899.76,604.6
15748,UB-007032,100,1,209.53,20.0,167.62,158.88
15749,UB-007032,92,2,835.6,0.0,1671.2,1049.02
15750,UB-007033,45,1,828.04,5.0,786.64,610.87
15751,UB-007033,20,2,944.47,5.0,1794.49,1348.48
15752,UB-007034,114,5,1009.18,0.0,5045.9,3229.35
15753,UB-007035,25,2,661.8,0.0,1323.6,992.56
15754,UB-007036,106,1,1022.64,5.0,971.51,719.76
15755,UB-007036,42,1,602.43,0.0,602.43,398.38
15756,UB-007037,116,3,778.13,0.0,2334.39,1495.68
15757,UB-007037,128,1,172.98,0.0,172.98,141.91
15758,UB-007037,4,3,791.1,10.0,2135.97,1825.02
15759,UB-007037,58,4,580.3,0.0,2321.2,1426.24
15760,UB-007038,66,1,988.66,0.0,988.66,716.35
15761,UB-007039,43,2,167.51,10.0,301.52,233.76
15762,UB-007039,88,1,691.84,5.0,657.25,553.89
15763,UB-007039,75,3,905.91,5.0,2581.84,1763.34
15764,UB-007039,110,4,943.58,0.0,3774.32,2717.36
15765,UB-007039,74,2,1117.74,5.0,2123.71,1765.78
15766,UB-007040,19,1,683.53,0.0,683.53,474.21
15767,UB-007041,94,1,749.07,15.0,636.71,538.36
15768,UB-007042,75,1,873.01,15.0,742.06,587.78
15769,UB-007043,89,1,576.03,0.0,576.03,419.15
15770,UB-007043,77,1,279.32,0.0,279.32,195.63
15771,UB-007044,78,2,790.75,0.0,1581.5,1089.5
15772,UB-007044,113,2,852.36,0.0,1704.72,1390.0
15773,UB-007045,23,3,900.99,15.0,2297.52,1882.62
15774,UB-007045,14,1,755.77,10.0,680.19,569.64
15775,UB-007045,139,1,724.42,5.0,688.2,504.16
15776,UB-007046,109,5,161.21,5.0,765.75,494.0
15777,UB-007046,68,1,223.26,5.0,212.1,161.19
15778,UB-007047,48,1,358.7,10.0,322.83,254.63
15779,UB-007047,125,1,336.97,20.0,269.58,213.73
15780,UB-007048,71,3,187.53,15.0,478.2,366.21
15781,UB-007048,67,1,156.8,0.0,156.8,96.2
15782,UB-007048,27,2,1085.37,0.0,2170.74,1782.76
15783,UB-007049,112,2,448.2,0.0,896.4,676.08
15784,UB-007050,18,1,834.34,0.0,834.34,648.71
15785,UB-007050,138,3,892.91,15.0,2276.92,1813.8
15786,UB-007050,121,3,896.04,0.0,2688.12,2051.07
15787,UB-007051,112,4,450.0,15.0,1530.0,1352.16
15788,UB-007051,80,1,410.52,20.0,328.42,302.58
15789,UB-007052,101,2,1107.24,5.0,2103.76,1786.54
15790,UB-007052,52,1,637.57,10.0,573.81,457.32
15791,UB-007053,11,1,460.39,10.0,414.35,366.75
15792,UB-007053,52,1,657.72,10.0,591.95,457.32
15793,UB-007054,56,3,524.72,0.0,1574.16,1046.34
15794,UB-007054,58,1,585.95,20.0,468.76,356.56
15795,UB-007055,46,1,223.57,0.0,223.57,167.81
15796,UB-007056,5,4,1384.75,0.0,5539.0,3489.0
15797,UB-007056,50,2,422.09,0.0,844.18,655.38
15798,UB-007056,1,2,307.78,15.0,523.23,420.62
15799,UB-007057,21,1,774.78,10.0,697.3,582.06
15800,UB-007057,50,1,421.05,0.0,421.05,327.69
15801,UB-007057,142,1,470.05,0.0,470.05,406.29
15802,UB-007058,134,3,955.11,0.0,2865.33,1899.6
15803,UB-007059,23,3,881.82,0.0,2645.46,1882.62
15804,UB-007059,107,1,312.52,0.0,312.52,228.45
15805,UB-007060,95,1,475.89,0.0,475.89,369.8
15806,UB-007060,81,1,1042.13,0.0,1042.13,710.48
15807,UB-007061,57,2,766.31,5.0,1455.99,1135.4
15808,UB-007061,92,3,826.05,0.0,2478.15,1573.53
15809,UB-007061,142,3,482.73,20.0,1158.55,1218.87
15810,UB-007061,118,3,634.24,0.0,1902.72,1265.37
15811,UB-007061,16,2,1076.72,10.0,1938.1,1632.76
15812,UB-007062,87,1,383.83,0.0,383.83,296.68
15813,UB-007062,10,3,100.25,15.0,255.64,212.37
15814,UB-007062,7,1,1031.61,0.0,1031.61,753.75
15815,UB-007063,89,2,589.4,5.0,1119.86,838.3
15816,UB-007063,131,2,897.14,0.0,1794.28,1376.06
15817,UB-007064,95,2,490.22,0.0,980.44,739.6
15818,UB-007064,108,2,1156.92,5.0,2198.15,1591.1
15819,UB-007065,86,1,487.19,5.0,462.83,409.68
15820,UB-007066,88,1,680.52,15.0,578.44,553.89
15821,UB-007067,129,1,1206.06,0.0,1206.06,766.85
15822,UB-007067,64,1,332.58,10.0,299.32,214.27
15823,UB-007068,131,2,889.82,0.0,1779.64,1376.06
15824,UB-007069,113,3,875.93,5.0,2496.4,2085.0
15825,UB-007070,121,1,927.36,0.0,927.36,683.69
15826,UB-007070,60,2,189.57,5.0,360.18,289.64
15827,UB-007071,12,3,563.74,0.0,1691.22,1276.98
15828,UB-007071,130,1,935.63,10.0,842.07,653.53
15829,UB-007071,37,3,1019.04,15.0,2598.55,2494.35
15830,UB-007072,41,1,914.71,15.0,777.5,743.96
15831,UB-007073,27,2,1052.66,0.0,2105.32,1782.76
15832,UB-007073,130,2,904.87,0.0,1809.74,1307.06
15833,UB-007074,116,4,769.08,0.0,3076.32,1994.24
15834,UB-007074,87,1,387.24,0.0,387.24,296.68
15835,UB-007075,120,1,716.24,10.0,644.62,488.5
15836,UB-007075,134,1,962.26,10.0,866.03,633.2
15837,UB-007076,65,1,714.41,0.0,714.41,525.6
15838,UB-007076,49,2,957.72,5.0,1819.67,1228.08
15839,UB-007076,135,1,614.04,5.0,583.34,397.42
15840,UB-007077,96,1,493.51,0.0,493.51,367.22
15841,UB-007078,19,4,689.5,15.0,2344.3,1896.84
15842,UB-007078,49,1,968.49,0.0,968.49,614.04
15843,UB-007079,126,3,1233.27,20.0,2959.85,2410.5
15844,UB-007079,136,3,1395.07,0.0,4185.21,2600.94
15845,UB-007080,62,1,390.26,0.0,390.26,260.55
15846,UB-007080,87,1,377.88,0.0,377.88,296.68
15847,UB-007081,94,1,766.7,5.0,728.37,538.36
15848,UB-007082,46,2,213.37,0.0,426.74,335.62
15849,UB-007082,33,2,437.09,10.0,786.76,593.12
15850,UB-007082,87,2,376.99,10.0,678.58,593.36
15851,UB-007082,27,1,1043.3,0.0,1043.3,891.38
15852,UB-007083,96,4,504.05,0.0,2016.2,1468.88
15853,UB-007083,55,1,918.43,0.0,918.43,606.14
15854,UB-007083,68,1,229.19,0.0,229.19,161.19
15855,UB-007084,110,3,950.65,5.0,2709.35,2038.02
15856,UB-007084,102,1,1187.59,0.0,1187.59,829.38
15857,UB-007085,50,2,438.88,5.0,833.87,655.38
15858,UB-007085,108,1,1156.7,15.0,983.2,795.55
15859,UB-007086,134,4,931.15,20.0,2979.68,2532.8
15860,UB-007087,63,1,258.66,0.0,258.66,167.23
15861,UB-007087,23,3,907.25,5.0,2585.66,1882.62
15862,UB-007087,143,1,793.87,15.0,674.79,614.71
15863,UB-007088,124,1,540.45,5.0,513.43,445.56
15864,UB-007088,73,1,978.14,0.0,978.14,662.98
15865,UB-007089,126,2,1252.37,10.0,2254.27,1607.0
15866,UB-007089,133,3,516.8,0.0,1550.4,961.11
15867,UB-007089,66,3,972.2,5.0,2770.77,2149.05
15868,UB-007090,58,1,562.3,20.0,449.84,356.56
15869,UB-007090,126,2,1249.63,10.0,2249.33,1607.0
15870,UB-007090,53,1,1279.66,10.0,1151.69,865.12
15871,UB-007091,135,1,621.55,5.0,590.47,397.42
15872,UB-007092,9,3,674.18,0.0,2022.54,1505.07
15873,UB-007093,78,1,802.07,15.0,681.76,544.75
15874,UB-007093,77,2,270.55,0.0,541.1,391.26
15875,UB-007093,58,1,563.11,15.0,478.64,356.56
15876,UB-007093,75,1,900.11,0.0,900.11,587.78
15877,UB-007094,125,1,322.61,0.0,322.61,213.73
15878,UB-007095,41,1,913.71,15.0,776.65,743.96
15879,UB-007095,127,2,306.92,10.0,552.46,444.52
15880,UB-007095,21,1,759.38,10.0,683.44,582.06
15881,UB-007096,35,3,776.4,0.0,2329.2,1702.89
15882,UB-007096,6,4,991.78,0.0,3967.12,2769.16
15883,UB-007097,109,1,155.3,0.0,155.3,98.8
15884,UB-007097,99,3,114.09,15.0,290.93,242.82
15885,UB-007098,116,1,763.26,0.0,763.26,498.56
15886,UB-007098,133,3,504.19,0.0,1512.57,961.11
15887,UB-007099,133,1,495.36,0.0,495.36,320.37
15888,UB-007100,49,1,937.36,5.0,890.49,614.04
15889,UB-007100,72,5,1000.81,10.0,4503.64,3708.0
15890,UB-007100,98,3,589.49,10.0,1591.62,1401.99
15891,UB-007101,72,1,988.15,0.0,988.15,741.6
15892,UB-007101,79,2,744.95,0.0,1489.9,957.76
15893,UB-007101,66,1,969.15,5.0,920.69,716.35
15894,UB-007101,46,1,220.05,0.0,220.05,167.81
15895,UB-007102,36,1,824.12,0.0,824.12,533.78
15896,UB-007102,124,2,520.25,0.0,1040.5,891.12
15897,UB-007102,141,1,273.13,0.0,273.13,185.67
15898,UB-007103,66,1,948.92,15.0,806.58,716.35
15899,UB-007103,91,2,473.23,0.0,946.46,642.14
15900,UB-007103,92,1,841.83,0.0,841.83,524.51
15901,UB-007104,114,1,1028.78,10.0,925.9,645.87
15902,UB-007104,8,2,372.95,10.0,671.31,586.88
15903,UB-007105,33,1,438.98,0.0,438.98,296.56
15904,UB-007105,45,3,808.81,0.0,2426.43,1832.61
15905,UB-007105,100,1,202.66,5.0,192.53,158.88
15906,UB-007105,144,1,425.12,0.0,425.12,300.62
15907,UB-007105,101,2,1140.2,10.0,2052.36,1786.54
15908,UB-007106,67,1,152.39,10.0,137.15,96.2
15909,UB-007106,10,2,99.02,0.0,198.04,141.58
15910,UB-007106,24,2,92.05,10.0,165.69,123.02
15911,UB-007106,85,1,334.34,10.0,300.91,232.68
15912,UB-007107,29,1,750.68,5.0,713.15,536.32
15913,UB-007107,54,4,1007.88,0.0,4031.52,3228.72
15914,UB-007108,39,4,885.57,0.0,3542.28,2456.28
15915,UB-007109,47,2,107.39,20.0,171.82,174.96
15916,UB-007110,31,1,725.88,5.0,689.59,581.59
15917,UB-007110,126,1,1273.77,20.0,1019.02,803.5
15918,UB-007110,28,3,865.72,20.0,2077.73,2019.75
15919,UB-007111,93,3,90.24,20.0,216.58,218.49
15920,UB-007112,3,1,1157.52,0.0,1157.52,724.04
15921,UB-007113,137,1,1276.73,20.0,1021.38,816.22
15922,UB-007113,38,1,1062.14,5.0,1009.03,721.69
15923,UB-007114,100,2,201.83,0.0,403.66,317.76
15924,UB-007115,93,1,91.51,20.0,73.21,72.83
15925,UB-007116,106,1,1028.64,5.0,977.21,719.76
15926,UB-007117,124,1,524.51,0.0,524.51,445.56
15927,UB-007118,14,1,776.46,0.0,776.46,569.64
15928,UB-007119,106,2,1038.89,0.0,2077.78,1439.52
15929,UB-007119,22,3,643.21,10.0,1736.67,1426.98
15930,UB-007120,30,1,1350.48,0.0,1350.48,865.11
15931,UB-007120,3,4,1149.05,0.0,4596.2,2896.16
15932,UB-007120,15,1,1224.03,15.0,1040.43,855.33
15933,UB-007121,57,2,751.98,0.0,1503.96,1135.4
15934,UB-007122,8,2,384.33,0.0,768.66,586.88
15935,UB-007122,20,1,932.84,20.0,746.27,674.24
15936,UB-007122,81,3,1049.97,0.0,3149.91,2131.44
15937,UB-007123,13,2,377.57,5.0,717.38,471.82
15938,UB-007124,141,1,276.36,10.0,248.72,185.67
15939,UB-007124,99,2,116.13,5.0,220.65,161.88
15940,UB-007124,128,1,177.72,0.0,177.72,141.91
15941,UB-007124,26,2,222.07,0.0,444.14,276.98
15942,UB-007125,22,1,646.81,0.0,646.81,475.66
15943,UB-007126,95,1,490.2,0.0,490.2,369.8
15944,UB-007126,124,3,528.97,10.0,1428.22,1336.68
15945,UB-007126,99,2,114.39,10.0,205.9,161.88
15946,UB-007127,80,2,415.37,0.0,830.74,605.16
15947,UB-007127,4,1,819.73,0.0,819.73,608.34
15948,UB-007127,119,2,601.99,15.0,1023.38,955.0
15949,UB-007128,40,1,359.61,0.0,359.61,255.94
15950,UB-007128,5,1,1415.43,5.0,1344.66,872.25
15951,UB-007129,14,2,747.43,0.0,1494.86,1139.28
15952,UB-007129,137,1,1278.12,0.0,1278.12,816.22
15953,UB-007130,109,1,158.27,5.0,150.36,98.8
15954,UB-007130,82,1,1051.69,0.0,1051.69,685.33
15955,UB-007130,120,1,722.79,0.0,722.79,488.5
15956,UB-007130,41,2,902.9,0.0,1805.8,1487.92
15957,UB-007130,115,1,1189.64,0.0,1189.64,798.92
15958,UB-007131,113,2,849.9,0.0,1699.8,1390.0
15959,UB-007131,21,2,765.11,0.0,1530.22,1164.12
15960,UB-007132,3,1,1138.48,10.0,1024.63,724.04
15961,UB-007133,12,3,571.18,0.0,1713.54,1276.98
15962,UB-007133,29,1,721.29,0.0,721.29,536.32
15963,UB-007134,60,1,187.5,0.0,187.5,144.82
15964,UB-007134,46,1,219.28,5.0,208.32,167.81
15965,UB-007134,99,1,111.98,0.0,111.98,80.94
15966,UB-007134,63,2,261.69,0.0,523.38,334.46
15967,UB-007135,64,2,333.5,0.0,667.0,428.54
15968,UB-007136,90,1,674.78,10.0,607.3,507.26
15969,UB-007137,55,3,920.77,0.0,2762.31,1818.42
15970,UB-007137,124,1,531.48,10.0,478.33,445.56
15971,UB-007137,122,2,650.48,15.0,1105.82,1016.04
15972,UB-007138,37,2,1070.92,0.0,2141.84,1662.9
15973,UB-007139,134,3,935.43,0.0,2806.29,1899.6
15974,UB-007139,61,5,1113.85,5.0,5290.79,4140.7
15975,UB-007139,18,2,808.89,20.0,1294.22,1297.42
15976,UB-007140,70,1,1402.61,5.0,1332.48,864.59
15977,UB-007141,87,1,387.28,0.0,387.28,296.68
15978,UB-007141,40,4,378.74,0.0,1514.96,1023.76
15979,UB-007141,9,1,699.26,5.0,664.3,501.69
15980,UB-007142,46,1,220.99,5.0,209.94,167.81
15981,UB-007142,69,1,316.99,0.0,316.99,234.6
15982,UB-007143,121,3,904.11,15.0,2305.48,2051.07
15983,UB-007143,57,1,786.91,0.0,786.91,567.7
15984,UB-007144,67,2,156.68,15.0,266.36,192.4
15985,UB-007145,12,3,553.03,0.0,1659.09,1276.98
15986,UB-007146,132,1,1217.86,0.0,1217.86,810.08
15987,UB-007146,122,1,660.34,0.0,660.34,508.02
15988,UB-007147,19,1,683.8,10.0,615.42,474.21
15989,UB-007147,128,1,168.53,0.0,168.53,141.91
15990,UB-007147,97,1,1115.96,0.0,1115.96,712.55
15991,UB-007148,134,2,969.58,0.0,1939.16,1266.4
15992,UB-007149,39,1,849.06,15.0,721.7,614.07
15993,UB-007150,99,2,110.35,5.0,209.66,161.88
15994,UB-007150,71,1,187.92,0.0,187.92,122.07
15995,UB-007150,25,1,666.39,0.0,666.39,496.28
15996,UB-007150,6,2,976.78,0.0,1953.56,1384.58
15997,UB-007151,22,1,668.44,5.0,635.02,475.66
15998,UB-007152,64,1,324.08,0.0,324.08,214.27
15999,UB-007152,13,5,365.75,0.0,1828.75,1179.55
16000,UB-007152,41,2,895.41,0.0,1790.82,1487.92
16001,UB-007153,61,1,1124.18,10.0,1011.76,828.14
16002,UB-007153,96,1,506.67,0.0,506.67,367.22
16003,UB-007153,39,2,890.03,0.0,1780.06,1228.14
16004,UB-007154,122,1,623.94,0.0,623.94,508.02
16005,UB-007154,65,2,708.19,0.0,1416.38,1051.2
16006,UB-007154,67,2,153.35,5.0,291.36,192.4
16007,UB-007154,61,1,1062.67,0.0,1062.67,828.14
16008,UB-007155,132,1,1268.12,0.0,1268.12,810.08
16009,UB-007156,100,2,201.55,10.0,362.79,317.76
16010,UB-007157,73,2,969.69,10.0,1745.44,1325.96
16011,UB-007157,102,2,1176.57,0.0,2353.14,1658.76
16012,UB-007158,101,2,1117.07,0.0,2234.14,1786.54
16013,UB-007159,31,1,712.57,0.0,712.57,581.59
16014,UB-007160,133,2,491.51,15.0,835.57,640.74
16015,UB-007160,1,1,311.98,5.0,296.38,210.31
16016,UB-007161,138,1,895.78,5.0,850.99,604.6
16017,UB-007161,85,1,331.41,10.0,298.27,232.68
16018,UB-007162,125,1,323.8,10.0,291.42,213.73
16019,UB-007162,92,2,835.53,5.0,1587.51,1049.02
16020,UB-007162,95,3,471.66,0.0,1414.98,1109.4
16021,UB-007163,11,2,454.98,5.0,864.46,733.5
16022,UB-007163,24,2,93.64,0.0,187.28,123.02
16023,UB-007163,39,2,848.04,15.0,1441.67,1228.14
16024,UB-007163,67,1,150.13,20.0,120.1,96.2
16025,UB-007164,136,2,1372.76,0.0,2745.52,1733.96
16026,UB-007164,71,1,192.63,0.0,192.63,122.07
16027,UB-007164,39,2,852.55,10.0,1534.59,1228.14
16028,UB-007165,30,1,1368.52,0.0,1368.52,865.11
16029,UB-007165,53,2,1311.87,0.0,2623.74,1730.24
16030,UB-007165,12,2,570.87,5.0,1084.65,851.32
16031,UB-007165,135,1,598.4,0.0,598.4,397.42
16032,UB-007166,81,3,1069.27,0.0,3207.81,2131.44
16033,UB-007167,34,1,168.53,15.0,143.25,138.03
16034,UB-007167,70,1,1339.76,5.0,1272.77,864.59
16035,UB-007167,12,1,543.2,5.0,516.04,425.66
16036,UB-007168,97,1,1150.49,5.0,1092.97,712.55
16037,UB-007168,47,4,109.63,0.0,438.52,349.92
16038,UB-007168,137,1,1262.87,0.0,1262.87,816.22
16039,UB-007168,142,1,484.86,15.0,412.13,406.29
16040,UB-007169,128,2,169.28,0.0,338.56,283.82
16041,UB-007169,58,2,557.64,5.0,1059.52,713.12
16042,UB-007170,109,1,154.89,5.0,147.15,98.8
16043,UB-007171,7,2,1014.73,0.0,2029.46,1507.5
16044,UB-007172,100,1,202.76,0.0,202.76,158.88
16045,UB-007172,122,1,650.89,20.0,520.71,508.02
16046,UB-007173,61,1,1077.07,0.0,1077.07,828.14
16047,UB-007173,12,2,574.82,0.0,1149.64,851.32
16048,UB-007173,89,2,577.89,0.0,1155.78,838.3
16049,UB-007174,114,2,1000.65,0.0,2001.3,1291.74
16050,UB-007175,25,3,671.65,20.0,1611.96,1488.84
16051,UB-007175,58,3,578.56,15.0,1475.33,1069.68
16052,UB-007175,5,1,1349.88,10.0,1214.89,872.25
16053,UB-007176,3,1,1154.71,10.0,1039.24,724.04
16054,UB-007177,112,2,451.07,0.0,902.14,676.08
16055,UB-007177,51,1,228.68,0.0,228.68,158.99
16056,UB-007177,87,2,378.12,0.0,756.24,593.36
16057,UB-007177,135,2,615.69,5.0,1169.81,794.84
16058,UB-007178,72,1,968.57,0.0,968.57,741.6
16059,UB-007178,135,3,607.06,10.0,1639.06,1192.26
16060,UB-007179,123,1,464.78,0.0,464.78,328.9
16061,UB-007180,76,1,805.61,0.0,805.61,616.89
16062,UB-007180,110,1,950.11,0.0,950.11,679.34
16063,UB-007180,33,1,441.33,5.0,419.26,296.56
16064,UB-007180,100,1,208.39,0.0,208.39,158.88
16065,UB-007181,111,1,676.68,0.0,676.68,556.79
16066,UB-007181,124,1,542.45,0.0,542.45,445.56
16067,UB-007182,135,1,598.29,10.0,538.46,397.42
16068,UB-007182,92,1,835.11,0.0,835.11,524.51
16069,UB-007183,31,1,748.3,5.0,710.88,581.59
16070,UB-007184,17,2,827.14,0.0,1654.28,1289.28
16071,UB-007184,119,1,580.69,0.0,580.69,477.5
16072,UB-007184,107,3,312.41,5.0,890.37,685.35
16073,UB-007185,4,1,818.05,10.0,736.25,608.34
16074,UB-007185,100,1,203.62,0.0,203.62,158.88
16075,UB-007186,102,2,1203.72,0.0,2407.44,1658.76
16076,UB-007186,55,1,928.81,10.0,835.93,606.14
16077,UB-007186,22,1,648.15,10.0,583.34,475.66
16078,UB-007186,77,1,276.18,5.0,262.37,195.63
16079,UB-007187,135,1,621.28,0.0,621.28,397.42
16080,UB-007187,97,1,1162.98,0.0,1162.98,712.55
16081,UB-007187,120,1,716.92,0.0,716.92,488.5
16082,UB-007187,18,1,818.92,0.0,818.92,648.71
16083,UB-007188,140,1,294.14,0.0,294.14,195.06
16084,UB-007189,30,1,1386.22,0.0,1386.22,865.11
16085,UB-007189,54,4,1014.74,0.0,4058.96,3228.72
16086,UB-007190,106,1,1053.36,20.0,842.69,719.76
16087,UB-007191,142,2,470.07,5.0,893.13,812.58
16088,UB-007191,73,1,1016.7,0.0,1016.7,662.98
16089,UB-007192,25,1,650.3,20.0,520.24,496.28
16090,UB-007193,60,2,188.02,0.0,376.04,289.64
16091,UB-007193,28,1,903.16,5.0,858.0,673.25
16092,UB-007194,48,1,349.64,0.0,349.64,254.63
16093,UB-007194,120,2,738.02,10.0,1328.44,977.0
16094,UB-007195,115,2,1231.36,10.0,2216.45,1597.84
16095,UB-007196,56,1,512.0,0.0,512.0,348.78
16096,UB-007197,84,1,1244.74,10.0,1120.27,812.12
16097,UB-007198,36,1,836.72,0.0,836.72,533.78
16098,UB-007198,6,1,950.01,10.0,855.01,692.29
16099,UB-007199,39,1,886.35,10.0,797.72,614.07
16100,UB-007199,45,1,798.62,0.0,798.62,610.87
16101,UB-007199,63,1,257.11,0.0,257.11,167.23
16102,UB-007200,55,1,901.64,10.0,811.48,606.14
16103,UB-007200,123,4,466.69,15.0,1586.75,1315.6
16104,UB-007200,80,2,411.14,0.0,822.28,605.16
16105,UB-007201,24,1,95.31,10.0,85.78,61.51
16106,UB-007201,89,3,591.25,0.0,1773.75,1257.45
16107,UB-007202,39,2,885.85,0.0,1771.7,1228.14
16108,UB-007202,120,5,724.2,0.0,3621.0,2442.5
16109,UB-007202,132,1,1221.14,20.0,976.91,810.08
16110,UB-007203,47,3,107.76,5.0,307.12,262.44
16111,UB-007203,86,4,484.2,10.0,1743.12,1638.72
16112,UB-007203,123,1,478.62,15.0,406.83,328.9
16113,UB-007204,140,2,293.08,5.0,556.85,390.12
16114,UB-007204,34,3,161.01,0.0,483.03,414.09
16115,UB-007205,45,3,790.43,10.0,2134.16,1832.61
16116,UB-007206,140,2,296.1,20.0,473.76,390.12
16117,UB-007206,7,1,1010.37,0.0,1010.37,753.75
16118,UB-007207,76,2,824.66,5.0,1566.85,1233.78
16119,UB-007208,67,1,156.55,0.0,156.55,96.2
16120,UB-007208,105,1,1237.34,10.0,1113.61,888.95
16121,UB-007208,49,2,982.69,0.0,1965.38,1228.08
16122,UB-007209,125,1,321.43,0.0,321.43,213.73
16123,UB-007210,61,1,1095.36,0.0,1095.36,828.14
16124,UB-007210,18,2,808.6,5.0,1536.34,1297.42
16125,UB-007211,133,3,490.0,5.0,1396.5,961.11
16126,UB-007212,59,2,291.26,10.0,524.27,483.76
16127,UB-007212,133,1,512.28,15.0,435.44,320.37
16128,UB-007213,52,1,651.01,5.0,618.46,457.32
16129,UB-007213,79,1,757.25,0.0,757.25,478.88
16130,UB-007214,114,2,1014.33,10.0,1825.79,1291.74
16131,UB-007215,142,1,494.51,0.0,494.51,406.29
16132,UB-007215,19,1,661.21,0.0,661.21,474.21
16133,UB-007216,56,1,518.08,0.0,518.08,348.78
16134,UB-007217,85,2,325.75,0.0,651.5,465.36
16135,UB-007217,129,2,1209.83,0.0,2419.66,1533.7
16136,UB-007217,52,3,640.01,0.0,1920.03,1371.96
16137,UB-007217,75,1,881.87,0.0,881.87,587.78
16138,UB-007217,108,1,1126.22,0.0,1126.22,795.55
16139,UB-007218,140,3,291.15,0.0,873.45,585.18
16140,UB-007218,90,4,701.32,0.0,2805.28,2029.04
16141,UB-007219,74,2,1143.37,0.0,2286.74,1765.78
16142,UB-007219,59,2,298.61,0.0,597.22,483.76
16143,UB-007219,65,2,707.71,0.0,1415.42,1051.2
16144,UB-007220,114,2,1032.13,0.0,2064.26,1291.74
16145,UB-007220,11,2,468.07,20.0,748.91,733.5
16146,UB-007221,73,1,1016.96,5.0,966.11,662.98
16147,UB-007221,119,1,573.31,5.0,544.64,477.5
16148,UB-007221,132,1,1245.82,0.0,1245.82,810.08
16149,UB-007221,124,2,547.72,0.0,1095.44,891.12
16150,UB-007221,46,1,213.07,0.0,213.07,167.81
16151,UB-007222,67,1,149.89,5.0,142.4,96.2
16152,UB-007222,138,2,933.13,0.0,1866.26,1209.2
16153,UB-007223,110,2,956.0,0.0,1912.0,1358.68
16154,UB-007224,60,1,188.52,5.0,179.09,144.82
16155,UB-007224,96,2,505.49,0.0,1010.98,734.44
16156,UB-007224,83,3,877.97,5.0,2502.21,2121.0
16157,UB-007225,111,1,646.15,0.0,646.15,556.79
16158,UB-007225,93,1,94.13,20.0,75.3,72.83
16159,UB-007226,76,3,831.3,0.0,2493.9,1850.67
16160,UB-007226,80,1,407.56,15.0,346.43,302.58
16161,UB-007227,120,1,723.74,0.0,723.74,488.5
16162,UB-007227,30,2,1352.44,0.0,2704.88,1730.22
16163,UB-007228,61,2,1093.17,5.0,2077.02,1656.28
16164,UB-007229,54,3,1017.17,0.0,3051.51,2421.54
16165,UB-007229,9,3,693.68,10.0,1872.94,1505.07
16166,UB-007230,18,1,849.25,0.0,849.25,648.71
16167,UB-007230,74,5,1166.87,5.0,5542.63,4414.45
16168,UB-007230,65,2,710.69,10.0,1279.24,1051.2
16169,UB-007231,50,1,424.66,0.0,424.66,327.69
16170,UB-007231,140,1,302.02,0.0,302.02,195.06
16171,UB-007231,108,1,1158.17,0.0,1158.17,795.55
16172,UB-007231,27,2,1080.61,15.0,1837.04,1782.76
16173,UB-007232,67,4,156.51,10.0,563.44,384.8
16174,UB-007233,129,1,1219.28,0.0,1219.28,766.85
16175,UB-007233,122,2,645.47,0.0,1290.94,1016.04
16176,UB-007233,102,1,1170.45,15.0,994.88,829.38
16177,UB-007234,70,2,1339.53,0.0,2679.06,1729.18
16178,UB-007234,98,2,575.2,20.0,920.32,934.66
16179,UB-007235,90,1,687.72,5.0,653.33,507.26
16180,UB-007236,65,1,709.86,5.0,674.37,525.6
16181,UB-007236,118,1,637.17,20.0,509.74,421.79
16182,UB-007236,80,1,406.29,0.0,406.29,302.58
16183,UB-007237,44,1,755.83,0.0,755.83,587.81
16184,UB-007237,134,1,928.97,0.0,928.97,633.2
16185,UB-007238,143,1,800.6,10.0,720.54,614.71
16186,UB-007238,111,2,653.43,0.0,1306.86,1113.58
16187,UB-007238,51,1,232.21,0.0,232.21,158.99
16188,UB-007239,68,1,219.68,0.0,219.68,161.19
16189,UB-007240,136,1,1340.21,0.0,1340.21,866.98
16190,UB-007240,99,1,114.78,0.0,114.78,80.94
16191,UB-007241,130,1,919.66,0.0,919.66,653.53
16192,UB-007242,124,1,538.56,10.0,484.7,445.56
16193,UB-007242,17,2,843.47,0.0,1686.94,1289.28
16194,UB-007242,81,2,1046.78,0.0,2093.56,1420.96
16195,UB-007243,3,2,1127.76,0.0,2255.52,1448.08
16196,UB-007243,18,1,847.26,0.0,847.26,648.71
16197,UB-007244,87,1,383.85,10.0,345.47,296.68
16198,UB-007244,118,3,639.85,0.0,1919.55,1265.37
16199,UB-007245,142,1,484.14,5.0,459.93,406.29
16200,UB-007245,33,1,426.71,0.0,426.71,296.56
16201,UB-007246,39,1,872.6,0.0,872.6,614.07
16202,UB-007246,132,3,1283.51,0.0,3850.53,2430.24
16203,UB-007247,3,1,1168.94,10.0,1052.05,724.04
16204,UB-007247,139,2,707.12,5.0,1343.53,1008.32
16205,UB-007247,123,1,477.69,0.0,477.69,328.9
16206,UB-007248,35,3,769.08,5.0,2191.88,1702.89
16207,UB-007248,118,1,623.06,0.0,623.06,421.79
16208,UB-007249,18,2,830.2,20.0,1328.32,1297.42
16209,UB-007249,65,2,720.56,15.0,1224.95,1051.2
16210,UB-007250,110,1,917.35,5.0,871.48,679.34
16211,UB-007251,20,2,933.47,20.0,1493.55,1348.48
16212,UB-007251,125,2,322.67,5.0,613.07,427.46
16213,UB-007251,114,2,985.64,5.0,1872.72,1291.74
16214,UB-007251,93,2,91.08,0.0,182.16,145.66
16215,UB-007252,31,1,739.08,0.0,739.08,581.59
16216,UB-007252,118,2,647.17,10.0,1164.91,843.58
16217,UB-007253,55,1,904.03,5.0,858.83,606.14
16218,UB-007253,42,1,598.1,15.0,508.38,398.38
16219,UB-007253,95,2,480.96,5.0,913.82,739.6
16220,UB-007254,126,1,1248.07,0.0,1248.07,803.5
16221,UB-007254,121,2,922.88,0.0,1845.76,1367.38
16222,UB-007254,3,3,1166.3,0.0,3498.9,2172.12
16223,UB-007255,93,1,92.71,0.0,92.71,72.83
16224,UB-007256,89,2,595.88,10.0,1072.58,838.3
16225,UB-007256,83,3,856.19,5.0,2440.14,2121.0
16226,UB-007257,13,1,367.17,0.0,367.17,235.91
16227,UB-007258,47,1,103.29,5.0,98.13,87.48
16228,UB-007258,91,4,456.39,0.0,1825.56,1284.28
16229,UB-007259,128,1,169.19,0.0,169.19,141.91
16230,UB-007259,35,1,775.37,15.0,659.06,567.63
16231,UB-007260,88,1,715.19,0.0,715.19,553.89
16232,UB-007260,112,2,459.61,10.0,827.3,676.08
16233,UB-007261,143,1,797.1,0.0,797.1,614.71
16234,UB-007261,75,2,864.49,10.0,1556.08,1175.56
16235,UB-007261,11,1,463.67,10.0,417.3,366.75
16236,UB-007262,51,1,227.93,5.0,216.53,158.99
16237,UB-007262,86,2,500.05,0.0,1000.1,819.36
16238,UB-007262,28,1,897.98,10.0,808.18,673.25
16239,UB-007262,110,3,910.62,0.0,2731.86,2038.02
16240,UB-007263,85,1,330.87,0.0,330.87,232.68
16241,UB-007264,87,4,391.23,15.0,1330.18,1186.72
16242,UB-007264,22,3,651.88,0.0,1955.64,1426.98
16243,UB-007265,65,1,717.18,5.0,681.32,525.6
16244,UB-007265,95,1,498.33,0.0,498.33,369.8
16245,UB-007266,29,1,738.81,0.0,738.81,536.32
16246,UB-007267,115,1,1218.2,0.0,1218.2,798.92
16247,UB-007267,31,2,736.76,0.0,1473.52,1163.18
16248,UB-007267,133,2,494.58,5.0,939.7,640.74
16249,UB-007267,139,1,704.07,0.0,704.07,504.16
16250,UB-007268,129,2,1199.96,10.0,2159.93,1533.7
16251,UB-007268,42,2,594.02,0.0,1188.04,796.76
16252,UB-007269,45,1,800.73,0.0,800.73,610.87
16253,UB-007269,48,1,359.15,10.0,323.24,254.63
16254,UB-007270,43,1,169.37,0.0,169.37,116.88
16255,UB-007270,79,1,745.92,0.0,745.92,478.88
16256,UB-007271,98,1,591.76,10.0,532.58,467.33
16257,UB-007272,106,2,1063.99,20.0,1702.38,1439.52
16258,UB-007272,33,1,432.03,10.0,388.83,296.56
16259,UB-007272,81,2,1032.47,20.0,1651.95,1420.96
16260,UB-007272,23,1,907.38,0.0,907.38,627.54
16261,UB-007272,75,1,890.06,5.0,845.56,587.78
16262,UB-007273,71,1,187.4,0.0,187.4,122.07
16263,UB-007273,130,2,896.98,10.0,1614.56,1307.06
16264,UB-007273,47,3,104.23,5.0,297.06,262.44
16265,UB-007273,38,3,1027.65,10.0,2774.66,2165.07
16266,UB-007273,62,1,382.0,20.0,305.6,260.55
16267,UB-007274,110,3,916.63,10.0,2474.9,2038.02
16268,UB-007274,62,1,374.16,5.0,355.45,260.55
16269,UB-007274,26,3,224.53,0.0,673.59,415.47
16270,UB-007275,44,1,788.39,0.0,788.39,587.81
16271,UB-007275,90,1,706.96,15.0,600.92,507.26
16272,UB-007275,40,1,374.79,0.0,374.79,255.94
16273,UB-007275,111,1,645.28,0.0,645.28,556.79
16274,UB-007275,42,1,599.54,0.0,599.54,398.38
16275,UB-007276,86,2,482.53,10.0,868.55,819.36
16276,UB-007276,130,2,907.93,5.0,1725.07,1307.06
16277,UB-007277,93,2,90.79,0.0,181.58,145.66
16278,UB-007277,29,3,717.79,0.0,2153.37,1608.96
16279,UB-007277,45,1,827.45,0.0,827.45,610.87
16280,UB-007277,18,2,816.27,0.0,1632.54,1297.42
16281,UB-007278,134,1,963.09,10.0,866.78,633.2
16282,UB-007279,144,1,423.62,0.0,423.62,300.62
16283,UB-007279,112,2,449.28,20.0,718.85,676.08
16284,UB-007279,90,1,682.81,5.0,648.67,507.26
16285,UB-007280,53,1,1296.44,0.0,1296.44,865.12
16286,UB-007281,103,1,924.4,20.0,739.52,681.52
16287,UB-007282,35,2,813.04,0.0,1626.08,1135.26
16288,UB-007282,117,1,541.84,0.0,541.84,410.43
16289,UB-007283,128,4,168.44,0.0,673.76,567.64
16290,UB-007283,37,2,1063.87,0.0,2127.74,1662.9
16291,UB-007284,45,1,807.64,0.0,807.64,610.87
16292,UB-007284,105,3,1239.68,20.0,2975.23,2666.85
16293,UB-007284,7,2,1029.67,0.0,2059.34,1507.5
16294,UB-007284,61,2,1092.75,0.0,2185.5,1656.28
16295,UB-007285,107,1,330.25,0.0,330.25,228.45
16296,UB-007285,120,1,721.61,10.0,649.45,488.5
16297,UB-007286,9,1,681.76,0.0,681.76,501.69
16298,UB-007286,52,1,669.77,0.0,669.77,457.32
16299,UB-007286,70,3,1351.61,0.0,4054.83,2593.77
16300,UB-007287,34,3,162.6,5.0,463.41,414.09
16301,UB-007287,123,3,472.46,0.0,1417.38,986.7
16302,UB-007288,110,1,934.66,0.0,934.66,679.34
16303,UB-007288,142,1,471.57,15.0,400.83,406.29
16304,UB-007288,3,1,1144.81,5.0,1087.57,724.04
16305,UB-007288,44,2,770.07,5.0,1463.13,1175.62
16306,UB-007289,141,2,283.4,0.0,566.8,371.34
16307,UB-007290,132,2,1281.61,0.0,2563.22,1620.16
16308,UB-007290,21,1,799.74,0.0,799.74,582.06
16309,UB-007291,56,5,520.49,0.0,2602.45,1743.9
16310,UB-007291,64,1,317.38,15.0,269.77,214.27
16311,UB-007292,11,1,456.0,0.0,456.0,366.75
16312,UB-007293,106,2,1067.67,0.0,2135.34,1439.52
16313,UB-007293,111,2,662.06,0.0,1324.12,1113.58
16314,UB-007293,23,2,874.92,5.0,1662.35,1255.08
16315,UB-007294,74,3,1149.62,5.0,3276.42,2648.67
16316,UB-007294,102,2,1186.49,15.0,2017.03,1658.76
16317,UB-007295,21,1,783.33,0.0,783.33,582.06
16318,UB-007295,7,1,1043.09,10.0,938.78,753.75
16319,UB-007295,121,1,901.6,0.0,901.6,683.69
16320,UB-007296,130,1,905.22,20.0,724.18,653.53
16321,UB-007296,136,2,1414.75,0.0,2829.5,1733.96
16322,UB-007296,81,2,1035.32,0.0,2070.64,1420.96
16323,UB-007297,12,1,558.3,5.0,530.38,425.66
16324,UB-007298,63,4,255.39,0.0,1021.56,668.92
16325,UB-007298,14,2,741.1,0.0,1482.2,1139.28
16326,UB-007298,33,4,435.64,0.0,1742.56,1186.24
16327,UB-007299,56,1,523.88,10.0,471.49,348.78
16328,UB-007299,21,2,760.82,0.0,1521.64,1164.12
16329,UB-007299,27,1,1095.7,15.0,931.35,891.38
16330,UB-007300,10,2,96.58,5.0,183.5,141.58
16331,UB-007300,139,2,711.79,5.0,1352.4,1008.32
16332,UB-007300,13,1,366.73,0.0,366.73,235.91
16333,UB-007300,95,1,487.52,0.0,487.52,369.8
16334,UB-007301,81,1,1023.74,10.0,921.37,710.48
16335,UB-007302,108,2,1155.77,10.0,2080.39,1591.1
16336,UB-007302,34,1,164.94,0.0,164.94,138.03
16337,UB-007303,48,1,348.79,5.0,331.35,254.63
16338,UB-007303,37,5,1049.21,10.0,4721.45,4157.25
16339,UB-007304,132,4,1211.56,5.0,4603.93,3240.32
16340,UB-007304,32,2,106.69,0.0,213.38,159.7
16341,UB-007305,113,1,890.76,5.0,846.22,695.0
16342,UB-007305,112,1,464.03,0.0,464.03,338.04
16343,UB-007305,3,1,1128.0,0.0,1128.0,724.04
16344,UB-007305,66,2,987.62,10.0,1777.72,1432.7
16345,UB-007305,54,1,1015.16,10.0,913.64,807.18
16346,UB-007306,97,1,1106.83,10.0,996.15,712.55
16347,UB-007306,92,2,801.46,0.0,1602.92,1049.02
16348,UB-007307,126,1,1275.71,0.0,1275.71,803.5
16349,UB-007308,19,1,695.12,10.0,625.61,474.21
16350,UB-007308,3,1,1121.69,0.0,1121.69,724.04
16351,UB-007308,32,1,105.99,0.0,105.99,79.85
16352,UB-007309,76,1,820.09,20.0,656.07,616.89
16353,UB-007309,17,2,834.8,10.0,1502.64,1289.28
16354,UB-007309,55,3,914.52,20.0,2194.85,1818.42
16355,UB-007310,83,4,875.45,0.0,3501.8,2828.0
16356,UB-007310,102,1,1236.36,0.0,1236.36,829.38
16357,UB-007310,143,1,798.55,20.0,638.84,614.71
16358,UB-007311,58,1,557.21,10.0,501.49,356.56
16359,UB-007312,103,1,937.15,0.0,937.15,681.52
16360,UB-007313,140,1,302.91,0.0,302.91,195.06
16361,UB-007314,56,1,506.64,0.0,506.64,348.78
16362,UB-007314,50,1,429.57,0.0,429.57,327.69
16363,UB-007315,9,1,693.53,0.0,693.53,501.69
16364,UB-007316,132,1,1230.47,0.0,1230.47,810.08
16365,UB-007316,82,1,1043.99,0.0,1043.99,685.33
16366,UB-007316,118,2,618.34,10.0,1113.01,843.58
16367,UB-007316,96,1,506.03,10.0,455.43,367.22
16368,UB-007316,138,5,936.81,0.0,4684.05,3023.0
16369,UB-007317,7,1,1053.93,0.0,1053.93,753.75
16370,UB-007317,1,1,311.73,0.0,311.73,210.31
16371,UB-007318,89,1,573.64,10.0,516.28,419.15
16372,UB-007318,82,4,1044.35,10.0,3759.66,2741.32
16373,UB-007318,118,2,654.52,0.0,1309.04,843.58
16374,UB-007319,68,5,225.32,20.0,901.28,805.95
16375,UB-007319,140,4,301.0,10.0,1083.6,780.24
16376,UB-007319,135,1,597.37,0.0,597.37,397.42
16377,UB-007319,78,1,789.68,0.0,789.68,544.75
16378,UB-007320,138,1,895.86,10.0,806.27,604.6
16379,UB-007320,44,3,785.66,0.0,2356.98,1763.43
16380,UB-007321,24,1,92.48,0.0,92.48,61.51
16381,UB-007321,124,1,539.51,5.0,512.53,445.56
16382,UB-007321,67,4,154.84,0.0,619.36,384.8
16383,UB-007322,73,1,991.09,0.0,991.09,662.98
16384,UB-007323,35,1,795.76,0.0,795.76,567.63
16385,UB-007323,4,4,803.9,0.0,3215.6,2433.36
16386,UB-007323,113,1,892.9,10.0,803.61,695.0
16387,UB-007323,124,1,532.7,15.0,452.8,445.56
16388,UB-007324,11,2,468.49,0.0,936.98,733.5
16389,UB-007324,41,2,898.04,10.0,1616.47,1487.92
16390,UB-007324,23,1,876.32,0.0,876.32,627.54
16391,UB-007324,88,2,698.65,0.0,1397.3,1107.78
16392,UB-007325,96,2,499.72,20.0,799.55,734.44
16393,UB-007326,67,3,155.03,5.0,441.84,288.6
16394,UB-007326,93,1,91.74,0.0,91.74,72.83
16395,UB-007326,78,2,815.32,0.0,1630.64,1089.5
16396,UB-007326,107,1,314.59,15.0,267.4,228.45
16397,UB-007327,13,1,380.19,0.0,380.19,235.91
16398,UB-007327,86,1,488.05,20.0,390.44,409.68
16399,UB-007327,21,2,796.98,10.0,1434.56,1164.12
16400,UB-007328,59,2,295.94,0.0,591.88,483.76
16401,UB-007329,126,2,1273.0,20.0,2036.8,1607.0
16402,UB-007329,12,3,542.2,5.0,1545.27,1276.98
16403,UB-007329,68,1,221.44,5.0,210.37,161.19
16404,UB-007330,65,2,711.43,5.0,1351.72,1051.2
16405,UB-007331,13,1,376.87,0.0,376.87,235.91
16406,UB-007331,12,1,572.1,10.0,514.89,425.66
16407,UB-007332,29,1,749.78,5.0,712.29,536.32
16408,UB-007333,101,4,1096.13,0.0,4384.52,3573.08
16409,UB-007333,88,1,677.2,0.0,677.2,553.89
16410,UB-007333,100,1,198.91,0.0,198.91,158.88
16411,UB-007333,54,1,1049.47,0.0,1049.47,807.18
16412,UB-007333,83,1,837.28,0.0,837.28,707.0
16413,UB-007334,132,4,1265.95,10.0,4557.42,3240.32
16414,UB-007335,9,1,672.85,10.0,605.57,501.69
16415,UB-007335,114,1,1025.99,10.0,923.39,645.87
16416,UB-007336,42,3,590.0,10.0,1593.0,1195.14
16417,UB-007336,119,4,591.26,10.0,2128.54,1910.0
16418,UB-007337,13,1,376.56,0.0,376.56,235.91
16419,UB-007338,110,2,940.19,5.0,1786.36,1358.68
16420,UB-007338,55,2,905.95,0.0,1811.9,1212.28
16421,UB-007339,137,1,1265.71,5.0,1202.42,816.22
16422,UB-007340,69,1,303.15,0.0,303.15,234.6
16423,UB-007341,32,1,102.97,0.0,102.97,79.85
16424,UB-007342,132,2,1268.66,15.0,2156.72,1620.16
16425,UB-007342,30,5,1362.06,5.0,6469.78,4325.55
16426,UB-007342,42,1,622.34,15.0,528.99,398.38
16427,UB-007343,103,2,936.82,0.0,1873.64,1363.04
16428,UB-007343,130,1,898.04,0.0,898.04,653.53
16429,UB-007344,143,2,806.18,0.0,1612.36,1229.42
16430,UB-007344,19,1,685.53,5.0,651.25,474.21
16431,UB-007344,16,2,1096.72,20.0,1754.75,1632.76
16432,UB-007345,46,4,217.57,10.0,783.25,671.24
16433,UB-007345,41,2,939.34,5.0,1784.75,1487.92
16434,UB-007345,83,3,843.33,0.0,2529.99,2121.0
16435,UB-007345,125,1,329.84,15.0,280.36,213.73
16436,UB-007346,41,1,923.51,5.0,877.33,743.96
16437,UB-007347,134,2,954.69,0.0,1909.38,1266.4
16438,UB-007347,68,2,216.91,10.0,390.44,322.38
16439,UB-007348,124,1,544.68,0.0,544.68,445.56
16440,UB-007348,35,1,806.89,0.0,806.89,567.63
16441,UB-007349,34,2,167.47,10.0,301.45,276.06
16442,UB-007350,134,1,931.1,10.0,837.99,633.2
16443,UB-007351,47,1,107.51,0.0,107.51,87.48
16444,UB-007351,12,1,554.59,0.0,554.59,425.66
16445,UB-007351,16,2,1060.41,0.0,2120.82,1632.76
16446,UB-007352,53,2,1261.0,0.0,2522.0,1730.24
16447,UB-007352,136,1,1378.38,5.0,1309.46,866.98
16448,UB-007352,123,2,482.38,0.0,964.76,657.8
16449,UB-007353,10,1,98.91,0.0,98.91,70.79
16450,UB-007353,45,2,800.23,0.0,1600.46,1221.74
16451,UB-007353,55,1,886.92,0.0,886.92,606.14
16452,UB-007354,53,2,1317.81,5.0,2503.84,1730.24
16453,UB-007354,74,2,1162.11,20.0,1859.38,1765.78
16454,UB-007354,127,1,299.34,10.0,269.41,222.26
16455,UB-007354,83,1,884.24,0.0,884.24,707.0
16456,UB-007355,137,2,1262.57,0.0,2525.14,1632.44
16457,UB-007356,21,1,779.64,15.0,662.69,582.06
16458,UB-007356,5,1,1399.07,0.0,1399.07,872.25
16459,UB-007356,38,1,1025.58,5.0,974.3,721.69
16460,UB-007357,100,1,200.8,15.0,170.68,158.88
16461,UB-007357,125,1,338.27,10.0,304.44,213.73
16462,UB-007358,141,1,274.2,10.0,246.78,185.67
16463,UB-007358,2,2,481.34,0.0,962.68,742.44
16464,UB-007358,90,1,692.42,5.0,657.8,507.26
16465,UB-007358,76,1,818.38,15.0,695.62,616.89
16466,UB-007359,120,2,725.27,0.0,1450.54,977.0
16467,UB-007359,92,2,825.52,0.0,1651.04,1049.02
16468,UB-007359,117,3,547.38,0.0,1642.14,1231.29
16469,UB-007359,84,1,1240.96,0.0,1240.96,812.12
16470,UB-007359,43,2,165.33,0.0,330.66,233.76
16471,UB-007360,37,2,1025.62,15.0,1743.55,1662.9
16472,UB-007361,117,1,539.46,0.0,539.46,410.43
16473,UB-007362,129,1,1180.96,0.0,1180.96,766.85
16474,UB-007362,123,1,467.83,10.0,421.05,328.9
16475,UB-007363,18,2,816.09,0.0,1632.18,1297.42
16476,UB-007364,57,1,759.05,10.0,683.14,567.7
16477,UB-007364,77,1,276.55,0.0,276.55,195.63
16478,UB-007365,51,5,228.58,10.0,1028.61,794.95
16479,UB-007365,102,1,1233.73,0.0,1233.73,829.38
16480,UB-007365,80,2,416.36,10.0,749.45,605.16
16481,UB-007366,37,1,1030.68,5.0,979.15,831.45
16482,UB-007366,115,2,1194.13,20.0,1910.61,1597.84
16483,UB-007367,64,1,332.86,0.0,332.86,214.27
16484,UB-007368,76,1,803.92,0.0,803.92,616.89
16485,UB-007368,113,2,850.52,0.0,1701.04,1390.0
16486,UB-007369,31,1,727.47,0.0,727.47,581.59
16487,UB-007369,131,1,913.83,20.0,731.06,688.03
16488,UB-007370,18,1,806.56,0.0,806.56,648.71
16489,UB-007370,112,1,462.85,0.0,462.85,338.04
16490,UB-007370,89,3,595.06,0.0,1785.18,1257.45
16491,UB-007370,93,1,93.36,5.0,88.69,72.83
16492,UB-007370,31,1,709.03,10.0,638.13,581.59
16493,UB-007371,81,2,1059.58,0.0,2119.16,1420.96
16494,UB-007371,15,1,1210.39,10.0,1089.35,855.33
16495,UB-007371,12,2,542.93,0.0,1085.86,851.32
16496,UB-007372,144,2,423.97,0.0,847.94,601.24
16497,UB-007372,49,2,952.49,5.0,1809.73,1228.08
16498,UB-007372,30,3,1321.06,0.0,3963.18,2595.33
16499,UB-007373,45,2,803.36,10.0,1446.05,1221.74
16500,UB-007374,67,1,149.88,0.0,149.88,96.2
16501,UB-007375,4,1,800.11,10.0,720.1,608.34
16502,UB-007376,133,3,511.05,0.0,1533.15,961.11
16503,UB-007377,127,4,306.4,15.0,1041.76,889.04
16504,UB-007377,117,4,558.23,5.0,2121.27,1641.72
16505,UB-007378,37,1,1019.02,15.0,866.17,831.45
16506,UB-007378,123,2,470.31,10.0,846.56,657.8
16507,UB-007378,79,1,742.73,0.0,742.73,478.88
16508,UB-007378,88,3,683.24,5.0,1947.23,1661.67
16509,UB-007379,34,1,161.68,10.0,145.51,138.03
16510,UB-007380,5,3,1391.14,10.0,3756.08,2616.75
16511,UB-007381,89,1,581.91,0.0,581.91,419.15
16512,UB-007381,144,2,425.23,15.0,722.89,601.24
16513,UB-007381,70,2,1415.36,0.0,2830.72,1729.18
16514,UB-007382,62,1,390.97,0.0,390.97,260.55
16515,UB-007382,34,1,160.91,10.0,144.82,138.03
16516,UB-007382,67,1,156.73,20.0,125.38,96.2
16517,UB-007383,92,1,799.77,10.0,719.79,524.51
16518,UB-007383,22,1,654.48,20.0,523.58,475.66
16519,UB-007384,71,1,185.69,15.0,157.84,122.07
16520,UB-007385,60,1,190.31,15.0,161.76,144.82
16521,UB-007385,120,1,726.39,0.0,726.39,488.5
16522,UB-007385,65,1,711.49,20.0,569.19,525.6
16523,UB-007386,55,2,882.44,10.0,1588.39,1212.28
16524,UB-007386,37,1,1040.96,0.0,1040.96,831.45
16525,UB-007387,125,3,335.11,0.0,1005.33,641.19
16526,UB-007388,21,1,787.45,0.0,787.45,582.06
16527,UB-007389,21,1,769.78,5.0,731.29,582.06
16528,UB-007390,119,1,593.65,0.0,593.65,477.5
16529,UB-007391,35,1,813.42,15.0,691.41,567.63
16530,UB-007391,59,1,296.67,0.0,296.67,241.88
16531,UB-007392,76,2,828.8,0.0,1657.6,1233.78
16532,UB-007393,40,2,372.86,15.0,633.86,511.88
16533,UB-007393,20,3,983.32,10.0,2654.96,2022.72
16534,UB-007393,3,2,1151.9,0.0,2303.8,1448.08
16535,UB-007394,38,2,1072.95,10.0,1931.31,1443.38
16536,UB-007394,92,1,833.1,10.0,749.79,524.51
16537,UB-007395,8,1,368.98,0.0,368.98,293.44
16538,UB-007395,133,5,508.2,0.0,2541.0,1601.85
16539,UB-007395,126,1,1246.98,0.0,1246.98,803.5
16540,UB-007395,101,2,1100.59,0.0,2201.18,1786.54
16541,UB-007396,18,1,813.21,0.0,813.21,648.71
16542,UB-007396,63,1,262.34,15.0,222.99,167.23
16543,UB-007397,54,2,1047.97,0.0,2095.94,1614.36
16544,UB-007398,48,1,364.52,0.0,364.52,254.63
16545,UB-007398,88,2,692.45,0.0,1384.9,1107.78
16546,UB-007399,32,2,104.5,0.0,209.0,159.7
16547,UB-007400,40,3,377.86,0.0,1133.58,767.82
16548,UB-007400,72,1,965.92,0.0,965.92,741.6
16549,UB-007400,47,1,109.42,5.0,103.95,87.48
16550,UB-007401,77,2,283.66,0.0,567.32,391.26
16551,UB-007402,58,2,574.19,15.0,976.12,713.12
16552,UB-007402,127,1,296.98,0.0,296.98,222.26
16553,UB-007402,85,2,322.35,0.0,644.7,465.36
16554,UB-007403,72,2,975.86,0.0,1951.72,1483.2
16555,UB-007403,54,1,1017.77,0.0,1017.77,807.18
16556,UB-007403,101,1,1108.49,10.0,997.64,893.27
16557,UB-007403,40,3,377.07,5.0,1074.65,767.82
16558,UB-007404,75,2,905.13,15.0,1538.72,1175.56
16559,UB-007404,99,1,111.84,0.0,111.84,80.94
16560,UB-007404,89,4,569.82,0.0,2279.28,1676.6
16561,UB-007405,66,2,968.53,15.0,1646.5,1432.7
16562,UB-007406,126,1,1261.7,0.0,1261.7,803.5
16563,UB-007407,144,1,429.36,5.0,407.89,300.62
16564,UB-007408,20,3,977.38,0.0,2932.14,2022.72
16565,UB-007409,63,1,253.81,0.0,253.81,167.23
16566,UB-007410,60,1,182.5,0.0,182.5,144.82
16567,UB-007411,92,4,843.17,0.0,3372.68,2098.04
16568,UB-007412,13,1,373.88,0.0,373.88,235.91
16569,UB-007413,128,1,176.27,0.0,176.27,141.91
16570,UB-007413,35,1,802.49,10.0,722.24,567.63
16571,UB-007413,26,1,213.46,0.0,213.46,138.49
16572,UB-007413,75,3,898.82,0.0,2696.46,1763.34
16573,UB-007414,46,1,215.73,15.0,183.37,167.81
16574,UB-007414,10,1,98.73,5.0,93.79,70.79
16575,UB-007415,105,1,1226.05,0.0,1226.05,888.95
16576,UB-007415,131,1,929.11,0.0,929.11,688.03
16577,UB-007415,132,1,1261.64,0.0,1261.64,810.08
16578,UB-007415,86,1,500.78,15.0,425.66,409.68
16579,UB-007416,143,3,783.07,20.0,1879.37,1844.13
16580,UB-007416,103,1,920.41,5.0,874.39,681.52
16581,UB-007417,11,1,451.32,0.0,451.32,366.75
16582,UB-007417,50,1,439.83,5.0,417.84,327.69
16583,UB-007417,77,1,285.44,5.0,271.17,195.63
16584,UB-007417,110,1,934.44,15.0,794.27,679.34
16585,UB-007417,83,1,854.27,0.0,854.27,707.0
16586,UB-007418,48,3,352.68,15.0,899.33,763.89
16587,UB-007418,135,2,605.99,15.0,1030.18,794.84
16588,UB-007419,100,2,206.16,0.0,412.32,317.76
16589,UB-007419,92,5,837.4,5.0,3977.65,2622.55
16590,UB-007420,29,2,733.31,0.0,1466.62,1072.64
16591,UB-007420,13,1,376.32,0.0,376.32,235.91
16592,UB-007420,121,2,886.95,0.0,1773.9,1367.38
16593,UB-007421,57,1,770.99,0.0,770.99,567.7
16594,UB-007421,5,1,1390.35,10.0,1251.32,872.25
16595,UB-007422,76,1,801.15,0.0,801.15,616.89
16596,UB-007422,116,3,762.38,5.0,2172.78,1495.68
16597,UB-007422,24,1,95.5,0.0,95.5,61.51
16598,UB-007423,56,2,521.21,10.0,938.18,697.56
16599,UB-007424,59,1,304.37,10.0,273.93,241.88
16600,UB-007424,98,1,593.01,0.0,593.01,467.33
16601,UB-007425,10,1,99.37,10.0,89.43,70.79
16602,UB-007426,72,1,972.22,0.0,972.22,741.6
16603,UB-007426,144,1,421.28,0.0,421.28,300.62
16604,UB-007426,119,2,590.89,10.0,1063.6,955.0
16605,UB-007427,37,3,1026.2,20.0,2462.88,2494.35
16606,UB-007427,139,2,698.57,0.0,1397.14,1008.32
16607,UB-007428,131,1,915.62,20.0,732.5,688.03
16608,UB-007428,16,2,1071.78,0.0,2143.56,1632.76
16609,UB-007429,6,3,951.76,0.0,2855.28,2076.87
16610,UB-007429,22,1,650.41,0.0,650.41,475.66
16611,UB-007430,65,1,733.6,10.0,660.24,525.6
16612,UB-007430,118,1,644.76,0.0,644.76,421.79
16613,UB-007431,105,1,1241.1,5.0,1179.04,888.95
16614,UB-007431,121,1,881.48,0.0,881.48,683.69
16615,UB-007431,57,1,749.3,0.0,749.3,567.7
16616,UB-007432,89,3,593.69,10.0,1602.96,1257.45
16617,UB-007432,32,3,105.56,10.0,285.01,239.55
16618,UB-007432,139,1,695.9,5.0,661.1,504.16
16619,UB-007433,47,2,108.03,10.0,194.45,174.96
16620,UB-007433,142,3,477.94,20.0,1147.06,1218.87
16621,UB-007433,102,2,1234.96,0.0,2469.92,1658.76
16622,UB-007434,117,1,554.03,0.0,554.03,410.43
16623,UB-007434,31,1,707.19,0.0,707.19,581.59
16624,UB-007435,6,1,980.06,0.0,980.06,692.29
16625,UB-007435,86,1,498.7,5.0,473.76,409.68
16626,UB-007435,108,2,1133.05,0.0,2266.1,1591.1
16627,UB-007436,55,1,914.48,0.0,914.48,606.14
16628,UB-007437,111,1,659.1,0.0,659.1,556.79
16629,UB-007437,115,1,1209.83,0.0,1209.83,798.92
16630,UB-007438,33,2,429.87,10.0,773.77,593.12
16631,UB-007438,5,1,1343.3,0.0,1343.3,872.25
16632,UB-007439,23,1,886.35,15.0,753.4,627.54
16633,UB-007440,84,1,1296.97,0.0,1296.97,812.12
16634,UB-007440,20,1,949.54,0.0,949.54,674.24
16635,UB-007440,70,1,1386.6,0.0,1386.6,864.59
16636,UB-007441,61,1,1076.33,0.0,1076.33,828.14
16637,UB-007441,17,5,854.96,0.0,4274.8,3223.2
16638,UB-007441,9,2,677.8,0.0,1355.6,1003.38
16639,UB-007441,118,1,627.31,10.0,564.58,421.79
16640,UB-007442,50,1,440.13,10.0,396.12,327.69
16641,UB-007442,40,1,364.36,0.0,364.36,255.94
16642,UB-007442,32,1,102.23,0.0,102.23,79.85
16643,UB-007443,112,1,472.72,10.0,425.45,338.04
16644,UB-007444,127,1,302.9,0.0,302.9,222.26
16645,UB-007444,114,1,1033.16,0.0,1033.16,645.87
16646,UB-007444,37,2,1067.86,15.0,1815.36,1662.9
16647,UB-007445,67,2,152.42,10.0,274.36,192.4
16648,UB-007445,24,3,95.87,0.0,287.61,184.53
16649,UB-007446,138,2,930.53,0.0,1861.06,1209.2
16650,UB-007446,131,3,920.05,0.0,2760.15,2064.09
16651,UB-007447,2,3,485.78,20.0,1165.87,1113.66
16652,UB-007448,67,3,156.5,5.0,446.02,288.6
16653,UB-007449,136,1,1417.41,10.0,1275.67,866.98
16654,UB-007449,125,3,328.84,5.0,937.19,641.19
16655,UB-007450,89,3,575.27,0.0,1725.81,1257.45
16656,UB-007450,53,2,1269.82,0.0,2539.64,1730.24
16657,UB-007450,17,1,846.3,0.0,846.3,644.64
16658,UB-007450,81,4,1040.93,0.0,4163.72,2841.92
16659,UB-007450,24,1,92.79,0.0,92.79,61.51
16660,UB-007451,39,1,880.85,20.0,704.68,614.07
16661,UB-007452,58,2,582.96,0.0,1165.92,713.12
16662,UB-007452,81,1,1066.95,15.0,906.91,710.48
16663,UB-007452,25,3,647.85,0.0,1943.55,1488.84
16664,UB-007453,113,1,853.58,20.0,682.86,695.0
16665,UB-007454,139,2,707.71,0.0,1415.42,1008.32
16666,UB-007454,29,1,724.77,0.0,724.77,536.32
16667,UB-007455,42,1,607.31,15.0,516.21,398.38
16668,UB-007456,108,3,1112.4,0.0,3337.2,2386.65
16669,UB-007457,50,3,424.5,0.0,1273.5,983.07
16670,UB-007457,70,3,1365.45,0.0,4096.35,2593.77
16671,UB-007458,142,1,490.52,0.0,490.52,406.29
16672,UB-007458,88,3,708.16,5.0,2018.26,1661.67
16673,UB-007459,82,1,1010.72,0.0,1010.72,685.33
16674,UB-007459,119,2,576.17,5.0,1094.72,955.0
16675,UB-007459,6,1,951.4,0.0,951.4,692.29
16676,UB-007459,39,2,848.41,0.0,1696.82,1228.14
16677,UB-007460,21,1,761.71,20.0,609.37,582.06
16678,UB-007460,127,4,303.8,20.0,972.16,889.04
16679,UB-007461,28,1,890.27,0.0,890.27,673.25
16680,UB-007462,113,2,856.16,15.0,1455.47,1390.0
16681,UB-007463,119,2,578.53,0.0,1157.06,955.0
16682,UB-007464,22,2,641.28,0.0,1282.56,951.32
16683,UB-007464,139,1,709.98,5.0,674.48,504.16
16684,UB-007464,103,1,891.62,0.0,891.62,681.52
16685,UB-007465,126,1,1229.77,5.0,1168.28,803.5
16686,UB-007465,4,1,790.01,15.0,671.51,608.34
16687,UB-007466,128,1,173.55,0.0,173.55,141.91
16688,UB-007466,48,1,349.76,0.0,349.76,254.63
16689,UB-007466,88,2,705.1,0.0,1410.2,1107.78
16690,UB-007466,75,3,907.69,0.0,2723.07,1763.34
16691,UB-007467,102,1,1182.14,0.0,1182.14,829.38
16692,UB-007467,117,3,562.59,15.0,1434.6,1231.29
16693,UB-007468,58,3,570.82,10.0,1541.21,1069.68
16694,UB-007469,133,2,505.82,15.0,859.89,640.74
16695,UB-007469,120,1,742.2,0.0,742.2,488.5
16696,UB-007470,110,2,944.1,0.0,1888.2,1358.68
16697,UB-007470,75,1,882.66,5.0,838.53,587.78
16698,UB-007471,12,1,549.3,10.0,494.37,425.66
16699,UB-007471,33,5,438.85,15.0,1865.11,1482.8
16700,UB-007471,72,1,970.74,0.0,970.74,741.6
16701,UB-007471,124,1,533.3,10.0,479.97,445.56
16702,UB-007472,53,2,1295.62,0.0,2591.24,1730.24
16703,UB-007472,50,2,427.77,0.0,855.54,655.38
16704,UB-007473,108,1,1103.43,0.0,1103.43,795.55
16705,UB-007473,28,1,904.67,5.0,859.44,673.25
16706,UB-007473,47,2,105.34,0.0,210.68,174.96
16707,UB-007474,105,3,1265.88,0.0,3797.64,2666.85
16708,UB-007475,14,3,751.38,10.0,2028.73,1708.92
16709,UB-007475,134,1,940.52,5.0,893.49,633.2
16710,UB-007475,135,1,596.32,0.0,596.32,397.42
16711,UB-007475,89,1,574.63,0.0,574.63,419.15
16712,UB-007475,133,3,510.07,0.0,1530.21,961.11
16713,UB-007476,32,1,106.67,0.0,106.67,79.85
16714,UB-007477,92,2,815.99,0.0,1631.98,1049.02
16715,UB-007477,31,4,708.49,0.0,2833.96,2326.36
16716,UB-007478,67,2,158.2,15.0,268.94,192.4
16717,UB-007479,36,3,833.38,0.0,2500.14,1601.34
16718,UB-007479,29,1,721.23,0.0,721.23,536.32
16719,UB-007479,133,1,488.97,0.0,488.97,320.37
16720,UB-007480,94,2,750.13,5.0,1425.25,1076.72
16721,UB-007480,42,1,614.79,10.0,553.31,398.38
16722,UB-007481,102,4,1203.83,0.0,4815.32,3317.52
16723,UB-007481,65,2,712.66,20.0,1140.26,1051.2
16724,UB-007481,81,1,1037.84,0.0,1037.84,710.48
16725,UB-007482,138,1,893.83,10.0,804.45,604.6
16726,UB-007483,89,1,601.81,0.0,601.81,419.15
16727,UB-007483,64,2,317.96,0.0,635.92,428.54
16728,UB-007484,130,3,931.96,0.0,2795.88,1960.59
16729,UB-007484,117,1,533.55,0.0,533.55,410.43
16730,UB-007485,93,1,94.65,0.0,94.65,72.83
16731,UB-007485,32,1,102.61,15.0,87.22,79.85
16732,UB-007486,106,3,1029.91,0.0,3089.73,2159.28
16733,UB-007486,68,4,229.87,0.0,919.48,644.76
16734,UB-007486,102,2,1227.35,0.0,2454.7,1658.76
16735,UB-007487,117,1,557.88,15.0,474.2,410.43
16736,UB-007487,138,1,898.19,10.0,808.37,604.6
16737,UB-007488,90,1,706.86,0.0,706.86,507.26
16738,UB-007489,73,1,982.4,5.0,933.28,662.98
16739,UB-007489,96,3,503.13,0.0,1509.39,1101.66
16740,UB-007489,16,1,1080.72,0.0,1080.72,816.38
16741,UB-007489,81,2,1032.91,0.0,2065.82,1420.96
16742,UB-007489,100,1,204.36,0.0,204.36,158.88
16743,UB-007490,30,1,1387.53,0.0,1387.53,865.11
16744,UB-007491,46,3,216.82,0.0,650.46,503.43
16745,UB-007491,77,1,275.83,0.0,275.83,195.63
16746,UB-007492,43,1,166.71,0.0,166.71,116.88
16747,UB-007492,86,2,498.98,0.0,997.96,819.36
16748,UB-007493,128,2,170.38,0.0,340.76,283.82
16749,UB-007493,129,2,1161.62,5.0,2207.08,1533.7
16750,UB-007494,101,1,1138.62,0.0,1138.62,893.27
16751,UB-007495,143,1,810.16,0.0,810.16,614.71
16752,UB-007495,8,4,378.11,10.0,1361.2,1173.76
16753,UB-007495,135,2,602.18,0.0,1204.36,794.84
16754,UB-007495,30,3,1348.81,0.0,4046.43,2595.33
16755,UB-007496,110,1,932.13,0.0,932.13,679.34
16756,UB-007496,59,2,294.36,0.0,588.72,483.76
16757,UB-007497,69,4,319.04,0.0,1276.16,938.4
16758,UB-007497,73,2,1007.0,0.0,2014.0,1325.96
16759,UB-007497,34,1,159.13,5.0,151.17,138.03
16760,UB-007498,135,3,621.76,0.0,1865.28,1192.26
16761,UB-007498,20,1,958.95,20.0,767.16,674.24
16762,UB-007499,65,3,712.81,5.0,2031.51,1576.8
16763,UB-007500,106,1,1024.87,20.0,819.9,719.76
16764,UB-007500,13,1,358.19,5.0,340.28,235.91
16765,UB-007500,77,1,273.08,0.0,273.08,195.63
16766,UB-007501,141,1,278.24,10.0,250.42,185.67
16767,UB-007502,83,1,854.92,0.0,854.92,707.0
16768,UB-007503,79,1,745.77,0.0,745.77,478.88
16769,UB-007503,16,1,1074.59,0.0,1074.59,816.38
16770,UB-007504,102,1,1235.96,5.0,1174.16,829.38
16771,UB-007504,141,4,281.08,0.0,1124.32,742.68
16772,UB-007504,27,3,1098.88,5.0,3131.81,2674.14
16773,UB-007504,116,3,771.9,0.0,2315.7,1495.68
16774,UB-007505,120,3,739.49,0.0,2218.47,1465.5
16775,UB-007505,102,1,1188.84,5.0,1129.4,829.38
16776,UB-007505,87,2,378.2,10.0,680.76,593.36
16777,UB-007505,16,1,1085.51,0.0,1085.51,816.38
16778,UB-007506,68,1,228.52,0.0,228.52,161.19
16779,UB-007507,36,4,844.01,0.0,3376.04,2135.12
16780,UB-007507,4,2,778.9,5.0,1479.91,1216.68
16781,UB-007507,60,1,189.84,0.0,189.84,144.82
16782,UB-007508,9,2,706.02,10.0,1270.84,1003.38
16783,UB-007508,72,1,1000.49,0.0,1000.49,741.6
16784,UB-007509,47,3,105.17,5.0,299.73,262.44
16785,UB-007510,87,2,381.25,5.0,724.38,593.36
16786,UB-007510,128,1,168.23,0.0,168.23,141.91
16787,UB-007511,13,2,379.21,15.0,644.66,471.82
16788,UB-007512,94,1,740.48,0.0,740.48,538.36
16789,UB-007512,42,1,604.64,0.0,604.64,398.38
16790,UB-007512,143,2,808.57,15.0,1374.57,1229.42
16791,UB-007513,42,1,592.25,0.0,592.25,398.38
16792,UB-007513,100,2,199.57,5.0,379.18,317.76
16793,UB-007514,37,1,1067.34,20.0,853.87,831.45
16794,UB-007514,98,1,571.69,0.0,571.69,467.33
16795,UB-007515,91,2,464.75,0.0,929.5,642.14
16796,UB-007516,75,1,879.19,5.0,835.23,587.78
16797,UB-007516,55,5,889.47,5.0,4224.98,3030.7
16798,UB-007516,115,2,1238.26,0.0,2476.52,1597.84
16799,UB-007516,23,3,895.7,0.0,2687.1,1882.62
16800,UB-007517,85,1,327.19,10.0,294.47,232.68
16801,UB-007517,15,2,1212.35,10.0,2182.23,1710.66
16802,UB-007517,76,2,807.02,0.0,1614.04,1233.78
16803,UB-007517,115,1,1237.71,5.0,1175.82,798.92
16804,UB-007518,42,1,603.81,10.0,543.43,398.38
16805,UB-007518,6,2,955.5,0.0,1911.0,1384.58
16806,UB-007518,51,1,232.94,15.0,198.0,158.99
16807,UB-007519,76,2,830.84,0.0,1661.68,1233.78
16808,UB-007519,30,1,1342.45,10.0,1208.21,865.11
16809,UB-007520,73,1,1017.35,15.0,864.75,662.98
16810,UB-007520,69,1,307.12,0.0,307.12,234.6
16811,UB-007520,127,1,302.14,0.0,302.14,222.26
16812,UB-007520,9,1,694.03,5.0,659.33,501.69
16813,UB-007521,60,1,189.67,5.0,180.19,144.82
16814,UB-007521,83,1,870.43,0.0,870.43,707.0
16815,UB-007521,132,1,1246.47,5.0,1184.15,810.08
16816,UB-007521,47,1,104.34,0.0,104.34,87.48
16817,UB-007522,52,1,664.11,5.0,630.9,457.32
16818,UB-007522,142,1,481.73,0.0,481.73,406.29
16819,UB-007523,101,1,1088.65,15.0,925.35,893.27
16820,UB-007523,71,2,193.18,0.0,386.36,244.14
16821,UB-007523,91,2,458.42,0.0,916.84,642.14
16822,UB-007524,128,1,174.33,5.0,165.61,141.91
16823,UB-007525,26,1,223.06,0.0,223.06,138.49
16824,UB-007525,34,1,167.88,0.0,167.88,138.03
16825,UB-007525,84,2,1306.41,10.0,2351.54,1624.24
16826,UB-007526,142,3,471.25,5.0,1343.06,1218.87
16827,UB-007527,92,4,840.02,0.0,3360.08,2098.04
16828,UB-007527,86,1,481.18,10.0,433.06,409.68
16829,UB-007527,139,3,711.3,0.0,2133.9,1512.48
16830,UB-007528,91,1,447.18,0.0,447.18,321.07
16831,UB-007528,112,2,449.46,5.0,853.97,676.08
16832,UB-007529,103,1,896.77,0.0,896.77,681.52
16833,UB-007529,74,4,1178.1,0.0,4712.4,3531.56
16834,UB-007529,112,1,465.59,0.0,465.59,338.04
16835,UB-007530,99,2,115.98,0.0,231.96,161.88
16836,UB-007530,48,1,361.04,5.0,342.99,254.63
16837,UB-007530,110,3,943.72,10.0,2548.04,2038.02
16838,UB-007531,85,1,338.79,10.0,304.91,232.68
16839,UB-007531,54,2,1012.78,0.0,2025.56,1614.36
16840,UB-007532,32,2,101.56,0.0,203.12,159.7
16841,UB-007532,27,1,1053.46,10.0,948.11,891.38
16842,UB-007533,27,2,1073.74,0.0,2147.48,1782.76
16843,UB-007534,5,2,1355.39,0.0,2710.78,1744.5
16844,UB-007534,52,1,670.25,20.0,536.2,457.32
16845,UB-007535,107,2,316.06,15.0,537.3,456.9
16846,UB-007536,72,1,978.02,5.0,929.12,741.6
16847,UB-007536,119,2,590.89,0.0,1181.78,955.0
16848,UB-007537,6,2,953.85,0.0,1907.7,1384.58
16849,UB-007537,120,1,710.34,5.0,674.82,488.5
16850,UB-007537,52,2,640.24,0.0,1280.48,914.64
16851,UB-007537,81,2,1023.82,5.0,1945.26,1420.96
16852,UB-007537,51,1,236.22,0.0,236.22,158.99
16853,UB-007538,58,1,573.81,0.0,573.81,356.56
16854,UB-007538,122,2,634.87,10.0,1142.77,1016.04
16855,UB-007539,137,4,1263.12,15.0,4294.61,3264.88
16856,UB-007539,108,3,1152.46,15.0,2938.77,2386.65
16857,UB-007540,79,3,756.8,0.0,2270.4,1436.64
16858,UB-007540,65,2,742.14,15.0,1261.64,1051.2
16859,UB-007540,18,1,844.61,20.0,675.69,648.71
16860,UB-007540,2,1,489.0,0.0,489.0,371.22
16861,UB-007541,50,1,424.47,0.0,424.47,327.69
16862,UB-007541,34,1,163.34,0.0,163.34,138.03
16863,UB-007541,6,1,961.53,0.0,961.53,692.29
16864,UB-007542,7,3,1051.93,5.0,2998.0,2261.25
16865,UB-007543,91,1,454.54,5.0,431.81,321.07
16866,UB-007543,18,1,853.01,15.0,725.06,648.71
16867,UB-007543,124,2,530.13,0.0,1060.26,891.12
16868,UB-007544,39,3,890.31,20.0,2136.74,1842.21
16869,UB-007544,51,2,227.13,0.0,454.26,317.98
16870,UB-007544,15,3,1226.46,20.0,2943.5,2565.99
16871,UB-007545,138,2,888.52,0.0,1777.04,1209.2
16872,UB-007546,125,1,334.19,0.0,334.19,213.73
16873,UB-007547,63,1,250.76,0.0,250.76,167.23
16874,UB-007547,23,2,918.5,0.0,1837.0,1255.08
16875,UB-007548,34,2,164.32,0.0,328.64,276.06
16876,UB-007549,26,2,215.18,10.0,387.32,276.98
16877,UB-007549,108,1,1099.88,0.0,1099.88,795.55
16878,UB-007550,47,3,105.18,0.0,315.54,262.44
16879,UB-007550,121,2,915.19,20.0,1464.3,1367.38
16880,UB-007551,2,2,498.43,0.0,996.86,742.44
16881,UB-007551,115,1,1189.17,5.0,1129.71,798.92
16882,UB-007552,66,2,952.47,5.0,1809.69,1432.7
16883,UB-007553,142,2,484.18,0.0,968.36,812.58
16884,UB-007554,129,1,1182.66,10.0,1064.39,766.85
16885,UB-007555,47,3,108.28,0.0,324.84,262.44
16886,UB-007555,78,2,798.01,0.0,1596.02,1089.5
16887,UB-007555,68,1,220.83,0.0,220.83,161.19
16888,UB-007555,34,4,159.77,0.0,639.08,552.12
16889,UB-007556,60,1,189.14,0.0,189.14,144.82
16890,UB-007557,85,2,323.65,0.0,647.3,465.36
16891,UB-007558,24,1,92.65,0.0,92.65,61.51
16892,UB-007559,101,1,1105.28,10.0,994.75,893.27
16893,UB-007559,45,1,806.93,10.0,726.24,610.87
16894,UB-007560,115,2,1227.38,10.0,2209.28,1597.84
16895,UB-007561,6,1,957.77,0.0,957.77,692.29
16896,UB-007561,71,1,186.33,5.0,177.01,122.07
16897,UB-007562,80,1,409.82,0.0,409.82,302.58
16898,UB-007562,19,2,673.66,0.0,1347.32,948.42
16899,UB-007563,96,1,516.72,0.0,516.72,367.22
16900,UB-007564,144,1,413.99,5.0,393.29,300.62
16901,UB-007564,36,1,833.35,0.0,833.35,533.78
16902,UB-007565,55,2,886.78,0.0,1773.56,1212.28
16903,UB-007565,65,1,700.31,0.0,700.31,525.6
16904,UB-007565,73,2,965.62,15.0,1641.55,1325.96
16905,UB-007565,71,1,187.15,0.0,187.15,122.07
16906,UB-007565,115,1,1211.24,5.0,1150.68,798.92
16907,UB-007566,105,1,1272.44,0.0,1272.44,888.95
16908,UB-007567,13,1,361.22,0.0,361.22,235.91
16909,UB-007567,70,1,1415.9,10.0,1274.31,864.59
16910,UB-007568,47,1,108.76,10.0,97.88,87.48
16911,UB-007569,63,4,249.37,0.0,997.48,668.92
16912,UB-007570,126,2,1230.43,0.0,2460.86,1607.0
16913,UB-007571,83,2,856.17,0.0,1712.34,1414.0
16914,UB-007572,58,1,582.48,0.0,582.48,356.56
16915,UB-007572,142,1,477.31,0.0,477.31,406.29
16916,UB-007572,50,1,424.02,10.0,381.62,327.69
16917,UB-007572,25,1,652.93,0.0,652.93,496.28
16918,UB-007572,62,3,380.97,0.0,1142.91,781.65
16919,UB-007573,117,1,540.25,0.0,540.25,410.43
16920,UB-007574,112,2,447.01,5.0,849.32,676.08
16921,UB-007574,49,4,958.59,0.0,3834.36,2456.16
16922,UB-007574,135,1,620.2,10.0,558.18,397.42
16923,UB-007575,115,1,1223.66,15.0,1040.11,798.92
16924,UB-007576,17,1,849.05,0.0,849.05,644.64
16925,UB-007576,30,4,1340.64,0.0,5362.56,3460.44
16926,UB-007576,62,2,375.36,0.0,750.72,521.1
16927,UB-007577,40,1,372.0,0.0,372.0,255.94
16928,UB-007577,41,1,900.39,0.0,900.39,743.96
16929,UB-007577,100,1,205.9,15.0,175.01,158.88
16930,UB-007578,3,1,1173.2,0.0,1173.2,724.04
16931,UB-007578,100,1,209.73,0.0,209.73,158.88
16932,UB-007578,41,3,936.99,0.0,2810.97,2231.88
16933,UB-007578,11,3,453.67,0.0,1361.01,1100.25
16934,UB-007578,135,1,629.0,0.0,629.0,397.42
16935,UB-007579,33,2,427.7,10.0,769.86,593.12
16936,UB-007579,18,2,848.33,0.0,1696.66,1297.42
16937,UB-007580,102,1,1241.15,0.0,1241.15,829.38
16938,UB-007580,13,4,367.45,15.0,1249.33,943.64
16939,UB-007581,46,3,218.44,0.0,655.32,503.43
16940,UB-007581,103,1,935.03,15.0,794.78,681.52
16941,UB-007581,26,1,224.13,0.0,224.13,138.49
16942,UB-007581,138,1,934.25,0.0,934.25,604.6
16943,UB-007581,106,2,1042.02,10.0,1875.64,1439.52
16944,UB-007582,105,1,1269.38,15.0,1078.97,888.95
16945,UB-007582,76,1,821.33,0.0,821.33,616.89
16946,UB-007582,114,1,1030.34,0.0,1030.34,645.87
16947,UB-007583,101,1,1147.65,10.0,1032.89,893.27
16948,UB-007583,138,1,923.9,0.0,923.9,604.6
16949,UB-007584,10,1,96.72,0.0,96.72,70.79
16950,UB-007584,128,2,169.57,0.0,339.14,283.82
16951,UB-007584,84,1,1292.01,10.0,1162.81,812.12
16952,UB-007585,45,2,809.8,15.0,1376.66,1221.74
16953,UB-007585,20,1,970.69,0.0,970.69,674.24
16954,UB-007585,79,1,770.92,10.0,693.83,478.88
16955,UB-007586,139,1,714.52,15.0,607.34,504.16
16956,UB-007586,28,2,861.93,5.0,1637.67,1346.5
16957,UB-007587,70,3,1409.71,10.0,3806.22,2593.77
16958,UB-007587,65,3,731.17,0.0,2193.51,1576.8
16959,UB-007588,41,1,916.26,5.0,870.45,743.96
16960,UB-007588,141,1,276.64,20.0,221.31,185.67
16961,UB-007589,19,1,689.78,5.0,655.29,474.21
16962,UB-007589,36,1,843.89,0.0,843.89,533.78
16963,UB-007589,7,1,1007.57,15.0,856.43,753.75
16964,UB-007590,111,1,654.69,5.0,621.96,556.79
16965,UB-007591,132,1,1282.17,0.0,1282.17,810.08
16966,UB-007591,35,2,809.45,0.0,1618.9,1135.26
16967,UB-007591,63,3,260.22,10.0,702.59,501.69
16968,UB-007592,80,1,400.79,0.0,400.79,302.58
16969,UB-007592,91,1,471.04,15.0,400.38,321.07
16970,UB-007592,32,3,102.36,5.0,291.73,239.55
16971,UB-007593,74,3,1123.59,0.0,3370.77,2648.67
16972,UB-007593,101,2,1086.96,0.0,2173.92,1786.54
16973,UB-007594,72,2,971.31,5.0,1845.49,1483.2
16974,UB-007594,5,3,1343.06,0.0,4029.18,2616.75
16975,UB-007595,105,1,1263.93,0.0,1263.93,888.95
16976,UB-007596,124,1,520.45,15.0,442.38,445.56
16977,UB-007597,102,1,1237.18,0.0,1237.18,829.38
16978,UB-007597,78,1,776.93,0.0,776.93,544.75
16979,UB-007598,102,2,1170.12,0.0,2340.24,1658.76
16980,UB-007599,5,1,1363.99,20.0,1091.19,872.25
16981,UB-007599,82,1,1044.93,0.0,1044.93,685.33
16982,UB-007600,85,1,338.42,10.0,304.58,232.68
16983,UB-007600,105,2,1271.76,0.0,2543.52,1777.9
16984,UB-007601,11,1,463.91,0.0,463.91,366.75
16985,UB-007602,43,1,166.49,10.0,149.84,116.88
16986,UB-007602,9,2,699.93,0.0,1399.86,1003.38
16987,UB-007603,86,2,492.6,0.0,985.2,819.36
16988,UB-007603,24,2,91.56,5.0,173.96,123.02
16989,UB-007604,139,1,707.71,0.0,707.71,504.16
16990,UB-007604,1,1,303.22,0.0,303.22,210.31
16991,UB-007605,132,1,1247.48,15.0,1060.36,810.08
16992,UB-007605,106,1,1075.42,0.0,1075.42,719.76
16993,UB-007605,52,4,650.98,0.0,2603.92,1829.28
16994,UB-007605,44,1,776.95,10.0,699.26,587.81
16995,UB-007605,89,1,598.45,0.0,598.45,419.15
16996,UB-007606,122,3,637.5,0.0,1912.5,1524.06
16997,UB-007607,25,1,640.35,0.0,640.35,496.28
16998,UB-007607,111,1,658.22,5.0,625.31,556.79
16999,UB-007608,109,2,153.35,10.0,276.03,197.6
17000,UB-007609,119,2,590.15,10.0,1062.27,955.0
17001,UB-007609,29,1,742.5,20.0,594.0,536.32
17002,UB-007609,108,1,1161.33,0.0,1161.33,795.55
17003,UB-007609,47,3,109.47,5.0,311.99,262.44
17004,UB-007609,128,1,168.78,20.0,135.02,141.91
17005,UB-007610,77,1,276.94,0.0,276.94,195.63
17006,UB-007611,73,2,962.86,5.0,1829.43,1325.96
17007,UB-007612,20,2,964.81,5.0,1833.14,1348.48
17008,UB-007612,15,1,1221.34,10.0,1099.21,855.33
17009,UB-007612,18,3,829.64,10.0,2240.03,1946.13
17010,UB-007612,63,1,254.13,0.0,254.13,167.23
17011,UB-007613,139,1,701.08,0.0,701.08,504.16
17012,UB-007614,128,4,176.35,5.0,670.13,567.64
17013,UB-007614,142,1,497.13,10.0,447.42,406.29
17014,UB-007614,134,1,950.62,20.0,760.5,633.2
17015,UB-007614,60,1,189.85,20.0,151.88,144.82
17016,UB-007615,110,1,910.94,5.0,865.39,679.34
17017,UB-007616,134,1,919.55,10.0,827.6,633.2
17018,UB-007616,117,1,541.62,5.0,514.54,410.43
17019,UB-007617,83,1,842.03,0.0,842.03,707.0
17020,UB-007617,37,1,1045.37,5.0,993.1,831.45
17021,UB-007617,9,1,668.47,0.0,668.47,501.69
17022,UB-007617,73,2,997.5,5.0,1895.25,1325.96
17023,UB-007618,116,1,764.05,0.0,764.05,498.56
17024,UB-007618,25,3,667.26,0.0,2001.78,1488.84
17025,UB-007618,111,1,667.79,0.0,667.79,556.79
17026,UB-007619,82,2,1066.21,5.0,2025.8,1370.66
17027,UB-007619,66,1,950.07,10.0,855.06,716.35
17028,UB-007620,98,1,577.73,20.0,462.18,467.33
17029,UB-007620,77,1,277.47,10.0,249.72,195.63
17030,UB-007621,42,1,621.54,0.0,621.54,398.38
17031,UB-007621,134,2,931.04,15.0,1582.77,1266.4
17032,UB-007622,139,3,730.05,10.0,1971.13,1512.48
17033,UB-007622,16,2,1072.56,0.0,2145.12,1632.76
17034,UB-007622,63,1,261.73,5.0,248.64,167.23
17035,UB-007623,76,2,832.26,0.0,1664.52,1233.78
17036,UB-007623,5,1,1362.23,0.0,1362.23,872.25
17037,UB-007624,112,2,462.35,15.0,786.0,676.08
17038,UB-007624,22,3,662.25,15.0,1688.74,1426.98
17039,UB-007625,73,1,968.16,0.0,968.16,662.98
17040,UB-007625,60,2,182.99,0.0,365.98,289.64
17041,UB-007626,58,1,558.67,0.0,558.67,356.56
17042,UB-007626,37,3,1052.81,5.0,3000.51,2494.35
17043,UB-007626,8,2,373.21,0.0,746.42,586.88
17044,UB-007627,117,1,546.46,5.0,519.14,410.43
17045,UB-007627,40,1,380.25,0.0,380.25,255.94
17046,UB-007627,134,1,929.52,20.0,743.62,633.2
17047,UB-007627,39,3,851.26,0.0,2553.78,1842.21
17048,UB-007628,117,1,557.61,0.0,557.61,410.43
17049,UB-007628,134,3,969.11,10.0,2616.6,1899.6
17050,UB-007628,86,3,484.21,0.0,1452.63,1229.04
17051,UB-007629,41,1,935.9,0.0,935.9,743.96
17052,UB-007630,86,1,497.54,0.0,497.54,409.68
17053,UB-007630,69,2,309.88,0.0,619.76,469.2
17054,UB-007631,32,3,105.38,0.0,316.14,239.55
17055,UB-007631,24,2,94.76,15.0,161.09,123.02
17056,UB-007632,70,1,1408.52,10.0,1267.67,864.59
17057,UB-007632,10,1,95.2,10.0,85.68,70.79
17058,UB-007633,39,1,864.0,0.0,864.0,614.07
17059,UB-007633,47,1,104.0,10.0,93.6,87.48
17060,UB-007634,112,3,466.64,0.0,1399.92,1014.12
17061,UB-007634,81,2,1070.75,0.0,2141.5,1420.96
17062,UB-007635,85,1,338.73,15.0,287.92,232.68
17063,UB-007635,66,1,943.74,0.0,943.74,716.35
17064,UB-007636,108,1,1144.38,0.0,1144.38,795.55
17065,UB-007637,105,2,1280.46,0.0,2560.92,1777.9
17066,UB-007637,43,2,169.06,0.0,338.12,233.76
17067,UB-007637,103,1,906.97,5.0,861.62,681.52
17068,UB-007638,33,1,440.81,15.0,374.69,296.56
17069,UB-007638,129,1,1148.89,0.0,1148.89,766.85
17070,UB-007639,130,2,907.64,15.0,1542.99,1307.06
17071,UB-007639,44,2,774.94,0.0,1549.88,1175.62
17072,UB-007640,130,3,947.39,0.0,2842.17,1960.59
17073,UB-007640,115,3,1171.92,10.0,3164.18,2396.76
17074,UB-007640,53,2,1299.45,10.0,2339.01,1730.24
17075,UB-007641,94,2,738.99,0.0,1477.98,1076.72
17076,UB-007641,19,3,671.11,0.0,2013.33,1422.63
17077,UB-007641,1,1,309.67,0.0,309.67,210.31
17078,UB-007641,115,3,1214.67,0.0,3644.01,2396.76
17079,UB-007641,118,3,618.94,0.0,1856.82,1265.37
17080,UB-007642,107,3,325.06,10.0,877.66,685.35
17081,UB-007642,8,4,375.62,0.0,1502.48,1173.76
17082,UB-007642,122,3,633.8,0.0,1901.4,1524.06
17083,UB-007643,46,3,216.11,0.0,648.33,503.43
17084,UB-007644,79,2,754.16,0.0,1508.32,957.76
17085,UB-007644,7,4,1012.04,20.0,3238.53,3015.0
17086,UB-007645,125,3,324.94,0.0,974.82,641.19
17087,UB-007645,109,1,158.63,0.0,158.63,98.8
17088,UB-007645,31,2,728.14,10.0,1310.65,1163.18
17089,UB-007646,6,1,991.6,20.0,793.28,692.29
17090,UB-007647,60,2,186.51,0.0,373.02,289.64
17091,UB-007648,62,2,388.86,0.0,777.72,521.1
17092,UB-007648,41,4,929.38,0.0,3717.52,2975.84
17093,UB-007648,52,1,633.94,0.0,633.94,457.32
17094,UB-007649,119,3,599.47,0.0,1798.41,1432.5
17095,UB-007649,138,1,910.46,0.0,910.46,604.6
17096,UB-007650,45,2,833.7,0.0,1667.4,1221.74
17097,UB-007650,64,2,324.12,0.0,648.24,428.54
17098,UB-007651,24,1,91.35,0.0,91.35,61.51
17099,UB-007652,25,4,658.92,0.0,2635.68,1985.12
17100,UB-007652,20,2,983.08,0.0,1966.16,1348.48
17101,UB-007653,127,1,297.12,0.0,297.12,222.26
17102,UB-007653,13,1,362.96,0.0,362.96,235.91
17103,UB-007653,14,1,746.96,0.0,746.96,569.64
17104,UB-007654,131,2,922.07,0.0,1844.14,1376.06
17105,UB-007655,59,1,303.52,0.0,303.52,241.88
17106,UB-007655,47,2,105.39,15.0,179.16,174.96
17107,UB-007655,111,3,641.25,0.0,1923.75,1670.37
17108,UB-007656,55,2,919.04,0.0,1838.08,1212.28
17109,UB-007656,109,4,156.46,0.0,625.84,395.2
17110,UB-007656,17,2,850.68,15.0,1446.16,1289.28
17111,UB-007657,139,2,716.47,15.0,1218.0,1008.32
17112,UB-007657,58,1,587.62,5.0,558.24,356.56
17113,UB-007658,71,5,184.83,5.0,877.94,610.35
17114,UB-007659,133,3,508.33,5.0,1448.74,961.11
17115,UB-007659,63,4,260.26,0.0,1041.04,668.92
17116,UB-007659,94,2,762.51,10.0,1372.52,1076.72
17117,UB-007660,53,1,1273.44,5.0,1209.77,865.12
17118,UB-007660,142,1,476.44,0.0,476.44,406.29
17119,UB-007660,14,1,769.48,0.0,769.48,569.64
17120,UB-007660,98,3,563.11,10.0,1520.4,1401.99
17121,UB-007661,24,3,91.96,0.0,275.88,184.53
17122,UB-007662,103,1,928.13,0.0,928.13,681.52
17123,UB-007663,59,1,304.4,0.0,304.4,241.88
17124,UB-007663,46,1,215.61,0.0,215.61,167.81
17125,UB-007663,69,1,302.77,0.0,302.77,234.6
17126,UB-007664,107,2,330.29,0.0,660.58,456.9
17127,UB-007664,96,1,512.02,5.0,486.42,367.22
17128,UB-007665,91,2,459.0,0.0,918.0,642.14
17129,UB-007665,44,1,794.77,5.0,755.03,587.81
17130,UB-007665,84,1,1251.98,5.0,1189.38,812.12
17131,UB-007666,94,3,769.15,20.0,1845.96,1615.08
17132,UB-007666,114,2,1018.61,0.0,2037.22,1291.74
17133,UB-007666,121,1,927.37,0.0,927.37,683.69
17134,UB-007667,103,1,893.14,0.0,893.14,681.52
17135,UB-007667,13,1,376.39,15.0,319.93,235.91
17136,UB-007667,105,2,1252.65,20.0,2004.24,1777.9
17137,UB-007668,127,2,294.18,10.0,529.52,444.52
17138,UB-007669,101,1,1119.92,0.0,1119.92,893.27
17139,UB-007670,89,4,570.66,0.0,2282.64,1676.6
17140,UB-007671,46,1,219.07,0.0,219.07,167.81
17141,UB-007672,133,1,504.68,15.0,428.98,320.37
17142,UB-007673,35,3,807.07,5.0,2300.15,1702.89
17143,UB-007674,50,3,443.7,20.0,1064.88,983.07
17144,UB-007674,88,2,705.54,0.0,1411.08,1107.78
17145,UB-007675,42,2,605.41,5.0,1150.28,796.76
17146,UB-007676,29,1,751.08,0.0,751.08,536.32
17147,UB-007676,25,1,652.89,0.0,652.89,496.28
17148,UB-007676,53,1,1291.72,20.0,1033.38,865.12
17149,UB-007677,33,3,450.7,0.0,1352.1,889.68
17150,UB-007677,13,2,362.55,0.0,725.1,471.82
17151,UB-007678,89,2,589.12,0.0,1178.24,838.3
17152,UB-007679,97,1,1147.55,0.0,1147.55,712.55
17153,UB-007679,73,2,1009.57,5.0,1918.18,1325.96
17154,UB-007679,13,2,374.57,0.0,749.14,471.82
17155,UB-007680,4,1,784.51,15.0,666.83,608.34
17156,UB-007680,101,1,1128.97,0.0,1128.97,893.27
17157,UB-007681,92,1,829.97,5.0,788.47,524.51
17158,UB-007681,14,1,778.2,10.0,700.38,569.64
17159,UB-007681,19,3,663.33,0.0,1989.99,1422.63
17160,UB-007681,51,1,236.61,15.0,201.12,158.99
17161,UB-007682,124,1,528.59,0.0,528.59,445.56
17162,UB-007682,127,1,306.63,15.0,260.64,222.26
17163,UB-007682,35,2,800.13,10.0,1440.23,1135.26
17164,UB-007683,107,1,329.96,0.0,329.96,228.45
17165,UB-007683,104,1,1258.98,0.0,1258.98,879.92
17166,UB-007683,18,1,810.62,0.0,810.62,648.71
17167,UB-007683,142,2,494.62,10.0,890.32,812.58
17168,UB-007683,81,1,1053.55,0.0,1053.55,710.48
17169,UB-007684,60,2,191.56,0.0,383.12,289.64
17170,UB-007685,101,1,1128.77,15.0,959.45,893.27
17171,UB-007686,36,1,859.09,5.0,816.14,533.78
17172,UB-007686,119,1,603.29,5.0,573.13,477.5
17173,UB-007686,106,4,1075.76,20.0,3442.43,2879.04
17174,UB-007687,40,3,368.89,10.0,996.0,767.82
17175,UB-007688,72,3,972.79,0.0,2918.37,2224.8
17176,UB-007688,74,1,1115.41,0.0,1115.41,882.89
17177,UB-007689,34,1,167.06,0.0,167.06,138.03
17178,UB-007690,132,1,1232.5,0.0,1232.5,810.08
17179,UB-007690,96,1,489.72,0.0,489.72,367.22
17180,UB-007691,130,1,898.33,0.0,898.33,653.53
17181,UB-007691,19,1,671.87,15.0,571.09,474.21
17182,UB-007691,40,1,361.6,15.0,307.36,255.94
17183,UB-007692,37,3,1028.76,0.0,3086.28,2494.35
17184,UB-007693,122,1,650.4,0.0,650.4,508.02
17185,UB-007693,72,1,998.83,0.0,998.83,741.6
17186,UB-007694,112,1,447.58,10.0,402.82,338.04
17187,UB-007694,63,4,252.89,10.0,910.4,668.92
17188,UB-007695,25,1,660.94,0.0,660.94,496.28
17189,UB-007695,108,2,1127.49,0.0,2254.98,1591.1
17190,UB-007696,40,1,361.34,15.0,307.14,255.94
17191,UB-007697,51,3,235.36,0.0,706.08,476.97
17192,UB-007698,134,1,931.66,15.0,791.91,633.2
17193,UB-007698,53,1,1284.59,5.0,1220.36,865.12
17194,UB-007699,110,1,926.78,5.0,880.44,679.34
17195,UB-007700,29,1,737.66,0.0,737.66,536.32
17196,UB-007701,63,1,249.72,0.0,249.72,167.23
17197,UB-007701,68,2,227.42,5.0,432.1,322.38
17198,UB-007701,103,2,932.64,0.0,1865.28,1363.04
17199,UB-007701,11,1,470.1,5.0,446.6,366.75
17200,UB-007702,22,1,649.39,0.0,649.39,475.66
17201,UB-007702,65,4,717.91,0.0,2871.64,2102.4
17202,UB-007702,83,1,837.14,0.0,837.14,707.0
17203,UB-007702,133,1,502.1,0.0,502.1,320.37
17204,UB-007702,36,1,849.27,0.0,849.27,533.78
17205,UB-007703,76,1,800.43,0.0,800.43,616.89
17206,UB-007704,111,1,666.88,5.0,633.54,556.79
17207,UB-007704,10,2,98.29,0.0,196.58,141.58
17208,UB-007705,118,1,639.2,0.0,639.2,421.79
17209,UB-007706,35,2,800.55,0.0,1601.1,1135.26
17210,UB-007706,121,2,886.3,0.0,1772.6,1367.38
17211,UB-007707,90,1,683.8,0.0,683.8,507.26
17212,UB-007708,10,1,99.34,0.0,99.34,70.79
17213,UB-007708,67,2,156.6,15.0,266.22,192.4
17214,UB-007709,82,2,1040.09,15.0,1768.15,1370.66
17215,UB-007709,113,1,869.62,10.0,782.66,695.0
17216,UB-007709,143,1,807.83,0.0,807.83,614.71
17217,UB-007709,129,2,1195.21,20.0,1912.34,1533.7
17218,UB-007710,130,1,937.71,0.0,937.71,653.53
17219,UB-007710,116,2,741.29,10.0,1334.32,997.12
17220,UB-007711,68,1,226.82,0.0,226.82,161.19
17221,UB-007711,64,2,328.12,0.0,656.24,428.54
17222,UB-007712,106,1,1079.55,10.0,971.6,719.76
17223,UB-007713,47,2,109.5,0.0,219.0,174.96
17224,UB-007713,28,3,886.71,15.0,2261.11,2019.75
17225,UB-007713,124,1,522.19,0.0,522.19,445.56
17226,UB-007713,24,2,95.38,0.0,190.76,123.02
17227,UB-007714,11,1,476.89,0.0,476.89,366.75
17228,UB-007714,107,2,325.22,0.0,650.44,456.9
17229,UB-007714,60,2,183.82,10.0,330.88,289.64
17230,UB-007714,122,1,655.65,0.0,655.65,508.02
17231,UB-007715,77,4,283.68,5.0,1077.98,782.52
17232,UB-007716,46,1,212.93,0.0,212.93,167.81
17233,UB-007716,71,1,192.25,10.0,173.03,122.07
17234,UB-007717,32,2,104.82,5.0,199.16,159.7
17235,UB-007718,123,1,477.27,10.0,429.54,328.9
17236,UB-007718,30,1,1384.04,0.0,1384.04,865.11
17237,UB-007719,47,3,104.02,0.0,312.06,262.44
17238,UB-007719,75,1,870.86,0.0,870.86,587.78
17239,UB-007720,55,1,910.49,0.0,910.49,606.14
17240,UB-007721,113,1,868.18,0.0,868.18,695.0
17241,UB-007721,128,1,172.52,15.0,146.64,141.91
17242,UB-007721,63,2,260.93,0.0,521.86,334.46
17243,UB-007721,55,2,885.69,0.0,1771.38,1212.28
17244,UB-007722,41,1,903.26,0.0,903.26,743.96
17245,UB-007722,52,2,640.42,0.0,1280.84,914.64
17246,UB-007723,61,2,1090.77,0.0,2181.54,1656.28
17247,UB-007723,109,2,161.73,0.0,323.46,197.6
17248,UB-007723,138,2,903.75,0.0,1807.5,1209.2
17249,UB-007723,33,1,428.95,0.0,428.95,296.56
17250,UB-007723,114,1,1006.15,0.0,1006.15,645.87
17251,UB-007724,69,1,305.97,0.0,305.97,234.6
17252,UB-007725,43,1,172.13,10.0,154.92,116.88
17253,UB-007725,7,3,1017.89,15.0,2595.62,2261.25
17254,UB-007725,64,1,324.82,0.0,324.82,214.27
17255,UB-007726,58,2,563.4,10.0,1014.12,713.12
17256,UB-007726,108,1,1136.91,0.0,1136.91,795.55
17257,UB-007726,51,2,227.17,10.0,408.91,317.98
17258,UB-007727,97,2,1127.8,5.0,2142.82,1425.1
17259,UB-007727,68,1,221.32,0.0,221.32,161.19
17260,UB-007727,20,1,969.78,10.0,872.8,674.24
17261,UB-007728,66,5,942.49,10.0,4241.2,3581.75
17262,UB-007728,3,3,1175.43,0.0,3526.29,2172.12
17263,UB-007729,68,1,219.49,5.0,208.52,161.19
17264,UB-007729,141,1,275.62,5.0,261.84,185.67
17265,UB-007730,46,3,221.32,15.0,564.37,503.43
17266,UB-007731,102,1,1220.11,10.0,1098.1,829.38
17267,UB-007732,72,2,952.37,10.0,1714.27,1483.2
17268,UB-007733,135,1,603.51,15.0,512.98,397.42
17269,UB-007733,78,2,799.82,0.0,1599.64,1089.5
17270,UB-007733,44,1,767.07,10.0,690.36,587.81
17271,UB-007733,45,1,815.64,0.0,815.64,610.87
17272,UB-007734,85,1,331.68,5.0,315.1,232.68
17273,UB-007735,79,2,739.23,0.0,1478.46,957.76
17274,UB-007735,120,1,713.69,15.0,606.64,488.5
17275,UB-007735,127,1,303.76,0.0,303.76,222.26
17276,UB-007735,111,2,672.18,0.0,1344.36,1113.58
17277,UB-007736,125,2,328.21,0.0,656.42,427.46
17278,UB-007737,133,2,502.94,0.0,1005.88,640.74
17279,UB-007737,70,1,1380.43,5.0,1311.41,864.59
17280,UB-007737,98,3,572.27,0.0,1716.81,1401.99
17281,UB-007737,83,3,852.77,0.0,2558.31,2121.0
17282,UB-007738,34,1,165.44,0.0,165.44,138.03
17283,UB-007739,144,1,420.51,5.0,399.48,300.62
17284,UB-007739,24,1,95.28,0.0,95.28,61.51
17285,UB-007740,128,1,175.28,20.0,140.22,141.91
17286,UB-007740,105,2,1260.48,5.0,2394.91,1777.9
17287,UB-007740,53,1,1322.67,10.0,1190.4,865.12
17288,UB-007741,121,1,887.61,15.0,754.47,683.69
17289,UB-007742,132,1,1255.5,5.0,1192.72,810.08
17290,UB-007742,94,1,746.84,0.0,746.84,538.36
17291,UB-007742,131,1,889.7,15.0,756.25,688.03
17292,UB-007743,117,1,544.89,20.0,435.91,410.43
17293,UB-007743,75,2,884.64,0.0,1769.28,1175.56
17294,UB-007744,112,1,447.58,0.0,447.58,338.04
17295,UB-007745,138,2,890.37,0.0,1780.74,1209.2
17296,UB-007745,102,2,1180.07,0.0,2360.14,1658.76
17297,UB-007745,99,3,115.95,10.0,313.07,242.82
17298,UB-007745,70,2,1367.81,0.0,2735.62,1729.18
17299,UB-007746,126,1,1275.69,0.0,1275.69,803.5
17300,UB-007746,12,1,571.81,0.0,571.81,425.66
17301,UB-007746,37,1,1021.59,0.0,1021.59,831.45
17302,UB-007747,108,1,1128.42,5.0,1072.0,795.55
17303,UB-007747,41,1,903.39,10.0,813.05,743.96
17304,UB-007747,83,2,876.1,0.0,1752.2,1414.0
17305,UB-007748,136,2,1395.72,5.0,2651.87,1733.96
17306,UB-007749,44,1,798.74,10.0,718.87,587.81
17307,UB-007750,80,3,401.05,0.0,1203.15,907.74
17308,UB-007750,70,1,1405.54,0.0,1405.54,864.59
17309,UB-007750,142,2,485.25,20.0,776.4,812.58
17310,UB-007751,142,1,494.03,0.0,494.03,406.29
17311,UB-007751,25,2,662.1,0.0,1324.2,992.56
17312,UB-007752,46,3,223.32,0.0,669.96,503.43
17313,UB-007752,139,1,720.56,10.0,648.5,504.16
17314,UB-007753,3,1,1159.02,10.0,1043.12,724.04
17315,UB-007754,30,2,1330.85,0.0,2661.7,1730.22
17316,UB-007754,8,1,369.11,5.0,350.65,293.44
17317,UB-007754,98,1,596.95,10.0,537.26,467.33
17318,UB-007755,107,3,318.52,0.0,955.56,685.35
17319,UB-007756,69,3,314.52,15.0,802.03,703.8
17320,UB-007757,125,1,323.81,10.0,291.43,213.73
17321,UB-007757,141,2,274.3,5.0,521.17,371.34
17322,UB-007758,115,4,1172.68,0.0,4690.72,3195.68
17323,UB-007759,142,1,483.89,5.0,459.7,406.29
17324,UB-007759,25,2,662.67,0.0,1325.34,992.56
17325,UB-007760,37,1,1062.76,0.0,1062.76,831.45
17326,UB-007761,124,1,543.46,5.0,516.29,445.56
17327,UB-007761,140,1,295.47,5.0,280.7,195.06
17328,UB-007762,119,1,584.34,15.0,496.69,477.5
17329,UB-007763,20,1,983.77,20.0,787.02,674.24
17330,UB-007764,55,1,914.27,5.0,868.56,606.14
17331,UB-007765,84,1,1300.83,0.0,1300.83,812.12
17332,UB-007765,3,2,1166.27,0.0,2332.54,1448.08
17333,UB-007766,86,1,481.51,0.0,481.51,409.68
17334,UB-007766,48,1,356.36,10.0,320.72,254.63
17335,UB-007766,132,1,1236.9,10.0,1113.21,810.08
17336,UB-007766,50,1,430.19,0.0,430.19,327.69
17337,UB-007766,118,1,643.64,0.0,643.64,421.79
17338,UB-007767,15,2,1240.85,10.0,2233.53,1710.66
17339,UB-007767,73,2,1001.81,10.0,1803.26,1325.96
17340,UB-007767,144,1,419.33,10.0,377.4,300.62
17341,UB-007768,47,1,104.17,0.0,104.17,87.48
17342,UB-007769,17,1,866.53,0.0,866.53,644.64
17343,UB-007770,136,2,1416.06,5.0,2690.51,1733.96
17344,UB-007770,70,3,1353.29,0.0,4059.87,2593.77
17345,UB-007770,85,2,331.95,0.0,663.9,465.36
17346,UB-007771,138,1,935.67,0.0,935.67,604.6
17347,UB-007771,69,2,303.35,0.0,606.7,469.2
17348,UB-007772,136,1,1421.67,0.0,1421.67,866.98
17349,UB-007772,29,1,740.65,5.0,703.62,536.32
17350,UB-007772,135,1,626.55,0.0,626.55,397.42
17351,UB-007772,80,2,404.0,0.0,808.0,605.16
17352,UB-007772,85,1,326.94,0.0,326.94,232.68
17353,UB-007773,108,2,1109.03,10.0,1996.25,1591.1
17354,UB-007774,26,1,219.46,0.0,219.46,138.49
17355,UB-007774,7,4,1012.53,5.0,3847.61,3015.0
17356,UB-007774,96,3,509.76,15.0,1299.89,1101.66
17357,UB-007774,3,2,1174.87,5.0,2232.25,1448.08
17358,UB-007774,78,3,783.94,15.0,1999.05,1634.25
17359,UB-007775,130,1,926.42,10.0,833.78,653.53
17360,UB-007776,142,2,479.29,10.0,862.72,812.58
17361,UB-007776,108,3,1138.58,15.0,2903.38,2386.65
17362,UB-007776,82,1,1041.74,10.0,937.57,685.33
17363,UB-007776,117,1,551.09,15.0,468.43,410.43
17364,UB-007777,132,1,1270.24,0.0,1270.24,810.08
17365,UB-007777,75,2,889.04,20.0,1422.46,1175.56
17366,UB-007778,43,1,172.09,0.0,172.09,116.88
17367,UB-007778,10,1,95.09,5.0,90.34,70.79
17368,UB-007779,121,3,907.15,0.0,2721.45,2051.07
17369,UB-007779,32,1,102.54,0.0,102.54,79.85
17370,UB-007780,82,2,1070.23,0.0,2140.46,1370.66
17371,UB-007781,39,2,876.05,0.0,1752.1,1228.14
17372,UB-007781,121,1,895.87,0.0,895.87,683.69
17373,UB-007781,60,1,188.12,10.0,169.31,144.82
17374,UB-007782,46,3,214.13,0.0,642.39,503.43
17375,UB-007782,39,1,885.35,10.0,796.82,614.07
17376,UB-007783,34,2,166.16,0.0,332.32,276.06
17377,UB-007784,19,2,698.88,5.0,1327.87,948.42
17378,UB-007784,69,1,315.67,10.0,284.1,234.6
17379,UB-007785,9,3,685.67,10.0,1851.31,1505.07
17380,UB-007785,133,1,499.14,10.0,449.23,320.37
17381,UB-007785,12,1,546.54,15.0,464.56,425.66
17382,UB-007785,123,2,473.5,0.0,947.0,657.8
17383,UB-007786,133,1,495.6,0.0,495.6,320.37
17384,UB-007786,109,2,160.05,5.0,304.1,197.6
17385,UB-007786,68,5,223.35,0.0,1116.75,805.95
17386,UB-007786,128,3,177.57,5.0,506.07,425.73
17387,UB-007787,63,4,256.81,0.0,1027.24,668.92
17388,UB-007788,66,1,938.03,20.0,750.42,716.35
17389,UB-007789,62,4,392.13,0.0,1568.52,1042.2
17390,UB-007789,87,5,394.85,0.0,1974.25,1483.4
17391,UB-007789,99,5,112.94,5.0,536.47,404.7
17392,UB-007789,52,3,637.63,10.0,1721.6,1371.96
17393,UB-007790,15,4,1193.95,0.0,4775.8,3421.32
17394,UB-007790,119,1,598.1,5.0,568.2,477.5
17395,UB-007790,22,2,652.77,0.0,1305.54,951.32
17396,UB-007791,57,3,792.72,10.0,2140.34,1703.1
17397,UB-007792,96,5,495.88,10.0,2231.46,1836.1
17398,UB-007793,124,2,522.54,5.0,992.83,891.12
17399,UB-007793,118,3,642.88,5.0,1832.21,1265.37
17400,UB-007793,33,1,439.48,10.0,395.53,296.56
17401,UB-007794,82,1,1032.03,0.0,1032.03,685.33
17402,UB-007794,100,1,207.76,0.0,207.76,158.88
17403,UB-007794,87,4,387.93,0.0,1551.72,1186.72
17404,UB-007794,110,3,957.27,0.0,2871.81,2038.02
17405,UB-007795,64,1,330.94,20.0,264.75,214.27
17406,UB-007795,44,1,780.09,0.0,780.09,587.81
17407,UB-007796,39,1,846.96,0.0,846.96,614.07
17408,UB-007796,119,2,597.2,0.0,1194.4,955.0
17409,UB-007796,113,1,861.48,5.0,818.41,695.0
17410,UB-007797,34,1,160.03,0.0,160.03,138.03
17411,UB-007797,73,1,1011.49,0.0,1011.49,662.98
17412,UB-007797,113,1,885.96,0.0,885.96,695.0
17413,UB-007798,10,4,97.65,20.0,312.48,283.16
17414,UB-007799,123,1,457.13,0.0,457.13,328.9
17415,UB-007799,36,3,851.12,0.0,2553.36,1601.34
17416,UB-007800,75,3,879.18,0.0,2637.54,1763.34
17417,UB-007800,70,1,1343.36,0.0,1343.36,864.59
17418,UB-007800,56,1,506.62,0.0,506.62,348.78
17419,UB-007801,20,1,939.53,20.0,751.62,674.24
17420,UB-007801,25,1,648.74,0.0,648.74,496.28
17421,UB-007802,20,2,968.67,0.0,1937.34,1348.48
17422,UB-007803,101,1,1114.73,0.0,1114.73,893.27
17423,UB-007803,114,1,996.76,0.0,996.76,645.87
17424,UB-007804,127,2,307.55,15.0,522.84,444.52
17425,UB-007805,53,1,1250.31,0.0,1250.31,865.12
17426,UB-007805,79,1,756.25,10.0,680.62,478.88
17427,UB-007805,124,1,520.33,0.0,520.33,445.56
17428,UB-007805,58,1,573.3,0.0,573.3,356.56
17429,UB-007806,120,1,738.98,5.0,702.03,488.5
17430,UB-007806,53,3,1265.51,0.0,3796.53,2595.36
17431,UB-007807,102,1,1239.21,10.0,1115.29,829.38
17432,UB-007808,67,1,154.11,5.0,146.4,96.2
17433,UB-007808,84,3,1266.38,10.0,3419.23,2436.36
17434,UB-007809,39,1,887.41,0.0,887.41,614.07
17435,UB-007809,55,1,930.77,0.0,930.77,606.14
17436,UB-007809,49,4,959.42,5.0,3645.8,2456.16
17437,UB-007809,144,1,414.92,0.0,414.92,300.62
17438,UB-007809,120,1,731.5,0.0,731.5,488.5
17439,UB-007810,43,2,167.36,5.0,317.98,233.76
17440,UB-007810,119,4,599.11,0.0,2396.44,1910.0
17441,UB-007810,80,1,409.92,5.0,389.42,302.58
17442,UB-007811,139,1,715.6,20.0,572.48,504.16
17443,UB-007811,5,1,1370.21,0.0,1370.21,872.25
17444,UB-007812,119,1,603.78,0.0,603.78,477.5
17445,UB-007812,40,3,361.22,0.0,1083.66,767.82
17446,UB-007812,75,1,870.78,0.0,870.78,587.78
17447,UB-007813,15,1,1247.76,10.0,1122.98,855.33
17448,UB-007814,136,3,1401.65,10.0,3784.46,2600.94
17449,UB-007814,91,3,470.5,0.0,1411.5,963.21
17450,UB-007815,90,2,690.5,0.0,1381.0,1014.52
17451,UB-007815,103,2,912.43,0.0,1824.86,1363.04
17452,UB-007815,88,1,686.77,0.0,686.77,553.89
17453,UB-007815,11,2,469.66,5.0,892.35,733.5
17454,UB-007816,103,5,898.11,0.0,4490.55,3407.6
17455,UB-007816,99,4,114.21,10.0,411.16,323.76
17456,UB-007817,15,2,1253.25,10.0,2255.85,1710.66
17457,UB-007817,124,1,537.16,0.0,537.16,445.56
17458,UB-007818,85,1,339.84,0.0,339.84,232.68
17459,UB-007818,87,2,380.24,10.0,684.43,593.36
17460,UB-007819,95,3,491.77,0.0,1475.31,1109.4
17461,UB-007820,3,1,1135.29,0.0,1135.29,724.04
17462,UB-007820,27,1,1052.39,0.0,1052.39,891.38
17463,UB-007821,94,1,742.71,0.0,742.71,538.36
17464,UB-007821,75,1,882.7,0.0,882.7,587.78
17465,UB-007822,20,3,967.94,0.0,2903.82,2022.72
17466,UB-007822,69,3,310.97,10.0,839.62,703.8
17467,UB-007823,91,3,473.17,15.0,1206.58,963.21
17468,UB-007823,34,1,160.21,0.0,160.21,138.03
17469,UB-007824,124,2,522.75,20.0,836.4,891.12
17470,UB-007824,144,1,417.28,5.0,396.42,300.62
17471,UB-007824,109,4,154.07,10.0,554.65,395.2
17472,UB-007825,69,2,304.55,0.0,609.1,469.2
17473,UB-007825,9,1,683.52,10.0,615.17,501.69
17474,UB-007825,25,1,671.88,20.0,537.5,496.28
17475,UB-007826,133,2,511.26,0.0,1022.52,640.74
17476,UB-007826,32,2,105.02,0.0,210.04,159.7
17477,UB-007826,127,2,294.37,5.0,559.3,444.52
17478,UB-007826,140,2,292.01,0.0,584.02,390.12
17479,UB-007827,26,2,223.47,20.0,357.55,276.98
17480,UB-007827,143,1,817.86,10.0,736.07,614.71
17481,UB-007827,74,3,1119.43,0.0,3358.29,2648.67
17482,UB-007828,7,3,1053.62,0.0,3160.86,2261.25
17483,UB-007828,102,2,1203.48,10.0,2166.26,1658.76
17484,UB-007828,46,2,215.54,15.0,366.42,335.62
17485,UB-007829,119,1,584.75,5.0,555.51,477.5
17486,UB-007830,76,2,836.28,5.0,1588.93,1233.78
17487,UB-007830,18,1,833.03,0.0,833.03,648.71
17488,UB-007831,27,1,1070.2,0.0,1070.2,891.38
17489,UB-007832,106,2,1066.23,5.0,2025.84,1439.52
17490,UB-007833,128,1,176.17,0.0,176.17,141.91
17491,UB-007834,24,1,92.02,0.0,92.02,61.51
17492,UB-007834,11,2,452.03,15.0,768.45,733.5
17493,UB-007834,104,1,1238.4,0.0,1238.4,879.92
17494,UB-007835,61,1,1073.28,10.0,965.95,828.14
17495,UB-007835,69,1,303.28,5.0,288.12,234.6
17496,UB-007835,63,3,254.68,10.0,687.64,501.69
17497,UB-007835,11,1,471.4,0.0,471.4,366.75
17498,UB-007836,76,1,801.14,0.0,801.14,616.89
17499,UB-007836,69,1,312.74,10.0,281.47,234.6
17500,UB-007836,106,1,1083.08,0.0,1083.08,719.76
17501,UB-007836,37,2,1074.74,0.0,2149.48,1662.9
17502,UB-007836,53,1,1309.92,0.0,1309.92,865.12
17503,UB-007837,136,1,1390.77,15.0,1182.15,866.98
17504,UB-007838,26,2,218.18,0.0,436.36,276.98
17505,UB-007838,20,3,960.97,5.0,2738.76,2022.72
17506,UB-007838,115,1,1192.39,0.0,1192.39,798.92
17507,UB-007838,97,1,1157.37,0.0,1157.37,712.55
17508,UB-007839,9,2,685.0,10.0,1233.0,1003.38
17509,UB-007839,11,4,467.75,0.0,1871.0,1467.0
17510,UB-007840,68,1,225.31,0.0,225.31,161.19
17511,UB-007840,111,1,665.88,15.0,566.0,556.79
17512,UB-007841,138,1,897.52,0.0,897.52,604.6
17513,UB-007841,68,2,226.57,0.0,453.14,322.38
17514,UB-007842,26,1,222.91,0.0,222.91,138.49
17515,UB-007843,87,2,386.36,5.0,734.08,593.36
17516,UB-007843,86,1,478.84,10.0,430.96,409.68
17517,UB-007843,72,2,987.82,0.0,1975.64,1483.2
17518,UB-007843,7,1,1028.06,15.0,873.85,753.75
17519,UB-007844,3,3,1165.77,5.0,3322.44,2172.12
17520,UB-007844,122,1,636.4,0.0,636.4,508.02
17521,UB-007844,1,2,314.47,10.0,566.05,420.62
17522,UB-007844,131,2,899.89,0.0,1799.78,1376.06
17523,UB-007844,47,2,105.98,5.0,201.36,174.96
17524,UB-007845,44,1,782.7,15.0,665.3,587.81
17525,UB-007845,110,2,913.08,0.0,1826.16,1358.68
17526,UB-007845,136,1,1387.09,0.0,1387.09,866.98
17527,UB-007846,119,1,569.46,0.0,569.46,477.5
17528,UB-007846,110,1,954.94,0.0,954.94,679.34
17529,UB-007846,8,2,366.06,5.0,695.51,586.88
17530,UB-007846,104,1,1229.47,0.0,1229.47,879.92
17531,UB-007847,57,5,778.42,0.0,3892.1,2838.5
17532,UB-007847,24,1,91.35,10.0,82.22,61.51
17533,UB-007847,98,2,595.48,0.0,1190.96,934.66
17534,UB-007847,1,1,316.05,5.0,300.25,210.31
17535,UB-007848,1,3,305.02,0.0,915.06,630.93
17536,UB-007849,41,3,935.96,20.0,2246.3,2231.88
17537,UB-007850,136,2,1416.09,0.0,2832.18,1733.96
17538,UB-007850,51,1,236.52,15.0,201.04,158.99
17539,UB-007851,118,1,622.43,15.0,529.07,421.79
17540,UB-007851,12,3,566.62,5.0,1614.87,1276.98
17541,UB-007851,39,1,892.76,0.0,892.76,614.07
17542,UB-007851,90,1,706.42,0.0,706.42,507.26
17543,UB-007851,23,3,922.04,0.0,2766.12,1882.62
17544,UB-007852,89,1,570.4,0.0,570.4,419.15
17545,UB-007852,28,2,866.84,0.0,1733.68,1346.5
17546,UB-007852,34,2,166.58,5.0,316.5,276.06
17547,UB-007852,55,1,895.77,5.0,850.98,606.14
17548,UB-007853,2,1,490.65,15.0,417.05,371.22
17549,UB-007854,53,1,1284.71,10.0,1156.24,865.12
17550,UB-007854,91,2,456.87,0.0,913.74,642.14
17551,UB-007855,93,2,94.88,0.0,189.76,145.66
17552,UB-007855,90,1,698.21,0.0,698.21,507.26
17553,UB-007855,72,2,993.19,0.0,1986.38,1483.2
17554,UB-007855,96,1,497.05,15.0,422.49,367.22
17555,UB-007855,119,1,588.69,0.0,588.69,477.5
17556,UB-007856,46,1,217.67,5.0,206.79,167.81
17557,UB-007857,68,1,228.89,0.0,228.89,161.19
17558,UB-007857,131,1,883.54,0.0,883.54,688.03
17559,UB-007858,141,1,276.25,0.0,276.25,185.67
17560,UB-007858,106,1,1084.6,5.0,1030.37,719.76
17561,UB-007859,68,1,226.56,10.0,203.9,161.19
17562,UB-007859,134,2,966.82,15.0,1643.59,1266.4
17563,UB-007860,126,1,1225.02,0.0,1225.02,803.5
17564,UB-007861,45,3,789.78,0.0,2369.34,1832.61
17565,UB-007861,26,2,220.3,0.0,440.6,276.98
17566,UB-007862,32,2,101.7,20.0,162.72,159.7
17567,UB-007862,5,1,1420.49,0.0,1420.49,872.25
17568,UB-007862,133,1,497.37,5.0,472.5,320.37
17569,UB-007862,60,1,187.41,0.0,187.41,144.82
17570,UB-007862,33,5,448.86,10.0,2019.87,1482.8
17571,UB-007863,22,3,660.82,5.0,1883.34,1426.98
17572,UB-007863,90,2,684.3,0.0,1368.6,1014.52
17573,UB-007864,7,1,1067.36,0.0,1067.36,753.75
17574,UB-007864,8,1,370.17,0.0,370.17,293.44
17575,UB-007864,144,2,419.61,10.0,755.3,601.24
17576,UB-007865,75,1,891.83,0.0,891.83,587.78
17577,UB-007866,90,2,690.29,0.0,1380.58,1014.52
17578,UB-007867,4,2,782.2,0.0,1564.4,1216.68
17579,UB-007868,77,3,286.45,0.0,859.35,586.89
17580,UB-007869,47,2,106.86,5.0,203.03,174.96
17581,UB-007869,26,2,213.36,5.0,405.38,276.98
17582,UB-007869,57,2,771.92,0.0,1543.84,1135.4
17583,UB-007870,5,2,1419.38,10.0,2554.88,1744.5
17584,UB-007870,39,1,897.65,10.0,807.88,614.07
17585,UB-007870,92,3,811.06,20.0,1946.54,1573.53
17586,UB-007871,74,1,1160.82,0.0,1160.82,882.89
17587,UB-007872,43,2,164.38,0.0,328.76,233.76
17588,UB-007872,20,2,986.33,0.0,1972.66,1348.48
17589,UB-007873,58,3,568.71,0.0,1706.13,1069.68
17590,UB-007873,128,1,169.98,5.0,161.48,141.91
17591,UB-007874,142,2,497.75,0.0,995.5,812.58
17592,UB-007874,16,1,1090.8,0.0,1090.8,816.38
17593,UB-007874,3,1,1158.06,0.0,1158.06,724.04
17594,UB-007875,142,2,483.94,0.0,967.88,812.58
17595,UB-007875,75,1,887.3,10.0,798.57,587.78
17596,UB-007875,104,1,1223.02,15.0,1039.57,879.92
17597,UB-007875,109,1,160.59,0.0,160.59,98.8
17598,UB-007875,64,2,318.26,0.0,636.52,428.54
17599,UB-007876,113,2,870.38,0.0,1740.76,1390.0
17600,UB-007876,6,1,976.86,0.0,976.86,692.29
17601,UB-007876,20,1,951.15,10.0,856.03,674.24
17602,UB-007876,129,2,1185.94,20.0,1897.5,1533.7
17603,UB-007876,44,3,762.69,0.0,2288.07,1763.43
17604,UB-007877,68,1,222.73,5.0,211.59,161.19
17605,UB-007878,13,3,364.3,0.0,1092.9,707.73
17606,UB-007879,121,1,894.47,0.0,894.47,683.69
17607,UB-007879,30,2,1392.76,5.0,2646.24,1730.22
17608,UB-007880,60,1,187.0,15.0,158.95,144.82
17609,UB-007880,26,2,215.3,15.0,366.01,276.98
17610,UB-007881,47,1,104.44,0.0,104.44,87.48
17611,UB-007881,77,3,282.17,0.0,846.51,586.89
17612,UB-007881,43,3,168.44,15.0,429.52,350.64
17613,UB-007882,78,2,789.37,10.0,1420.87,1089.5
17614,UB-007883,69,1,318.94,0.0,318.94,234.6
17615,UB-007883,134,2,931.26,0.0,1862.52,1266.4
17616,UB-007884,57,1,751.67,5.0,714.09,567.7
17617,UB-007884,110,2,920.58,10.0,1657.04,1358.68
17618,UB-007885,138,1,925.35,5.0,879.08,604.6
17619,UB-007886,13,1,376.45,15.0,319.98,235.91
17620,UB-007887,126,2,1280.89,10.0,2305.6,1607.0
17621,UB-007888,15,1,1241.22,0.0,1241.22,855.33
17622,UB-007888,6,2,987.31,0.0,1974.62,1384.58
17623,UB-007888,59,1,289.68,10.0,260.71,241.88
17624,UB-007888,73,2,978.12,0.0,1956.24,1325.96
17625,UB-007889,111,2,642.42,10.0,1156.36,1113.58
17626,UB-007890,95,1,484.22,0.0,484.22,369.8
17627,UB-007891,142,4,496.23,0.0,1984.92,1625.16
17628,UB-007892,121,1,889.32,0.0,889.32,683.69
17629,UB-007892,144,1,410.43,20.0,328.34,300.62
17630,UB-007893,2,1,497.9,15.0,423.21,371.22
17631,UB-007893,7,2,1048.24,0.0,2096.48,1507.5
17632,UB-007893,119,1,589.62,5.0,560.14,477.5
17633,UB-007893,57,2,776.52,0.0,1553.04,1135.4
17634,UB-007894,88,1,693.85,5.0,659.16,553.89
17635,UB-007894,103,1,893.21,10.0,803.89,681.52
17636,UB-007895,124,1,521.52,0.0,521.52,445.56
17637,UB-007896,18,2,851.78,15.0,1448.03,1297.42
17638,UB-007896,104,1,1252.57,0.0,1252.57,879.92
17639,UB-007897,96,2,504.62,0.0,1009.24,734.44
17640,UB-007897,121,2,887.86,0.0,1775.72,1367.38
17641,UB-007898,63,2,249.57,0.0,499.14,334.46
17642,UB-007898,54,1,1051.62,20.0,841.3,807.18
17643,UB-007899,144,2,410.41,0.0,820.82,601.24
17644,UB-007900,70,1,1406.5,10.0,1265.85,864.59
17645,UB-007900,65,3,739.67,15.0,1886.16,1576.8
17646,UB-007900,40,2,370.12,20.0,592.19,511.88
17647,UB-007901,106,1,1062.89,0.0,1062.89,719.76
17648,UB-007901,15,1,1216.39,0.0,1216.39,855.33
17649,UB-007901,105,2,1238.53,0.0,2477.06,1777.9
17650,UB-007902,129,2,1191.7,0.0,2383.4,1533.7
17651,UB-007902,116,4,776.32,5.0,2950.02,1994.24
17652,UB-007902,124,2,536.79,0.0,1073.58,891.12
17653,UB-007903,55,1,892.98,15.0,759.03,606.14
17654,UB-007903,7,2,1031.36,0.0,2062.72,1507.5
17655,UB-007903,49,1,957.17,0.0,957.17,614.04
17656,UB-007904,56,1,512.18,0.0,512.18,348.78
17657,UB-007905,122,1,633.45,20.0,506.76,508.02
17658,UB-007905,88,5,714.06,5.0,3391.78,2769.45
17659,UB-007906,79,1,774.43,10.0,696.99,478.88
17660,UB-007906,2,2,494.41,5.0,939.38,742.44
17661,UB-007907,122,1,632.56,10.0,569.3,508.02
17662,UB-007907,134,2,933.47,10.0,1680.25,1266.4
17663,UB-007908,123,1,483.47,10.0,435.12,328.9
17664,UB-007909,63,1,263.04,20.0,210.43,167.23
17665,UB-007910,53,2,1260.39,0.0,2520.78,1730.24
17666,UB-007910,84,1,1254.37,10.0,1128.93,812.12
17667,UB-007910,46,1,213.31,0.0,213.31,167.81
17668,UB-007910,62,1,390.81,0.0,390.81,260.55
17669,UB-007911,139,2,707.08,10.0,1272.74,1008.32
17670,UB-007912,20,1,961.99,0.0,961.99,674.24
17671,UB-007913,3,2,1169.69,0.0,2339.38,1448.08
17672,UB-007913,124,2,521.48,5.0,990.81,891.12
17673,UB-007914,24,1,91.4,0.0,91.4,61.51
17674,UB-007915,97,3,1149.59,10.0,3103.89,2137.65
17675,UB-007915,94,2,754.89,10.0,1358.8,1076.72
17676,UB-007915,42,2,603.63,0.0,1207.26,796.76
17677,UB-007916,114,1,1039.17,0.0,1039.17,645.87
17678,UB-007917,98,1,592.82,0.0,592.82,467.33
17679,UB-007917,103,3,915.67,20.0,2197.61,2044.56
17680,UB-007918,44,1,781.62,0.0,781.62,587.81
17681,UB-007919,83,1,865.58,5.0,822.3,707.0
17682,UB-007919,20,1,934.41,0.0,934.41,674.24
17683,UB-007920,74,2,1120.4,10.0,2016.72,1765.78
17684,UB-007920,94,1,749.36,15.0,636.96,538.36
17685,UB-007921,36,1,859.47,0.0,859.47,533.78
17686,UB-007922,128,2,177.23,5.0,336.74,283.82
17687,UB-007923,82,2,1028.64,20.0,1645.82,1370.66
17688,UB-007923,76,2,817.33,0.0,1634.66,1233.78
17689,UB-007924,79,1,777.55,0.0,777.55,478.88
17690,UB-007925,77,2,274.04,0.0,548.08,391.26
17691,UB-007925,100,2,208.56,5.0,396.26,317.76
17692,UB-007925,28,1,871.82,0.0,871.82,673.25
17693,UB-007926,44,1,764.73,0.0,764.73,587.81
17694,UB-007927,64,1,323.91,0.0,323.91,214.27
17695,UB-007928,121,1,921.3,10.0,829.17,683.69
17696,UB-007928,142,1,471.64,0.0,471.64,406.29
17697,UB-007929,53,2,1313.49,0.0,2626.98,1730.24
17698,UB-007930,62,1,378.51,0.0,378.51,260.55
17699,UB-007930,38,1,1023.8,0.0,1023.8,721.69
17700,UB-007930,106,3,1038.86,0.0,3116.58,2159.28
17701,UB-007931,120,4,735.37,0.0,2941.48,1954.0
17702,UB-007931,122,1,646.88,15.0,549.85,508.02
17703,UB-007932,99,3,110.37,15.0,281.44,242.82
17704,UB-007933,79,1,742.24,5.0,705.13,478.88
17705,UB-007934,3,1,1176.44,0.0,1176.44,724.04
17706,UB-007935,53,3,1253.13,0.0,3759.39,2595.36
17707,UB-007936,90,1,712.31,0.0,712.31,507.26
17708,UB-007936,97,1,1127.02,5.0,1070.67,712.55
17709,UB-007937,103,2,919.62,0.0,1839.24,1363.04
17710,UB-007938,60,1,191.29,10.0,172.16,144.82
17711,UB-007939,33,1,425.85,0.0,425.85,296.56
17712,UB-007939,123,2,477.74,0.0,955.48,657.8
17713,UB-007940,44,1,763.3,5.0,725.13,587.81
17714,UB-007940,133,1,503.79,0.0,503.79,320.37
17715,UB-007940,127,1,292.98,0.0,292.98,222.26
17716,UB-007940,79,1,775.75,0.0,775.75,478.88
17717,UB-007940,95,4,489.35,0.0,1957.4,1479.2
17718,UB-007941,68,1,225.19,0.0,225.19,161.19
17719,UB-007941,31,4,714.62,10.0,2572.63,2326.36
17720,UB-007941,73,3,1013.46,0.0,3040.38,1988.94
17721,UB-007941,128,1,171.02,15.0,145.37,141.91
17722,UB-007942,125,1,332.73,10.0,299.46,213.73
17723,UB-007942,118,1,635.26,5.0,603.5,421.79
17724,UB-007942,13,1,375.65,0.0,375.65,235.91
17725,UB-007943,93,1,91.57,20.0,73.26,72.83
17726,UB-007943,2,1,509.86,0.0,509.86,371.22
17727,UB-007944,119,2,570.82,15.0,970.39,955.0
17728,UB-007944,2,2,508.13,0.0,1016.26,742.44
17729,UB-007944,73,4,967.06,0.0,3868.24,2651.92
17730,UB-007944,20,1,939.83,5.0,892.84,674.24
17731,UB-007944,93,2,93.58,10.0,168.44,145.66
17732,UB-007945,111,1,662.68,0.0,662.68,556.79
17733,UB-007946,32,2,106.94,15.0,181.8,159.7
17734,UB-007947,49,4,960.48,0.0,3841.92,2456.16
17735,UB-007947,119,3,588.67,0.0,1766.01,1432.5
17736,UB-007948,90,1,683.75,0.0,683.75,507.26
17737,UB-007948,91,1,447.46,10.0,402.71,321.07
17738,UB-007948,128,1,174.67,0.0,174.67,141.91
17739,UB-007948,107,1,320.48,0.0,320.48,228.45
17740,UB-007949,71,1,185.88,0.0,185.88,122.07
17741,UB-007949,120,1,716.28,15.0,608.84,488.5
17742,UB-007949,32,3,104.66,0.0,313.98,239.55
17743,UB-007950,54,2,1020.79,0.0,2041.58,1614.36
17744,UB-007951,81,1,1062.62,10.0,956.36,710.48
17745,UB-007951,73,3,1021.69,0.0,3065.07,1988.94
17746,UB-007952,55,1,915.29,5.0,869.53,606.14
17747,UB-007953,65,2,724.74,0.0,1449.48,1051.2
17748,UB-007954,111,2,663.84,5.0,1261.3,1113.58
17749,UB-007954,14,2,764.3,0.0,1528.6,1139.28
17750,UB-007954,101,3,1137.64,5.0,3242.27,2679.81
17751,UB-007954,85,1,339.29,10.0,305.36,232.68
17752,UB-007955,113,1,859.49,0.0,859.49,695.0
17753,UB-007956,133,1,489.66,10.0,440.69,320.37
17754,UB-007957,125,1,330.99,20.0,264.79,213.73
17755,UB-007957,116,2,770.69,0.0,1541.38,997.12
17756,UB-007957,122,1,653.79,0.0,653.79,508.02
17757,UB-007957,77,1,271.19,0.0,271.19,195.63
17758,UB-007958,118,1,635.98,5.0,604.18,421.79
17759,UB-007959,16,1,1080.54,0.0,1080.54,816.38
17760,UB-007960,52,1,635.7,15.0,540.35,457.32
17761,UB-007960,16,1,1053.04,5.0,1000.39,816.38
17762,UB-007960,47,1,108.69,10.0,97.82,87.48
17763,UB-007960,135,5,622.74,10.0,2802.33,1987.1
17764,UB-007961,45,1,820.09,0.0,820.09,610.87
17765,UB-007962,58,1,564.38,0.0,564.38,356.56
17766,UB-007962,7,2,1014.91,0.0,2029.82,1507.5
17767,UB-007963,53,1,1306.87,15.0,1110.84,865.12
17768,UB-007963,1,2,309.65,0.0,619.3,420.62
17769,UB-007963,109,1,160.21,5.0,152.2,98.8
17770,UB-007964,26,1,216.89,0.0,216.89,138.49
17771,UB-007964,140,2,299.57,0.0,599.14,390.12
17772,UB-007965,118,1,651.23,0.0,651.23,421.79
17773,UB-007965,134,1,965.0,10.0,868.5,633.2
17774,UB-007966,93,3,90.76,0.0,272.28,218.49
17775,UB-007966,141,2,283.36,0.0,566.72,371.34
17776,UB-007966,123,1,482.8,0.0,482.8,328.9
17777,UB-007967,69,1,310.48,15.0,263.91,234.6
17778,UB-007968,107,1,316.24,0.0,316.24,228.45
17779,UB-007968,21,2,793.79,15.0,1349.44,1164.12
17780,UB-007968,24,1,91.49,10.0,82.34,61.51
17781,UB-007969,40,1,379.43,0.0,379.43,255.94
17782,UB-007969,43,1,164.99,10.0,148.49,116.88
17783,UB-007970,130,2,900.62,0.0,1801.24,1307.06
17784,UB-007970,99,1,110.16,0.0,110.16,80.94
17785,UB-007971,69,1,316.6,0.0,316.6,234.6
17786,UB-007972,124,1,540.47,0.0,540.47,445.56
17787,UB-007972,35,3,791.02,0.0,2373.06,1702.89
17788,UB-007972,74,1,1135.92,0.0,1135.92,882.89
17789,UB-007973,12,3,573.23,5.0,1633.71,1276.98
17790,UB-007974,83,2,870.98,10.0,1567.76,1414.0
17791,UB-007974,60,2,184.92,10.0,332.86,289.64
17792,UB-007975,125,4,335.38,5.0,1274.44,854.92
17793,UB-007975,80,3,414.24,15.0,1056.31,907.74
17794,UB-007976,117,1,554.59,10.0,499.13,410.43
17795,UB-007976,95,2,484.15,0.0,968.3,739.6
17796,UB-007977,49,4,970.64,10.0,3494.3,2456.16
17797,UB-007977,124,1,522.67,0.0,522.67,445.56
17798,UB-007978,71,1,192.38,0.0,192.38,122.07
17799,UB-007979,43,1,167.42,0.0,167.42,116.88
17800,UB-007979,118,1,636.18,5.0,604.37,421.79
17801,UB-007980,88,2,685.17,15.0,1164.79,1107.78
17802,UB-007980,55,1,890.25,0.0,890.25,606.14
17803,UB-007980,52,3,666.15,15.0,1698.68,1371.96
17804,UB-007980,109,3,156.32,5.0,445.51,296.4
17805,UB-007981,71,2,191.82,0.0,383.64,244.14
17806,UB-007981,36,1,839.42,10.0,755.48,533.78
17807,UB-007981,22,1,675.15,15.0,573.88,475.66
17808,UB-007982,137,5,1251.06,10.0,5629.77,4081.1
17809,UB-007982,45,1,811.47,15.0,689.75,610.87
17810,UB-007982,16,3,1046.89,0.0,3140.67,2449.14
17811,UB-007982,71,1,184.65,5.0,175.42,122.07
17812,UB-007983,98,5,572.08,5.0,2717.38,2336.65
17813,UB-007983,96,5,492.75,5.0,2340.56,1836.1
17814,UB-007984,109,3,153.4,0.0,460.2,296.4
17815,UB-007984,138,1,885.18,0.0,885.18,604.6
17816,UB-007984,68,1,226.53,0.0,226.53,161.19
17817,UB-007985,113,1,859.22,20.0,687.38,695.0
17818,UB-007986,96,2,515.49,10.0,927.88,734.44
17819,UB-007986,71,1,191.87,0.0,191.87,122.07
17820,UB-007986,34,1,163.05,10.0,146.75,138.03
17821,UB-007987,144,2,414.39,0.0,828.78,601.24
17822,UB-007988,21,1,765.14,0.0,765.14,582.06
17823,UB-007988,59,1,303.05,0.0,303.05,241.88
17824,UB-007988,39,1,868.15,5.0,824.74,614.07
17825,UB-007988,132,3,1221.72,0.0,3665.16,2430.24
17826,UB-007989,107,2,323.3,0.0,646.6,456.9
17827,UB-007990,71,2,185.47,0.0,370.94,244.14
17828,UB-007990,51,1,233.11,10.0,209.8,158.99
17829,UB-007991,47,1,103.36,10.0,93.02,87.48
17830,UB-007991,131,2,914.57,0.0,1829.14,1376.06
17831,UB-007991,130,2,919.93,0.0,1839.86,1307.06
17832,UB-007992,138,1,883.98,0.0,883.98,604.6
17833,UB-007992,89,2,595.93,10.0,1072.67,838.3
17834,UB-007993,102,2,1210.63,0.0,2421.26,1658.76
17835,UB-007994,18,1,855.41,10.0,769.87,648.71
17836,UB-007995,72,1,974.17,15.0,828.04,741.6
17837,UB-007996,141,2,274.26,5.0,521.09,371.34
17838,UB-007996,25,2,654.29,0.0,1308.58,992.56
17839,UB-007996,53,3,1323.26,15.0,3374.31,2595.36
17840,UB-007997,65,1,734.93,0.0,734.93,525.6
17841,UB-007997,27,2,1077.98,5.0,2048.16,1782.76
17842,UB-007997,70,1,1361.95,0.0,1361.95,864.59
17843,UB-007998,85,2,340.01,10.0,612.02,465.36
17844,UB-007999,126,1,1240.79,10.0,1116.71,803.5
17845,UB-007999,25,2,667.5,20.0,1068.0,992.56
17846,UB-008000,22,3,656.27,0.0,1968.81,1426.98
17847,UB-008001,4,2,798.5,10.0,1437.3,1216.68
17848,UB-008001,2,4,509.87,0.0,2039.48,1484.88
17849,UB-008002,117,2,538.25,0.0,1076.5,820.86
17850,UB-008003,55,5,905.55,10.0,4074.97,3030.7
17851,UB-008003,34,3,163.86,10.0,442.42,414.09
17852,UB-008003,52,2,658.12,15.0,1118.8,914.64
17853,UB-008004,142,2,481.38,0.0,962.76,812.58
17854,UB-008004,12,1,544.06,0.0,544.06,425.66
17855,UB-008005,138,1,898.06,0.0,898.06,604.6
17856,UB-008005,63,1,258.37,15.0,219.61,167.23
17857,UB-008005,88,1,692.55,5.0,657.92,553.89
17858,UB-008006,31,2,725.57,0.0,1451.14,1163.18
17859,UB-008006,34,3,165.86,0.0,497.58,414.09
17860,UB-008006,103,4,934.47,0.0,3737.88,2726.08
17861,UB-008006,44,1,760.98,5.0,722.93,587.81
17862,UB-008006,83,2,854.08,10.0,1537.34,1414.0
17863,UB-008007,43,1,165.59,0.0,165.59,116.88
17864,UB-008008,138,1,927.74,0.0,927.74,604.6
17865,UB-008008,42,5,619.97,15.0,2634.87,1991.9
17866,UB-008008,31,2,715.03,0.0,1430.06,1163.18
17867,UB-008009,106,1,1042.51,0.0,1042.51,719.76
17868,UB-008009,116,1,748.36,0.0,748.36,498.56
17869,UB-008010,113,2,895.29,0.0,1790.58,1390.0
17870,UB-008011,59,1,304.34,0.0,304.34,241.88
17871,UB-008011,27,1,1106.92,0.0,1106.92,891.38
17872,UB-008011,43,2,169.02,0.0,338.04,233.76
17873,UB-008011,115,1,1232.54,0.0,1232.54,798.92
17874,UB-008011,49,1,938.56,0.0,938.56,614.04
17875,UB-008012,4,1,795.81,0.0,795.81,608.34
17876,UB-008012,141,1,282.82,10.0,254.54,185.67
17877,UB-008012,29,4,738.37,0.0,2953.48,2145.28
17878,UB-008013,42,1,614.87,10.0,553.38,398.38
17879,UB-008013,133,3,487.77,15.0,1243.81,961.11
17880,UB-008013,49,1,971.96,0.0,971.96,614.04
17881,UB-008014,26,1,215.85,0.0,215.85,138.49
17882,UB-008014,22,1,645.7,10.0,581.13,475.66
17883,UB-008015,118,3,635.0,0.0,1905.0,1265.37
17884,UB-008016,31,2,709.05,0.0,1418.1,1163.18
17885,UB-008017,21,2,777.88,0.0,1555.76,1164.12
17886,UB-008017,84,1,1254.94,0.0,1254.94,812.12
17887,UB-008017,82,1,1067.47,0.0,1067.47,685.33
17888,UB-008017,124,1,548.11,0.0,548.11,445.56
17889,UB-008018,103,1,892.57,5.0,847.94,681.52
17890,UB-008018,89,1,598.51,5.0,568.58,419.15
17891,UB-008018,69,2,313.41,0.0,626.82,469.2
17892,UB-008019,76,2,835.52,10.0,1503.94,1233.78
17893,UB-008019,131,5,895.54,0.0,4477.7,3440.15
17894,UB-008020,11,1,472.22,5.0,448.61,366.75
17895,UB-008020,61,2,1114.8,0.0,2229.6,1656.28
17896,UB-008020,136,1,1386.74,0.0,1386.74,866.98
17897,UB-008020,67,2,157.29,10.0,283.12,192.4
17898,UB-008021,80,2,394.25,0.0,788.5,605.16
17899,UB-008021,118,1,623.16,0.0,623.16,421.79
17900,UB-008022,90,5,673.8,5.0,3200.55,2536.3
17901,UB-008023,111,3,647.47,20.0,1553.93,1670.37
17902,UB-008024,17,1,828.54,15.0,704.26,644.64
17903,UB-008024,119,2,571.62,0.0,1143.24,955.0
17904,UB-008024,115,1,1235.09,0.0,1235.09,798.92
17905,UB-008024,135,1,597.85,0.0,597.85,397.42
17906,UB-008025,94,1,756.81,0.0,756.81,538.36
17907,UB-008025,72,1,985.01,5.0,935.76,741.6
17908,UB-008025,13,2,359.01,0.0,718.02,471.82
17909,UB-008026,101,1,1122.53,20.0,898.02,893.27
17910,UB-008027,13,2,367.5,0.0,735.0,471.82
17911,UB-008027,130,3,934.75,0.0,2804.25,1960.59
17912,UB-008027,126,1,1232.2,10.0,1108.98,803.5
17913,UB-008028,45,1,814.45,10.0,733.01,610.87
17914,UB-008029,45,2,820.63,5.0,1559.2,1221.74
17915,UB-008029,101,1,1095.72,0.0,1095.72,893.27
17916,UB-008029,17,1,869.3,5.0,825.83,644.64
17917,UB-008030,62,3,389.99,10.0,1052.97,781.65
17918,UB-008030,2,1,493.62,0.0,493.62,371.22
17919,UB-008031,109,4,154.98,15.0,526.93,395.2
17920,UB-008031,117,1,544.19,10.0,489.77,410.43
17921,UB-008031,52,2,635.94,5.0,1208.29,914.64
17922,UB-008032,7,2,1030.79,5.0,1958.5,1507.5
17923,UB-008033,63,4,257.73,0.0,1030.92,668.92
17924,UB-008033,59,4,290.66,15.0,988.24,967.52
17925,UB-008033,96,3,496.45,0.0,1489.35,1101.66
17926,UB-008034,16,1,1094.32,10.0,984.89,816.38
17927,UB-008034,81,2,1019.62,15.0,1733.35,1420.96
17928,UB-008034,67,1,149.9,10.0,134.91,96.2
17929,UB-008034,139,1,725.48,10.0,652.93,504.16
17930,UB-008035,50,2,425.22,0.0,850.44,655.38
17931,UB-008035,123,3,482.95,0.0,1448.85,986.7
17932,UB-008035,6,3,983.77,0.0,2951.31,2076.87
17933,UB-008036,20,1,970.77,0.0,970.77,674.24
17934,UB-008037,88,2,690.54,0.0,1381.08,1107.78
17935,UB-008037,110,1,929.68,15.0,790.23,679.34
17936,UB-008038,42,1,621.42,0.0,621.42,398.38
17937,UB-008038,37,1,1065.11,5.0,1011.85,831.45
17938,UB-008039,78,1,818.47,10.0,736.62,544.75
17939,UB-008039,127,1,294.79,0.0,294.79,222.26
17940,UB-008040,17,1,834.98,0.0,834.98,644.64
17941,UB-008041,63,1,249.02,0.0,249.02,167.23
17942,UB-008041,105,1,1218.99,5.0,1158.04,888.95
17943,UB-008041,41,1,911.62,0.0,911.62,743.96
17944,UB-008042,127,2,309.29,5.0,587.65,444.52
17945,UB-008043,9,1,697.85,10.0,628.07,501.69
17946,UB-008043,119,1,594.31,0.0,594.31,477.5
17947,UB-008043,86,1,479.89,5.0,455.9,409.68
17948,UB-008044,108,2,1141.05,10.0,2053.89,1591.1
17949,UB-008044,14,3,748.11,0.0,2244.33,1708.92
17950,UB-008044,57,1,775.37,5.0,736.6,567.7
17951,UB-008044,19,1,688.19,5.0,653.78,474.21
17952,UB-008045,50,1,427.75,0.0,427.75,327.69
17953,UB-008045,132,1,1280.92,0.0,1280.92,810.08
17954,UB-008045,52,3,656.02,0.0,1968.06,1371.96
17955,UB-008046,60,1,189.59,5.0,180.11,144.82
17956,UB-008047,55,2,881.61,0.0,1763.22,1212.28
17957,UB-008047,69,1,305.08,15.0,259.32,234.6
17958,UB-008047,58,3,580.43,20.0,1393.03,1069.68
17959,UB-008047,16,1,1080.71,0.0,1080.71,816.38
17960,UB-008048,110,1,931.06,0.0,931.06,679.34
17961,UB-008049,30,1,1396.06,0.0,1396.06,865.11
17962,UB-008050,100,3,198.14,15.0,505.26,476.64
17963,UB-008050,139,1,715.26,0.0,715.26,504.16
17964,UB-008051,122,1,649.65,0.0,649.65,508.02
17965,UB-008052,100,1,200.35,0.0,200.35,158.88
17966,UB-008052,109,2,158.45,0.0,316.9,197.6
17967,UB-008053,16,4,1085.93,10.0,3909.35,3265.52
17968,UB-008054,140,3,289.33,0.0,867.99,585.18
17969,UB-008054,124,3,525.45,5.0,1497.53,1336.68
17970,UB-008054,43,1,165.6,5.0,157.32,116.88
17971,UB-008055,99,1,113.73,0.0,113.73,80.94
17972,UB-008056,144,5,412.17,10.0,1854.76,1503.1
17973,UB-008056,9,2,679.08,5.0,1290.25,1003.38
17974,UB-008057,10,1,98.04,5.0,93.14,70.79
17975,UB-008057,18,2,813.61,10.0,1464.5,1297.42
17976,UB-008057,56,1,511.35,10.0,460.22,348.78
17977,UB-008058,67,1,156.49,20.0,125.19,96.2
17978,UB-008059,60,2,188.8,0.0,377.6,289.64
17979,UB-008059,45,1,811.3,0.0,811.3,610.87
17980,UB-008060,95,2,470.78,0.0,941.56,739.6
17981,UB-008060,47,1,107.71,5.0,102.32,87.48
17982,UB-008061,46,1,223.63,15.0,190.09,167.81
17983,UB-008061,11,2,471.88,0.0,943.76,733.5
17984,UB-008061,41,1,937.65,5.0,890.77,743.96
17985,UB-008061,125,1,340.4,10.0,306.36,213.73
17986,UB-008061,7,1,1060.59,15.0,901.5,753.75
17987,UB-008062,19,5,690.54,0.0,3452.7,2371.05
17988,UB-008062,52,1,646.03,0.0,646.03,457.32
17989,UB-008062,65,3,710.3,0.0,2130.9,1576.8
17990,UB-008063,79,3,750.31,0.0,2250.93,1436.64
17991,UB-008064,8,1,383.28,0.0,383.28,293.44
17992,UB-008064,24,1,93.43,0.0,93.43,61.51
17993,UB-008065,4,3,813.3,10.0,2195.91,1825.02
17994,UB-008065,75,1,866.25,0.0,866.25,587.78
17995,UB-008065,115,1,1239.64,0.0,1239.64,798.92
17996,UB-008066,119,3,600.09,5.0,1710.26,1432.5
17997,UB-008066,86,1,473.95,0.0,473.95,409.68
17998,UB-008067,100,1,203.4,0.0,203.4,158.88
17999,UB-008067,142,1,495.09,10.0,445.58,406.29
18000,UB-008067,58,3,581.31,0.0,1743.93,1069.68
18001,UB-008068,14,4,749.47,5.0,2847.99,2278.56
18002,UB-008069,130,1,928.25,5.0,881.84,653.53
18003,UB-008069,91,2,452.77,0.0,905.54,642.14
18004,UB-008069,134,2,954.22,10.0,1717.6,1266.4
18005,UB-008070,64,1,318.09,0.0,318.09,214.27
18006,UB-008071,69,2,319.39,0.0,638.78,469.2
18007,UB-008071,16,1,1047.35,0.0,1047.35,816.38
18008,UB-008071,31,2,742.77,0.0,1485.54,1163.18
18009,UB-008072,64,3,330.33,0.0,990.99,642.81
18010,UB-008073,42,1,597.67,0.0,597.67,398.38
18011,UB-008073,111,1,646.74,0.0,646.74,556.79
18012,UB-008074,115,3,1235.3,0.0,3705.9,2396.76
18013,UB-008074,95,1,483.97,10.0,435.57,369.8
18014,UB-008074,71,2,184.67,0.0,369.34,244.14
18015,UB-008074,134,2,944.97,5.0,1795.44,1266.4
18016,UB-008074,60,2,189.14,5.0,359.37,289.64
18017,UB-008075,94,4,748.74,5.0,2845.21,2153.44
18018,UB-008075,33,1,443.01,0.0,443.01,296.56
18019,UB-008076,126,1,1258.83,0.0,1258.83,803.5
18020,UB-008076,46,1,214.22,15.0,182.09,167.81
18021,UB-008076,31,1,740.67,0.0,740.67,581.59
18022,UB-008076,82,2,1054.44,10.0,1897.99,1370.66
18023,UB-008077,119,1,585.64,0.0,585.64,477.5
18024,UB-008077,44,3,775.77,10.0,2094.58,1763.43
18025,UB-008078,113,1,895.7,0.0,895.7,695.0
18026,UB-008078,27,1,1047.36,0.0,1047.36,891.38
18027,UB-008078,31,1,723.02,0.0,723.02,581.59
18028,UB-008079,56,3,502.3,0.0,1506.9,1046.34
18029,UB-008079,48,2,360.73,10.0,649.31,509.26
18030,UB-008080,32,1,101.55,10.0,91.39,79.85
18031,UB-008080,115,1,1235.18,0.0,1235.18,798.92
18032,UB-008080,12,1,568.39,5.0,539.97,425.66
18033,UB-008081,108,1,1110.43,0.0,1110.43,795.55
18034,UB-008081,52,1,651.29,15.0,553.6,457.32
18035,UB-008082,90,3,703.68,10.0,1899.94,1521.78
18036,UB-008082,116,2,761.17,10.0,1370.11,997.12
18037,UB-008083,53,3,1289.75,0.0,3869.25,2595.36
18038,UB-008084,141,1,281.22,0.0,281.22,185.67
18039,UB-008084,85,3,325.48,5.0,927.62,698.04
18040,UB-008084,60,4,189.66,0.0,758.64,579.28
18041,UB-008084,42,3,612.46,0.0,1837.38,1195.14
18042,UB-008085,93,4,90.21,0.0,360.84,291.32
18043,UB-008086,111,1,661.36,0.0,661.36,556.79
18044,UB-008086,103,1,929.67,0.0,929.67,681.52
18045,UB-008086,84,1,1281.21,0.0,1281.21,812.12
18046,UB-008086,25,1,667.97,0.0,667.97,496.28
18047,UB-008086,110,1,948.47,0.0,948.47,679.34
18048,UB-008087,143,1,818.82,0.0,818.82,614.71
18049,UB-008087,71,1,191.98,5.0,182.38,122.07
18050,UB-008087,74,1,1156.59,0.0,1156.59,882.89
18051,UB-008087,20,1,937.55,20.0,750.04,674.24
18052,UB-008088,124,2,535.63,0.0,1071.26,891.12
18053,UB-008089,56,4,520.41,10.0,1873.48,1395.12
18054,UB-008090,31,1,709.81,5.0,674.32,581.59
18055,UB-008090,24,1,96.82,10.0,87.14,61.51
18056,UB-008091,89,1,576.15,15.0,489.73,419.15
18057,UB-008091,20,4,953.99,20.0,3052.77,2696.96
18058,UB-008091,38,3,1085.32,10.0,2930.36,2165.07
18059,UB-008092,142,1,490.76,0.0,490.76,406.29
18060,UB-008092,133,3,517.15,5.0,1473.88,961.11
18061,UB-008092,6,2,985.66,10.0,1774.19,1384.58
18062,UB-008093,107,1,318.75,0.0,318.75,228.45
18063,UB-008093,81,1,1058.5,15.0,899.73,710.48
18064,UB-008093,144,3,422.35,20.0,1013.64,901.86
18065,UB-008093,53,1,1316.83,20.0,1053.46,865.12
18066,UB-008094,56,2,530.84,0.0,1061.68,697.56
18067,UB-008094,142,1,472.67,0.0,472.67,406.29
18068,UB-008095,86,1,479.58,0.0,479.58,409.68
18069,UB-008095,69,1,309.76,0.0,309.76,234.6
18070,UB-008096,85,1,336.84,20.0,269.47,232.68
18071,UB-008096,99,1,114.17,20.0,91.34,80.94
18072,UB-008097,17,1,872.74,0.0,872.74,644.64
18073,UB-008098,118,2,649.33,20.0,1038.93,843.58
18074,UB-008098,22,2,678.62,0.0,1357.24,951.32
18075,UB-008098,18,1,835.22,5.0,793.46,648.71
18076,UB-008099,3,1,1159.93,0.0,1159.93,724.04
18077,UB-008100,58,1,557.39,0.0,557.39,356.56
18078,UB-008100,134,1,971.26,0.0,971.26,633.2
18079,UB-008101,20,1,962.62,0.0,962.62,674.24
18080,UB-008101,16,3,1062.75,5.0,3028.84,2449.14
18081,UB-008102,108,2,1161.06,5.0,2206.01,1591.1
18082,UB-008103,99,1,113.59,20.0,90.87,80.94
18083,UB-008103,111,1,662.94,0.0,662.94,556.79
18084,UB-008104,55,1,926.36,0.0,926.36,606.14
18085,UB-008104,51,3,237.43,5.0,676.68,476.97
18086,UB-008104,96,1,504.6,5.0,479.37,367.22
18087,UB-008104,36,4,817.27,0.0,3269.08,2135.12
18088,UB-008105,32,1,102.17,0.0,102.17,79.85
18089,UB-008105,140,2,299.9,5.0,569.81,390.12
18090,UB-008105,30,1,1387.18,15.0,1179.1,865.11
18091,UB-008105,82,2,1029.71,0.0,2059.42,1370.66
18092,UB-008105,116,1,739.06,10.0,665.15,498.56
18093,UB-008106,129,1,1216.17,0.0,1216.17,766.85
18094,UB-008106,87,1,381.02,0.0,381.02,296.68
18095,UB-008106,31,1,723.59,10.0,651.23,581.59
18096,UB-008106,140,3,298.28,10.0,805.36,585.18
18097,UB-008107,7,2,1033.35,10.0,1860.03,1507.5
18098,UB-008107,18,1,838.77,5.0,796.83,648.71
18099,UB-008108,86,3,497.14,0.0,1491.42,1229.04
18100,UB-008108,60,1,185.87,0.0,185.87,144.82
18101,UB-008108,112,1,463.54,0.0,463.54,338.04
18102,UB-008108,117,1,546.3,10.0,491.67,410.43
18103,UB-008109,111,1,644.51,5.0,612.28,556.79
18104,UB-008109,17,1,870.71,15.0,740.1,644.64
18105,UB-008110,91,1,467.38,5.0,444.01,321.07
18106,UB-008110,59,2,301.55,0.0,603.1,483.76
18107,UB-008110,116,2,771.6,0.0,1543.2,997.12
18108,UB-008111,55,2,897.16,0.0,1794.32,1212.28
18109,UB-008111,129,2,1177.78,0.0,2355.56,1533.7
18110,UB-008112,115,1,1222.78,0.0,1222.78,798.92
18111,UB-008113,73,1,997.29,20.0,797.83,662.98
18112,UB-008113,44,1,775.74,0.0,775.74,587.81
18113,UB-008114,12,3,568.71,0.0,1706.13,1276.98
18114,UB-008114,46,1,213.92,5.0,203.22,167.81
18115,UB-008115,136,1,1380.57,5.0,1311.54,866.98
18116,UB-008115,130,2,906.46,5.0,1722.27,1307.06
18117,UB-008115,106,1,1052.71,5.0,1000.07,719.76
18118,UB-008115,98,1,576.02,5.0,547.22,467.33
18119,UB-008116,135,2,599.84,10.0,1079.71,794.84
18120,UB-008116,57,1,763.44,0.0,763.44,567.7
18121,UB-008116,5,2,1378.27,0.0,2756.54,1744.5
18122,UB-008117,48,3,353.02,0.0,1059.06,763.89
18123,UB-008118,2,2,498.35,20.0,797.36,742.44
18124,UB-008118,19,2,700.32,0.0,1400.64,948.42
18125,UB-008119,85,1,330.61,0.0,330.61,232.68
18126,UB-008119,97,2,1124.47,0.0,2248.94,1425.1
18127,UB-008119,38,2,1047.83,0.0,2095.66,1443.38
18128,UB-008119,36,1,855.12,0.0,855.12,533.78
18129,UB-008119,63,1,252.36,0.0,252.36,167.23
18130,UB-008120,112,2,465.96,0.0,931.92,676.08
18131,UB-008120,136,3,1365.87,10.0,3687.85,2600.94
18132,UB-008121,124,2,549.01,15.0,933.32,891.12
18133,UB-008121,53,1,1289.19,10.0,1160.27,865.12
18134,UB-008122,108,1,1106.14,0.0,1106.14,795.55
18135,UB-008123,114,1,987.95,10.0,889.16,645.87
18136,UB-008123,3,1,1137.84,0.0,1137.84,724.04
18137,UB-008123,66,1,960.14,0.0,960.14,716.35
18138,UB-008124,72,4,997.61,0.0,3990.44,2966.4
18139,UB-008124,104,1,1217.08,0.0,1217.08,879.92
18140,UB-008125,61,1,1094.02,0.0,1094.02,828.14
18141,UB-008125,21,1,786.23,5.0,746.92,582.06
18142,UB-008126,74,3,1132.89,5.0,3228.74,2648.67
18143,UB-008126,121,3,904.4,5.0,2577.54,2051.07
18144,UB-008126,67,1,152.57,0.0,152.57,96.2
18145,UB-008127,22,1,641.26,10.0,577.13,475.66
18146,UB-008127,115,1,1190.81,10.0,1071.73,798.92
18147,UB-008127,136,5,1375.72,15.0,5846.81,4334.9
18148,UB-008128,106,2,1023.1,15.0,1739.27,1439.52
18149,UB-008128,50,1,426.06,5.0,404.76,327.69
18150,UB-008129,79,2,736.78,0.0,1473.56,957.76
18151,UB-008130,130,1,912.18,5.0,866.57,653.53
18152,UB-008130,27,2,1075.54,20.0,1720.86,1782.76
18153,UB-008131,129,2,1198.48,0.0,2396.96,1533.7
18154,UB-008131,55,2,896.97,5.0,1704.24,1212.28
18155,UB-008131,58,1,565.15,15.0,480.38,356.56
18156,UB-008132,50,4,443.03,0.0,1772.12,1310.76
18157,UB-008132,60,1,184.11,0.0,184.11,144.82
18158,UB-008132,129,2,1155.99,5.0,2196.38,1533.7
18159,UB-008133,68,3,219.51,10.0,592.68,483.57
18160,UB-008133,18,2,824.93,15.0,1402.38,1297.42
18161,UB-008133,52,1,642.98,5.0,610.83,457.32
18162,UB-008134,108,1,1159.63,0.0,1159.63,795.55
18163,UB-008134,3,1,1168.72,0.0,1168.72,724.04
18164,UB-008134,139,3,721.92,5.0,2057.47,1512.48
18165,UB-008135,136,1,1379.13,15.0,1172.26,866.98
18166,UB-008136,5,2,1348.27,15.0,2292.06,1744.5
18167,UB-008136,54,2,1045.97,10.0,1882.75,1614.36
18168,UB-008137,24,1,95.41,5.0,90.64,61.51
18169,UB-008138,28,3,887.88,0.0,2663.64,2019.75
18170,UB-008138,55,1,915.08,0.0,915.08,606.14
18171,UB-008139,105,1,1215.96,20.0,972.77,888.95
18172,UB-008140,69,1,311.08,0.0,311.08,234.6
18173,UB-008140,142,1,483.96,0.0,483.96,406.29
18174,UB-008140,122,2,637.02,10.0,1146.64,1016.04
18175,UB-008141,94,1,746.76,10.0,672.08,538.36
18176,UB-008141,15,1,1256.63,10.0,1130.97,855.33
18177,UB-008142,77,3,274.59,0.0,823.77,586.89
18178,UB-008142,104,1,1258.02,0.0,1258.02,879.92
18179,UB-008143,90,2,686.99,5.0,1305.28,1014.52
18180,UB-008143,39,1,872.65,0.0,872.65,614.07
18181,UB-008143,78,1,819.03,10.0,737.13,544.75
18182,UB-008143,17,2,866.28,15.0,1472.68,1289.28
18183,UB-008144,141,3,276.08,5.0,786.83,557.01
18184,UB-008145,141,3,285.4,5.0,813.39,557.01
18185,UB-008145,137,3,1324.7,10.0,3576.69,2448.66
18186,UB-008145,102,2,1197.65,10.0,2155.77,1658.76
18187,UB-008145,92,2,825.71,0.0,1651.42,1049.02
18188,UB-008146,45,2,819.87,0.0,1639.74,1221.74
18189,UB-008146,36,1,848.17,10.0,763.35,533.78
18190,UB-008147,41,5,928.91,5.0,4412.32,3719.8
18191,UB-008147,120,2,740.01,0.0,1480.02,977.0
18192,UB-008148,116,1,772.13,0.0,772.13,498.56
18193,UB-008149,110,4,926.1,0.0,3704.4,2717.36
18194,UB-008150,89,1,581.11,10.0,523.0,419.15
18195,UB-008150,91,2,453.28,0.0,906.56,642.14
18196,UB-008150,99,3,115.1,0.0,345.3,242.82
18197,UB-008151,115,1,1171.97,10.0,1054.77,798.92
18198,UB-008152,18,4,837.38,0.0,3349.52,2594.84
18199,UB-008153,57,2,765.08,0.0,1530.16,1135.4
18200,UB-008154,66,2,946.08,10.0,1702.94,1432.7
18201,UB-008155,43,2,173.46,0.0,346.92,233.76
18202,UB-008155,11,1,470.87,0.0,470.87,366.75
18203,UB-008155,48,1,353.62,0.0,353.62,254.63
18204,UB-008156,112,1,465.11,0.0,465.11,338.04
18205,UB-008156,70,1,1357.94,10.0,1222.15,864.59
18206,UB-008156,79,1,751.04,15.0,638.38,478.88
18207,UB-008157,23,2,911.59,0.0,1823.18,1255.08
18208,UB-008157,33,1,429.08,0.0,429.08,296.56
18209,UB-008157,121,1,890.66,15.0,757.06,683.69
18210,UB-008157,57,2,771.75,0.0,1543.5,1135.4
18211,UB-008157,122,1,647.01,10.0,582.31,508.02
18212,UB-008158,81,2,1053.29,0.0,2106.58,1420.96
18213,UB-008158,50,2,423.17,0.0,846.34,655.38
18214,UB-008159,100,2,201.4,5.0,382.66,317.76
18215,UB-008159,101,3,1110.34,15.0,2831.37,2679.81
18216,UB-008160,110,1,911.4,0.0,911.4,679.34
18217,UB-008161,67,1,153.73,10.0,138.36,96.2
18218,UB-008162,6,2,976.67,0.0,1953.34,1384.58
18219,UB-008162,92,2,828.72,5.0,1574.57,1049.02
18220,UB-008163,135,2,623.62,5.0,1184.88,794.84
18221,UB-008163,10,2,99.21,10.0,178.58,141.58
18222,UB-008163,117,1,541.24,0.0,541.24,410.43
18223,UB-008164,133,2,511.49,0.0,1022.98,640.74
18224,UB-008164,52,4,663.45,0.0,2653.8,1829.28
18225,UB-008164,105,2,1246.58,0.0,2493.16,1777.9
18226,UB-008165,131,4,892.09,0.0,3568.36,2752.12
18227,UB-008165,5,2,1390.86,10.0,2503.55,1744.5
18228,UB-008165,130,1,911.89,0.0,911.89,653.53
18229,UB-008166,2,1,498.56,0.0,498.56,371.22
18230,UB-008167,19,1,673.54,10.0,606.19,474.21
18231,UB-008167,81,1,1036.1,5.0,984.29,710.48
18232,UB-008168,115,1,1210.62,0.0,1210.62,798.92
18233,UB-008168,32,3,102.46,10.0,276.64,239.55
18234,UB-008168,74,1,1157.4,15.0,983.79,882.89
18235,UB-008169,48,1,356.21,0.0,356.21,254.63
18236,UB-008169,5,1,1383.53,5.0,1314.35,872.25
18237,UB-008169,133,1,510.27,0.0,510.27,320.37
18238,UB-008170,83,1,864.62,0.0,864.62,707.0
18239,UB-008171,90,1,688.63,15.0,585.34,507.26
18240,UB-008172,42,3,603.1,5.0,1718.84,1195.14
18241,UB-008172,131,2,906.78,0.0,1813.56,1376.06
18242,UB-008172,23,1,925.82,10.0,833.24,627.54
18243,UB-008172,78,1,797.12,5.0,757.26,544.75
18244,UB-008172,92,1,843.67,0.0,843.67,524.51
18245,UB-008173,22,1,670.22,0.0,670.22,475.66
18246,UB-008173,35,2,812.18,10.0,1461.92,1135.26
18247,UB-008174,15,2,1242.46,0.0,2484.92,1710.66
18248,UB-008175,89,1,589.84,0.0,589.84,419.15
18249,UB-008175,134,1,948.53,0.0,948.53,633.2
18250,UB-008175,127,3,299.86,0.0,899.58,666.78
18251,UB-008175,104,2,1221.56,0.0,2443.12,1759.84
18252,UB-008176,32,5,107.38,0.0,536.9,399.25
18253,UB-008176,77,3,275.42,10.0,743.63,586.89
18254,UB-008176,118,3,644.67,5.0,1837.31,1265.37
18255,UB-008176,82,1,1013.03,0.0,1013.03,685.33
18256,UB-008177,68,1,220.17,0.0,220.17,161.19
18257,UB-008177,129,1,1208.61,10.0,1087.75,766.85
18258,UB-008178,103,5,908.53,20.0,3634.12,3407.6
18259,UB-008178,111,1,640.78,20.0,512.62,556.79
18260,UB-008179,10,2,97.45,0.0,194.9,141.58
18261,UB-008179,55,5,896.53,0.0,4482.65,3030.7
18262,UB-008180,81,1,1025.02,10.0,922.52,710.48
18263,UB-008180,2,1,493.56,15.0,419.53,371.22
18264,UB-008180,104,2,1224.67,0.0,2449.34,1759.84
18265,UB-008180,129,1,1179.37,5.0,1120.4,766.85
18266,UB-008181,53,4,1301.17,0.0,5204.68,3460.48
18267,UB-008182,69,5,313.76,10.0,1411.92,1173.0
18268,UB-008182,139,1,697.63,0.0,697.63,504.16
18269,UB-008183,97,1,1109.68,0.0,1109.68,712.55
18270,UB-008183,110,1,916.06,0.0,916.06,679.34
18271,UB-008183,55,4,900.95,0.0,3603.8,2424.56
18272,UB-008183,87,1,377.52,10.0,339.77,296.68
18273,UB-008184,83,1,880.54,10.0,792.49,707.0
18274,UB-008184,77,1,273.9,0.0,273.9,195.63
18275,UB-008184,116,1,778.38,0.0,778.38,498.56
18276,UB-008184,35,1,800.6,5.0,760.57,567.63
18277,UB-008185,83,2,847.43,0.0,1694.86,1414.0
18278,UB-008185,124,1,543.25,20.0,434.6,445.56
18279,UB-008186,98,1,565.11,0.0,565.11,467.33
18280,UB-008186,55,3,891.17,0.0,2673.51,1818.42
18281,UB-008186,65,2,701.32,10.0,1262.38,1051.2
18282,UB-008187,70,1,1359.38,10.0,1223.44,864.59
18283,UB-008187,20,4,978.75,20.0,3132.0,2696.96
18284,UB-008188,43,2,164.86,0.0,329.72,233.76
18285,UB-008188,46,2,212.65,0.0,425.3,335.62
18286,UB-008189,62,1,379.85,5.0,360.86,260.55
18287,UB-008189,79,1,735.91,10.0,662.32,478.88
18288,UB-008190,100,2,202.74,15.0,344.66,317.76
18289,UB-008190,133,1,492.69,0.0,492.69,320.37
18290,UB-008190,38,2,1050.47,0.0,2100.94,1443.38
18291,UB-008191,98,1,563.71,0.0,563.71,467.33
18292,UB-008192,58,2,581.66,10.0,1046.99,713.12
18293,UB-008192,130,1,934.24,10.0,840.82,653.53
18294,UB-008193,138,1,925.26,5.0,879.0,604.6
18295,UB-008193,107,3,321.76,0.0,965.28,685.35
18296,UB-008194,130,2,946.63,0.0,1893.26,1307.06
18297,UB-008194,26,2,217.31,5.0,412.89,276.98
18298,UB-008195,37,5,1024.38,0.0,5121.9,4157.25
18299,UB-008195,105,1,1216.67,0.0,1216.67,888.95
18300,UB-008196,43,1,172.17,0.0,172.17,116.88
18301,UB-008196,75,1,907.56,10.0,816.8,587.78
18302,UB-008197,22,1,655.99,15.0,557.59,475.66
18303,UB-008197,90,1,688.53,20.0,550.82,507.26
18304,UB-008197,103,2,891.1,0.0,1782.2,1363.04
18305,UB-008198,34,1,163.36,0.0,163.36,138.03
18306,UB-008198,61,2,1088.4,0.0,2176.8,1656.28
18307,UB-008198,143,2,801.02,5.0,1521.94,1229.42
18308,UB-008199,95,1,495.94,0.0,495.94,369.8
18309,UB-008199,130,2,927.44,10.0,1669.39,1307.06
18310,UB-008199,92,1,814.63,0.0,814.63,524.51
18311,UB-008200,70,1,1358.16,5.0,1290.25,864.59
18312,UB-008201,34,1,162.11,0.0,162.11,138.03
18313,UB-008202,67,3,149.84,0.0,449.52,288.6
18314,UB-008202,82,2,1013.4,10.0,1824.12,1370.66
18315,UB-008202,10,2,98.34,10.0,177.01,141.58
18316,UB-008203,48,2,347.83,10.0,626.09,509.26
18317,UB-008203,89,2,573.24,0.0,1146.48,838.3
18318,UB-008203,95,2,493.09,0.0,986.18,739.6
18319,UB-008203,42,1,597.09,5.0,567.24,398.38
18320,UB-008203,10,1,95.3,0.0,95.3,70.79
18321,UB-008204,87,2,393.89,0.0,787.78,593.36
18322,UB-008204,32,3,102.11,0.0,306.33,239.55
18323,UB-008204,42,3,608.14,5.0,1733.2,1195.14
18324,UB-008204,73,1,964.88,0.0,964.88,662.98
18325,UB-008205,3,1,1117.06,0.0,1117.06,724.04
18326,UB-008205,76,2,818.06,15.0,1390.7,1233.78
18327,UB-008205,81,1,1059.3,15.0,900.4,710.48
18328,UB-008205,4,1,803.97,0.0,803.97,608.34
18329,UB-008206,79,2,756.68,0.0,1513.36,957.76
18330,UB-008206,63,2,255.63,0.0,511.26,334.46
18331,UB-008206,29,1,740.47,0.0,740.47,536.32
18332,UB-008206,61,1,1120.33,5.0,1064.31,828.14
18333,UB-008207,134,1,936.16,10.0,842.54,633.2
18334,UB-008208,48,2,351.78,0.0,703.56,509.26
18335,UB-008209,128,1,168.63,0.0,168.63,141.91
18336,UB-008209,74,2,1141.35,5.0,2168.56,1765.78
18337,UB-008209,50,3,425.18,15.0,1084.21,983.07
18338,UB-008210,122,1,646.14,10.0,581.53,508.02
18339,UB-008210,17,1,859.41,0.0,859.41,644.64
18340,UB-008211,41,1,896.6,0.0,896.6,743.96
18341,UB-008211,4,1,796.14,0.0,796.14,608.34
18342,UB-008211,89,1,585.01,0.0,585.01,419.15
18343,UB-008212,57,1,791.35,0.0,791.35,567.7
18344,UB-008212,39,1,874.08,0.0,874.08,614.07
18345,UB-008213,41,1,905.01,0.0,905.01,743.96
18346,UB-008213,66,3,941.81,0.0,2825.43,2149.05
18347,UB-008213,64,1,321.98,5.0,305.88,214.27
18348,UB-008214,107,1,325.43,0.0,325.43,228.45
18349,UB-008215,72,1,970.49,0.0,970.49,741.6
18350,UB-008215,50,1,433.9,0.0,433.9,327.69
18351,UB-008215,7,2,1049.09,0.0,2098.18,1507.5
18352,UB-008216,61,1,1068.07,15.0,907.86,828.14
18353,UB-008217,5,1,1371.23,0.0,1371.23,872.25
18354,UB-008217,19,2,696.97,0.0,1393.94,948.42
18355,UB-008218,35,2,810.85,0.0,1621.7,1135.26
18356,UB-008219,49,1,940.91,0.0,940.91,614.04
18357,UB-008219,71,3,185.56,5.0,528.85,366.21
18358,UB-008220,108,1,1109.58,20.0,887.66,795.55
18359,UB-008220,95,1,495.1,10.0,445.59,369.8
18360,UB-008220,78,1,806.04,10.0,725.44,544.75
18361,UB-008221,106,3,1054.7,5.0,3005.89,2159.28
18362,UB-008222,57,2,756.9,0.0,1513.8,1135.4
18363,UB-008222,83,1,850.34,0.0,850.34,707.0
18364,UB-008223,86,1,496.1,15.0,421.69,409.68
18365,UB-008224,13,1,378.12,20.0,302.5,235.91
18366,UB-008224,126,1,1236.72,10.0,1113.05,803.5
18367,UB-008224,3,2,1155.88,0.0,2311.76,1448.08
18368,UB-008225,121,1,931.88,0.0,931.88,683.69
18369,UB-008225,105,1,1250.02,15.0,1062.52,888.95
18370,UB-008226,16,1,1094.51,5.0,1039.78,816.38
18371,UB-008226,134,1,950.81,5.0,903.27,633.2
18372,UB-008226,90,2,683.37,0.0,1366.74,1014.52
18373,UB-008227,89,1,599.82,0.0,599.82,419.15
18374,UB-008227,13,2,359.06,0.0,718.12,471.82
18375,UB-008227,27,2,1067.1,10.0,1920.78,1782.76
18376,UB-008227,107,1,320.97,10.0,288.87,228.45
18377,UB-008228,100,2,204.51,10.0,368.12,317.76
18378,UB-008228,79,2,733.55,10.0,1320.39,957.76
18379,UB-008228,53,1,1281.86,5.0,1217.77,865.12
18380,UB-008228,66,2,951.59,0.0,1903.18,1432.7
18381,UB-008229,76,1,835.77,0.0,835.77,616.89
18382,UB-008230,72,1,998.6,0.0,998.6,741.6
18383,UB-008230,134,2,918.3,5.0,1744.77,1266.4
18384,UB-008231,19,1,695.99,10.0,626.39,474.21
18385,UB-008231,95,3,494.78,5.0,1410.12,1109.4
18386,UB-008231,124,2,542.91,0.0,1085.82,891.12
18387,UB-008232,43,1,164.24,0.0,164.24,116.88
18388,UB-008233,61,1,1118.59,0.0,1118.59,828.14
18389,UB-008234,99,3,114.85,5.0,327.32,242.82
18390,UB-008234,17,3,842.58,15.0,2148.58,1933.92
18391,UB-008234,52,3,644.54,0.0,1933.62,1371.96
18392,UB-008235,113,2,859.73,0.0,1719.46,1390.0
18393,UB-008235,62,1,386.52,10.0,347.87,260.55
18394,UB-008236,40,2,368.58,0.0,737.16,511.88
18395,UB-008236,60,2,192.82,0.0,385.64,289.64
18396,UB-008236,37,1,1047.76,5.0,995.37,831.45
18397,UB-008237,106,3,1057.55,10.0,2855.38,2159.28
18398,UB-008237,48,3,359.88,5.0,1025.66,763.89
18399,UB-008237,137,1,1302.63,0.0,1302.63,816.22
18400,UB-008238,63,1,250.44,0.0,250.44,167.23
18401,UB-008239,25,4,661.92,0.0,2647.68,1985.12
18402,UB-008239,45,2,796.04,5.0,1512.48,1221.74
18403,UB-008239,56,2,528.21,10.0,950.78,697.56
18404,UB-008239,139,1,713.29,0.0,713.29,504.16
18405,UB-008240,46,1,215.2,5.0,204.44,167.81
18406,UB-008241,120,1,744.29,0.0,744.29,488.5
18407,UB-008241,21,1,802.88,0.0,802.88,582.06
18408,UB-008242,78,1,811.04,0.0,811.04,544.75
18409,UB-008242,89,2,583.19,10.0,1049.74,838.3
18410,UB-008242,128,4,169.03,15.0,574.7,567.64
18411,UB-008243,95,2,488.07,5.0,927.33,739.6
18412,UB-008243,36,1,852.09,20.0,681.67,533.78
18413,UB-008244,47,1,109.14,15.0,92.77,87.48
18414,UB-008244,77,2,283.49,10.0,510.28,391.26
18415,UB-008244,90,2,682.69,15.0,1160.57,1014.52
18416,UB-008244,130,1,937.34,0.0,937.34,653.53
18417,UB-008244,107,1,313.72,0.0,313.72,228.45
18418,UB-008245,75,1,860.42,20.0,688.34,587.78
18419,UB-008245,35,1,792.54,20.0,634.03,567.63
18420,UB-008246,47,3,109.15,5.0,311.08,262.44
18421,UB-008247,71,1,186.1,0.0,186.1,122.07
18422,UB-008248,80,5,414.11,5.0,1967.02,1512.9
18423,UB-008248,33,2,440.27,5.0,836.51,593.12
18424,UB-008248,21,1,771.83,15.0,656.06,582.06
18425,UB-008248,79,1,762.08,0.0,762.08,478.88
18426,UB-008248,28,2,899.1,0.0,1798.2,1346.5
18427,UB-008249,129,3,1174.53,0.0,3523.59,2300.55
18428,UB-008250,90,1,690.49,0.0,690.49,507.26
18429,UB-008250,125,3,340.12,5.0,969.34,641.19
18430,UB-008250,63,1,253.98,0.0,253.98,167.23
18431,UB-008251,9,2,695.34,0.0,1390.68,1003.38
18432,UB-008251,48,1,351.79,5.0,334.2,254.63
18433,UB-008251,7,2,1056.42,10.0,1901.56,1507.5
18434,UB-008252,106,2,1050.3,0.0,2100.6,1439.52
18435,UB-008253,105,1,1275.83,0.0,1275.83,888.95
18436,UB-008253,50,1,431.33,0.0,431.33,327.69
18437,UB-008254,28,3,881.02,0.0,2643.06,2019.75
18438,UB-008255,15,2,1196.69,0.0,2393.38,1710.66
18439,UB-008256,112,1,467.37,10.0,420.63,338.04
18440,UB-008256,108,2,1115.0,0.0,2230.0,1591.1
18441,UB-008256,69,1,314.06,0.0,314.06,234.6
18442,UB-008256,18,3,836.18,0.0,2508.54,1946.13
18443,UB-008257,29,2,716.87,0.0,1433.74,1072.64
18444,UB-008257,38,1,1083.71,5.0,1029.52,721.69
18445,UB-008258,143,1,788.68,0.0,788.68,614.71
18446,UB-008259,57,4,757.53,0.0,3030.12,2270.8
18447,UB-008259,79,2,761.94,5.0,1447.69,957.76
18448,UB-008259,7,3,1025.56,10.0,2769.01,2261.25
18449,UB-008260,113,2,888.22,0.0,1776.44,1390.0
18450,UB-008260,99,1,111.37,0.0,111.37,80.94
18451,UB-008261,138,3,925.06,0.0,2775.18,1813.8
18452,UB-008261,85,1,336.31,0.0,336.31,232.68
18453,UB-008261,9,1,692.23,0.0,692.23,501.69
18454,UB-008261,11,1,452.95,0.0,452.95,366.75
18455,UB-008262,138,1,910.88,0.0,910.88,604.6
18456,UB-008262,112,2,458.05,10.0,824.49,676.08
18457,UB-008262,99,2,116.52,0.0,233.04,161.88
18458,UB-008263,99,1,115.24,10.0,103.72,80.94
18459,UB-008263,22,1,646.38,0.0,646.38,475.66
18460,UB-008264,54,1,1014.87,15.0,862.64,807.18
18461,UB-008264,46,3,219.39,0.0,658.17,503.43
18462,UB-008264,131,3,890.16,10.0,2403.43,2064.09
18463,UB-008264,72,1,992.95,0.0,992.95,741.6
18464,UB-008265,77,2,273.35,0.0,546.7,391.26
18465,UB-008265,17,1,840.82,5.0,798.78,644.64
18466,UB-008265,111,1,656.93,5.0,624.08,556.79
18467,UB-008265,123,1,466.6,0.0,466.6,328.9
18468,UB-008266,28,2,863.43,0.0,1726.86,1346.5
18469,UB-008266,129,1,1185.75,5.0,1126.46,766.85
18470,UB-008266,62,2,382.67,0.0,765.34,521.1
18471,UB-008266,10,1,96.13,0.0,96.13,70.79
18472,UB-008267,11,4,476.06,10.0,1713.82,1467.0
18473,UB-008267,76,1,825.92,5.0,784.62,616.89
18474,UB-008267,1,1,314.14,0.0,314.14,210.31
18475,UB-008268,143,1,826.06,10.0,743.45,614.71
18476,UB-008268,47,1,106.63,0.0,106.63,87.48
18477,UB-008268,94,1,729.18,20.0,583.34,538.36
18478,UB-008268,122,2,655.82,0.0,1311.64,1016.04
18479,UB-008269,100,2,207.26,0.0,414.52,317.76
18480,UB-008269,37,4,1040.95,0.0,4163.8,3325.8
18481,UB-008269,132,1,1249.22,15.0,1061.84,810.08
18482,UB-008270,88,1,699.49,10.0,629.54,553.89
18483,UB-008270,105,2,1229.8,0.0,2459.6,1777.9
18484,UB-008271,78,2,781.4,5.0,1484.66,1089.5
18485,UB-008272,62,2,393.42,5.0,747.5,521.1
18486,UB-008273,8,1,386.04,0.0,386.04,293.44
18487,UB-008273,48,2,351.06,5.0,667.01,509.26
18488,UB-008274,118,1,623.96,10.0,561.56,421.79
18489,UB-008275,87,1,377.63,10.0,339.87,296.68
18490,UB-008275,40,3,378.89,0.0,1136.67,767.82
18491,UB-008275,38,1,1025.22,20.0,820.18,721.69
18492,UB-008276,11,1,472.06,5.0,448.46,366.75
18493,UB-008277,33,1,445.67,0.0,445.67,296.56
18494,UB-008277,114,4,987.26,5.0,3751.59,2583.48
18495,UB-008277,142,2,477.53,0.0,955.06,812.58
18496,UB-008277,79,1,762.93,0.0,762.93,478.88
18497,UB-008278,127,2,297.04,0.0,594.08,444.52
18498,UB-008279,20,1,948.95,5.0,901.5,674.24
18499,UB-008279,120,2,728.14,10.0,1310.65,977.0
18500,UB-008279,54,2,1036.61,0.0,2073.22,1614.36
18501,UB-008279,16,1,1053.03,5.0,1000.38,816.38
18502,UB-008280,108,3,1125.21,0.0,3375.63,2386.65
18503,UB-008281,135,4,604.87,0.0,2419.48,1589.68
18504,UB-008281,41,3,898.13,0.0,2694.39,2231.88
18505,UB-008281,81,2,1066.99,0.0,2133.98,1420.96
18506,UB-008282,99,1,115.77,0.0,115.77,80.94
18507,UB-008283,85,4,335.51,0.0,1342.04,930.72
18508,UB-008283,77,2,278.38,0.0,556.76,391.26
18509,UB-008283,103,2,886.33,15.0,1506.76,1363.04
18510,UB-008284,112,1,466.61,0.0,466.61,338.04
18511,UB-008284,74,1,1147.54,0.0,1147.54,882.89
18512,UB-008285,117,1,537.21,0.0,537.21,410.43
18513,UB-008285,67,1,152.9,0.0,152.9,96.2
18514,UB-008286,138,3,885.24,0.0,2655.72,1813.8
18515,UB-008287,16,1,1046.93,10.0,942.24,816.38
18516,UB-008287,54,2,1032.51,0.0,2065.02,1614.36
18517,UB-008288,1,2,315.0,10.0,567.0,420.62
18518,UB-008289,80,1,411.88,5.0,391.29,302.58
18519,UB-008289,13,2,361.46,15.0,614.48,471.82
18520,UB-008289,94,2,758.21,0.0,1516.42,1076.72
18521,UB-008290,108,1,1155.25,0.0,1155.25,795.55
18522,UB-008291,105,1,1212.54,0.0,1212.54,888.95
18523,UB-008292,118,1,635.15,0.0,635.15,421.79
18524,UB-008292,50,1,421.32,10.0,379.19,327.69
18525,UB-008293,73,1,1014.87,10.0,913.38,662.98
18526,UB-008293,130,3,923.08,0.0,2769.24,1960.59
18527,UB-008294,82,3,1016.85,15.0,2592.97,2055.99
18528,UB-008294,128,1,176.13,10.0,158.52,141.91
18529,UB-008294,33,1,425.34,20.0,340.27,296.56
18530,UB-008294,85,1,335.44,0.0,335.44,232.68
18531,UB-008295,105,1,1255.38,5.0,1192.61,888.95
18532,UB-008296,101,2,1133.46,0.0,2266.92,1786.54
18533,UB-008297,141,3,277.64,0.0,832.92,557.01
18534,UB-008297,45,1,801.07,0.0,801.07,610.87
18535,UB-008298,53,1,1267.07,0.0,1267.07,865.12
18536,UB-008298,39,2,867.49,0.0,1734.98,1228.14
18537,UB-008298,96,4,502.63,0.0,2010.52,1468.88
18538,UB-008298,103,1,913.13,0.0,913.13,681.52
18539,UB-008299,78,2,775.3,15.0,1318.01,1089.5
18540,UB-008299,141,1,286.36,5.0,272.04,185.67
18541,UB-008299,24,1,93.52,0.0,93.52,61.51
18542,UB-008299,64,2,317.84,0.0,635.68,428.54
18543,UB-008300,3,1,1151.66,0.0,1151.66,724.04
18544,UB-008301,102,2,1169.81,15.0,1988.68,1658.76
18545,UB-008301,35,1,775.02,5.0,736.27,567.63
18546,UB-008301,142,1,491.7,0.0,491.7,406.29
18547,UB-008301,37,1,1041.62,15.0,885.38,831.45
18548,UB-008302,23,1,918.44,0.0,918.44,627.54
18549,UB-008302,69,3,313.54,0.0,940.62,703.8
18550,UB-008303,19,1,680.85,0.0,680.85,474.21
18551,UB-008303,93,1,93.69,0.0,93.69,72.83
18552,UB-008304,36,1,830.57,5.0,789.04,533.78
18553,UB-008304,23,4,910.18,10.0,3276.65,2510.16
18554,UB-008305,13,3,375.21,0.0,1125.63,707.73
18555,UB-008305,1,2,307.74,10.0,553.93,420.62
18556,UB-008305,70,2,1385.88,0.0,2771.76,1729.18
18557,UB-008305,117,1,541.46,0.0,541.46,410.43
18558,UB-008306,8,1,381.63,5.0,362.55,293.44
18559,UB-008306,84,1,1274.79,0.0,1274.79,812.12
18560,UB-008306,7,1,1064.94,5.0,1011.69,753.75
18561,UB-008307,34,2,164.49,5.0,312.53,276.06
18562,UB-008307,63,2,256.39,5.0,487.14,334.46
18563,UB-008307,78,1,811.73,5.0,771.14,544.75
18564,UB-008307,121,1,923.35,0.0,923.35,683.69
18565,UB-008308,78,2,814.07,0.0,1628.14,1089.5
18566,UB-008308,127,1,296.39,0.0,296.39,222.26
18567,UB-008308,32,2,107.12,0.0,214.24,159.7
18568,UB-008308,44,1,787.81,0.0,787.81,587.81
18569,UB-008309,90,1,705.49,5.0,670.22,507.26
18570,UB-008310,6,1,977.74,5.0,928.85,692.29
18571,UB-008311,14,1,753.08,0.0,753.08,569.64
18572,UB-008311,130,1,928.91,0.0,928.91,653.53
18573,UB-008312,34,3,164.95,0.0,494.85,414.09
18574,UB-008312,18,1,832.15,0.0,832.15,648.71
18575,UB-008312,82,1,1022.29,0.0,1022.29,685.33
18576,UB-008312,42,3,588.02,0.0,1764.06,1195.14
18577,UB-008312,142,3,479.9,0.0,1439.7,1218.87
18578,UB-008313,29,3,713.78,0.0,2141.34,1608.96
18579,UB-008313,139,1,700.43,10.0,630.39,504.16
18580,UB-008314,92,2,807.23,0.0,1614.46,1049.02
18581,UB-008314,129,1,1174.93,0.0,1174.93,766.85
18582,UB-008314,11,2,454.91,10.0,818.84,733.5
18583,UB-008314,14,1,741.38,15.0,630.17,569.64
18584,UB-008314,101,1,1120.86,5.0,1064.82,893.27
18585,UB-008315,112,1,462.44,0.0,462.44,338.04
18586,UB-008315,37,2,1061.77,5.0,2017.36,1662.9
18587,UB-008316,114,1,1043.05,10.0,938.75,645.87
18588,UB-008316,58,1,586.99,0.0,586.99,356.56
18589,UB-008317,6,1,992.39,0.0,992.39,692.29
18590,UB-008317,77,1,283.1,15.0,240.64,195.63
18591,UB-008317,86,1,493.45,0.0,493.45,409.68
18592,UB-008317,20,5,973.32,0.0,4866.6,3371.2
18593,UB-008318,101,1,1110.12,0.0,1110.12,893.27
18594,UB-008318,31,1,730.58,0.0,730.58,581.59
18595,UB-008319,73,1,979.67,0.0,979.67,662.98
18596,UB-008319,27,2,1044.43,0.0,2088.86,1782.76
18597,UB-008320,32,1,104.11,10.0,93.7,79.85
18598,UB-008320,104,3,1241.02,0.0,3723.06,2639.76
18599,UB-008320,47,2,106.41,15.0,180.9,174.96
18600,UB-008320,133,1,500.57,20.0,400.46,320.37
18601,UB-008320,23,2,902.83,0.0,1805.66,1255.08
18602,UB-008321,87,1,396.53,0.0,396.53,296.68
18603,UB-008321,89,3,589.89,0.0,1769.67,1257.45
18604,UB-008322,79,2,759.49,0.0,1518.98,957.76
18605,UB-008323,92,1,836.78,10.0,753.1,524.51
18606,UB-008323,39,1,883.85,0.0,883.85,614.07
18607,UB-008323,45,2,819.84,10.0,1475.71,1221.74
18608,UB-008324,73,2,993.05,0.0,1986.1,1325.96
18609,UB-008324,54,1,1005.02,5.0,954.77,807.18
18610,UB-008325,101,1,1142.48,0.0,1142.48,893.27
18611,UB-008325,117,1,545.9,10.0,491.31,410.43
18612,UB-008326,66,4,960.95,5.0,3651.61,2865.4
18613,UB-008327,48,3,363.53,0.0,1090.59,763.89
18614,UB-008327,81,1,1021.24,0.0,1021.24,710.48
18615,UB-008327,89,2,576.49,0.0,1152.98,838.3
18616,UB-008328,95,1,482.74,0.0,482.74,369.8
18617,UB-008329,118,2,645.3,0.0,1290.6,843.58
18618,UB-008329,102,2,1170.12,0.0,2340.24,1658.76
18619,UB-008330,62,1,386.07,0.0,386.07,260.55
18620,UB-008330,38,2,1054.73,0.0,2109.46,1443.38
18621,UB-008330,123,3,471.88,5.0,1344.86,986.7
18622,UB-008330,91,1,449.26,0.0,449.26,321.07
18623,UB-008331,111,1,661.73,0.0,661.73,556.79
18624,UB-008331,33,4,430.1,0.0,1720.4,1186.24
18625,UB-008332,90,1,678.42,5.0,644.5,507.26
18626,UB-008332,68,1,217.4,0.0,217.4,161.19
18627,UB-008332,20,1,979.28,0.0,979.28,674.24
18628,UB-008333,67,1,154.92,10.0,139.43,96.2
18629,UB-008334,29,1,724.9,15.0,616.16,536.32
18630,UB-008334,104,4,1271.0,0.0,5084.0,3519.68
18631,UB-008335,31,2,726.47,5.0,1380.29,1163.18
18632,UB-008336,52,1,639.93,10.0,575.94,457.32
18633,UB-008337,5,1,1355.87,0.0,1355.87,872.25
18634,UB-008337,6,1,959.56,15.0,815.63,692.29
18635,UB-008337,81,1,1070.1,10.0,963.09,710.48
18636,UB-008337,36,4,854.34,5.0,3246.49,2135.12
18637,UB-008338,82,1,1051.03,10.0,945.93,685.33
18638,UB-008338,142,2,486.33,0.0,972.66,812.58
18639,UB-008339,138,2,900.05,10.0,1620.09,1209.2
18640,UB-008339,41,1,936.59,0.0,936.59,743.96
18641,UB-008340,117,3,547.49,0.0,1642.47,1231.29
18642,UB-008340,55,1,927.79,0.0,927.79,606.14
18643,UB-008340,54,1,1040.56,0.0,1040.56,807.18
18644,UB-008340,53,3,1277.61,5.0,3641.19,2595.36
18645,UB-008340,134,2,937.09,10.0,1686.76,1266.4
18646,UB-008341,90,1,691.55,10.0,622.39,507.26
18647,UB-008342,72,5,964.57,0.0,4822.85,3708.0
18648,UB-008342,25,3,662.64,0.0,1987.92,1488.84
18649,UB-008343,53,4,1250.52,5.0,4751.98,3460.48
18650,UB-008344,126,2,1247.42,0.0,2494.84,1607.0
18651,UB-008344,67,3,157.04,15.0,400.45,288.6
18652,UB-008345,68,1,228.53,0.0,228.53,161.19
18653,UB-008346,109,1,157.24,10.0,141.52,98.8
18654,UB-008346,13,1,378.66,0.0,378.66,235.91
18655,UB-008347,113,2,880.97,15.0,1497.65,1390.0
18656,UB-008348,99,2,110.75,5.0,210.42,161.88
18657,UB-008348,89,3,588.68,0.0,1766.04,1257.45
18658,UB-008348,109,1,155.27,5.0,147.51,98.8
18659,UB-008348,123,1,478.22,10.0,430.4,328.9
18660,UB-008349,67,2,157.61,10.0,283.7,192.4
18661,UB-008349,97,1,1137.02,10.0,1023.32,712.55
18662,UB-008350,9,3,697.79,0.0,2093.37,1505.07
18663,UB-008351,46,1,221.41,20.0,177.13,167.81
18664,UB-008352,48,1,363.97,0.0,363.97,254.63
18665,UB-008352,67,1,149.93,0.0,149.93,96.2
18666,UB-008352,15,1,1250.82,10.0,1125.74,855.33
18667,UB-008353,70,1,1395.16,0.0,1395.16,864.59
18668,UB-008353,41,1,925.46,0.0,925.46,743.96
18669,UB-008353,87,3,382.97,0.0,1148.91,890.04
18670,UB-008353,46,2,219.14,15.0,372.54,335.62
18671,UB-008354,36,1,825.2,15.0,701.42,533.78
18672,UB-008354,144,2,435.56,0.0,871.12,601.24
18673,UB-008354,141,3,281.25,0.0,843.75,557.01
18674,UB-008355,18,1,845.11,15.0,718.34,648.71
18675,UB-008355,24,2,92.39,0.0,184.78,123.02
18676,UB-008355,114,1,1026.17,20.0,820.94,645.87
18677,UB-008355,123,2,478.42,0.0,956.84,657.8
18678,UB-008355,21,2,771.8,0.0,1543.6,1164.12
18679,UB-008356,103,1,918.26,5.0,872.35,681.52
18680,UB-008356,69,1,320.47,0.0,320.47,234.6
18681,UB-008356,135,1,620.8,0.0,620.8,397.42
18682,UB-008357,101,2,1110.97,5.0,2110.84,1786.54
18683,UB-008358,127,2,303.79,0.0,607.58,444.52
18684,UB-008358,18,1,853.61,0.0,853.61,648.71
18685,UB-008358,48,2,366.98,10.0,660.56,509.26
18686,UB-008358,76,1,839.14,0.0,839.14,616.89
18687,UB-008358,59,1,296.27,10.0,266.64,241.88
18688,UB-008359,31,1,742.13,5.0,705.02,581.59
18689,UB-008359,37,3,1076.41,5.0,3067.77,2494.35
18690,UB-008360,132,1,1279.82,20.0,1023.86,810.08
18691,UB-008360,143,4,789.8,0.0,3159.2,2458.84
18692,UB-008360,95,2,495.96,5.0,942.32,739.6
18693,UB-008361,25,1,643.54,0.0,643.54,496.28
18694,UB-008361,69,2,306.77,10.0,552.19,469.2
18695,UB-008362,40,1,368.29,0.0,368.29,255.94
18696,UB-008362,21,1,776.51,5.0,737.68,582.06
18697,UB-008362,84,2,1274.04,0.0,2548.08,1624.24
18698,UB-008362,33,4,432.32,0.0,1729.28,1186.24
18699,UB-008363,43,3,170.73,0.0,512.19,350.64
18700,UB-008363,31,1,746.25,5.0,708.94,581.59
18701,UB-008363,129,3,1205.74,10.0,3255.5,2300.55
18702,UB-008364,29,2,725.14,0.0,1450.28,1072.64
18703,UB-008364,90,1,695.54,0.0,695.54,507.26
18704,UB-008365,44,2,759.85,20.0,1215.76,1175.62
18705,UB-008365,94,2,758.05,20.0,1212.88,1076.72
18706,UB-008365,143,1,812.9,10.0,731.61,614.71
18707,UB-008365,53,1,1255.02,10.0,1129.52,865.12
18708,UB-008365,20,1,973.87,20.0,779.1,674.24
18709,UB-008366,41,3,894.61,0.0,2683.83,2231.88
18710,UB-008366,8,3,382.05,0.0,1146.15,880.32
18711,UB-008367,118,1,651.35,0.0,651.35,421.79
18712,UB-008367,87,1,394.71,10.0,355.24,296.68
18713,UB-008367,32,1,104.76,0.0,104.76,79.85
18714,UB-008368,30,2,1365.71,0.0,2731.42,1730.22
18715,UB-008368,127,1,301.72,15.0,256.46,222.26
18716,UB-008369,121,4,888.91,10.0,3200.08,2734.76
18717,UB-008369,123,2,467.3,20.0,747.68,657.8
18718,UB-008369,27,2,1088.17,10.0,1958.71,1782.76
18719,UB-008369,126,1,1229.3,0.0,1229.3,803.5
18720,UB-008370,50,1,438.65,0.0,438.65,327.69
18721,UB-008370,85,1,338.78,10.0,304.9,232.68
18722,UB-008370,15,1,1249.43,5.0,1186.96,855.33
18723,UB-008371,43,1,166.45,0.0,166.45,116.88
18724,UB-008372,138,1,887.55,0.0,887.55,604.6
18725,UB-008372,72,2,982.45,0.0,1964.9,1483.2
18726,UB-008373,97,1,1150.88,0.0,1150.88,712.55
18727,UB-008373,56,1,524.01,5.0,497.81,348.78
18728,UB-008373,124,2,525.22,15.0,892.87,891.12
18729,UB-008374,128,4,173.22,0.0,692.88,567.64
18730,UB-008374,59,4,300.11,0.0,1200.44,967.52
18731,UB-008374,139,4,726.82,5.0,2761.92,2016.64
18732,UB-008374,45,3,824.41,10.0,2225.91,1832.61
18733,UB-008374,100,2,203.14,5.0,385.97,317.76
18734,UB-008375,18,1,806.18,20.0,644.94,648.71
18735,UB-008375,113,2,850.55,10.0,1530.99,1390.0
18736,UB-008375,60,3,190.94,10.0,515.54,434.46
18737,UB-008376,131,1,931.15,0.0,931.15,688.03
18738,UB-008377,42,2,605.98,0.0,1211.96,796.76
18739,UB-008377,107,1,316.21,0.0,316.21,228.45
18740,UB-008377,7,1,1024.63,20.0,819.7,753.75
18741,UB-008377,74,1,1157.2,0.0,1157.2,882.89
18742,UB-008378,71,1,195.05,0.0,195.05,122.07
18743,UB-008379,79,1,758.83,0.0,758.83,478.88
18744,UB-008379,113,3,867.48,0.0,2602.44,2085.0
18745,UB-008379,57,2,794.34,10.0,1429.81,1135.4
18746,UB-008379,3,3,1114.57,0.0,3343.71,2172.12
18747,UB-008380,114,1,1039.07,10.0,935.16,645.87
18748,UB-008380,1,1,306.31,0.0,306.31,210.31
18749,UB-008380,93,1,91.58,10.0,82.42,72.83
18750,UB-008381,100,2,208.37,5.0,395.9,317.76
18751,UB-008381,95,2,478.91,5.0,909.93,739.6
18752,UB-008382,65,1,725.13,5.0,688.87,525.6
18753,UB-008383,129,1,1184.81,0.0,1184.81,766.85
18754,UB-008384,127,1,308.34,5.0,292.92,222.26
18755,UB-008384,106,1,1070.1,0.0,1070.1,719.76
18756,UB-008384,112,2,450.91,10.0,811.64,676.08
18757,UB-008384,117,1,550.49,0.0,550.49,410.43
18758,UB-008385,7,1,1045.4,0.0,1045.4,753.75
18759,UB-008385,44,1,794.69,20.0,635.75,587.81
18760,UB-008386,119,1,594.25,0.0,594.25,477.5
18761,UB-008387,62,1,388.76,0.0,388.76,260.55
18762,UB-008387,43,2,173.6,10.0,312.48,233.76
18763,UB-008387,55,5,928.7,0.0,4643.5,3030.7
18764,UB-008387,90,1,699.25,20.0,559.4,507.26
18765,UB-008387,131,1,920.78,0.0,920.78,688.03
18766,UB-008388,100,2,202.07,0.0,404.14,317.76
18767,UB-008388,81,1,1031.58,20.0,825.26,710.48
18768,UB-008388,17,1,824.55,0.0,824.55,644.64
18769,UB-008388,72,1,999.0,0.0,999.0,741.6
18770,UB-008389,108,3,1161.09,5.0,3309.11,2386.65
18771,UB-008390,131,2,891.5,0.0,1783.0,1376.06
18772,UB-008390,144,2,424.43,5.0,806.42,601.24
18773,UB-008391,130,4,937.47,0.0,3749.88,2614.12
18774,UB-008392,32,1,103.27,20.0,82.62,79.85
18775,UB-008392,3,1,1129.63,5.0,1073.15,724.04
18776,UB-008393,15,4,1206.35,0.0,4825.4,3421.32
18777,UB-008394,68,1,224.49,0.0,224.49,161.19
18778,UB-008394,97,2,1145.73,5.0,2176.89,1425.1
18779,UB-008395,79,1,776.14,10.0,698.53,478.88
18780,UB-008395,93,1,92.68,0.0,92.68,72.83
18781,UB-008396,24,2,94.34,0.0,188.68,123.02
18782,UB-008396,54,2,1010.99,15.0,1718.68,1614.36
18783,UB-008396,13,1,375.9,10.0,338.31,235.91
18784,UB-008397,112,2,463.29,0.0,926.58,676.08
18785,UB-008398,119,1,590.72,0.0,590.72,477.5
18786,UB-008398,139,1,733.63,5.0,696.95,504.16
18787,UB-008398,117,2,562.0,10.0,1011.6,820.86
18788,UB-008399,132,1,1227.96,0.0,1227.96,810.08
18789,UB-008399,70,3,1406.86,15.0,3587.49,2593.77
18790,UB-008399,120,3,722.88,10.0,1951.78,1465.5
18791,UB-008399,80,1,392.35,0.0,392.35,302.58
18792,UB-008399,10,3,98.48,15.0,251.12,212.37
18793,UB-008400,27,1,1077.72,5.0,1023.83,891.38
18794,UB-008400,57,2,787.81,0.0,1575.62,1135.4
18795,UB-008401,122,1,660.8,0.0,660.8,508.02
18796,UB-008402,105,4,1230.63,0.0,4922.52,3555.8
18797,UB-008403,6,1,970.73,0.0,970.73,692.29
18798,UB-008403,131,4,890.21,5.0,3382.8,2752.12
18799,UB-008403,115,1,1183.6,0.0,1183.6,798.92
18800,UB-008404,119,2,588.1,0.0,1176.2,955.0
18801,UB-008405,103,4,924.1,15.0,3141.94,2726.08
18802,UB-008405,15,2,1220.09,5.0,2318.17,1710.66
18803,UB-008406,50,2,430.61,0.0,861.22,655.38
18804,UB-008406,126,1,1263.15,0.0,1263.15,803.5
18805,UB-008406,78,1,799.5,15.0,679.57,544.75
18806,UB-008407,124,1,538.77,0.0,538.77,445.56
18807,UB-008407,47,4,109.64,0.0,438.56,349.92
18808,UB-008408,137,1,1312.84,0.0,1312.84,816.22
18809,UB-008409,127,1,303.98,0.0,303.98,222.26
18810,UB-008410,63,2,259.3,10.0,466.74,334.46
18811,UB-008411,142,1,474.94,20.0,379.95,406.29
18812,UB-008411,121,1,908.21,0.0,908.21,683.69
18813,UB-008411,89,1,587.17,15.0,499.09,419.15
18814,UB-008412,70,4,1403.7,5.0,5334.06,3458.36
18815,UB-008412,40,1,366.93,0.0,366.93,255.94
18816,UB-008412,127,1,292.92,0.0,292.92,222.26
18817,UB-008412,130,5,940.99,15.0,3999.21,3267.65
18818,UB-008412,56,1,519.64,15.0,441.69,348.78
18819,UB-008413,92,3,835.16,10.0,2254.93,1573.53
18820,UB-008413,115,5,1218.72,0.0,6093.6,3994.6
18821,UB-008414,23,2,894.21,10.0,1609.58,1255.08
18822,UB-008414,55,1,880.04,0.0,880.04,606.14
18823,UB-008415,30,1,1392.08,5.0,1322.48,865.11
18824,UB-008416,22,1,644.39,15.0,547.73,475.66
18825,UB-008416,49,1,956.24,0.0,956.24,614.04
18826,UB-008417,142,3,497.31,0.0,1491.93,1218.87
18827,UB-008417,57,1,764.7,5.0,726.47,567.7
18828,UB-008417,101,3,1087.45,0.0,3262.35,2679.81
18829,UB-008417,116,2,765.07,0.0,1530.14,997.12
18830,UB-008418,46,4,213.72,0.0,854.88,671.24
18831,UB-008418,36,1,848.77,5.0,806.33,533.78
18832,UB-008419,22,2,678.16,10.0,1220.69,951.32
18833,UB-008419,141,1,283.33,10.0,255.0,185.67
18834,UB-008419,115,1,1186.57,0.0,1186.57,798.92
18835,UB-008419,73,1,977.73,10.0,879.96,662.98
18836,UB-008420,104,1,1283.17,0.0,1283.17,879.92
18837,UB-008420,10,3,95.36,0.0,286.08,212.37
18838,UB-008421,119,4,576.09,0.0,2304.36,1910.0
18839,UB-008421,140,1,299.36,0.0,299.36,195.06
18840,UB-008421,52,1,667.78,5.0,634.39,457.32
18841,UB-008422,137,1,1253.63,0.0,1253.63,816.22
18842,UB-008422,105,1,1219.8,0.0,1219.8,888.95
18843,UB-008423,28,1,874.13,10.0,786.72,673.25
18844,UB-008423,144,2,429.2,15.0,729.64,601.24
18845,UB-008424,137,1,1292.55,0.0,1292.55,816.22
18846,UB-008424,40,1,362.12,0.0,362.12,255.94
18847,UB-008425,123,1,479.33,15.0,407.43,328.9
18848,UB-008426,43,1,166.94,5.0,158.59,116.88
18849,UB-008426,68,1,226.33,10.0,203.7,161.19
18850,UB-008426,129,1,1155.75,15.0,982.39,766.85
18851,UB-008426,79,2,746.43,0.0,1492.86,957.76
18852,UB-008427,62,2,375.49,0.0,750.98,521.1
18853,UB-008427,57,2,777.98,0.0,1555.96,1135.4
18854,UB-008427,4,1,788.43,5.0,749.01,608.34
18855,UB-008428,134,1,923.82,5.0,877.63,633.2
18856,UB-008428,138,1,934.11,0.0,934.11,604.6
18857,UB-008428,85,1,330.25,0.0,330.25,232.68
18858,UB-008428,96,1,493.26,0.0,493.26,367.22
18859,UB-008428,73,1,1012.88,20.0,810.3,662.98
18860,UB-008429,86,1,499.15,0.0,499.15,409.68
18861,UB-008429,29,1,709.29,0.0,709.29,536.32
18862,UB-008430,119,2,580.75,0.0,1161.5,955.0
18863,UB-008431,115,4,1175.94,0.0,4703.76,3195.68
18864,UB-008432,31,1,710.51,0.0,710.51,581.59
18865,UB-008433,67,2,151.62,15.0,257.75,192.4
18866,UB-008433,66,1,979.93,10.0,881.94,716.35
18867,UB-008433,107,1,311.77,0.0,311.77,228.45
18868,UB-008434,99,1,114.24,0.0,114.24,80.94
18869,UB-008434,32,3,104.34,0.0,313.02,239.55
18870,UB-008434,122,99,649.81,20.0,1559.54,1524.06
18871,UB-008434,43,2,166.52,5.0,316.39,233.76
18872,UB-008434,111,2,662.35,0.0,1324.7,1113.58
18873,UB-008435,124,1,523.16,5.0,497.0,445.56
18874,UB-008435,13,2,364.61,0.0,729.22,471.82
18875,UB-008435,29,2,716.12,15.0,1217.4,1072.64
18876,UB-008436,35,2,805.44,0.0,1610.88,1135.26
18877,UB-008436,24,1,93.15,20.0,74.52,61.51
18878,UB-008436,79,1,767.07,10.0,690.36,478.88
18879,UB-008437,76,2,834.2,10.0,1501.56,1233.78
18880,UB-008438,121,1,889.29,15.0,755.9,683.69
18881,UB-008438,29,2,734.38,10.0,1321.88,1072.64
18882,UB-008439,95,1,487.37,0.0,487.37,369.8
18883,UB-008439,71,3,194.71,15.0,496.51,366.21
18884,UB-008439,58,1,573.03,0.0,573.03,356.56
18885,UB-008439,131,4,889.73,15.0,3025.08,2752.12
18886,UB-008440,1,3,314.17,0.0,942.51,630.93
18887,UB-008440,95,1,498.43,15.0,423.67,369.8
18888,UB-008441,56,1,517.65,0.0,517.65,348.78
18889,UB-008441,24,1,92.57,0.0,92.57,61.51
18890,UB-008442,121,1,891.23,10.0,802.11,683.69
18891,UB-008442,27,1,1079.44,15.0,917.52,891.38
18892,UB-008443,134,1,928.6,0.0,928.6,633.2
18893,UB-008444,100,1,199.04,0.0,199.04,158.88
18894,UB-008445,44,1,781.23,0.0,781.23,587.81
18895,UB-008445,129,5,1206.32,0.0,6031.6,3834.25
18896,UB-008445,68,2,218.99,0.0,437.98,322.38
18897,UB-008446,97,2,1121.93,5.0,2131.67,1425.1
18898,UB-008447,4,5,794.03,10.0,3573.13,3041.7
18899,UB-008447,74,3,1138.98,0.0,3416.94,2648.67
18900,UB-008447,41,5,902.6,15.0,3836.05,3719.8
18901,UB-008448,110,2,952.79,0.0,1905.58,1358.68
18902,UB-008449,6,1,1002.47,10.0,902.22,692.29
18903,UB-008450,65,1,728.2,0.0,728.2,525.6
18904,UB-008450,132,2,1246.44,5.0,2368.24,1620.16
18905,UB-008450,41,1,916.45,0.0,916.45,743.96
18906,UB-008451,140,5,303.06,0.0,1515.3,975.3
18907,UB-008451,120,1,709.62,10.0,638.66,488.5
18908,UB-008451,87,1,381.86,0.0,381.86,296.68
18909,UB-008452,129,1,1216.07,0.0,1216.07,766.85
18910,UB-008452,139,2,713.72,0.0,1427.44,1008.32
18911,UB-008452,8,1,366.61,0.0,366.61,293.44
18912,UB-008453,48,1,350.16,20.0,280.13,254.63
18913,UB-008453,56,3,510.39,0.0,1531.17,1046.34
18914,UB-008453,42,2,598.28,5.0,1136.73,796.76
18915,UB-008453,136,2,1419.23,20.0,2270.77,1733.96
18916,UB-008453,130,1,918.62,5.0,872.69,653.53
18917,UB-008454,41,1,929.3,0.0,929.3,743.96
18918,UB-008455,98,1,590.14,0.0,590.14,467.33
18919,UB-008455,91,3,450.6,0.0,1351.8,963.21
18920,UB-008456,142,1,489.44,0.0,489.44,406.29
18921,UB-008456,46,1,214.05,10.0,192.65,167.81
18922,UB-008456,2,1,508.32,0.0,508.32,371.22
18923,UB-008456,47,2,105.9,0.0,211.8,174.96
18924,UB-008456,110,2,945.0,0.0,1890.0,1358.68
18925,UB-008457,47,3,106.13,0.0,318.39,262.44
18926,UB-008458,116,1,761.16,5.0,723.1,498.56
18927,UB-008459,45,1,825.02,0.0,825.02,610.87
18928,UB-008460,78,2,800.41,10.0,1440.74,1089.5
18929,UB-008460,42,2,616.38,0.0,1232.76,796.76
18930,UB-008461,138,1,921.57,20.0,737.26,604.6
18931,UB-008461,64,2,333.74,0.0,667.48,428.54
18932,UB-008461,61,4,1071.7,0.0,4286.8,3312.56
18933,UB-008461,48,1,352.82,0.0,352.82,254.63
18934,UB-008462,70,1,1409.77,10.0,1268.79,864.59
18935,UB-008462,87,1,376.3,0.0,376.3,296.68
18936,UB-008462,31,2,718.86,0.0,1437.72,1163.18
18937,UB-008463,52,1,633.48,10.0,570.13,457.32
18938,UB-008463,123,1,473.09,0.0,473.09,328.9
18939,UB-008463,13,1,365.97,0.0,365.97,235.91
18940,UB-008463,99,2,110.12,15.0,187.2,161.88
18941,UB-008464,120,2,721.83,0.0,1443.66,977.0
18942,UB-008464,75,3,890.86,0.0,2672.58,1763.34
18943,UB-008464,106,2,1063.93,0.0,2127.86,1439.52
18944,UB-008465,132,4,1216.06,0.0,4864.24,3240.32
18945,UB-008465,144,2,414.75,0.0,829.5,601.24
18946,UB-008466,28,3,864.9,0.0,2594.7,2019.75
18947,UB-008466,141,1,278.41,5.0,264.49,185.67
18948,UB-008466,108,1,1131.95,0.0,1131.95,795.55
18949,UB-008467,137,1,1302.13,0.0,1302.13,816.22
18950,UB-008467,131,3,914.99,0.0,2744.97,2064.09
18951,UB-008468,50,3,434.49,0.0,1303.47,983.07
18952,UB-008468,68,1,221.52,0.0,221.52,161.19
18953,UB-008468,138,1,884.96,5.0,840.71,604.6
18954,UB-008469,42,1,605.23,0.0,605.23,398.38
18955,UB-008470,135,5,623.54,0.0,3117.7,1987.1
18956,UB-008471,2,3,485.64,15.0,1238.38,1113.66
18957,UB-008471,36,1,835.92,15.0,710.53,533.78
18958,UB-008471,53,1,1254.88,0.0,1254.88,865.12
18959,UB-008471,85,1,340.75,0.0,340.75,232.68
18960,UB-008472,44,2,771.42,0.0,1542.84,1175.62
18961,UB-008473,42,2,617.13,5.0,1172.55,796.76
18962,UB-008474,94,1,757.56,0.0,757.56,538.36
18963,UB-008474,10,2,96.87,5.0,184.05,141.58
18964,UB-008474,36,3,847.15,10.0,2287.3,1601.34
18965,UB-008475,124,1,527.93,0.0,527.93,445.56
18966,UB-008476,81,1,1026.45,20.0,821.16,710.48
18967,UB-008476,2,5,499.44,10.0,2247.48,1856.1
18968,UB-008476,97,1,1137.11,0.0,1137.11,712.55
18969,UB-008477,76,1,801.98,0.0,801.98,616.89
18970,UB-008477,77,1,278.8,0.0,278.8,195.63
18971,UB-008478,103,1,924.99,0.0,924.99,681.52
18972,UB-008479,76,1,818.12,0.0,818.12,616.89
18973,UB-008479,6,3,974.57,10.0,2631.34,2076.87
18974,UB-008480,137,3,1297.28,0.0,3891.84,2448.66
18975,UB-008480,3,1,1155.75,0.0,1155.75,724.04
18976,UB-008480,101,2,1141.79,0.0,2283.58,1786.54
18977,UB-008481,54,1,1038.85,0.0,1038.85,807.18
18978,UB-008482,51,1,236.27,0.0,236.27,158.99
18979,UB-008482,39,1,892.34,20.0,713.87,614.07
18980,UB-008483,82,1,1030.15,10.0,927.14,685.33
18981,UB-008483,118,1,640.49,0.0,640.49,421.79
18982,UB-008483,65,3,708.05,15.0,1805.53,1576.8
18983,UB-008483,26,1,222.77,15.0,189.35,138.49
18984,UB-008483,4,1,799.09,0.0,799.09,608.34
18985,UB-008484,28,1,887.09,0.0,887.09,673.25
18986,UB-008484,129,2,1183.77,0.0,2367.54,1533.7
18987,UB-008484,62,2,391.42,5.0,743.7,521.1
18988,UB-008485,100,2,204.92,5.0,389.35,317.76
18989,UB-008485,89,1,602.39,5.0,572.27,419.15
18990,UB-008486,72,4,968.54,5.0,3680.45,2966.4
18991,UB-008486,139,1,692.5,0.0,692.5,504.16
18992,UB-008487,114,1,1001.42,15.0,851.21,645.87
18993,UB-008488,5,1,1342.79,10.0,1208.51,872.25
18994,UB-008488,101,2,1107.17,0.0,2214.34,1786.54
18995,UB-008489,61,1,1106.65,10.0,995.99,828.14
18996,UB-008489,12,1,552.31,10.0,497.08,425.66
18997,UB-008490,105,1,1216.09,10.0,1094.48,888.95
18998,UB-008491,3,1,1126.97,0.0,1126.97,724.04
18999,UB-008491,124,2,525.99,0.0,1051.98,891.12
19000,UB-008491,58,1,586.01,0.0,586.01,356.56
19001,UB-008491,15,1,1202.1,0.0,1202.1,855.33
19002,UB-008492,89,3,573.03,0.0,1719.09,1257.45
19003,UB-008492,95,1,498.8,0.0,498.8,369.8
19004,UB-008492,12,1,553.34,10.0,498.01,425.66
19005,UB-008493,25,1,645.41,0.0,645.41,496.28
19006,UB-008494,33,1,427.64,5.0,406.26,296.56
19007,UB-008495,30,1,1335.12,15.0,1134.85,865.11
19008,UB-008495,65,2,720.07,0.0,1440.14,1051.2
19009,UB-008495,69,3,314.2,0.0,942.6,703.8
19010,UB-008495,140,1,293.29,0.0,293.29,195.06
19011,UB-008495,46,1,220.41,10.0,198.37,167.81
19012,UB-008496,31,1,744.12,0.0,744.12,581.59
19013,UB-008496,81,5,1067.22,0.0,5336.1,3552.4
19014,UB-008496,135,1,613.94,0.0,613.94,397.42
19015,UB-008496,57,1,778.82,0.0,778.82,567.7
19016,UB-008497,3,1,1133.09,0.0,1133.09,724.04
19017,UB-008497,21,2,789.21,0.0,1578.42,1164.12
19018,UB-008497,9,1,678.22,15.0,576.49,501.69
19019,UB-008498,35,2,785.12,5.0,1491.73,1135.26
19020,UB-008498,13,1,361.77,20.0,289.42,235.91
19021,UB-008498,52,3,638.39,0.0,1915.17,1371.96
19022,UB-008498,50,1,428.38,5.0,406.96,327.69
19023,UB-008499,103,3,930.82,0.0,2792.46,2044.56
19024,UB-008500,23,4,901.42,0.0,3605.68,2510.16
19025,UB-008500,138,1,898.86,0.0,898.86,604.6
19026,UB-008501,37,1,1073.51,0.0,1073.51,831.45
19027,UB-008501,30,1,1395.03,5.0,1325.28,865.11
19028,UB-008501,85,1,334.62,0.0,334.62,232.68
19029,UB-008501,144,1,432.14,5.0,410.53,300.62
19030,UB-008502,77,2,281.51,0.0,563.02,391.26
19031,UB-008502,80,1,412.8,0.0,412.8,302.58
19032,UB-008502,109,1,155.59,15.0,132.25,98.8
19033,UB-008503,27,3,1081.76,0.0,3245.28,2674.14
19034,UB-008503,37,2,1069.48,5.0,2032.01,1662.9
19035,UB-008504,63,2,262.76,5.0,499.24,334.46
19036,UB-008504,42,2,613.91,10.0,1105.04,796.76
19037,UB-008504,136,2,1383.17,0.0,2766.34,1733.96
19038,UB-008504,75,1,907.66,10.0,816.89,587.78
19039,UB-008505,26,1,224.84,0.0,224.84,138.49
19040,UB-008505,60,2,191.66,0.0,383.32,289.64
19041,UB-008506,66,1,943.13,0.0,943.13,716.35
19042,UB-008506,53,2,1299.83,0.0,2599.66,1730.24
19043,UB-008506,33,1,442.15,15.0,375.83,296.56
19044,UB-008507,141,1,281.03,10.0,252.93,185.67
19045,UB-008507,13,5,360.74,5.0,1713.51,1179.55
19046,UB-008507,74,1,1166.54,5.0,1108.21,882.89
19047,UB-008507,51,1,240.83,15.0,204.71,158.99
19048,UB-008507,100,1,204.66,5.0,194.43,158.88
19049,UB-008508,44,1,780.95,0.0,780.95,587.81
19050,UB-008508,31,2,725.49,15.0,1233.33,1163.18
19051,UB-008508,83,1,837.92,10.0,754.13,707.0
19052,UB-008509,131,1,889.66,10.0,800.69,688.03
19053,UB-008509,105,1,1224.91,0.0,1224.91,888.95
19054,UB-008509,61,3,1123.4,5.0,3201.69,2484.42
19055,UB-008510,40,2,360.04,10.0,648.07,511.88
19056,UB-008511,125,1,328.09,0.0,328.09,213.73
19057,UB-008512,86,3,478.85,5.0,1364.72,1229.04
19058,UB-008513,125,1,331.15,0.0,331.15,213.73
19059,UB-008514,119,1,590.18,0.0,590.18,477.5
19060,UB-008514,4,1,821.33,0.0,821.33,608.34
19061,UB-008514,122,1,649.12,0.0,649.12,508.02
19062,UB-008515,140,1,288.81,0.0,288.81,195.06
19063,UB-008516,107,1,315.72,10.0,284.15,228.45
19064,UB-008516,23,3,894.66,10.0,2415.58,1882.62
19065,UB-008517,96,3,507.75,0.0,1523.25,1101.66
19066,UB-008517,94,1,771.48,15.0,655.76,538.36
19067,UB-008517,78,1,779.62,5.0,740.64,544.75
19068,UB-008518,100,1,198.03,0.0,198.03,158.88
19069,UB-008518,96,1,501.17,5.0,476.11,367.22
19070,UB-008519,96,4,500.68,5.0,1902.58,1468.88
19071,UB-008519,143,1,780.79,0.0,780.79,614.71
19072,UB-008519,29,1,709.73,20.0,567.78,536.32
19073,UB-008520,8,1,380.94,10.0,342.85,293.44
19074,UB-008520,100,1,198.09,0.0,198.09,158.88
19075,UB-008520,28,1,903.25,0.0,903.25,673.25
19076,UB-008520,73,1,1020.39,10.0,918.35,662.98
19077,UB-008521,40,1,371.92,0.0,371.92,255.94
19078,UB-008521,37,1,1060.14,0.0,1060.14,831.45
19079,UB-008522,14,2,759.85,0.0,1519.7,1139.28
19080,UB-008522,42,2,618.37,10.0,1113.07,796.76
19081,UB-008523,60,2,188.58,15.0,320.59,289.64
19082,UB-008523,15,2,1187.9,0.0,2375.8,1710.66
19083,UB-008523,99,4,113.1,0.0,452.4,323.76
19084,UB-008523,25,5,663.37,20.0,2653.48,2481.4
19085,UB-008523,129,1,1152.81,0.0,1152.81,766.85
19086,UB-008524,126,1,1242.83,0.0,1242.83,803.5
19087,UB-008525,129,1,1168.9,10.0,1052.01,766.85
19088,UB-008526,34,2,163.62,5.0,310.88,276.06
19089,UB-008526,98,2,572.37,0.0,1144.74,934.66
19090,UB-008526,54,2,1009.47,0.0,2018.94,1614.36
19091,UB-008527,38,1,1030.32,15.0,875.77,721.69
19092,UB-008528,44,3,781.25,0.0,2343.75,1763.43
19093,UB-008528,72,1,950.15,0.0,950.15,741.6
19094,UB-008528,39,2,847.88,15.0,1441.4,1228.14
19095,UB-008528,100,2,204.63,10.0,368.33,317.76
19096,UB-008528,11,1,462.81,5.0,439.67,366.75
19097,UB-008529,60,3,187.41,0.0,562.23,434.46
19098,UB-008529,47,1,105.96,0.0,105.96,87.48
19099,UB-008530,142,2,492.02,0.0,984.04,812.58
19100,UB-008531,27,1,1064.89,15.0,905.16,891.38
19101,UB-008531,124,1,538.69,10.0,484.82,445.56
19102,UB-008532,105,3,1265.55,10.0,3416.98,2666.85
19103,UB-008533,52,4,667.92,20.0,2137.34,1829.28
19104,UB-008533,101,1,1100.94,10.0,990.85,893.27
19105,UB-008533,26,1,214.32,5.0,203.6,138.49
19106,UB-008533,118,2,654.1,0.0,1308.2,843.58
19107,UB-008533,141,2,276.15,10.0,497.07,371.34
19108,UB-008534,49,3,944.9,10.0,2551.23,1842.12
19109,UB-008535,113,3,895.24,0.0,2685.72,2085.0
19110,UB-008536,39,4,896.59,10.0,3227.72,2456.28
19111,UB-008536,36,1,839.14,0.0,839.14,533.78
19112,UB-008537,44,3,792.85,0.0,2378.55,1763.43
19113,UB-008537,93,1,90.24,20.0,72.19,72.83
19114,UB-008538,103,1,907.25,0.0,907.25,681.52
19115,UB-008539,77,5,284.52,0.0,1422.6,978.15
19116,UB-008540,133,4,487.65,15.0,1658.01,1281.48
19117,UB-008540,54,1,1043.1,0.0,1043.1,807.18
19118,UB-008541,10,2,99.27,5.0,188.61,141.58
19119,UB-008541,135,1,612.63,5.0,582.0,397.42
19120,UB-008542,131,2,916.97,0.0,1833.94,1376.06
19121,UB-008542,75,2,899.07,10.0,1618.33,1175.56
19122,UB-008542,55,1,891.07,0.0,891.07,606.14
19123,UB-008543,93,2,94.47,5.0,179.49,145.66
19124,UB-008543,41,4,925.58,20.0,2961.86,2975.84
19125,UB-008543,130,3,940.43,0.0,2821.29,1960.59
19126,UB-008543,75,2,869.29,0.0,1738.58,1175.56
19127,UB-008544,30,2,1334.32,0.0,2668.64,1730.22
19128,UB-008544,5,1,1423.35,5.0,1352.18,872.25
19129,UB-008545,124,3,521.0,15.0,1328.55,1336.68
19130,UB-008545,48,1,351.58,0.0,351.58,254.63
19131,UB-008546,94,1,732.48,0.0,732.48,538.36
19132,UB-008546,62,3,373.98,0.0,1121.94,781.65
19133,UB-008546,88,1,715.74,0.0,715.74,553.89
19134,UB-008547,110,1,956.83,5.0,908.99,679.34
19135,UB-008547,46,1,214.72,0.0,214.72,167.81
19136,UB-008547,140,3,305.17,0.0,915.51,585.18
19137,UB-008548,94,1,731.11,0.0,731.11,538.36
19138,UB-008548,100,1,201.45,0.0,201.45,158.88
19139,UB-008549,72,3,994.33,0.0,2982.99,2224.8
19140,UB-008549,8,3,380.9,0.0,1142.7,880.32
19141,UB-008549,134,1,949.27,10.0,854.34,633.2
19142,UB-008550,29,2,746.96,5.0,1419.22,1072.64
19143,UB-008550,6,4,958.51,5.0,3642.34,2769.16
19144,UB-008551,135,4,614.91,0.0,2459.64,1589.68
19145,UB-008551,128,1,169.72,0.0,169.72,141.91
19146,UB-008552,77,1,284.53,5.0,270.3,195.63
19147,UB-008552,13,1,376.87,15.0,320.34,235.91
19148,UB-008552,126,2,1214.8,5.0,2308.12,1607.0
19149,UB-008553,129,1,1179.19,0.0,1179.19,766.85
19150,UB-008553,85,1,334.24,0.0,334.24,232.68
19151,UB-008554,29,2,730.83,20.0,1169.33,1072.64
19152,UB-008554,78,1,806.36,10.0,725.72,544.75
19153,UB-008554,59,3,292.02,20.0,700.85,725.64
19154,UB-008555,132,2,1212.27,0.0,2424.54,1620.16
19155,UB-008555,16,1,1057.41,0.0,1057.41,816.38
19156,UB-008556,109,1,160.59,10.0,144.53,98.8
19157,UB-008556,40,1,359.51,0.0,359.51,255.94
19158,UB-008556,69,1,319.84,10.0,287.86,234.6
19159,UB-008557,111,1,655.43,10.0,589.89,556.79
19160,UB-008557,114,1,992.55,0.0,992.55,645.87
19161,UB-008558,63,3,252.24,0.0,756.72,501.69
19162,UB-008559,4,3,784.07,0.0,2352.21,1825.02
19163,UB-008559,140,3,299.07,0.0,897.21,585.18
19164,UB-008559,52,1,643.69,0.0,643.69,457.32
19165,UB-008559,69,4,312.16,10.0,1123.78,938.4
19166,UB-008559,37,4,1078.86,0.0,4315.44,3325.8
19167,UB-008560,43,2,166.83,5.0,316.98,233.76
19168,UB-008561,36,3,859.97,5.0,2450.91,1601.34
19169,UB-008561,20,1,962.33,0.0,962.33,674.24
19170,UB-008562,30,1,1370.42,0.0,1370.42,865.11
19171,UB-008563,29,1,715.63,0.0,715.63,536.32
19172,UB-008563,17,5,855.08,15.0,3634.09,3223.2
19173,UB-008563,126,1,1258.78,0.0,1258.78,803.5
19174,UB-008563,72,1,943.57,0.0,943.57,741.6
19175,UB-008564,88,2,699.71,0.0,1399.42,1107.78
19176,UB-008564,71,1,185.63,5.0,176.35,122.07
19177,UB-008565,56,1,512.82,10.0,461.54,348.78
19178,UB-008566,109,1,156.45,20.0,125.16,98.8
19179,UB-008567,132,1,1283.94,10.0,1155.55,810.08
19180,UB-008567,110,1,916.55,5.0,870.72,679.34
19181,UB-008568,66,1,984.85,20.0,787.88,716.35
19182,UB-008568,25,4,668.28,0.0,2673.12,1985.12
19183,UB-008568,13,3,365.06,10.0,985.66,707.73
19184,UB-008569,56,1,507.39,5.0,482.02,348.78
19185,UB-008569,32,2,102.05,0.0,204.1,159.7
19186,UB-008570,3,1,1161.41,0.0,1161.41,724.04
19187,UB-008571,73,4,981.03,10.0,3531.71,2651.92
19188,UB-008572,142,2,482.54,10.0,868.57,812.58
19189,UB-008572,107,3,330.22,15.0,842.06,685.35
19190,UB-008573,87,1,394.67,0.0,394.67,296.68
19191,UB-008573,49,1,937.26,0.0,937.26,614.04
19192,UB-008573,22,2,677.48,0.0,1354.96,951.32
19193,UB-008574,115,1,1188.85,0.0,1188.85,798.92
19194,UB-008574,28,2,869.96,5.0,1652.92,1346.5
19195,UB-008575,65,1,724.88,5.0,688.64,525.6
19196,UB-008575,120,1,716.23,15.0,608.8,488.5
19197,UB-008576,95,2,472.1,0.0,944.2,739.6
19198,UB-008577,1,2,298.26,15.0,507.04,420.62
19199,UB-008578,50,1,440.63,5.0,418.6,327.69
19200,UB-008578,88,3,692.14,15.0,1764.96,1661.67
19201,UB-008578,26,3,213.17,0.0,639.51,415.47
19202,UB-008579,51,1,238.49,0.0,238.49,158.99
19203,UB-008579,17,1,858.13,0.0,858.13,644.64
19204,UB-008580,119,1,603.85,20.0,483.08,477.5
19205,UB-008581,15,1,1251.7,0.0,1251.7,855.33
19206,UB-008581,141,2,272.83,5.0,518.38,371.34
19207,UB-008581,117,1,541.58,0.0,541.58,410.43
19208,UB-008581,93,2,94.87,0.0,189.74,145.66
19209,UB-008582,36,2,834.23,5.0,1585.04,1067.56
19210,UB-008583,20,1,980.99,0.0,980.99,674.24
19211,UB-008583,70,1,1337.49,5.0,1270.62,864.59
19212,UB-008583,102,2,1224.95,5.0,2327.41,1658.76
19213,UB-008584,33,2,436.13,15.0,741.42,593.12
19214,UB-008584,128,2,169.54,0.0,339.08,283.82
19215,UB-008584,135,2,610.08,0.0,1220.16,794.84
19216,UB-008584,100,3,203.77,5.0,580.74,476.64
19217,UB-008585,111,2,669.47,10.0,1205.05,1113.58
19218,UB-008585,74,1,1138.24,0.0,1138.24,882.89
19219,UB-008585,30,1,1375.31,20.0,1100.25,865.11
19220,UB-008586,6,1,962.39,15.0,818.03,692.29
19221,UB-008587,71,1,188.97,0.0,188.97,122.07
19222,UB-008587,137,2,1275.76,0.0,2551.52,1632.44
19223,UB-008587,127,2,307.65,0.0,615.3,444.52
19224,UB-008588,30,1,1370.9,0.0,1370.9,865.11
19225,UB-008588,120,1,729.96,0.0,729.96,488.5
19226,UB-008589,101,2,1096.02,15.0,1863.23,1786.54
19227,UB-008589,44,1,778.3,0.0,778.3,587.81
19228,UB-008589,20,3,935.93,0.0,2807.79,2022.72
19229,UB-008590,105,1,1276.09,10.0,1148.48,888.95
19230,UB-008590,94,3,764.13,5.0,2177.77,1615.08
19231,UB-008590,100,2,202.02,20.0,323.23,317.76
19232,UB-008591,118,1,625.66,10.0,563.09,421.79
19233,UB-008591,125,3,324.62,5.0,925.17,641.19
19234,UB-008592,124,1,526.98,0.0,526.98,445.56
19235,UB-008593,94,1,733.31,0.0,733.31,538.36
19236,UB-008593,96,2,508.5,0.0,1017.0,734.44
19237,UB-008594,126,1,1269.65,0.0,1269.65,803.5
19238,UB-008595,21,1,781.62,0.0,781.62,582.06
19239,UB-008596,39,1,896.85,0.0,896.85,614.07
19240,UB-008596,26,1,223.86,10.0,201.47,138.49
19241,UB-008596,136,1,1375.96,10.0,1238.36,866.98
19242,UB-008597,118,1,654.98,0.0,654.98,421.79
19243,UB-008597,11,1,452.78,15.0,384.86,366.75
19244,UB-008597,60,1,186.51,0.0,186.51,144.82
19245,UB-008598,81,1,1043.64,0.0,1043.64,710.48
19246,UB-008598,42,2,608.38,10.0,1095.08,796.76
19247,UB-008598,94,1,753.7,0.0,753.7,538.36
19248,UB-008598,116,2,766.74,5.0,1456.81,997.12
19249,UB-008599,20,1,930.06,0.0,930.06,674.24
19250,UB-008600,80,1,408.03,5.0,387.63,302.58
19251,UB-008600,42,1,596.17,0.0,596.17,398.38
19252,UB-008601,144,1,432.96,0.0,432.96,300.62
19253,UB-008602,110,1,913.89,5.0,868.2,679.34
19254,UB-008602,58,1,564.3,0.0,564.3,356.56
19255,UB-008602,33,1,439.43,0.0,439.43,296.56
19256,UB-008603,130,4,936.74,0.0,3746.96,2614.12
19257,UB-008603,125,2,338.16,10.0,608.69,427.46
19258,UB-008603,64,2,316.75,20.0,506.8,428.54
19259,UB-008604,13,1,371.12,10.0,334.01,235.91
19260,UB-008604,32,4,107.52,0.0,430.08,319.4
19261,UB-008604,85,2,329.04,10.0,592.27,465.36
19262,UB-008605,52,2,661.72,0.0,1323.44,914.64
19263,UB-008606,143,1,820.99,0.0,820.99,614.71
19264,UB-008607,16,3,1096.68,0.0,3290.04,2449.14
19265,UB-008607,77,3,276.24,20.0,662.98,586.89
19266,UB-008608,95,1,474.1,0.0,474.1,369.8
19267,UB-008609,95,1,493.23,0.0,493.23,369.8
19268,UB-008609,111,1,639.75,5.0,607.76,556.79
19269,UB-008610,118,2,653.22,10.0,1175.8,843.58
19270,UB-008610,32,2,103.41,10.0,186.14,159.7
19271,UB-008610,137,2,1266.04,5.0,2405.48,1632.44
19272,UB-008610,56,1,526.53,0.0,526.53,348.78
19273,UB-008611,121,1,887.87,20.0,710.3,683.69
19274,UB-008611,93,2,91.2,15.0,155.04,145.66
19275,UB-008612,115,1,1207.26,15.0,1026.17,798.92
19276,UB-008612,79,1,751.05,0.0,751.05,478.88
19277,UB-008612,135,1,610.12,0.0,610.12,397.42
19278,UB-008613,50,4,442.89,0.0,1771.56,1310.76
19279,UB-008614,27,2,1052.49,0.0,2104.98,1782.76
19280,UB-008614,44,2,759.34,0.0,1518.68,1175.62
19281,UB-008614,36,1,815.79,0.0,815.79,533.78
19282,UB-008614,32,2,107.18,10.0,192.92,159.7
19283,UB-008614,71,2,185.4,5.0,352.26,244.14
19284,UB-008615,65,2,728.67,10.0,1311.61,1051.2
19285,UB-008615,50,2,442.25,0.0,884.5,655.38
19286,UB-008616,46,4,215.26,0.0,861.04,671.24
19287,UB-008617,45,1,820.28,5.0,779.27,610.87
19288,UB-008617,53,2,1251.47,0.0,2502.94,1730.24
19289,UB-008617,78,1,798.01,0.0,798.01,544.75
19290,UB-008617,1,1,300.15,5.0,285.14,210.31
19291,UB-008618,79,2,754.13,15.0,1282.02,957.76
19292,UB-008618,63,2,249.97,5.0,474.94,334.46
19293,UB-008618,23,2,905.98,15.0,1540.17,1255.08
19294,UB-008618,71,2,184.32,10.0,331.78,244.14
19295,UB-008618,141,1,281.36,0.0,281.36,185.67
19296,UB-008619,111,1,676.03,20.0,540.82,556.79
19297,UB-008619,90,2,681.64,0.0,1363.28,1014.52
19298,UB-008619,122,4,632.23,5.0,2402.47,2032.08
19299,UB-008620,107,2,327.66,10.0,589.79,456.9
19300,UB-008621,15,2,1241.34,10.0,2234.41,1710.66
19301,UB-008621,48,1,348.09,10.0,313.28,254.63
19302,UB-008622,78,1,809.84,5.0,769.35,544.75
19303,UB-008623,57,1,787.29,20.0,629.83,567.7
19304,UB-008623,97,1,1117.52,5.0,1061.64,712.55
19305,UB-008624,124,1,551.7,0.0,551.7,445.56
19306,UB-008625,25,4,673.53,0.0,2694.12,1985.12
19307,UB-008625,99,2,112.12,0.0,224.24,161.88
19308,UB-008625,70,1,1399.94,0.0,1399.94,864.59
19309,UB-008625,38,4,1036.54,10.0,3731.54,2886.76
19310,UB-008625,144,2,425.42,0.0,850.84,601.24
19311,UB-008626,71,1,188.05,0.0,188.05,122.07
19312,UB-008626,65,1,734.91,5.0,698.16,525.6
19313,UB-008626,24,2,96.56,15.0,164.15,123.02
19314,UB-008627,6,1,1000.89,0.0,1000.89,692.29
19315,UB-008627,92,1,823.69,20.0,658.95,524.51
19316,UB-008628,128,2,175.76,5.0,333.94,283.82
19317,UB-008628,93,3,92.5,0.0,277.5,218.49
19318,UB-008629,130,1,917.75,0.0,917.75,653.53
19319,UB-008629,17,2,853.68,5.0,1621.99,1289.28
19320,UB-008630,113,1,884.7,0.0,884.7,695.0
19321,UB-008630,126,1,1276.97,0.0,1276.97,803.5
19322,UB-008631,81,2,1016.52,0.0,2033.04,1420.96
19323,UB-008631,7,1,1066.14,0.0,1066.14,753.75
19324,UB-008631,69,2,312.9,0.0,625.8,469.2
19325,UB-008632,128,5,171.71,5.0,815.62,709.55
19326,UB-008632,141,3,278.68,0.0,836.04,557.01
19327,UB-008633,81,2,1055.83,5.0,2006.08,1420.96
19328,UB-008633,125,1,340.87,0.0,340.87,213.73
19329,UB-008633,31,1,743.59,5.0,706.41,581.59
19330,UB-008633,132,1,1260.3,0.0,1260.3,810.08
19331,UB-008633,77,2,274.25,0.0,548.5,391.26
19332,UB-008634,136,1,1400.4,0.0,1400.4,866.98
19333,UB-008635,125,2,332.49,20.0,531.98,427.46
19334,UB-008635,60,4,189.32,20.0,605.82,579.28
19335,UB-008636,28,1,867.68,5.0,824.3,673.25
19336,UB-008636,78,2,794.74,0.0,1589.48,1089.5
19337,UB-008636,62,1,391.11,10.0,352.0,260.55
19338,UB-008637,17,1,837.58,5.0,795.7,644.64
19339,UB-008638,26,1,218.34,0.0,218.34,138.49
19340,UB-008638,35,2,809.74,0.0,1619.48,1135.26
19341,UB-008638,111,1,655.09,0.0,655.09,556.79
19342,UB-008639,144,3,435.62,15.0,1110.83,901.86
19343,UB-008639,29,2,745.81,10.0,1342.46,1072.64
19344,UB-008639,65,3,710.77,0.0,2132.31,1576.8
19345,UB-008639,52,1,635.58,10.0,572.02,457.32
19346,UB-008640,71,3,192.42,0.0,577.26,366.21
19347,UB-008640,36,1,861.72,15.0,732.46,533.78
19348,UB-008641,99,2,115.84,0.0,231.68,161.88
19349,UB-008641,10,1,98.65,5.0,93.72,70.79
19350,UB-008641,48,1,352.47,10.0,317.22,254.63
19351,UB-008641,79,2,739.0,0.0,1478.0,957.76
19352,UB-008642,23,1,889.08,0.0,889.08,627.54
19353,UB-008643,117,1,537.11,10.0,483.4,410.43
19354,UB-008644,49,1,944.51,0.0,944.51,614.04
19355,UB-008645,59,2,299.11,10.0,538.4,483.76
19356,UB-008646,119,1,591.89,5.0,562.3,477.5
19357,UB-008646,94,1,753.12,15.0,640.15,538.36
19358,UB-008647,79,1,757.04,10.0,681.34,478.88
19359,UB-008647,88,1,713.28,10.0,641.95,553.89
19360,UB-008648,114,1,1012.06,0.0,1012.06,645.87
19361,UB-008648,101,1,1129.17,5.0,1072.71,893.27
19362,UB-008648,46,3,212.77,10.0,574.48,503.43
19363,UB-008648,43,1,170.93,5.0,162.38,116.88
19364,UB-008649,123,1,469.16,5.0,445.7,328.9
19365,UB-008649,74,2,1139.7,20.0,1823.52,1765.78
19366,UB-008649,72,1,999.19,0.0,999.19,741.6
19367,UB-008650,140,3,299.52,0.0,898.56,585.18
19368,UB-008650,70,3,1389.72,5.0,3960.7,2593.77
19369,UB-008650,50,4,442.0,0.0,1768.0,1310.76
19370,UB-008650,65,2,738.92,5.0,1403.95,1051.2
19371,UB-008650,97,1,1117.9,0.0,1117.9,712.55
19372,UB-008651,32,1,102.9,0.0,102.9,79.85
19373,UB-008651,38,2,1076.56,0.0,2153.12,1443.38
19374,UB-008651,98,2,574.91,0.0,1149.82,934.66
19375,UB-008652,21,1,778.2,15.0,661.47,582.06
19376,UB-008653,89,2,584.3,0.0,1168.6,838.3
19377,UB-008654,97,2,1147.5,0.0,2295.0,1425.1
19378,UB-008654,49,3,961.49,0.0,2884.47,1842.12
19379,UB-008654,90,1,676.63,0.0,676.63,507.26
19380,UB-008655,8,3,383.94,0.0,1151.82,880.32
19381,UB-008656,78,2,806.62,15.0,1371.25,1089.5
19382,UB-008656,21,1,802.19,10.0,721.97,582.06
19383,UB-008657,113,1,896.91,0.0,896.91,695.0
19384,UB-008658,14,2,752.59,0.0,1505.18,1139.28
19385,UB-008658,42,1,611.15,0.0,611.15,398.38
19386,UB-008659,59,1,305.99,15.0,260.09,241.88
19387,UB-008659,89,2,575.06,0.0,1150.12,838.3
19388,UB-008659,43,2,165.11,5.0,313.71,233.76
19389,UB-008660,125,3,321.53,15.0,819.9,641.19
19390,UB-008661,73,3,975.2,0.0,2925.6,1988.94
19391,UB-008661,28,3,912.69,0.0,2738.07,2019.75
19392,UB-008662,127,2,302.43,0.0,604.86,444.52
19393,UB-008663,128,1,177.61,0.0,177.61,141.91
19394,UB-008663,95,3,479.31,0.0,1437.93,1109.4
19395,UB-008663,119,1,571.55,5.0,542.97,477.5
19396,UB-008663,131,4,931.36,20.0,2980.35,2752.12
19397,UB-008663,99,1,112.71,0.0,112.71,80.94
19398,UB-008664,123,2,477.91,15.0,812.45,657.8
19399,UB-008665,20,2,935.05,5.0,1776.59,1348.48
19400,UB-008666,47,1,105.66,10.0,95.09,87.48
19401,UB-008666,103,1,900.19,0.0,900.19,681.52
19402,UB-008667,12,1,570.54,20.0,456.43,425.66
19403,UB-008668,60,2,193.22,0.0,386.44,289.64
19404,UB-008669,66,2,967.38,0.0,1934.76,1432.7
19405,UB-008669,15,2,1251.48,0.0,2502.96,1710.66
19406,UB-008670,82,1,1018.0,15.0,865.3,685.33
19407,UB-008670,56,2,525.1,10.0,945.18,697.56
19408,UB-008670,68,1,222.68,20.0,178.14,161.19
19409,UB-008670,69,1,312.49,10.0,281.24,234.6
19410,UB-008671,75,3,859.07,10.0,2319.49,1763.34
19411,UB-008672,119,1,586.87,0.0,586.87,477.5
19412,UB-008672,124,2,526.38,0.0,1052.76,891.12
19413,UB-008672,20,1,931.98,5.0,885.38,674.24
19414,UB-008673,6,1,976.89,0.0,976.89,692.29
19415,UB-008673,54,1,1048.74,20.0,838.99,807.18
19416,UB-008674,126,2,1278.51,0.0,2557.02,1607.0
19417,UB-008675,115,1,1168.06,0.0,1168.06,798.92
19418,UB-008675,122,3,642.51,10.0,1734.78,1524.06
19419,UB-008675,41,1,899.09,0.0,899.09,743.96
19420,UB-008676,36,1,862.26,0.0,862.26,533.78
19421,UB-008676,129,2,1182.01,5.0,2245.82,1533.7
19422,UB-008676,141,1,278.15,0.0,278.15,185.67
19423,UB-008676,92,1,822.13,5.0,781.02,524.51
19424,UB-008676,59,2,296.34,10.0,533.41,483.76
19425,UB-008677,91,2,455.63,0.0,911.26,642.14
19426,UB-008677,110,2,944.99,0.0,1889.98,1358.68
19427,UB-008677,67,2,154.02,20.0,246.43,192.4
19428,UB-008677,103,1,898.86,0.0,898.86,681.52
19429,UB-008677,64,1,318.67,15.0,270.87,214.27
19430,UB-008678,116,1,765.61,15.0,650.77,498.56
19431,UB-008679,44,3,771.76,0.0,2315.28,1763.43
19432,UB-008679,60,2,192.69,0.0,385.38,289.64
19433,UB-008679,110,1,941.26,0.0,941.26,679.34
19434,UB-008679,105,1,1247.96,15.0,1060.77,888.95
19435,UB-008680,37,1,1022.86,0.0,1022.86,831.45
19436,UB-008680,14,1,751.25,0.0,751.25,569.64
19437,UB-008680,82,2,1044.37,0.0,2088.74,1370.66
19438,UB-008680,47,2,103.28,5.0,196.23,174.96
19439,UB-008681,113,1,895.66,0.0,895.66,695.0
19440,UB-008681,134,4,943.57,0.0,3774.28,2532.8
19441,UB-008682,83,1,882.67,0.0,882.67,707.0
19442,UB-008682,25,1,670.02,10.0,603.02,496.28
19443,UB-008682,101,3,1136.02,20.0,2726.45,2679.81
19444,UB-008683,107,1,323.16,0.0,323.16,228.45
19445,UB-008683,50,1,442.96,0.0,442.96,327.69
19446,UB-008684,11,5,470.98,0.0,2354.9,1833.75
19447,UB-008685,88,1,695.91,0.0,695.91,553.89
19448,UB-008686,135,2,614.83,0.0,1229.66,794.84
19449,UB-008686,94,1,744.63,0.0,744.63,538.36
19450,UB-008686,57,1,762.23,0.0,762.23,567.7
19451,UB-008687,128,3,172.43,20.0,413.83,425.73
19452,UB-008687,109,4,159.96,0.0,639.84,395.2
19453,UB-008688,9,2,694.65,20.0,1111.44,1003.38
19454,UB-008688,34,1,168.41,10.0,151.57,138.03
19455,UB-008688,40,1,372.54,15.0,316.66,255.94
19456,UB-008689,53,1,1273.84,5.0,1210.15,865.12
19457,UB-008689,111,1,677.79,0.0,677.79,556.79
19458,UB-008689,98,2,582.14,5.0,1106.07,934.66
19459,UB-008689,90,3,679.02,10.0,1833.35,1521.78
19460,UB-008689,106,3,1028.57,0.0,3085.71,2159.28
19461,UB-008690,129,1,1216.62,10.0,1094.96,766.85
19462,UB-008691,118,2,630.2,0.0,1260.4,843.58
19463,UB-008691,136,2,1359.8,15.0,2311.66,1733.96
19464,UB-008691,3,1,1118.77,0.0,1118.77,724.04
19465,UB-008692,58,5,570.83,5.0,2711.44,1782.8
19466,UB-008692,18,1,832.66,0.0,832.66,648.71
19467,UB-008693,41,1,948.13,5.0,900.72,743.96
19468,UB-008694,58,1,561.93,10.0,505.74,356.56
19469,UB-008695,126,1,1217.43,0.0,1217.43,803.5
19470,UB-008695,19,1,688.3,0.0,688.3,474.21
19471,UB-008696,71,1,191.86,0.0,191.86,122.07
19472,UB-008696,85,1,324.25,0.0,324.25,232.68
19473,UB-008696,33,1,447.36,0.0,447.36,296.56
19474,UB-008697,57,1,784.21,0.0,784.21,567.7
19475,UB-008698,123,2,464.06,0.0,928.12,657.8
19476,UB-008699,5,1,1396.95,5.0,1327.1,872.25
19477,UB-008699,69,1,315.38,0.0,315.38,234.6
19478,UB-008700,34,1,165.01,5.0,156.76,138.03
19479,UB-008701,74,1,1166.31,0.0,1166.31,882.89
19480,UB-008701,11,2,454.41,0.0,908.82,733.5
19481,UB-008702,125,1,325.7,10.0,293.13,213.73
19482,UB-008703,122,1,657.05,10.0,591.35,508.02
19483,UB-008703,76,3,804.91,15.0,2052.52,1850.67
19484,UB-008703,96,4,516.69,20.0,1653.41,1468.88
19485,UB-008704,123,1,469.92,20.0,375.94,328.9
19486,UB-008705,44,3,788.79,15.0,2011.41,1763.43
19487,UB-008705,115,1,1202.74,15.0,1022.33,798.92
19488,UB-008706,42,2,587.5,0.0,1175.0,796.76
19489,UB-008706,126,2,1219.03,0.0,2438.06,1607.0
19490,UB-008707,101,5,1150.6,5.0,5465.35,4466.35
19491,UB-008708,27,1,1050.01,0.0,1050.01,891.38
19492,UB-008709,112,1,459.47,0.0,459.47,338.04
19493,UB-008709,58,3,572.3,0.0,1716.9,1069.68
19494,UB-008710,69,1,302.57,5.0,287.44,234.6
19495,UB-008710,85,2,325.85,5.0,619.12,465.36
19496,UB-008711,126,3,1275.11,10.0,3442.8,2410.5
19497,UB-008712,126,1,1248.56,0.0,1248.56,803.5
19498,UB-008713,16,1,1067.47,0.0,1067.47,816.38
19499,UB-008714,58,1,569.09,5.0,540.64,356.56
19500,UB-008714,11,2,473.05,0.0,946.1,733.5
19501,UB-008714,43,3,171.31,0.0,513.93,350.64
19502,UB-008715,40,3,365.6,0.0,1096.8,767.82
19503,UB-008716,8,1,378.0,15.0,321.3,293.44
19504,UB-008716,7,1,1043.14,0.0,1043.14,753.75
19505,UB-008717,3,4,1172.36,20.0,3751.55,2896.16
19506,UB-008717,121,3,888.82,0.0,2666.46,2051.07
19507,UB-008717,56,1,507.15,5.0,481.79,348.78
19508,UB-008718,5,1,1389.57,0.0,1389.57,872.25
19509,UB-008718,103,2,919.64,5.0,1747.32,1363.04
19510,UB-008718,117,3,561.42,0.0,1684.26,1231.29
19511,UB-008719,61,1,1062.12,0.0,1062.12,828.14
19512,UB-008719,25,1,658.18,0.0,658.18,496.28
19513,UB-008720,84,2,1261.56,5.0,2396.96,1624.24
19514,UB-008721,32,1,107.37,0.0,107.37,79.85
19515,UB-008721,20,2,938.85,0.0,1877.7,1348.48
19516,UB-008722,114,1,993.61,0.0,993.61,645.87
19517,UB-008722,42,1,603.75,5.0,573.56,398.38
19518,UB-008723,68,3,228.91,15.0,583.72,483.57
19519,UB-008724,12,1,557.45,0.0,557.45,425.66
19520,UB-008725,101,3,1135.31,0.0,3405.93,2679.81
19521,UB-008726,29,2,744.74,0.0,1489.48,1072.64
19522,UB-008727,45,1,820.27,0.0,820.27,610.87
19523,UB-008727,116,1,736.08,15.0,625.67,498.56
19524,UB-008728,135,4,629.39,5.0,2391.68,1589.68
19525,UB-008728,54,1,1020.57,15.0,867.48,807.18
19526,UB-008728,70,1,1390.7,10.0,1251.63,864.59
19527,UB-008729,133,1,492.79,0.0,492.79,320.37
19528,UB-008729,107,2,323.21,0.0,646.42,456.9
19529,UB-008730,65,2,731.04,5.0,1388.98,1051.2
19530,UB-008730,81,1,1027.27,0.0,1027.27,710.48
19531,UB-008730,41,1,922.93,10.0,830.64,743.96
19532,UB-008730,12,1,560.7,0.0,560.7,425.66
19533,UB-008731,49,1,967.96,0.0,967.96,614.04
19534,UB-008731,140,2,304.39,5.0,578.34,390.12
19535,UB-008732,113,1,859.54,10.0,773.59,695.0
19536,UB-008733,126,2,1238.55,5.0,2353.24,1607.0
19537,UB-008733,127,2,296.51,0.0,593.02,444.52
19538,UB-008733,37,1,1077.1,5.0,1023.24,831.45
19539,UB-008734,141,3,277.81,5.0,791.76,557.01
19540,UB-008734,58,1,582.8,10.0,524.52,356.56
19541,UB-008734,11,1,468.49,20.0,374.79,366.75
19542,UB-008735,2,1,498.06,0.0,498.06,371.22
19543,UB-008735,104,1,1220.8,5.0,1159.76,879.92
19544,UB-008736,135,1,600.64,0.0,600.64,397.42
19545,UB-008737,121,1,932.94,10.0,839.65,683.69
19546,UB-008738,75,2,907.19,5.0,1723.66,1175.56
19547,UB-008739,38,1,1042.74,20.0,834.19,721.69
19548,UB-008740,78,1,808.95,10.0,728.06,544.75
19549,UB-008740,70,2,1400.07,5.0,2660.13,1729.18
19550,UB-008740,38,4,1037.64,0.0,4150.56,2886.76
19551,UB-008740,92,1,806.54,0.0,806.54,524.51
19552,UB-008740,54,1,1056.97,10.0,951.27,807.18
19553,UB-008741,21,1,796.49,0.0,796.49,582.06
19554,UB-008741,127,2,294.52,0.0,589.04,444.52
19555,UB-008742,58,3,588.14,0.0,1764.42,1069.68
19556,UB-008742,36,1,842.14,10.0,757.93,533.78
19557,UB-008743,34,2,166.24,0.0,332.48,276.06
19558,UB-008743,123,2,457.09,0.0,914.18,657.8
19559,UB-008744,60,1,189.62,10.0,170.66,144.82
19560,UB-008744,53,1,1309.77,10.0,1178.79,865.12
19561,UB-008745,87,1,383.68,0.0,383.68,296.68
19562,UB-008745,124,1,548.64,0.0,548.64,445.56
19563,UB-008745,32,1,106.78,10.0,96.1,79.85
19564,UB-008746,9,1,691.33,10.0,622.2,501.69
19565,UB-008746,80,1,405.83,5.0,385.54,302.58
19566,UB-008746,55,1,933.02,5.0,886.37,606.14
19567,UB-008747,18,3,811.1,0.0,2433.3,1946.13
19568,UB-008748,83,1,882.19,10.0,793.97,707.0
19569,UB-008749,92,2,807.78,5.0,1534.78,1049.02
19570,UB-008749,57,3,758.17,0.0,2274.51,1703.1
19571,UB-008749,3,1,1111.86,0.0,1111.86,724.04
19572,UB-008750,40,1,363.8,5.0,345.61,255.94
19573,UB-008750,46,1,219.03,0.0,219.03,167.81
19574,UB-008751,13,1,360.41,5.0,342.39,235.91
19575,UB-008751,115,1,1187.43,0.0,1187.43,798.92
19576,UB-008751,82,1,1039.96,0.0,1039.96,685.33
19577,UB-008752,66,2,967.69,0.0,1935.38,1432.7
19578,UB-008753,106,1,1061.3,0.0,1061.3,719.76
19579,UB-008753,33,3,437.37,0.0,1312.11,889.68
19580,UB-008754,115,1,1169.59,0.0,1169.59,798.92
19581,UB-008754,135,2,628.86,5.0,1194.83,794.84
19582,UB-008754,143,1,803.62,15.0,683.08,614.71
19583,UB-008755,29,1,740.93,0.0,740.93,536.32
19584,UB-008755,60,1,187.51,0.0,187.51,144.82
19585,UB-008756,135,1,629.29,5.0,597.83,397.42
19586,UB-008757,119,4,590.45,5.0,2243.71,1910.0
19587,UB-008757,136,2,1346.6,0.0,2693.2,1733.96
19588,UB-008757,27,1,1073.4,5.0,1019.73,891.38
19589,UB-008758,13,1,374.34,15.0,318.19,235.91
19590,UB-008759,135,5,614.9,15.0,2613.32,1987.1
19591,UB-008759,26,2,214.04,0.0,428.08,276.98
19592,UB-008759,20,3,968.87,0.0,2906.61,2022.72
19593,UB-008759,3,2,1174.25,5.0,2231.07,1448.08
19594,UB-008760,76,1,832.93,0.0,832.93,616.89
19595,UB-008760,29,2,731.19,0.0,1462.38,1072.64
19596,UB-008761,94,1,757.07,10.0,681.36,538.36
19597,UB-008761,81,1,1048.11,0.0,1048.11,710.48
19598,UB-008762,59,1,297.37,0.0,297.37,241.88
19599,UB-008762,19,1,693.35,0.0,693.35,474.21
19600,UB-008763,28,1,896.53,0.0,896.53,673.25
19601,UB-008763,64,2,329.96,5.0,626.92,428.54
19602,UB-008764,98,2,590.85,0.0,1181.7,934.66
19603,UB-008765,80,2,404.32,0.0,808.64,605.16
19604,UB-008765,102,4,1182.3,0.0,4729.2,3317.52
19605,UB-008765,2,1,505.45,0.0,505.45,371.22
19606,UB-008765,10,2,94.97,0.0,189.94,141.58
19607,UB-008765,49,2,979.95,15.0,1665.91,1228.08
19608,UB-008766,121,1,932.28,0.0,932.28,683.69
19609,UB-008766,101,2,1126.79,5.0,2140.9,1786.54
19610,UB-008767,52,1,639.72,10.0,575.75,457.32
19611,UB-008768,107,1,326.81,5.0,310.47,228.45
19612,UB-008768,122,2,622.71,10.0,1120.88,1016.04
19613,UB-008768,80,1,405.31,0.0,405.31,302.58
19614,UB-008769,12,3,544.5,0.0,1633.5,1276.98
19615,UB-008769,50,2,437.66,5.0,831.55,655.38
19616,UB-008769,92,1,812.92,5.0,772.27,524.51
19617,UB-008769,108,1,1117.91,10.0,1006.12,795.55
19618,UB-008769,13,1,371.24,10.0,334.12,235.91
19619,UB-008770,42,1,604.63,0.0,604.63,398.38
19620,UB-008771,108,1,1114.31,0.0,1114.31,795.55
19621,UB-008771,76,2,827.21,15.0,1406.26,1233.78
19622,UB-008772,34,3,162.41,0.0,487.23,414.09
19623,UB-008772,90,2,687.2,0.0,1374.4,1014.52
19624,UB-008773,84,3,1239.15,5.0,3531.58,2436.36
19625,UB-008773,114,4,1040.62,10.0,3746.23,2583.48
19626,UB-008774,81,1,1049.38,20.0,839.5,710.48
19627,UB-008775,18,2,845.86,0.0,1691.72,1297.42
19628,UB-008776,94,1,759.91,10.0,683.92,538.36
19629,UB-008777,128,2,168.78,15.0,286.93,283.82
19630,UB-008778,85,1,326.65,20.0,261.32,232.68
19631,UB-008778,66,2,941.18,15.0,1600.01,1432.7
19632,UB-008778,111,4,658.0,0.0,2632.0,2227.16
19633,UB-008779,105,1,1253.8,0.0,1253.8,888.95
19634,UB-008779,140,2,294.42,15.0,500.51,390.12
19635,UB-008780,20,1,978.26,0.0,978.26,674.24
19636,UB-008780,60,1,190.41,5.0,180.89,144.82
19637,UB-008781,65,1,711.88,15.0,605.1,525.6
19638,UB-008781,104,2,1285.87,5.0,2443.15,1759.84
19639,UB-008782,82,1,1047.47,10.0,942.72,685.33
19640,UB-008783,74,1,1157.29,10.0,1041.56,882.89
19641,UB-008783,46,2,222.26,5.0,422.29,335.62
19642,UB-008783,29,2,752.33,0.0,1504.66,1072.64
19643,UB-008784,17,2,870.33,5.0,1653.63,1289.28
19644,UB-008784,25,2,670.59,0.0,1341.18,992.56
19645,UB-008784,27,1,1075.45,0.0,1075.45,891.38
19646,UB-008785,27,3,1048.25,5.0,2987.51,2674.14
19647,UB-008785,38,1,1083.84,0.0,1083.84,721.69
19648,UB-008785,17,2,857.16,0.0,1714.32,1289.28
19649,UB-008786,99,1,112.41,15.0,95.55,80.94
19650,UB-008786,128,1,173.36,0.0,173.36,141.91
19651,UB-008786,84,1,1286.48,0.0,1286.48,812.12
19652,UB-008787,128,1,177.41,15.0,150.8,141.91
19653,UB-008787,40,1,358.58,10.0,322.72,255.94
19654,UB-008788,92,2,816.1,0.0,1632.2,1049.02
19655,UB-008789,108,1,1126.75,10.0,1014.08,795.55
19656,UB-008789,55,5,882.93,15.0,3752.45,3030.7
19657,UB-008790,53,2,1322.08,0.0,2644.16,1730.24
19658,UB-008791,110,3,947.62,15.0,2416.43,2038.02
19659,UB-008791,117,1,538.21,10.0,484.39,410.43
19660,UB-008791,18,1,840.11,0.0,840.11,648.71
19661,UB-008791,41,1,910.89,0.0,910.89,743.96
19662,UB-008792,25,2,671.34,0.0,1342.68,992.56
19663,UB-008792,67,4,153.24,10.0,551.66,384.8
19664,UB-008793,12,2,542.91,0.0,1085.82,851.32
19665,UB-008794,101,1,1090.74,0.0,1090.74,893.27
19666,UB-008795,9,1,692.79,10.0,623.51,501.69
19667,UB-008796,81,1,1024.41,5.0,973.19,710.48
19668,UB-008797,32,1,102.05,0.0,102.05,79.85
19669,UB-008797,102,1,1210.74,0.0,1210.74,829.38
19670,UB-008798,15,2,1201.55,0.0,2403.1,1710.66
19671,UB-008798,112,2,453.78,5.0,862.18,676.08
19672,UB-008798,47,2,107.64,5.0,204.52,174.96
19673,UB-008799,52,4,670.85,0.0,2683.4,1829.28
19674,UB-008799,1,1,311.48,0.0,311.48,210.31
19675,UB-008799,15,1,1201.64,15.0,1021.39,855.33
19676,UB-008800,16,1,1060.87,0.0,1060.87,816.38
19677,UB-008801,50,4,425.39,0.0,1701.56,1310.76
19678,UB-008801,47,3,104.91,10.0,283.26,262.44
19679,UB-008802,120,1,733.32,10.0,659.99,488.5
19680,UB-008803,100,4,207.11,0.0,828.44,635.52
19681,UB-008803,120,3,735.04,0.0,2205.12,1465.5
19682,UB-008803,113,2,867.28,0.0,1734.56,1390.0
19683,UB-008803,38,3,1030.61,0.0,3091.83,2165.07
19684,UB-008804,34,3,162.98,5.0,464.49,414.09
19685,UB-008805,2,3,506.18,5.0,1442.61,1113.66
19686,UB-008806,39,1,854.99,0.0,854.99,614.07
19687,UB-008806,27,1,1083.28,0.0,1083.28,891.38
19688,UB-008807,15,2,1239.47,0.0,2478.94,1710.66
19689,UB-008807,17,3,857.22,5.0,2443.08,1933.92
19690,UB-008807,50,2,439.87,20.0,703.79,655.38
19691,UB-008808,88,1,679.71,0.0,679.71,553.89
19692,UB-008808,82,1,1056.06,10.0,950.45,685.33
19693,UB-008808,34,1,165.66,0.0,165.66,138.03
19694,UB-008809,92,1,832.03,15.0,707.23,524.51
19695,UB-008810,87,1,381.5,10.0,343.35,296.68
19696,UB-008810,38,1,1025.75,0.0,1025.75,721.69
19697,UB-008811,96,1,491.39,0.0,491.39,367.22
19698,UB-008811,137,1,1299.86,20.0,1039.89,816.22
19699,UB-008812,30,4,1345.21,0.0,5380.84,3460.44
19700,UB-008812,127,3,294.66,0.0,883.98,666.78
19701,UB-008813,80,1,404.93,10.0,364.44,302.58
19702,UB-008813,68,1,216.98,0.0,216.98,161.19
19703,UB-008814,47,1,103.48,10.0,93.13,87.48
19704,UB-008814,73,1,1007.56,5.0,957.18,662.98
19705,UB-008814,72,1,975.77,10.0,878.19,741.6
19706,UB-008815,35,1,811.55,0.0,811.55,567.63
19707,UB-008815,74,2,1114.67,0.0,2229.34,1765.78
19708,UB-008816,83,1,878.35,10.0,790.51,707.0
19709,UB-008816,46,2,213.15,10.0,383.67,335.62
19710,UB-008817,134,1,919.82,10.0,827.84,633.2
19711,UB-008817,126,1,1220.27,10.0,1098.24,803.5
19712,UB-008818,93,1,91.61,0.0,91.61,72.83
19713,UB-008819,3,3,1133.84,0.0,3401.52,2172.12
19714,UB-008819,29,2,750.04,10.0,1350.07,1072.64
19715,UB-008819,100,2,199.66,15.0,339.42,317.76
19716,UB-008819,27,3,1084.53,5.0,3090.91,2674.14
19717,UB-008819,84,3,1275.28,0.0,3825.84,2436.36
19718,UB-008820,126,3,1235.48,10.0,3335.8,2410.5
19719,UB-008820,86,1,481.97,0.0,481.97,409.68
19720,UB-008820,71,1,184.52,0.0,184.52,122.07
19721,UB-008821,32,2,106.3,0.0,212.6,159.7
19722,UB-008821,1,2,302.3,5.0,574.37,420.62
19723,UB-008822,49,3,990.77,0.0,2972.31,1842.12
19724,UB-008822,89,2,599.64,0.0,1199.28,838.3
19725,UB-008822,65,5,727.43,0.0,3637.15,2628.0
19726,UB-008822,21,2,772.88,5.0,1468.47,1164.12
19727,UB-008822,23,3,892.62,0.0,2677.86,1882.62
19728,UB-008823,85,2,324.81,0.0,649.62,465.36
19729,UB-008823,69,4,314.45,10.0,1132.02,938.4
19730,UB-008823,140,2,292.86,0.0,585.72,390.12
19731,UB-008824,59,1,304.69,0.0,304.69,241.88
19732,UB-008825,75,2,894.78,0.0,1789.56,1175.56
19733,UB-008826,143,1,819.26,0.0,819.26,614.71
19734,UB-008827,16,1,1053.07,0.0,1053.07,816.38
19735,UB-008827,33,1,435.95,5.0,414.15,296.56
19736,UB-008828,7,1,1026.62,5.0,975.29,753.75
19737,UB-008829,105,2,1246.07,5.0,2367.53,1777.9
19738,UB-008830,100,1,208.14,0.0,208.14,158.88
19739,UB-008831,14,1,740.93,0.0,740.93,569.64
19740,UB-008832,7,1,1052.03,0.0,1052.03,753.75
19741,UB-008832,18,3,814.16,10.0,2198.23,1946.13
19742,UB-008832,43,2,166.11,10.0,299.0,233.76
19743,UB-008832,89,2,574.45,0.0,1148.9,838.3
19744,UB-008833,79,1,767.63,5.0,729.25,478.88
19745,UB-008833,106,1,1034.97,0.0,1034.97,719.76
19746,UB-008833,42,1,589.24,0.0,589.24,398.38
19747,UB-008834,138,1,906.1,5.0,860.79,604.6
19748,UB-008835,116,1,756.71,20.0,605.37,498.56
19749,UB-008835,9,1,672.26,10.0,605.03,501.69
19750,UB-008836,136,1,1406.29,0.0,1406.29,866.98
19751,UB-008836,44,2,792.64,0.0,1585.28,1175.62
19752,UB-008836,53,2,1285.99,0.0,2571.98,1730.24
19753,UB-008837,123,2,464.42,10.0,835.96,657.8
19754,UB-008838,117,2,550.11,15.0,935.19,820.86
19755,UB-008838,46,4,216.66,0.0,866.64,671.24
19756,UB-008838,44,1,769.25,0.0,769.25,587.81
19757,UB-008839,30,2,1396.62,20.0,2234.59,1730.22
19758,UB-008839,24,1,92.1,0.0,92.1,61.51
19759,UB-008840,134,2,961.06,0.0,1922.12,1266.4
19760,UB-008840,110,1,940.73,0.0,940.73,679.34
19761,UB-008841,85,3,335.17,5.0,955.23,698.04
19762,UB-008841,20,2,986.51,0.0,1973.02,1348.48
19763,UB-008841,43,2,167.45,0.0,334.9,233.76
19764,UB-008841,97,1,1150.57,5.0,1093.04,712.55
19765,UB-008842,30,2,1351.26,15.0,2297.14,1730.22
19766,UB-008842,23,1,889.41,0.0,889.41,627.54
19767,UB-008842,61,1,1066.24,0.0,1066.24,828.14
19768,UB-008843,59,3,301.76,10.0,814.75,725.64
19769,UB-008843,120,2,750.11,0.0,1500.22,977.0
19770,UB-008843,64,4,316.16,10.0,1138.18,857.08
19771,UB-008843,110,1,911.02,15.0,774.37,679.34
19772,UB-008843,100,1,209.6,0.0,209.6,158.88
19773,UB-008844,66,2,984.83,10.0,1772.69,1432.7
19774,UB-008845,73,1,1010.62,15.0,859.03,662.98
19775,UB-008845,11,1,465.15,0.0,465.15,366.75
19776,UB-008845,41,1,930.57,0.0,930.57,743.96
19777,UB-008846,12,1,567.94,5.0,539.54,425.66
19778,UB-008847,83,1,873.53,5.0,829.85,707.0
19779,UB-008847,131,1,917.8,5.0,871.91,688.03
19780,UB-008847,118,3,632.5,10.0,1707.75,1265.37
19781,UB-008848,71,1,187.55,5.0,178.17,122.07
19782,UB-008848,109,5,157.55,5.0,748.36,494.0
19783,UB-008849,3,1,1176.03,0.0,1176.03,724.04
19784,UB-008849,12,1,553.69,0.0,553.69,425.66
19785,UB-008849,82,1,1010.23,0.0,1010.23,685.33
19786,UB-008850,66,3,952.56,0.0,2857.68,2149.05
19787,UB-008850,89,1,569.0,5.0,540.55,419.15
19788,UB-008851,121,1,880.96,5.0,836.91,683.69
19789,UB-008851,58,1,555.73,10.0,500.16,356.56
19790,UB-008852,21,1,786.47,0.0,786.47,582.06
19791,UB-008852,132,3,1267.59,10.0,3422.49,2430.24
19792,UB-008853,38,2,1068.78,10.0,1923.8,1443.38
19793,UB-008854,95,1,492.72,0.0,492.72,369.8
19794,UB-008854,46,1,212.25,5.0,201.64,167.81
19795,UB-008854,106,1,1058.71,15.0,899.9,719.76
19796,UB-008854,128,2,176.95,10.0,318.51,283.82
19797,UB-008854,102,2,1203.26,10.0,2165.87,1658.76
19798,UB-008855,33,1,426.86,5.0,405.52,296.56
19799,UB-008856,36,1,819.72,15.0,696.76,533.78
19800,UB-008856,93,2,92.12,0.0,184.24,145.66
19801,UB-008856,35,1,799.13,0.0,799.13,567.63
19802,UB-008856,64,1,322.6,15.0,274.21,214.27
19803,UB-008857,123,2,474.19,10.0,853.54,657.8
19804,UB-008857,24,1,95.63,5.0,90.85,61.51
19805,UB-008858,92,1,808.27,10.0,727.44,524.51
19806,UB-008859,102,2,1185.25,10.0,2133.45,1658.76
19807,UB-008859,91,1,471.48,0.0,471.48,321.07
19808,UB-008859,15,3,1223.76,5.0,3487.72,2565.99
19809,UB-008860,102,1,1177.04,0.0,1177.04,829.38
19810,UB-008860,32,1,107.11,15.0,91.04,79.85
19811,UB-008860,91,4,446.78,10.0,1608.41,1284.28
19812,UB-008861,138,1,928.1,0.0,928.1,604.6
19813,UB-008861,134,1,937.15,15.0,796.58,633.2
19814,UB-008862,129,1,1189.95,0.0,1189.95,766.85
19815,UB-008863,107,1,325.82,5.0,309.53,228.45
19816,UB-008864,68,1,225.55,0.0,225.55,161.19
19817,UB-008864,33,3,431.28,0.0,1293.84,889.68
19818,UB-008864,67,1,155.3,0.0,155.3,96.2
19819,UB-008864,96,1,501.09,0.0,501.09,367.22
19820,UB-008865,110,2,903.44,0.0,1806.88,1358.68
19821,UB-008865,139,1,723.54,5.0,687.36,504.16
19822,UB-008865,80,2,396.81,0.0,793.62,605.16
19823,UB-008865,73,3,994.82,0.0,2984.46,1988.94
19824,UB-008865,9,5,684.2,15.0,2907.85,2508.45
19825,UB-008866,25,1,645.29,0.0,645.29,496.28
19826,UB-008866,52,1,660.86,10.0,594.77,457.32
19827,UB-008867,135,2,617.22,0.0,1234.44,794.84
19828,UB-008867,136,2,1340.6,0.0,2681.2,1733.96
19829,UB-008868,84,2,1247.65,20.0,1996.24,1624.24
19830,UB-008868,55,3,901.66,10.0,2434.48,1818.42
19831,UB-008868,26,2,221.25,0.0,442.5,276.98
19832,UB-008869,17,1,826.19,5.0,784.88,644.64
19833,UB-008869,82,2,1031.17,0.0,2062.34,1370.66
19834,UB-008870,43,2,168.54,0.0,337.08,233.76
19835,UB-008870,80,1,406.11,0.0,406.11,302.58
19836,UB-008871,46,1,222.59,0.0,222.59,167.81
19837,UB-008872,73,1,975.25,0.0,975.25,662.98
19838,UB-008872,54,1,1022.25,0.0,1022.25,807.18
19839,UB-008872,39,2,850.79,0.0,1701.58,1228.14
19840,UB-008872,101,1,1133.07,10.0,1019.76,893.27
19841,UB-008873,66,1,934.08,10.0,840.67,716.35
19842,UB-008873,120,1,734.86,15.0,624.63,488.5
19843,UB-008874,82,2,1052.99,0.0,2105.98,1370.66
19844,UB-008874,25,2,641.82,0.0,1283.64,992.56
19845,UB-008874,144,1,412.27,0.0,412.27,300.62
19846,UB-008874,115,1,1231.93,5.0,1170.33,798.92
19847,UB-008874,36,4,861.97,10.0,3103.09,2135.12
19848,UB-008875,97,2,1105.93,10.0,1990.67,1425.1
19849,UB-008876,130,1,929.95,5.0,883.45,653.53
19850,UB-008876,69,2,302.38,0.0,604.76,469.2
19851,UB-008877,127,3,292.57,0.0,877.71,666.78
19852,UB-008878,132,1,1242.4,20.0,993.92,810.08
19853,UB-008879,38,5,1063.47,0.0,5317.35,3608.45
19854,UB-008880,97,1,1164.05,10.0,1047.64,712.55
19855,UB-008880,18,1,835.32,5.0,793.55,648.71
19856,UB-008880,20,2,935.1,0.0,1870.2,1348.48
19857,UB-008881,80,4,398.86,0.0,1595.44,1210.32
19858,UB-008881,85,3,324.07,10.0,874.99,698.04
19859,UB-008881,7,5,1026.8,0.0,5134.0,3768.75
19860,UB-008882,94,2,762.45,0.0,1524.9,1076.72
19861,UB-008882,48,1,351.13,0.0,351.13,254.63
19862,UB-008882,80,3,414.99,0.0,1244.97,907.74
19863,UB-008882,56,1,523.18,0.0,523.18,348.78
19864,UB-008883,67,1,154.58,0.0,154.58,96.2
19865,UB-008883,44,1,775.77,0.0,775.77,587.81
19866,UB-008884,105,1,1236.87,0.0,1236.87,888.95
19867,UB-008884,74,2,1172.84,0.0,2345.68,1765.78
19868,UB-008885,7,4,1037.35,0.0,4149.4,3015.0
19869,UB-008885,96,1,490.99,0.0,490.99,367.22
19870,UB-008885,121,1,905.51,0.0,905.51,683.69
19871,UB-008886,48,5,349.7,0.0,1748.5,1273.15
19872,UB-008886,106,1,1081.35,10.0,973.21,719.76
19873,UB-008887,111,2,648.16,0.0,1296.32,1113.58
19874,UB-008887,54,4,1026.87,0.0,4107.48,3228.72
19875,UB-008887,113,1,860.94,15.0,731.8,695.0
19876,UB-008888,112,4,446.34,0.0,1785.36,1352.16
19877,UB-008888,128,1,177.33,0.0,177.33,141.91
19878,UB-008888,50,1,434.85,0.0,434.85,327.69
19879,UB-008889,10,1,100.12,0.0,100.12,70.79
19880,UB-008890,12,1,550.32,10.0,495.29,425.66
19881,UB-008891,42,4,609.16,10.0,2192.98,1593.52
19882,UB-008892,40,1,377.29,5.0,358.43,255.94
19883,UB-008892,119,1,597.69,0.0,597.69,477.5
19884,UB-008893,55,1,921.99,20.0,737.59,606.14
19885,UB-008893,61,1,1115.73,10.0,1004.16,828.14
19886,UB-008894,131,3,914.76,20.0,2195.42,2064.09
19887,UB-008894,120,3,749.94,0.0,2249.82,1465.5
19888,UB-008894,65,1,735.28,20.0,588.22,525.6
19889,UB-008895,81,1,1024.09,10.0,921.68,710.48
19890,UB-008895,133,2,509.09,0.0,1018.18,640.74
19891,UB-008895,63,2,253.1,0.0,506.2,334.46
19892,UB-008895,33,1,429.26,0.0,429.26,296.56
19893,UB-008896,42,1,587.46,10.0,528.71,398.38
19894,UB-008897,7,3,1063.87,10.0,2872.45,2261.25
19895,UB-008897,120,1,735.77,20.0,588.62,488.5
19896,UB-008897,63,2,248.41,0.0,496.82,334.46
19897,UB-008898,36,1,853.32,20.0,682.66,533.78
19898,UB-008899,140,1,289.12,0.0,289.12,195.06
19899,UB-008899,48,1,360.23,5.0,342.22,254.63
19900,UB-008900,103,1,894.33,10.0,804.9,681.52
19901,UB-008901,142,2,493.29,15.0,838.59,812.58
19902,UB-008901,111,1,641.08,0.0,641.08,556.79
19903,UB-008901,88,1,679.13,0.0,679.13,553.89
19904,UB-008902,82,3,1013.66,0.0,3040.98,2055.99
19905,UB-008902,98,2,576.77,0.0,1153.54,934.66
19906,UB-008903,3,1,1165.8,0.0,1165.8,724.04
19907,UB-008903,112,3,457.13,15.0,1165.68,1014.12
19908,UB-008904,66,2,933.92,0.0,1867.84,1432.7
19909,UB-008904,127,2,299.03,0.0,598.06,444.52
19910,UB-008904,24,1,94.68,5.0,89.95,61.51
19911,UB-008905,130,1,894.87,0.0,894.87,653.53
19912,UB-008906,49,1,963.68,0.0,963.68,614.04
19913,UB-008907,104,2,1221.48,15.0,2076.52,1759.84
19914,UB-008907,116,3,762.67,0.0,2288.01,1495.68
19915,UB-008908,89,2,602.8,0.0,1205.6,838.3
19916,UB-008908,124,4,521.76,10.0,1878.34,1782.24
19917,UB-008909,137,1,1283.77,0.0,1283.77,816.22
19918,UB-008910,31,1,735.06,10.0,661.55,581.59
19919,UB-008911,47,3,106.92,0.0,320.76,262.44
19920,UB-008911,55,2,914.51,15.0,1554.67,1212.28
19921,UB-008912,101,1,1149.48,0.0,1149.48,893.27
19922,UB-008913,74,1,1166.16,10.0,1049.54,882.89
19923,UB-008914,82,1,1047.98,0.0,1047.98,685.33
19924,UB-008915,60,5,185.42,0.0,927.1,724.1
19925,UB-008916,30,1,1398.34,0.0,1398.34,865.11
19926,UB-008916,12,2,551.07,10.0,991.93,851.32
19927,UB-008917,139,1,702.68,5.0,667.55,504.16
19928,UB-008917,46,2,212.79,0.0,425.58,335.62
19929,UB-008918,136,3,1420.46,0.0,4261.38,2600.94
19930,UB-008918,138,1,930.33,0.0,930.33,604.6
19931,UB-008919,107,1,323.83,0.0,323.83,228.45
19932,UB-008919,106,1,1048.03,5.0,995.63,719.76
19933,UB-008919,93,1,90.02,0.0,90.02,72.83
19934,UB-008920,35,5,778.52,10.0,3503.34,2838.15
19935,UB-008921,140,1,303.89,0.0,303.89,195.06
19936,UB-008921,84,1,1296.73,0.0,1296.73,812.12
19937,UB-008921,94,1,741.51,15.0,630.28,538.36
19938,UB-008921,35,1,779.39,0.0,779.39,567.63
19939,UB-008922,113,3,878.13,10.0,2370.95,2085.0
19940,UB-008923,76,1,815.93,0.0,815.93,616.89
19941,UB-008923,131,2,902.53,0.0,1805.06,1376.06
19942,UB-008923,15,1,1197.77,0.0,1197.77,855.33
19943,UB-008923,71,4,186.5,15.0,634.1,488.28
19944,UB-008924,140,2,295.82,15.0,502.89,390.12
19945,UB-008924,131,1,919.21,5.0,873.25,688.03
19946,UB-008925,20,1,969.44,0.0,969.44,674.24
19947,UB-008925,36,1,859.34,0.0,859.34,533.78
19948,UB-008925,129,1,1160.11,0.0,1160.11,766.85
19949,UB-008925,60,2,183.51,5.0,348.67,289.64
19950,UB-008926,104,1,1290.27,0.0,1290.27,879.92
19951,UB-008926,21,1,763.94,5.0,725.74,582.06
19952,UB-008927,133,1,512.54,10.0,461.29,320.37
19953,UB-008927,10,1,94.64,20.0,75.71,70.79
19954,UB-008927,29,1,738.8,10.0,664.92,536.32
19955,UB-008928,86,3,494.77,0.0,1484.31,1229.04
19956,UB-008928,1,1,308.58,0.0,308.58,210.31
19957,UB-008928,45,1,825.81,0.0,825.81,610.87
19958,UB-008929,104,1,1288.31,10.0,1159.48,879.92
19959,UB-008929,28,1,903.2,10.0,812.88,673.25
19960,UB-008930,54,1,1032.99,0.0,1032.99,807.18
19961,UB-008930,98,1,574.78,15.0,488.56,467.33
19962,UB-008931,105,1,1213.94,0.0,1213.94,888.95
19963,UB-008931,98,4,569.15,10.0,2048.94,1869.32
19964,UB-008931,107,1,330.39,5.0,313.87,228.45
19965,UB-008932,114,1,1023.0,0.0,1023.0,645.87
19966,UB-008932,101,1,1114.22,0.0,1114.22,893.27
19967,UB-008933,144,4,424.79,5.0,1614.2,1202.48
19968,UB-008933,111,4,667.64,15.0,2269.98,2227.16
19969,UB-008933,112,1,471.35,10.0,424.22,338.04
19970,UB-008934,129,2,1210.34,15.0,2057.58,1533.7
19971,UB-008934,4,2,798.68,0.0,1597.36,1216.68
19972,UB-008934,104,1,1234.62,0.0,1234.62,879.92
19973,UB-008935,54,2,1009.92,0.0,2019.84,1614.36
19974,UB-008935,117,1,560.79,0.0,560.79,410.43
19975,UB-008936,131,3,914.91,0.0,2744.73,2064.09
19976,UB-008937,43,1,168.67,0.0,168.67,116.88
19977,UB-008937,45,1,824.05,5.0,782.85,610.87
19978,UB-008938,104,2,1264.57,0.0,2529.14,1759.84
19979,UB-008938,67,2,152.68,5.0,290.09,192.4
19980,UB-008939,45,2,823.06,0.0,1646.12,1221.74
19981,UB-008939,60,1,190.14,10.0,171.13,144.82
19982,UB-008939,87,4,383.01,10.0,1378.84,1186.72
19983,UB-008940,134,3,920.8,0.0,2762.4,1899.6
19984,UB-008941,30,1,1379.38,0.0,1379.38,865.11
19985,UB-008941,116,2,777.31,0.0,1554.62,997.12
19986,UB-008941,118,2,631.41,15.0,1073.4,843.58
19987,UB-008942,135,1,623.71,15.0,530.15,397.42
19988,UB-008943,91,1,447.84,10.0,403.06,321.07
19989,UB-008943,78,1,775.29,15.0,659.0,544.75
19990,UB-008943,108,3,1157.44,5.0,3298.7,2386.65
19991,UB-008943,44,2,795.19,10.0,1431.34,1175.62
19992,UB-008943,3,3,1158.55,0.0,3475.65,2172.12
19993,UB-008944,49,2,986.55,15.0,1677.13,1228.08
19994,UB-008944,98,3,594.05,5.0,1693.04,1401.99
19995,UB-008944,74,1,1150.02,0.0,1150.02,882.89
19996,UB-008944,116,1,741.15,0.0,741.15,498.56
19997,UB-008945,19,2,699.28,10.0,1258.7,948.42
19998,UB-008945,62,2,373.48,10.0,672.26,521.1
19999,UB-008945,44,1,790.95,10.0,711.86,587.81
20000,UB-008945,90,1,692.12,15.0,588.3,507.26
20001,UB-008946,39,1,879.77,5.0,835.78,614.07
20002,UB-008946,137,3,1290.56,0.0,3871.68,2448.66
20003,UB-008946,25,2,640.13,10.0,1152.23,992.56
20004,UB-008947,88,1,686.03,0.0,686.03,553.89
20005,UB-008947,113,2,869.24,0.0,1738.48,1390.0
20006,UB-008948,49,3,962.1,20.0,2309.04,1842.12
20007,UB-008949,131,1,885.37,0.0,885.37,688.03
20008,UB-008949,119,1,594.42,10.0,534.98,477.5
20009,UB-008950,60,1,185.55,0.0,185.55,144.82
20010,UB-008951,63,5,262.71,0.0,1313.55,836.15
20011,UB-008951,66,1,985.29,0.0,985.29,716.35
20012,UB-008951,107,2,313.5,20.0,501.6,456.9
20013,UB-008951,115,1,1203.3,5.0,1143.13,798.92
20014,UB-008952,2,1,495.26,0.0,495.26,371.22
20015,UB-008953,142,2,481.32,0.0,962.64,812.58
20016,UB-008953,51,2,230.73,0.0,461.46,317.98
20017,UB-008953,89,1,588.59,0.0,588.59,419.15
20018,UB-008953,105,5,1260.83,10.0,5673.73,4444.75
20019,UB-008954,72,2,997.96,5.0,1896.12,1483.2
20020,UB-008954,110,2,949.7,15.0,1614.49,1358.68
20021,UB-008954,53,2,1318.92,5.0,2505.95,1730.24
20022,UB-008954,73,1,1014.98,15.0,862.73,662.98
20023,UB-008955,34,1,159.58,5.0,151.6,138.03
20024,UB-008955,121,1,933.73,0.0,933.73,683.69
20025,UB-008955,45,4,810.57,0.0,3242.28,2443.48
20026,UB-008955,102,1,1223.23,15.0,1039.75,829.38
20027,UB-008956,46,1,218.98,15.0,186.13,167.81
20028,UB-008956,120,1,714.22,20.0,571.38,488.5
20029,UB-008956,22,1,661.65,0.0,661.65,475.66
20030,UB-008956,52,1,642.93,0.0,642.93,457.32
20031,UB-008957,12,1,558.88,5.0,530.94,425.66
20032,UB-008957,27,1,1085.35,10.0,976.81,891.38
20033,UB-008957,76,2,796.63,15.0,1354.27,1233.78
20034,UB-008958,110,3,920.83,10.0,2486.24,2038.02
20035,UB-008958,43,2,165.92,0.0,331.84,233.76
20036,UB-008958,134,1,943.3,5.0,896.13,633.2
20037,UB-008959,2,2,486.54,10.0,875.77,742.44
20038,UB-008959,54,1,1042.64,20.0,834.11,807.18
20039,UB-008960,113,3,882.63,0.0,2647.89,2085.0
20040,UB-008961,7,2,1029.27,10.0,1852.69,1507.5
20041,UB-008961,101,3,1107.81,20.0,2658.74,2679.81
20042,UB-008962,87,1,381.92,0.0,381.92,296.68
20043,UB-008963,49,1,942.06,0.0,942.06,614.04
20044,UB-008964,44,1,789.01,0.0,789.01,587.81
20045,UB-008964,30,4,1357.6,0.0,5430.4,3460.44
20046,UB-008964,60,1,189.39,5.0,179.92,144.82
20047,UB-008964,25,2,646.42,5.0,1228.2,992.56
20048,UB-008964,37,1,1020.53,0.0,1020.53,831.45
20049,UB-008965,18,2,852.48,5.0,1619.71,1297.42
20050,UB-008965,10,1,94.75,0.0,94.75,70.79
20051,UB-008966,85,3,326.35,5.0,930.1,698.04
20052,UB-008966,27,2,1059.15,5.0,2012.38,1782.76
20053,UB-008966,79,5,739.94,10.0,3329.73,2394.4
20054,UB-008966,81,4,1030.86,0.0,4123.44,2841.92
20055,UB-008966,35,1,814.3,5.0,773.58,567.63
20056,UB-008967,90,1,675.11,0.0,675.11,507.26
20057,UB-008967,77,3,284.68,5.0,811.34,586.89
20058,UB-008967,110,2,902.66,10.0,1624.79,1358.68
20059,UB-008967,96,1,511.38,0.0,511.38,367.22
20060,UB-008968,68,2,228.01,15.0,387.62,322.38
20061,UB-008968,131,1,923.13,0.0,923.13,688.03
20062,UB-008968,18,1,826.72,0.0,826.72,648.71
20063,UB-008969,39,5,883.72,0.0,4418.6,3070.35
20064,UB-008970,70,1,1368.94,0.0,1368.94,864.59
20065,UB-008971,17,1,846.78,5.0,804.44,644.64
20066,UB-008971,10,1,97.32,5.0,92.45,70.79
20067,UB-008971,9,1,681.74,0.0,681.74,501.69
20068,UB-008972,112,1,448.39,0.0,448.39,338.04
20069,UB-008973,109,1,157.5,5.0,149.62,98.8
20070,UB-008973,68,3,217.93,0.0,653.79,483.57
20071,UB-008973,53,1,1295.12,20.0,1036.1,865.12
20072,UB-008973,100,2,209.13,5.0,397.35,317.76
20073,UB-008974,47,1,109.0,15.0,92.65,87.48
20074,UB-008974,90,1,701.62,15.0,596.38,507.26
20075,UB-008974,133,3,487.88,10.0,1317.28,961.11
20076,UB-008975,105,1,1218.9,0.0,1218.9,888.95
20077,UB-008976,139,2,730.23,0.0,1460.46,1008.32
20078,UB-008977,65,3,735.0,20.0,1764.0,1576.8
20079,UB-008977,61,1,1083.5,0.0,1083.5,828.14
20080,UB-008978,19,1,676.18,0.0,676.18,474.21
20081,UB-008978,63,1,256.76,5.0,243.92,167.23
20082,UB-008978,53,1,1290.08,15.0,1096.57,865.12
20083,UB-008979,53,1,1256.72,10.0,1131.05,865.12
20084,UB-008979,21,1,784.52,0.0,784.52,582.06
20085,UB-008979,105,1,1281.5,10.0,1153.35,888.95
20086,UB-008980,90,2,704.07,0.0,1408.14,1014.52
20087,UB-008980,65,2,720.03,5.0,1368.06,1051.2
20088,UB-008981,41,1,933.27,15.0,793.28,743.96
20089,UB-008981,76,2,814.58,20.0,1303.33,1233.78
20090,UB-008981,25,1,640.23,15.0,544.2,496.28
20091,UB-008982,97,2,1129.96,0.0,2259.92,1425.1
20092,UB-008982,119,3,574.69,5.0,1637.87,1432.5
20093,UB-008983,5,1,1395.85,10.0,1256.26,872.25
20094,UB-008983,119,4,599.18,0.0,2396.72,1910.0
20095,UB-008983,88,1,696.51,10.0,626.86,553.89
20096,UB-008983,44,1,771.68,15.0,655.93,587.81
20097,UB-008984,50,1,436.74,0.0,436.74,327.69
20098,UB-008984,113,3,865.52,10.0,2336.9,2085.0
20099,UB-008985,2,2,483.47,0.0,966.94,742.44
20100,UB-008985,104,1,1225.26,5.0,1164.0,879.92
20101,UB-008985,74,4,1125.06,15.0,3825.2,3531.56
20102,UB-008985,144,2,411.46,0.0,822.92,601.24
20103,UB-008986,18,2,826.97,5.0,1571.24,1297.42
20104,UB-008986,70,1,1387.22,15.0,1179.14,864.59
20105,UB-008987,87,1,392.37,5.0,372.75,296.68
20106,UB-008988,5,1,1343.4,5.0,1276.23,872.25
20107,UB-008988,139,1,697.59,10.0,627.83,504.16
20108,UB-008989,60,1,191.16,20.0,152.93,144.82
20109,UB-008989,81,2,1036.37,0.0,2072.74,1420.96
20110,UB-008990,55,1,924.55,5.0,878.32,606.14
20111,UB-008991,138,2,921.53,10.0,1658.75,1209.2
20112,UB-008991,100,1,205.37,10.0,184.83,158.88
20113,UB-008991,86,3,473.1,0.0,1419.3,1229.04
20114,UB-008991,99,1,114.92,20.0,91.94,80.94
20115,UB-008992,79,1,763.71,5.0,725.52,478.88
20116,UB-008992,30,1,1394.37,0.0,1394.37,865.11
20117,UB-008993,129,2,1183.21,10.0,2129.78,1533.7
20118,UB-008994,127,1,295.82,5.0,281.03,222.26
20119,UB-008994,67,2,149.91,5.0,284.83,192.4
20120,UB-008995,142,2,487.71,5.0,926.65,812.58
20121,UB-008995,23,1,893.19,10.0,803.87,627.54
20122,UB-008995,1,2,301.07,0.0,602.14,420.62
20123,UB-008996,113,2,875.87,0.0,1751.74,1390.0
20124,UB-008997,26,1,215.76,0.0,215.76,138.49
20125,UB-008998,42,1,587.73,5.0,558.34,398.38
20126,UB-008999,21,1,805.48,0.0,805.48,582.06
20127,UB-009000,67,1,156.53,5.0,148.7,96.2
20128,UB-009000,16,2,1088.09,0.0,2176.18,1632.76
20129,UB-009000,85,3,336.78,0.0,1010.34,698.04
20130,UB-009000,83,3,854.82,5.0,2436.24,2121.0
